run,t_ms,n,flags,pwm_pct,fan1_rpm,fan2_rpm,fan3_rpm,fan4_rpm,in_V,in_uV,in_A,fan12_V,fan12_uV,fan12_A,b5in_V,b5in_uV,b5in_A,b5out_V,b5out_uV,b5out_A,fan1_V,fan1_uV,fan1_A,fan2_V,fan2_uV,fan2_A,fan3_V,fan3_uV,fan3_A,fan4_V,fan4_uV,fan4_A,fan5_V,fan5_uV,fan5_A,fan6_V,fan6_uV,fan6_A,fan7_V,fan7_uV,fan7_A,fan8_V,fan8_uV,fan8_A,fan9_V,fan9_uV,fan9_A,fan10_V,fan10_uV,fan10_A,pc_time_s
5,715133,1,0,0.00,0.0,0.0,0.0,0.0,5.0212,265.0,0.26500,12.0462,57.5,0.05750,12.0462,1180.0,0.03576,5.0812,692.5,0.06925,12.0487,230.0,0.02300,12.0462,295.0,0.02950,12.0487,52.5,0.00525,12.0487,-5.0,-0.00050,12.0500,-7.5,-0.00075,12.0462,-7.5,-0.00075,12.0475,-5.0,-0.00050,12.0475,-5.0,-0.00050,12.0475,-5.0,-0.00050,12.0487,-7.5,-0.00075,0.50
5,715491,1,0,0.00,0.0,0.0,0.0,0.0,5.0212,265.0,0.26500,12.0462,57.5,0.05750,12.0475,1180.0,0.03576,5.0812,695.0,0.06950,12.0487,227.5,0.02275,12.0462,295.0,0.02950,12.0487,52.5,0.00525,12.0487,-5.0,-0.00050,12.0500,-7.5,-0.00075,12.0462,-7.5,-0.00075,12.0475,-5.0,-0.00050,12.0475,-5.0,-0.00050,12.0475,-5.0,-0.00050,12.0487,-7.5,-0.00075,0.83
5,715827,1,0,0.28,0.0,0.0,0.0,0.0,5.0225,262.5,0.26250,12.0462,57.5,0.05750,12.0475,1182.5,0.03583,5.0812,695.0,0.06950,12.0487,225.0,0.02250,12.0462,292.5,0.02925,12.0487,52.5,0.00525,12.0487,-5.0,-0.00050,12.0500,-7.5,-0.00075,12.0462,-7.5,-0.00075,12.0475,-5.0,-0.00050,12.0475,-5.0,-0.00050,12.0475,-5.0,-0.00050,12.0487,-7.5,-0.00075,1.17
5,716353,1,0,0.72,0.0,0.0,0.0,0.0,5.0225,262.5,0.26250,12.0475,57.5,0.05750,12.0475,1180.0,0.03576,5.0812,695.0,0.06950,12.0487,227.5,0.02275,12.0462,292.5,0.02925,12.0487,52.5,0.00525,12.0487,-5.0,-0.00050,12.0500,-7.5,-0.00075,12.0462,-7.5,-0.00075,12.0475,-5.0,-0.00050,12.0475,-5.0,-0.00050,12.0475,-5.0,-0.00050,12.0487,-7.5,-0.00075,1.70
5,716689,1,0,1.00,0.0,0.0,0.0,0.0,5.0225,262.5,0.26250,12.0462,57.5,0.05750,12.0475,1182.5,0.03583,5.0812,695.0,0.06950,12.0487,227.5,0.02275,12.0462,290.0,0.02900,12.0487,52.5,0.00525,12.0487,-5.0,-0.00050,12.0500,-7.5,-0.00075,12.0462,-7.5,-0.00075,12.0475,-5.0,-0.00050,12.0475,-5.0,-0.00050,12.0475,-5.0,-0.00050,12.0487,-7.5,-0.00075,2.03
5,717025,1,0,1.28,0.0,0.0,0.0,0.0,5.0225,262.5,0.26250,12.0462,57.5,0.05750,12.0462,1182.5,0.03583,5.0812,695.0,0.06950,12.0487,225.0,0.02250,12.0462,290.0,0.02900,12.0487,52.5,0.00525,12.0487,-5.0,-0.00050,12.0500,-7.5,-0.00075,12.0462,-7.5,-0.00075,12.0475,-5.0,-0.00050,12.0475,-5.0,-0.00050,12.0475,-5.0,-0.00050,12.0487,-7.5,-0.00075,2.37
5,717360,1,0,1.56,0.0,0.0,0.0,0.0,5.0225,262.5,0.26250,12.0462,57.5,0.05750,12.0475,1180.0,0.03576,5.0812,695.0,0.06950,12.0487,225.0,0.02250,12.0462,290.0,0.02900,12.0487,52.5,0.00525,12.0487,-5.0,-0.00050,12.0500,-7.5,-0.00075,12.0462,-7.5,-0.00075,12.0475,-5.0,-0.00050,12.0475,-5.0,-0.00050,12.0475,-5.0,-0.00050,12.0487,-7.5,-0.00075,2.71
5,718008,1,0,2.10,0.0,0.0,0.0,0.0,5.0225,260.0,0.26000,12.0475,55.0,0.05500,12.0475,1182.5,0.03583,5.0812,695.0,0.06950,12.0487,225.0,0.02250,12.0462,290.0,0.02900,12.0487,52.5,0.00525,12.0487,-5.0,-0.00050,12.0500,-7.5,-0.00075,12.0462,-7.5,-0.00075,12.0475,-5.0,-0.00050,12.0475,-5.0,-0.00050,12.0475,-5.0,-0.00050,12.0487,-7.5,-0.00075,3.36
5,718344,1,0,2.38,0.0,0.0,0.0,0.0,5.0225,262.5,0.26250,12.0462,55.0,0.05500,12.0475,1182.5,0.03583,5.0812,695.0,0.06950,12.0487,227.5,0.02275,12.0462,290.0,0.02900,12.0487,52.5,0.00525,12.0487,-5.0,-0.00050,12.0500,-7.5,-0.00075,12.0462,-7.5,-0.00075,12.0475,-5.0,-0.00050,12.0475,-5.0,-0.00050,12.0475,-5.0,-0.00050,12.0487,-7.5,-0.00075,3.70
5,718680,1,0,2.66,0.0,0.0,0.0,0.0,5.0212,262.5,0.26250,12.0462,55.0,0.05500,12.0475,1182.5,0.03583,5.0812,695.0,0.06950,12.0487,225.0,0.02250,12.0462,290.0,0.02900,12.0487,52.5,0.00525,12.0487,-5.0,-0.00050,12.0500,-7.5,-0.00075,12.0462,-7.5,-0.00075,12.0475,-5.0,-0.00050,12.0475,-5.0,-0.00050,12.0475,-5.0,-0.00050,12.0487,-7.5,-0.00075,4.04
5,719015,1,0,2.94,0.0,0.0,0.0,0.0,5.0212,262.5,0.26250,12.0462,55.0,0.05500,12.0475,1182.5,0.03583,5.0812,695.0,0.06950,12.0487,225.0,0.02250,12.0462,290.0,0.02900,12.0487,52.5,0.00525,12.0487,-5.0,-0.00050,12.0500,-7.5,-0.00075,12.0462,-7.5,-0.00075,12.0475,-5.0,-0.00050,12.0475,-5.0,-0.00050,12.0475,-5.0,-0.00050,12.0487,-7.5,-0.00075,4.37
5,719537,1,0,3.37,0.0,0.0,0.0,0.0,5.0212,262.5,0.26250,12.0475,57.5,0.05750,12.0475,1182.5,0.03583,5.0812,695.0,0.06950,12.0487,225.0,0.02250,12.0475,290.0,0.02900,12.0500,52.5,0.00525,12.0500,-5.0,-0.00050,12.0500,-7.5,-0.00075,12.0475,-7.5,-0.00075,12.0487,-5.0,-0.00050,12.0487,-5.0,-0.00050,12.0487,-5.0,-0.00050,12.0487,-7.5,-0.00075,4.89
5,719873,1,0,3.65,0.0,0.0,0.0,0.0,5.0212,262.5,0.26250,12.0462,55.0,0.05500,12.0475,1182.5,0.03583,5.0812,695.0,0.06950,12.0487,225.0,0.02250,12.0462,290.0,0.02900,12.0487,52.5,0.00525,12.0487,-5.0,-0.00050,12.0500,-7.5,-0.00075,12.0462,-7.5,-0.00075,12.0475,-5.0,-0.00050,12.0475,-5.0,-0.00050,12.0475,-5.0,-0.00050,12.0487,-7.5,-0.00075,5.24
5,720230,1,0,3.95,0.0,0.0,0.0,0.0,5.0212,262.5,0.26250,12.0462,57.5,0.05750,12.0475,1182.5,0.03583,5.0812,695.0,0.06950,12.0487,225.0,0.02250,12.0462,290.0,0.02900,12.0487,52.5,0.00525,12.0487,-5.0,-0.00050,12.0500,-7.5,-0.00075,12.0462,-7.5,-0.00075,12.0475,-5.0,-0.00050,12.0475,-5.0,-0.00050,12.0475,-5.0,-0.00050,12.0487,-7.5,-0.00075,5.58
5,720566,1,0,4.23,0.0,0.0,0.0,0.0,5.0212,262.5,0.26250,12.0462,57.5,0.05750,12.0475,1182.5,0.03583,5.0812,695.0,0.06950,12.0487,225.0,0.02250,12.0462,290.0,0.02900,12.0487,52.5,0.00525,12.0487,-5.0,-0.00050,12.0500,-7.5,-0.00075,12.0462,-7.5,-0.00075,12.0475,-5.0,-0.00050,12.0475,-5.0,-0.00050,12.0475,-5.0,-0.00050,12.0487,-7.5,-0.00075,5.92
5,721041,1,0,4.62,0.0,0.0,0.0,0.0,5.0212,262.5,0.26250,12.0475,57.5,0.05750,12.0475,1182.5,0.03583,5.0812,695.0,0.06950,12.0500,225.0,0.02250,12.0475,290.0,0.02900,12.0500,52.5,0.00525,12.0500,-5.0,-0.00050,12.0500,-7.5,-0.00075,12.0475,-7.5,-0.00075,12.0487,-5.0,-0.00050,12.0487,-5.0,-0.00050,12.0487,-5.0,-0.00050,12.0500,-7.5,-0.00075,6.39
5,721377,1,0,4.91,0.0,0.0,0.0,0.0,5.0212,262.5,0.26250,12.0462,55.0,0.05500,12.0475,1182.5,0.03583,5.0812,695.0,0.06950,12.0487,227.5,0.02275,12.0462,290.0,0.02900,12.0487,52.5,0.00525,12.0487,-5.0,-0.00050,12.0500,-7.5,-0.00075,12.0462,-7.5,-0.00075,12.0475,-5.0,-0.00050,12.0475,-5.0,-0.00050,12.0475,-5.0,-0.00050,12.0487,-7.5,-0.00075,6.72
5,721713,1,0,5.19,0.0,0.0,0.0,0.0,5.0025,407.5,0.40750,12.0200,112.5,0.11250,12.0212,1185.0,0.03591,5.0812,695.0,0.06950,12.0212,767.5,0.07675,12.0200,292.5,0.02925,12.0225,50.0,0.00500,12.0225,-5.0,-0.00050,12.0237,-7.5,-0.00075,12.0188,-7.5,-0.00075,12.0212,-5.0,-0.00050,12.0212,-5.0,-0.00050,12.0212,-5.0,-0.00050,12.0212,-7.5,-0.00075,7.06
5,722048,1,0,5.46,0.0,0.0,0.0,0.0,4.9175,1062.5,1.06250,11.8962,385.0,0.38500,11.9063,1200.0,0.03636,5.0812,695.0,0.06950,11.9000,2362.5,0.23625,11.9037,1132.5,0.11325,11.9050,50.0,0.00500,11.9050,-5.0,-0.00050,11.9063,-7.5,-0.00075,11.8925,-7.5,-0.00075,11.8962,-5.0,-0.00050,11.8950,-5.0,-0.00050,11.8950,-5.0,-0.00050,11.8950,-7.5,-0.00075,7.39
5,722539,1,0,5.87,550.9,0.0,0.0,0.0,4.7787,2157.5,2.15750,11.7962,742.5,0.74250,11.7925,1217.5,0.03689,5.0812,695.0,0.06950,11.7900,2500.0,0.25000,11.7812,4180.0,0.41800,11.7912,487.5,0.04875,11.7912,-5.0,-0.00050,11.7925,-7.5,-0.00075,11.7937,-7.5,-0.00075,11.7962,-5.0,-0.00050,11.7962,-5.0,-0.00050,11.7975,-5.0,-0.00050,11.7987,-7.5,-0.00075,7.89
5,722875,1,0,6.15,421.0,541.6,0.0,0.0,4.8500,1605.0,1.60500,11.8587,560.0,0.56000,11.8587,1207.5,0.03659,5.0812,695.0,0.06950,11.8562,1855.0,0.18550,11.8512,2465.0,0.24650,11.8562,1075.0,0.10750,11.8575,-5.0,-0.00050,11.8587,-7.5,-0.00075,11.8575,-7.5,-0.00075,11.8587,-5.0,-0.00050,11.8587,-5.0,-0.00050,11.8600,-5.0,-0.00050,11.8600,-7.5,-0.00075,8.22
5,723211,1,0,6.43,479.3,571.8,0.0,0.0,4.8712,1430.0,1.43000,11.8837,495.0,0.49500,11.8837,1200.0,0.03636,5.0812,695.0,0.06950,11.8812,1722.5,0.17225,11.8775,2317.5,0.23175,11.8825,737.5,0.07375,11.8837,-5.0,-0.00050,11.8850,-7.5,-0.00075,11.8825,-7.5,-0.00075,11.8837,-5.0,-0.00050,11.8837,-5.0,-0.00050,11.8850,-5.0,-0.00050,11.8862,-7.5,-0.00075,8.56
5,723547,1,0,6.71,525.3,727.2,337.5,0.0,4.8950,1245.0,1.24500,11.9100,425.0,0.42500,11.9075,1195.0,0.03621,5.0812,697.5,0.06975,11.9050,1555.0,0.15550,11.9037,2117.5,0.21175,11.9075,487.5,0.04875,11.9075,-5.0,-0.00050,11.9087,-7.5,-0.00075,11.9087,-7.5,-0.00075,11.9087,-5.0,-0.00050,11.9100,-5.0,-0.00050,11.9113,-5.0,-0.00050,11.9125,-7.5,-0.00075,8.89
5,724031,1,0,7.12,578.2,550.9,578.5,0.0,4.9175,1077.5,1.07750,11.9338,365.0,0.36500,11.9325,1197.5,0.03629,5.0812,697.5,0.06975,11.9312,1315.0,0.13150,11.9288,1772.5,0.17725,11.9325,445.0,0.04450,11.9325,-5.0,-0.00050,11.9338,-7.5,-0.00075,11.9325,-7.5,-0.00075,11.9325,-5.0,-0.00050,11.9325,-5.0,-0.00050,11.9338,-5.0,-0.00050,11.9350,-7.5,-0.00075,9.38
5,724366,1,0,7.40,725.4,583.0,724.8,0.0,4.9313,970.0,0.97000,11.9475,325.0,0.32500,11.9487,1195.0,0.03621,5.0812,697.5,0.06975,11.9462,1177.5,0.11775,11.9450,1570.0,0.15700,11.9487,402.5,0.04025,11.9487,-5.0,-0.00050,11.9500,-7.5,-0.00075,11.9462,-7.5,-0.00075,11.9462,-5.0,-0.00050,11.9475,-5.0,-0.00050,11.9487,-5.0,-0.00050,11.9487,-7.5,-0.00075,9.73
5,724723,1,0,7.69,623.8,776.3,710.7,0.0,4.9450,860.0,0.86000,11.9625,282.5,0.28250,11.9625,1195.0,0.03621,5.0812,695.0,0.06950,11.9612,997.5,0.09975,11.9600,1375.0,0.13750,11.9637,365.0,0.03650,11.9637,-5.0,-0.00050,11.9650,-7.5,-0.00075,11.9612,-7.5,-0.00075,11.9625,-5.0,-0.00050,11.9625,-5.0,-0.00050,11.9637,-5.0,-0.00050,11.9650,-7.5,-0.00075,10.08
5,725059,1,0,7.97,637.1,878.9,683.3,0.0,4.9587,757.5,0.75750,11.9775,245.0,0.24500,11.9775,1190.0,0.03606,5.0812,697.5,0.06975,11.9762,875.0,0.08750,11.9738,1180.0,0.11800,11.9775,335.0,0.03350,11.9775,-5.0,-0.00050,11.9787,-7.5,-0.00075,11.9762,-7.5,-0.00075,11.9762,-5.0,-0.00050,11.9775,-5.0,-0.00050,11.9775,-5.0,-0.00050,11.9787,-7.5,-0.00075,10.41
5,725551,1,0,8.38,935.5,931.0,609.3,0.0,4.9738,642.5,0.64250,11.9937,200.0,0.20000,11.9937,1192.5,0.03614,5.0812,697.5,0.06975,11.9925,712.5,0.07125,11.9913,962.5,0.09625,11.9937,292.5,0.02925,11.9950,-5.0,-0.00050,11.9963,-7.5,-0.00075,11.9925,-7.5,-0.00075,11.9937,-5.0,-0.00050,11.9937,-5.0,-0.00050,11.9950,-5.0,-0.00050,11.9963,-7.5,-0.00075,10.91
5,725887,1,0,8.66,642.3,771.0,1132.8,0.0,4.9825,572.5,0.57250,12.0025,175.0,0.17500,12.0037,1190.0,0.03606,5.0812,697.5,0.06975,12.0037,620.0,0.06200,12.0000,850.0,0.08500,12.0037,257.5,0.02575,12.0037,-5.0,-0.00050,12.0050,-7.5,-0.00075,12.0012,-7.5,-0.00075,12.0025,-5.0,-0.00050,12.0025,-5.0,-0.00050,12.0037,-5.0,-0.00050,12.0037,-7.5,-0.00075,11.23
5,726223,1,0,8.94,636.3,639.7,639.1,0.0,4.9887,522.5,0.52250,12.0100,155.0,0.15500,12.0100,1187.5,0.03598,5.0812,697.5,0.06975,12.0112,550.0,0.05500,12.0087,742.5,0.07425,12.0112,227.5,0.02275,12.0112,-5.0,-0.00050,12.0125,-7.5,-0.00075,12.0100,-7.5,-0.00075,12.0112,-5.0,-0.00050,12.0112,-5.0,-0.00050,12.0112,-5.0,-0.00050,12.0125,-7.5,-0.00075,11.57
5,726559,1,0,9.22,628.6,845.5,647.1,0.0,4.9950,477.5,0.47750,12.0162,137.5,0.13750,12.0162,1187.5,0.03598,5.0812,697.5,0.06975,12.0175,495.0,0.04950,12.0150,667.5,0.06675,12.0175,202.5,0.02025,12.0175,-5.0,-0.00050,12.0188,-7.5,-0.00075,12.0150,-7.5,-0.00075,12.0162,-5.0,-0.00050,12.0162,-5.0,-0.00050,12.0175,-5.0,-0.00050,12.0175,-7.5,-0.00075,11.90
5,727065,1,0,9.65,610.3,743.8,903.2,0.0,5.0000,435.0,0.43500,12.0225,122.5,0.12250,12.0225,1190.0,0.03606,5.0812,697.5,0.06975,12.0237,445.0,0.04450,12.0212,590.0,0.05900,12.0237,170.0,0.01700,12.0237,-5.0,-0.00050,12.0250,-7.5,-0.00075,12.0212,-7.5,-0.00075,12.0225,-5.0,-0.00050,12.0225,-5.0,-0.00050,12.0237,-5.0,-0.00050,12.0237,-7.5,-0.00075,12.41
5,727401,1,0,9.93,599.5,609.5,643.1,0.0,5.0025,422.5,0.42250,12.0225,117.5,0.11750,12.0237,1187.5,0.03598,5.0812,697.5,0.06975,12.0237,445.0,0.04450,12.0225,565.0,0.05650,12.0250,152.5,0.01525,12.0250,-5.0,-0.00050,12.0262,-7.5,-0.00075,12.0225,-7.5,-0.00075,12.0237,-5.0,-0.00050,12.0237,-5.0,-0.00050,12.0237,-5.0,-0.00050,12.0250,-7.5,-0.00075,12.75
5,727737,1,0,10.21,589.4,717.4,761.3,0.0,5.0025,415.0,0.41500,12.0250,112.5,0.11250,12.0250,1187.5,0.03598,5.0812,697.5,0.06975,12.0262,432.5,0.04325,12.0237,552.5,0.05525,12.0262,145.0,0.01450,12.0262,-5.0,-0.00050,12.0275,-7.5,-0.00075,12.0237,-7.5,-0.00075,12.0250,-5.0,-0.00050,12.0262,-5.0,-0.00050,12.0262,-5.0,-0.00050,12.0275,-7.5,-0.00075,13.08
5,728073,1,0,10.49,577.4,587.0,753.2,0.0,5.0037,410.0,0.41000,12.0262,112.5,0.11250,12.0250,1187.5,0.03598,5.0812,697.5,0.06975,12.0262,435.0,0.04350,12.0237,550.0,0.05500,12.0275,132.5,0.01325,12.0262,-5.0,-0.00050,12.0275,-7.5,-0.00075,12.0250,-7.5,-0.00075,12.0262,-5.0,-0.00050,12.0262,-5.0,-0.00050,12.0262,-5.0,-0.00050,12.0275,-7.5,-0.00075,13.42
5,728570,1,0,10.90,703.9,571.7,730.4,0.0,5.0025,415.0,0.41500,12.0250,115.0,0.11500,12.0250,1187.5,0.03598,5.0812,697.5,0.06975,12.0262,447.5,0.04475,12.0237,565.0,0.05650,12.0262,125.0,0.01250,12.0262,-5.0,-0.00050,12.0275,-7.5,-0.00075,12.0237,-7.5,-0.00075,12.0250,-5.0,-0.00050,12.0250,-5.0,-0.00050,12.0250,-5.0,-0.00050,12.0262,-7.5,-0.00075,13.92
5,728906,1,0,11.18,740.2,751.7,599.1,0.0,5.0012,425.0,0.42500,12.0225,120.0,0.12000,12.0237,1187.5,0.03598,5.0812,697.5,0.06975,12.0237,470.0,0.04700,12.0212,582.5,0.05825,12.0250,122.5,0.01225,12.0250,-5.0,-0.00050,12.0250,-7.5,-0.00075,12.0212,-7.5,-0.00075,12.0237,-5.0,-0.00050,12.0237,-5.0,-0.00050,12.0237,-5.0,-0.00050,12.0237,-7.5,-0.00075,14.27
5,729263,1,0,11.48,549.3,556.6,735.7,0.0,4.9987,442.5,0.44250,12.0200,125.0,0.12500,12.0212,1187.5,0.03598,5.0812,697.5,0.06975,12.0212,495.0,0.04950,12.0188,610.0,0.06100,12.0225,127.5,0.01275,12.0212,-5.0,-0.00050,12.0225,-7.5,-0.00075,12.0188,-7.5,-0.00075,12.0200,-5.0,-0.00050,12.0200,-5.0,-0.00050,12.0200,-5.0,-0.00050,12.0212,-7.5,-0.00075,14.61
5,729599,1,0,11.76,682.0,689.0,579.1,0.0,4.9962,457.5,0.45750,12.0175,130.0,0.13000,12.0188,1190.0,0.03606,5.0812,697.5,0.06975,12.0188,525.0,0.05250,12.0162,640.0,0.06400,12.0200,130.0,0.01300,12.0200,-5.0,-0.00050,12.0212,-7.5,-0.00075,12.0175,-7.5,-0.00075,12.0188,-5.0,-0.00050,12.0188,-5.0,-0.00050,12.0188,-5.0,-0.00050,12.0200,-7.5,-0.00075,14.95
5,730120,1,0,12.19,677.9,728.6,681.4,0.0,4.9925,485.0,0.48500,12.0138,142.5,0.14250,12.0150,1190.0,0.03606,5.0812,697.5,0.06975,12.0150,565.0,0.05650,12.0125,692.5,0.06925,12.0162,140.0,0.01400,12.0162,-5.0,-0.00050,12.0175,-7.5,-0.00075,12.0138,-7.5,-0.00075,12.0150,-5.0,-0.00050,12.0150,-5.0,-0.00050,12.0150,-5.0,-0.00050,12.0162,-7.5,-0.00075,15.48
5,730456,1,0,12.47,679.2,655.6,564.7,0.0,4.9900,510.0,0.51000,12.0100,152.5,0.15250,12.0112,1187.5,0.03598,5.0812,697.5,0.06975,12.0112,600.0,0.06000,12.0087,737.5,0.07375,12.0125,140.0,0.01400,12.0125,-5.0,-0.00050,12.0138,-7.5,-0.00075,12.0087,-7.5,-0.00075,12.0100,-5.0,-0.00050,12.0100,-5.0,-0.00050,12.0112,-5.0,-0.00050,12.0112,-7.5,-0.00075,15.81
5,730792,1,0,12.75,654.2,656.9,562.0,0.0,4.9887,520.0,0.52000,12.0087,155.0,0.15500,12.0100,1190.0,0.03606,5.0812,697.5,0.06975,12.0100,612.5,0.06125,12.0075,755.0,0.07550,12.0112,150.0,0.01500,12.0100,-5.0,-0.00050,12.0112,-7.5,-0.00075,12.0087,-7.5,-0.00075,12.0087,-5.0,-0.00050,12.0100,-5.0,-0.00050,12.0100,-5.0,-0.00050,12.0112,-7.5,-0.00075,16.14
5,731128,1,0,13.03,548.3,659.9,561.1,0.0,4.9862,542.5,0.54250,12.0050,162.5,0.16250,12.0062,1187.5,0.03598,5.0812,697.5,0.06975,12.0062,650.0,0.06500,12.0037,800.0,0.08000,12.0062,157.5,0.01575,12.0062,-5.0,-0.00050,12.0075,-7.5,-0.00075,12.0050,-7.5,-0.00075,12.0062,-5.0,-0.00050,12.0062,-5.0,-0.00050,12.0062,-5.0,-0.00050,12.0075,-7.5,-0.00075,16.48
5,731614,1,0,13.43,777.4,666.4,782.7,0.0,4.9850,555.0,0.55500,12.0037,170.0,0.17000,12.0050,1190.0,0.03606,5.0812,697.5,0.06975,12.0037,665.0,0.06650,12.0025,830.0,0.08300,12.0050,167.5,0.01675,12.0050,-5.0,-0.00050,12.0062,-7.5,-0.00075,12.0037,-7.5,-0.00075,12.0037,-5.0,-0.00050,12.0050,-5.0,-0.00050,12.0050,-5.0,-0.00050,12.0062,-7.5,-0.00075,16.97
5,731949,1,0,13.71,560.3,980.6,673.4,0.0,4.9825,577.5,0.57750,12.0012,177.5,0.17750,12.0025,1190.0,0.03606,5.0812,697.5,0.06975,12.0025,692.5,0.06925,12.0000,857.5,0.08575,12.0037,167.5,0.01675,12.0025,-5.0,-0.00050,12.0037,-7.5,-0.00075,12.0000,-7.5,-0.00075,12.0012,-5.0,-0.00050,12.0012,-5.0,-0.00050,12.0012,-5.0,-0.00050,12.0025,-7.5,-0.00075,17.30
5,732285,1,0,13.99,566.5,629.6,707.1,0.0,4.9825,585.0,0.58500,12.0000,180.0,0.18000,12.0000,1190.0,0.03606,5.0812,697.5,0.06975,11.9987,705.0,0.07050,11.9975,885.0,0.08850,12.0000,182.5,0.01825,12.0000,-5.0,-0.00050,12.0012,-7.5,-0.00075,11.9987,-7.5,-0.00075,12.0000,-5.0,-0.00050,12.0000,-5.0,-0.00050,12.0000,-5.0,-0.00050,12.0012,-7.5,-0.00075,17.64
5,732621,1,0,14.27,572.8,686.6,571.2,0.0,4.9812,590.0,0.59000,11.9987,182.5,0.18250,12.0000,1192.5,0.03614,5.0812,697.5,0.06975,11.9987,712.5,0.07125,11.9975,882.5,0.08825,12.0000,190.0,0.01900,12.0000,-5.0,-0.00050,12.0012,-7.5,-0.00075,11.9987,-7.5,-0.00075,11.9987,-5.0,-0.00050,11.9987,-5.0,-0.00050,12.0000,-5.0,-0.00050,12.0000,-7.5,-0.00075,17.98
5,733100,1,0,14.67,698.5,633.1,692.5,0.0,4.9800,605.0,0.60500,11.9963,187.5,0.18750,11.9975,1190.0,0.03606,5.0812,697.5,0.06975,11.9975,730.0,0.07300,11.9950,920.0,0.09200,11.9987,192.5,0.01925,11.9987,-5.0,-0.00050,11.9987,-7.5,-0.00075,11.9963,-7.5,-0.00075,11.9975,-5.0,-0.00050,11.9975,-5.0,-0.00050,11.9975,-5.0,-0.00050,11.9987,-7.5,-0.00075,18.46
5,733436,1,0,14.95,589.1,705.0,648.5,0.0,4.9787,620.0,0.62000,11.9937,195.0,0.19500,11.9950,1192.5,0.03614,5.0812,697.5,0.06975,11.9950,750.0,0.07500,11.9925,947.5,0.09475,11.9950,202.5,0.02025,11.9950,-5.0,-0.00050,11.9963,-7.5,-0.00075,11.9925,-7.5,-0.00075,11.9937,-5.0,-0.00050,11.9950,-5.0,-0.00050,11.9950,-5.0,-0.00050,11.9963,-7.5,-0.00075,18.80
5,733793,1,0,15.25,597.0,594.2,592.3,0.0,4.9787,620.0,0.62000,11.9937,195.0,0.19500,11.9950,1190.0,0.03606,5.0812,697.5,0.06975,11.9950,750.0,0.07500,11.9925,945.0,0.09450,11.9963,205.0,0.02050,11.9963,-5.0,-0.00050,11.9963,-7.5,-0.00075,11.9937,-7.5,-0.00075,11.9950,-5.0,-0.00050,11.9950,-5.0,-0.00050,11.9950,-5.0,-0.00050,11.9963,-7.5,-0.00075,19.15
5,734129,1,0,15.53,603.2,600.6,717.2,0.0,4.9775,632.5,0.63250,11.9925,200.0,0.20000,11.9937,1192.5,0.03614,5.0812,697.5,0.06975,11.9925,757.5,0.07575,11.9900,965.0,0.09650,11.9937,205.0,0.02050,11.9937,-5.0,-0.00050,11.9950,-7.5,-0.00075,11.9913,-7.5,-0.00075,11.9925,-5.0,-0.00050,11.9925,-5.0,-0.00050,11.9925,-5.0,-0.00050,11.9937,-7.5,-0.00075,19.48
5,734641,1,0,15.96,858.6,611.2,608.5,0.0,4.9775,630.0,0.63000,11.9937,197.5,0.19750,11.9950,1192.5,0.03614,5.0812,697.5,0.06975,11.9950,750.0,0.07500,11.9913,955.0,0.09550,11.9963,207.5,0.02075,11.9963,-5.0,-0.00050,11.9963,-7.5,-0.00075,11.9925,-7.5,-0.00075,11.9950,-5.0,-0.00050,11.9950,-5.0,-0.00050,11.9950,-5.0,-0.00050,11.9963,-7.5,-0.00075,19.99
5,734977,1,0,16.24,620.3,864.8,616.2,0.0,4.9762,642.5,0.64250,11.9913,202.5,0.20250,11.9913,1192.5,0.03614,5.0812,697.5,0.06975,11.9913,790.0,0.07900,11.9887,982.5,0.09825,11.9913,215.0,0.02150,11.9913,-5.0,-0.00050,11.9925,-7.5,-0.00075,11.9900,-7.5,-0.00075,11.9925,-5.0,-0.00050,11.9925,-5.0,-0.00050,11.9925,-5.0,-0.00050,11.9937,-7.5,-0.00075,20.33
5,735313,1,0,16.52,751.4,749.8,678.9,0.0,4.9762,642.5,0.64250,11.9913,202.5,0.20250,11.9913,1192.5,0.03614,5.0812,697.5,0.06975,11.9913,787.5,0.07875,11.9887,985.0,0.09850,11.9925,217.5,0.02175,11.9913,-5.0,-0.00050,11.9925,-7.5,-0.00075,11.9900,-7.5,-0.00075,11.9913,-5.0,-0.00050,11.9925,-5.0,-0.00050,11.9925,-5.0,-0.00050,11.9937,-7.5,-0.00075,20.67
5,735649,1,0,16.80,633.1,802.6,756.0,0.0,4.9750,650.0,0.65000,11.9900,205.0,0.20500,11.9900,1192.5,0.03614,5.0812,697.5,0.06975,11.9900,792.5,0.07925,11.9862,1000.0,0.10000,11.9913,220.0,0.02200,11.9900,-5.0,-0.00050,11.9913,-7.5,-0.00075,11.9887,-7.5,-0.00075,11.9900,-5.0,-0.00050,11.9900,-5.0,-0.00050,11.9913,-5.0,-0.00050,11.9913,-7.5,-0.00075,21.01
5,736180,1,0,17.24,641.6,960.4,639.2,0.0,4.9750,657.5,0.65750,11.9900,207.5,0.20750,11.9913,1192.5,0.03614,5.0812,697.5,0.06975,11.9900,807.5,0.08075,11.9887,1000.0,0.10000,11.9913,215.0,0.02150,11.9913,-5.0,-0.00050,11.9925,-7.5,-0.00075,11.9900,-7.5,-0.00075,11.9900,-5.0,-0.00050,11.9900,-5.0,-0.00050,11.9913,-5.0,-0.00050,11.9925,-7.5,-0.00075,21.53
5,736515,1,0,17.52,648.4,822.9,644.6,0.0,4.9738,660.0,0.66000,11.9900,207.5,0.20750,11.9900,1192.5,0.03614,5.0812,697.5,0.06975,11.9900,797.5,0.07975,11.9862,1010.0,0.10100,11.9900,222.5,0.02225,11.9900,-5.0,-0.00050,11.9913,-7.5,-0.00075,11.9887,-7.5,-0.00075,11.9900,-5.0,-0.00050,11.9900,-5.0,-0.00050,11.9900,-5.0,-0.00050,11.9913,-7.5,-0.00075,21.86
5,736851,1,0,17.80,653.8,651.9,711.8,0.0,4.9750,657.5,0.65750,11.9887,207.5,0.20750,11.9900,1192.5,0.03614,5.0812,697.5,0.06975,11.9887,817.5,0.08175,11.9875,997.5,0.09975,11.9913,225.0,0.02250,11.9913,-5.0,-0.00050,11.9925,-7.5,-0.00075,11.9887,-7.5,-0.00075,11.9887,-5.0,-0.00050,11.9900,-5.0,-0.00050,11.9900,-5.0,-0.00050,11.9913,-7.5,-0.00075,22.20
5,737187,1,0,18.08,659.0,876.0,767.4,0.0,4.9738,665.0,0.66500,11.9875,210.0,0.21000,11.9900,1192.5,0.03614,5.0812,697.5,0.06975,11.9887,807.5,0.08075,11.9862,1015.0,0.10150,11.9900,222.5,0.02225,11.9900,-5.0,-0.00050,11.9913,-7.5,-0.00075,11.9862,-7.5,-0.00075,11.9875,-5.0,-0.00050,11.9875,-5.0,-0.00050,11.9887,-5.0,-0.00050,11.9887,-7.5,-0.00075,22.53
5,737779,1,0,18.57,668.5,776.9,666.9,0.0,4.9713,682.5,0.68250,11.9862,217.5,0.21750,11.9875,1192.5,0.03614,5.0812,697.5,0.06975,11.9862,847.5,0.08475,11.9850,1047.5,0.10475,11.9875,225.0,0.02250,11.9875,-5.0,-0.00050,11.9887,-7.5,-0.00075,11.9850,-7.5,-0.00075,11.9862,-5.0,-0.00050,11.9862,-5.0,-0.00050,11.9862,-5.0,-0.00050,11.9875,-7.5,-0.00075,23.13
5,738115,1,0,18.85,674.8,724.2,733.2,0.0,4.9713,685.0,0.68500,11.9862,217.5,0.21750,11.9862,1192.5,0.03614,5.0812,697.5,0.06975,11.9850,850.0,0.08500,11.9837,1050.0,0.10500,11.9875,230.0,0.02300,11.9875,-5.0,-0.00050,11.9875,-7.5,-0.00075,11.9850,-7.5,-0.00075,11.9850,-5.0,-0.00050,11.9862,-5.0,-0.00050,11.9862,-5.0,-0.00050,11.9875,-7.5,-0.00075,23.48
5,738472,1,0,19.15,795.0,792.4,679.0,0.0,4.9700,697.5,0.69750,11.9837,222.5,0.22250,11.9837,1195.0,0.03621,5.0812,697.5,0.06975,11.9837,857.5,0.08575,11.9812,1075.0,0.10750,11.9850,242.5,0.02425,11.9837,-5.0,-0.00050,11.9850,-7.5,-0.00075,11.9825,-7.5,-0.00075,11.9837,-5.0,-0.00050,11.9837,-5.0,-0.00050,11.9837,-5.0,-0.00050,11.9850,-7.5,-0.00075,23.82
5,738808,1,0,19.43,802.0,822.5,684.2,0.0,4.9700,695.0,0.69500,11.9837,222.5,0.22250,11.9850,1192.5,0.03614,5.0812,697.5,0.06975,11.9837,850.0,0.08500,11.9812,1070.0,0.10700,11.9850,242.5,0.02425,11.9850,-5.0,-0.00050,11.9862,-7.5,-0.00075,11.9825,-7.5,-0.00075,11.9837,-5.0,-0.00050,11.9837,-5.0,-0.00050,11.9850,-5.0,-0.00050,11.9862,-7.5,-0.00075,24.15
5,739314,1,0,19.85,694.7,808.6,809.5,0.0,4.9675,710.0,0.71000,11.9825,227.5,0.22750,11.9825,1195.0,0.03621,5.0812,697.5,0.06975,11.9825,872.5,0.08725,11.9800,1102.5,0.11025,11.9837,247.5,0.02475,11.9837,-5.0,-0.00050,11.9850,-7.5,-0.00075,11.9812,-7.5,-0.00075,11.9825,-5.0,-0.00050,11.9825,-5.0,-0.00050,11.9837,-5.0,-0.00050,11.9837,-7.5,-0.00075,24.66
5,739650,1,0,20.13,817.8,752.9,698.9,0.0,4.9675,710.0,0.71000,11.9812,227.5,0.22750,11.9825,1192.5,0.03614,5.0812,697.5,0.06975,11.9812,882.5,0.08825,11.9800,1092.5,0.10925,11.9837,247.5,0.02475,11.9837,-5.0,-0.00050,11.9850,-7.5,-0.00075,11.9812,-7.5,-0.00075,11.9812,-5.0,-0.00050,11.9825,-5.0,-0.00050,11.9825,-5.0,-0.00050,11.9837,-7.5,-0.00075,25.00
5,739986,1,0,20.41,871.3,976.5,941.5,0.0,4.9650,732.5,0.73250,11.9787,237.5,0.23750,11.9800,1195.0,0.03621,5.0812,697.5,0.06975,11.9787,905.0,0.09050,11.9762,1135.0,0.11350,11.9800,252.5,0.02525,11.9800,-5.0,-0.00050,11.9812,-7.5,-0.00075,11.9775,-7.5,-0.00075,11.9787,-5.0,-0.00050,11.9787,-5.0,-0.00050,11.9787,-5.0,-0.00050,11.9800,-7.5,-0.00075,25.33
5,740322,1,0,20.69,714.3,712.2,830.8,0.0,4.9650,730.0,0.73000,11.9787,235.0,0.23500,11.9800,1192.5,0.03614,5.0812,697.5,0.06975,11.9800,895.0,0.08950,11.9762,1137.5,0.11375,11.9812,252.5,0.02525,11.9800,-5.0,-0.00050,11.9812,-7.5,-0.00075,11.9775,-7.5,-0.00075,11.9800,-5.0,-0.00050,11.9800,-5.0,-0.00050,11.9800,-5.0,-0.00050,11.9800,-7.5,-0.00075,25.68
5,740847,1,0,21.13,779.1,887.0,841.1,0.0,4.9650,730.0,0.73000,11.9800,235.0,0.23500,11.9812,1195.0,0.03621,5.0812,697.5,0.06975,11.9800,900.0,0.09000,11.9775,1135.0,0.11350,11.9812,257.5,0.02575,11.9812,-5.0,-0.00050,11.9825,-7.5,-0.00075,11.9787,-7.5,-0.00075,11.9800,-5.0,-0.00050,11.9800,-5.0,-0.00050,11.9800,-5.0,-0.00050,11.9812,-7.5,-0.00075,26.19
5,741183,1,0,21.41,851.3,847.7,1089.6,0.0,4.9625,750.0,0.75000,11.9762,242.5,0.24250,11.9775,1195.0,0.03621,5.0812,697.5,0.06975,11.9762,940.0,0.09400,11.9738,1172.5,0.11725,11.9775,250.0,0.02500,11.9775,-5.0,-0.00050,11.9787,-7.5,-0.00075,11.9750,-7.5,-0.00075,11.9762,-5.0,-0.00050,11.9762,-5.0,-0.00050,11.9762,-5.0,-0.00050,11.9775,-7.5,-0.00075,26.54
5,741519,1,0,21.69,734.9,732.7,854.9,0.0,4.9637,737.5,0.73750,11.9787,237.5,0.23750,11.9787,1195.0,0.03621,5.0812,700.0,0.07000,11.9787,900.0,0.09000,11.9762,1155.0,0.11550,11.9800,260.0,0.02600,11.9800,-5.0,-0.00050,11.9812,-7.5,-0.00075,11.9775,-7.5,-0.00075,11.9787,-5.0,-0.00050,11.9787,-5.0,-0.00050,11.9800,-5.0,-0.00050,11.9800,-7.5,-0.00075,26.87
5,741855,1,0,21.97,861.4,982.5,795.7,0.0,4.9675,715.0,0.71500,11.9825,230.0,0.23000,11.9837,1195.0,0.03621,5.0812,697.5,0.06975,11.9825,865.0,0.08650,11.9800,1102.5,0.11025,11.9837,262.5,0.02625,11.9837,-5.0,-0.00050,11.9850,-7.5,-0.00075,11.9812,-7.5,-0.00075,11.9825,-5.0,-0.00050,11.9825,-5.0,-0.00050,11.9825,-5.0,-0.00050,11.9837,-7.5,-0.00075,27.21
5,742418,1,0,22.44,741.8,845.7,745.9,0.0,4.9675,712.5,0.71250,11.9812,230.0,0.23000,11.9825,1192.5,0.03614,5.0812,697.5,0.06975,11.9825,877.5,0.08775,11.9787,1105.0,0.11050,11.9825,252.5,0.02525,11.9825,-5.0,-0.00050,11.9837,-7.5,-0.00075,11.9800,-7.5,-0.00075,11.9812,-5.0,-0.00050,11.9825,-5.0,-0.00050,11.9825,-5.0,-0.00050,11.9837,-7.5,-0.00075,27.77
5,742753,1,0,22.72,744.6,743.1,855.1,0.0,4.9675,710.0,0.71000,11.9825,227.5,0.22750,11.9825,1195.0,0.03621,5.0812,697.5,0.06975,11.9825,880.0,0.08800,11.9800,1090.0,0.10900,11.9825,242.5,0.02425,11.9837,-5.0,-0.00050,11.9837,-7.5,-0.00075,11.9812,-7.5,-0.00075,11.9825,-5.0,-0.00050,11.9825,-5.0,-0.00050,11.9825,-5.0,-0.00050,11.9837,-7.5,-0.00075,28.13
5,743110,1,0,23.02,997.8,871.2,967.2,0.0,4.9662,727.5,0.72750,11.9787,235.0,0.23500,11.9800,1195.0,0.03621,5.0812,697.5,0.06975,11.9787,902.5,0.09025,11.9762,1135.0,0.11350,11.9800,247.5,0.02475,11.9800,-5.0,-0.00050,11.9812,-7.5,-0.00075,11.9787,-7.5,-0.00075,11.9787,-5.0,-0.00050,11.9800,-5.0,-0.00050,11.9800,-5.0,-0.00050,11.9812,-7.5,-0.00075,28.47
5,743446,1,0,23.30,860.6,875.9,880.2,0.0,4.9625,757.5,0.75750,11.9750,245.0,0.24500,11.9750,1195.0,0.03621,5.0812,697.5,0.06975,11.9750,955.0,0.09550,11.9725,1192.5,0.11925,11.9762,250.0,0.02500,11.9762,-5.0,-0.00050,11.9775,-7.5,-0.00075,11.9738,-7.5,-0.00075,11.9750,-5.0,-0.00050,11.9750,-5.0,-0.00050,11.9750,-5.0,-0.00050,11.9762,-7.5,-0.00075,28.81
5,743926,1,0,23.70,761.1,817.1,885.1,0.0,4.9612,767.5,0.76750,11.9750,250.0,0.25000,11.9762,1195.0,0.03621,5.0812,700.0,0.07000,11.9750,957.5,0.09575,11.9725,1205.0,0.12050,11.9762,262.5,0.02625,11.9762,-5.0,-0.00050,11.9775,-7.5,-0.00075,11.9738,-7.5,-0.00075,11.9750,-5.0,-0.00050,11.9750,-5.0,-0.00050,11.9750,-5.0,-0.00050,11.9762,-7.5,-0.00075,29.28
5,744262,1,0,23.98,986.4,873.3,762.6,0.0,4.9575,795.0,0.79500,11.9700,260.0,0.26000,11.9712,1195.0,0.03621,5.0812,697.5,0.06975,11.9700,1007.5,0.10075,11.9675,1252.5,0.12525,11.9712,265.0,0.02650,11.9712,-5.0,-0.00050,11.9725,-7.5,-0.00075,11.9687,-7.5,-0.00075,11.9700,-5.0,-0.00050,11.9700,-5.0,-0.00050,11.9700,-5.0,-0.00050,11.9712,-7.5,-0.00075,29.62
5,744598,1,0,24.26,774.4,991.9,896.7,0.0,4.9562,802.5,0.80250,11.9700,262.5,0.26250,11.9700,1197.5,0.03629,5.0812,697.5,0.06975,11.9687,1022.5,0.10225,11.9675,1262.5,0.12625,11.9700,272.5,0.02725,11.9700,-5.0,-0.00050,11.9712,-7.5,-0.00075,11.9687,-7.5,-0.00075,11.9687,-5.0,-0.00050,11.9700,-5.0,-0.00050,11.9700,-5.0,-0.00050,11.9712,-7.5,-0.00075,29.95
5,744934,1,0,24.54,937.7,1166.8,1033.7,0.0,4.9537,820.0,0.82000,11.9662,270.0,0.27000,11.9675,1197.5,0.03629,5.0812,697.5,0.06975,11.9662,1030.0,0.10300,11.9637,1305.0,0.13050,11.9675,282.5,0.02825,11.9675,-5.0,-0.00050,11.9687,-7.5,-0.00075,11.9650,-7.5,-0.00075,11.9675,-5.0,-0.00050,11.9662,-5.0,-0.00050,11.9675,-5.0,-0.00050,11.9687,-7.5,-0.00075,30.29
5,745429,1,0,24.95,790.7,919.3,784.8,0.0,4.9537,827.5,0.82750,11.9650,275.0,0.27500,11.9662,1197.5,0.03629,5.0812,697.5,0.06975,11.9650,1050.0,0.10500,11.9625,1317.5,0.13175,11.9662,282.5,0.02825,11.9662,-5.0,-0.00050,11.9675,-7.5,-0.00075,11.9637,-7.5,-0.00075,11.9662,-5.0,-0.00050,11.9662,-5.0,-0.00050,11.9662,-5.0,-0.00050,11.9675,-7.5,-0.00075,30.78
5,745765,1,0,25.23,1025.6,953.5,1018.3,0.0,4.9513,845.0,0.84500,11.9637,277.5,0.27750,11.9637,1197.5,0.03629,5.0812,697.5,0.06975,11.9625,1070.0,0.10700,11.9600,1330.0,0.13300,11.9637,302.5,0.03025,11.9637,-5.0,-0.00050,11.9650,-7.5,-0.00075,11.9625,-7.5,-0.00075,11.9637,-5.0,-0.00050,11.9637,-5.0,-0.00050,11.9637,-5.0,-0.00050,11.9650,-7.5,-0.00075,31.12
5,746101,1,0,25.51,919.5,915.3,913.2,0.0,4.9513,842.5,0.84250,11.9637,277.5,0.27750,11.9650,1197.5,0.03629,5.0812,697.5,0.06975,11.9637,1062.5,0.10625,11.9612,1332.5,0.13325,11.9650,300.0,0.03000,11.9650,-5.0,-0.00050,11.9662,-7.5,-0.00075,11.9625,-7.5,-0.00075,11.9637,-5.0,-0.00050,11.9650,-5.0,-0.00050,11.9650,-5.0,-0.00050,11.9662,-7.5,-0.00075,31.45
5,746437,1,0,25.79,927.5,807.2,921.3,0.0,4.9488,865.0,0.86500,11.9612,285.0,0.28500,11.9612,1195.0,0.03621,5.0812,697.5,0.06975,11.9600,1100.0,0.11000,11.9575,1375.0,0.13750,11.9612,297.5,0.02975,11.9612,-5.0,-0.00050,11.9625,-7.5,-0.00075,11.9587,-7.5,-0.00075,11.9600,-5.0,-0.00050,11.9612,-5.0,-0.00050,11.9612,-5.0,-0.00050,11.9625,-7.5,-0.00075,31.78
5,746929,1,0,26.20,821.2,1225.3,930.4,0.0,4.9500,855.0,0.85500,11.9625,282.5,0.28250,11.9637,1200.0,0.03636,5.0812,697.5,0.06975,11.9625,1080.0,0.10800,11.9600,1365.0,0.13650,11.9637,305.0,0.03050,11.9637,-5.0,-0.00050,11.9650,-7.5,-0.00075,11.9612,-7.5,-0.00075,11.9625,-5.0,-0.00050,11.9625,-5.0,-0.00050,11.9625,-5.0,-0.00050,11.9637,-7.5,-0.00075,32.28
5,747265,1,0,26.48,945.9,941.0,820.9,0.0,4.9475,880.0,0.88000,11.9575,292.5,0.29250,11.9587,1195.0,0.03621,5.0812,697.5,0.06975,11.9563,1122.5,0.11225,11.9550,1402.5,0.14025,11.9587,312.5,0.03125,11.9587,-5.0,-0.00050,11.9600,-7.5,-0.00075,11.9563,-7.5,-0.00075,11.9575,-5.0,-0.00050,11.9587,-5.0,-0.00050,11.9587,-5.0,-0.00050,11.9600,-7.5,-0.00075,32.63
5,747622,1,0,26.78,834.5,830.2,946.0,0.0,4.9475,875.0,0.87500,11.9600,290.0,0.29000,11.9600,1197.5,0.03629,5.0812,697.5,0.06975,11.9587,1115.0,0.11150,11.9563,1390.0,0.13900,11.9600,312.5,0.03125,11.9600,-5.0,-0.00050,11.9612,-7.5,-0.00075,11.9575,-7.5,-0.00075,11.9587,-5.0,-0.00050,11.9587,-5.0,-0.00050,11.9600,-5.0,-0.00050,11.9600,-7.5,-0.00075,32.97
5,747958,1,0,27.06,960.7,1075.7,938.8,0.0,4.9450,895.0,0.89500,11.9550,300.0,0.30000,11.9563,1200.0,0.03636,5.0812,697.5,0.06975,11.9563,1132.5,0.11325,11.9525,1432.5,0.14325,11.9575,320.0,0.03200,11.9575,-5.0,-0.00050,11.9587,-7.5,-0.00075,11.9550,-7.5,-0.00075,11.9563,-5.0,-0.00050,11.9563,-5.0,-0.00050,11.9563,-5.0,-0.00050,11.9575,-7.5,-0.00075,33.31
5,748449,1,0,27.46,849.8,951.3,964.1,0.0,4.9437,907.5,0.90750,11.9550,302.5,0.30250,11.9550,1200.0,0.03636,5.0812,697.5,0.06975,11.9537,1170.0,0.11700,11.9513,1442.5,0.14425,11.9550,322.5,0.03225,11.9550,-5.0,-0.00050,11.9563,-7.5,-0.00075,11.9525,-7.5,-0.00075,11.9550,-5.0,-0.00050,11.9550,-5.0,-0.00050,11.9550,-5.0,-0.00050,11.9550,-7.5,-0.00075,33.80
5,748784,1,0,27.74,856.7,974.7,907.1,0.0,4.9437,912.5,0.91250,11.9537,305.0,0.30500,11.9550,1200.0,0.03636,5.0812,700.0,0.07000,11.9537,1160.0,0.11600,11.9513,1447.5,0.14475,11.9550,332.5,0.03325,11.9550,-5.0,-0.00050,11.9563,-7.5,-0.00075,11.9525,-7.5,-0.00075,11.9537,-5.0,-0.00050,11.9537,-5.0,-0.00050,11.9537,-5.0,-0.00050,11.9550,-7.5,-0.00075,34.13
5,749120,1,0,28.02,862.8,1073.9,980.1,0.0,4.9437,910.0,0.91000,11.9550,302.5,0.30250,11.9550,1197.5,0.03629,5.0812,697.5,0.06975,11.9537,1160.0,0.11600,11.9513,1440.0,0.14400,11.9550,335.0,0.03350,11.9550,-5.0,-0.00050,11.9563,-7.5,-0.00075,11.9525,-7.5,-0.00075,11.9550,-5.0,-0.00050,11.9550,-5.0,-0.00050,11.9550,-5.0,-0.00050,11.9563,-7.5,-0.00075,34.47
5,749456,1,0,28.30,976.7,1081.7,1235.4,0.0,4.9425,920.0,0.92000,11.9525,307.5,0.30750,11.9537,1197.5,0.03629,5.0812,700.0,0.07000,11.9525,1175.0,0.11750,11.9487,1477.5,0.14775,11.9537,337.5,0.03375,11.9537,-5.0,-0.00050,11.9550,-7.5,-0.00075,11.9513,-7.5,-0.00075,11.9525,-5.0,-0.00050,11.9525,-5.0,-0.00050,11.9537,-5.0,-0.00050,11.9537,-7.5,-0.00075,34.80
5,749965,1,0,28.73,1095.8,999.0,1092.1,0.0,4.9400,942.5,0.94250,11.9487,317.5,0.31750,11.9500,1200.0,0.03636,5.0812,700.0,0.07000,11.9487,1212.5,0.12125,11.9462,1507.5,0.15075,11.9500,345.0,0.03450,11.9500,-5.0,-0.00050,11.9513,-7.5,-0.00075,11.9475,-7.5,-0.00075,11.9500,-5.0,-0.00050,11.9500,-5.0,-0.00050,11.9500,-5.0,-0.00050,11.9513,-7.5,-0.00075,35.31
5,750301,1,0,29.01,993.6,1173.8,880.0,0.0,4.9400,945.0,0.94500,11.9500,315.0,0.31500,11.9513,1197.5,0.03629,5.0812,697.5,0.06975,11.9487,1202.5,0.12025,11.9462,1507.5,0.15075,11.9500,350.0,0.03500,11.9513,-5.0,-0.00050,11.9513,-7.5,-0.00075,11.9487,-7.5,-0.00075,11.9500,-5.0,-0.00050,11.9500,-5.0,-0.00050,11.9500,-5.0,-0.00050,11.9513,-7.5,-0.00075,35.66
5,750637,1,0,29.29,1001.4,997.0,996.9,0.0,4.9362,970.0,0.97000,11.9462,325.0,0.32500,11.9475,1197.5,0.03629,5.0812,697.5,0.06975,11.9450,1247.5,0.12475,11.9425,1550.0,0.15500,11.9475,340.0,0.03400,11.9475,-5.0,-0.00050,11.9487,-7.5,-0.00075,11.9450,-7.5,-0.00075,11.9450,-5.0,-0.00050,11.9462,-5.0,-0.00050,11.9462,-5.0,-0.00050,11.9475,-7.5,-0.00075,35.99
5,750973,1,0,29.57,897.4,1004.9,1048.0,0.0,4.9362,975.0,0.97500,11.9462,325.0,0.32500,11.9475,1197.5,0.03629,5.0812,697.5,0.06975,11.9450,1250.0,0.12500,11.9425,1560.0,0.15600,11.9475,345.0,0.03450,11.9475,-5.0,-0.00050,11.9487,-7.5,-0.00075,11.9450,-7.5,-0.00075,11.9450,-5.0,-0.00050,11.9462,-5.0,-0.00050,11.9462,-5.0,-0.00050,11.9475,-7.5,-0.00075,36.32
5,751473,1,0,29.99,906.9,1015.6,1124.7,0.0,4.9337,990.0,0.99000,11.9437,332.5,0.33250,11.9450,1200.0,0.03636,5.0812,700.0,0.07000,11.9425,1285.0,0.12850,11.9412,1585.0,0.15850,11.9437,355.0,0.03550,11.9450,-5.0,-0.00050,11.9462,-7.5,-0.00075,11.9425,-7.5,-0.00075,11.9437,-5.0,-0.00050,11.9437,-5.0,-0.00050,11.9450,-5.0,-0.00050,11.9450,-7.5,-0.00075,36.83
5,751809,1,0,30.27,1028.3,1023.5,1131.9,0.0,4.9325,997.5,0.99750,11.9425,337.5,0.33750,11.9425,1197.5,0.03629,5.0812,700.0,0.07000,11.9412,1275.0,0.12750,11.9387,1610.0,0.16100,11.9425,365.0,0.03650,11.9425,-5.0,-0.00050,11.9437,-7.5,-0.00075,11.9400,-7.5,-0.00075,11.9425,-5.0,-0.00050,11.9412,-5.0,-0.00050,11.9425,-5.0,-0.00050,11.9425,-7.5,-0.00075,37.18
5,752166,1,0,30.56,1036.0,1146.2,1027.7,0.0,4.9313,1015.0,1.01500,11.9387,342.5,0.34250,11.9400,1202.5,0.03644,5.0812,700.0,0.07000,11.9387,1297.5,0.12975,11.9362,1630.0,0.16300,11.9400,380.0,0.03800,11.9400,-5.0,-0.00050,11.9412,-7.5,-0.00075,11.9375,-7.5,-0.00075,11.9400,-5.0,-0.00050,11.9400,-5.0,-0.00050,11.9400,-5.0,-0.00050,11.9400,-7.5,-0.00075,37.51
5,752502,1,0,30.84,1158.7,1270.3,1036.1,0.0,4.9313,1010.0,1.01000,11.9400,340.0,0.34000,11.9412,1200.0,0.03636,5.0812,697.5,0.06975,11.9375,1310.0,0.13100,11.9362,1622.5,0.16225,11.9400,385.0,0.03850,11.9412,-5.0,-0.00050,11.9425,-7.5,-0.00075,11.9387,-7.5,-0.00075,11.9400,-5.0,-0.00050,11.9400,-5.0,-0.00050,11.9412,-5.0,-0.00050,11.9425,-7.5,-0.00075,37.85
5,753011,1,0,31.27,1051.6,931.4,931.4,0.0,4.9288,1032.5,1.03250,11.9362,350.0,0.35000,11.9375,1202.5,0.03644,5.0812,700.0,0.07000,11.9362,1310.0,0.13100,11.9325,1670.0,0.16700,11.9375,385.0,0.03850,11.9375,-5.0,-0.00050,11.9387,-7.5,-0.00075,11.9362,-7.5,-0.00075,11.9362,-5.0,-0.00050,11.9362,-5.0,-0.00050,11.9375,-5.0,-0.00050,11.9387,-7.5,-0.00075,38.36
5,753346,1,0,31.55,1045.3,937.4,1055.2,0.0,4.9288,1035.0,1.03500,11.9362,350.0,0.35000,11.9375,1200.0,0.03636,5.0812,700.0,0.07000,11.9362,1327.5,0.13275,11.9338,1662.5,0.16625,11.9375,382.5,0.03825,11.9387,-5.0,-0.00050,11.9387,-7.5,-0.00075,11.9362,-7.5,-0.00075,11.9375,-5.0,-0.00050,11.9375,-5.0,-0.00050,11.9375,-5.0,-0.00050,11.9387,-7.5,-0.00075,38.71
5,753682,1,0,31.83,1002.8,1179.1,1298.0,0.0,4.9250,1067.5,1.06750,11.9325,362.5,0.36250,11.9325,1202.5,0.03644,5.0812,700.0,0.07000,11.9312,1375.0,0.13750,11.9275,1730.0,0.17300,11.9325,385.0,0.03850,11.9325,-5.0,-0.00050,11.9338,-7.5,-0.00075,11.9312,-7.5,-0.00075,11.9312,-5.0,-0.00050,11.9325,-5.0,-0.00050,11.9325,-5.0,-0.00050,11.9338,-7.5,-0.00075,39.04
5,754018,1,0,32.11,1073.6,1068.7,949.5,0.0,4.9262,1052.5,1.05250,11.9350,357.5,0.35750,11.9362,1202.5,0.03644,5.0812,700.0,0.07000,11.9338,1365.0,0.13650,11.9312,1697.5,0.16975,11.9350,392.5,0.03925,11.9350,-5.0,-0.00050,11.9362,-7.5,-0.00075,11.9325,-7.5,-0.00075,11.9350,-5.0,-0.00050,11.9350,-5.0,-0.00050,11.9350,-5.0,-0.00050,11.9362,-7.5,-0.00075,39.38
5,754604,1,0,32.59,962.4,1277.4,958.7,0.0,4.9250,1062.5,1.06250,11.9312,362.5,0.36250,11.9338,1202.5,0.03644,5.0812,700.0,0.07000,11.9312,1375.0,0.13750,11.9275,1720.0,0.17200,11.9325,402.5,0.04025,11.9325,-5.0,-0.00050,11.9338,-7.5,-0.00075,11.9300,-7.5,-0.00075,11.9312,-5.0,-0.00050,11.9312,-5.0,-0.00050,11.9325,-5.0,-0.00050,11.9338,-7.5,-0.00075,39.96
5,754939,1,0,32.87,968.6,963.9,1071.4,0.0,4.9225,1087.5,1.08750,11.9288,370.0,0.37000,11.9300,1200.0,0.03636,5.0812,700.0,0.07000,11.9275,1402.5,0.14025,11.9250,1760.0,0.17600,11.9288,402.5,0.04025,11.9288,-5.0,-0.00050,11.9300,-7.5,-0.00075,11.9275,-7.5,-0.00075,11.9288,-5.0,-0.00050,11.9288,-5.0,-0.00050,11.9288,-5.0,-0.00050,11.9300,-7.5,-0.00075,40.29
5,755275,1,0,33.15,975.4,1091.7,1402.0,0.0,4.9187,1112.5,1.11250,11.9250,380.0,0.38000,11.9262,1202.5,0.03644,5.0812,700.0,0.07000,11.9225,1452.5,0.14525,11.9212,1807.5,0.18075,11.9250,417.5,0.04175,11.9262,-5.0,-0.00050,11.9275,-7.5,-0.00075,11.9237,-7.5,-0.00075,11.9250,-5.0,-0.00050,11.9250,-5.0,-0.00050,11.9262,-5.0,-0.00050,11.9262,-7.5,-0.00075,40.63
5,755611,1,0,33.43,982.3,1099.7,977.9,0.0,4.9175,1120.0,1.12000,11.9250,382.5,0.38250,11.9250,1205.0,0.03652,5.0812,700.0,0.07000,11.9225,1467.5,0.14675,11.9200,1810.0,0.18100,11.9250,422.5,0.04225,11.9250,-5.0,-0.00050,11.9262,-7.5,-0.00075,11.9225,-7.5,-0.00075,11.9250,-5.0,-0.00050,11.9250,-5.0,-0.00050,11.9250,-5.0,-0.00050,11.9262,-7.5,-0.00075,40.97
5,756130,1,0,33.87,1050.1,986.9,1097.2,0.0,4.9162,1137.5,1.13750,11.9225,390.0,0.39000,11.9225,1205.0,0.03652,5.0812,700.0,0.07000,11.9200,1477.5,0.14775,11.9187,1862.5,0.18625,11.9225,427.5,0.04275,11.9225,-5.0,-0.00050,11.9237,-7.5,-0.00075,11.9200,-7.5,-0.00075,11.9212,-5.0,-0.00050,11.9225,-5.0,-0.00050,11.9225,-5.0,-0.00050,11.9237,-7.5,-0.00075,41.49
5,756466,1,0,34.15,998.5,1241.6,1215.0,0.0,4.9150,1145.0,1.14500,11.9212,392.5,0.39250,11.9212,1207.5,0.03659,5.0812,700.0,0.07000,11.9187,1485.0,0.14850,11.9175,1865.0,0.18650,11.9212,432.5,0.04325,11.9212,-5.0,-0.00050,11.9225,-7.5,-0.00075,11.9200,-7.5,-0.00075,11.9212,-5.0,-0.00050,11.9212,-5.0,-0.00050,11.9212,-5.0,-0.00050,11.9225,-7.5,-0.00075,41.84
5,756823,1,0,34.44,1005.1,1412.2,1112.1,0.0,4.9137,1157.5,1.15750,11.9200,395.0,0.39500,11.9200,1202.5,0.03644,5.0812,700.0,0.07000,11.9175,1497.5,0.14975,11.9150,1885.0,0.18850,11.9187,435.0,0.04350,11.9200,-5.0,-0.00050,11.9212,-7.5,-0.00075,11.9175,-7.5,-0.00075,11.9187,-5.0,-0.00050,11.9200,-5.0,-0.00050,11.9200,-5.0,-0.00050,11.9200,-7.5,-0.00075,42.18
5,757159,1,0,34.72,1011.9,1007.5,1119.0,0.0,4.9088,1190.0,1.19000,11.9137,410.0,0.41000,11.9150,1205.0,0.03652,5.0812,700.0,0.07000,11.9125,1550.0,0.15500,11.9100,1960.0,0.19600,11.9150,445.0,0.04450,11.9150,-5.0,-0.00050,11.9162,-7.5,-0.00075,11.9137,-7.5,-0.00075,11.9137,-5.0,-0.00050,11.9137,-5.0,-0.00050,11.9150,-5.0,-0.00050,11.9162,-7.5,-0.00075,42.51
5,757652,1,0,35.13,1135.1,1130.4,1015.2,0.0,4.9100,1187.5,1.18750,11.9162,407.5,0.40750,11.9175,1202.5,0.03644,5.0812,700.0,0.07000,11.9137,1527.5,0.15275,11.9125,1937.5,0.19375,11.9162,452.5,0.04525,11.9162,-5.0,-0.00050,11.9175,-7.5,-0.00075,11.9150,-7.5,-0.00075,11.9162,-5.0,-0.00050,11.9162,-5.0,-0.00050,11.9162,-5.0,-0.00050,11.9175,-7.5,-0.00075,43.00
5,757988,1,0,35.41,1298.1,1401.5,1134.5,0.0,4.9062,1217.5,1.21750,11.9100,420.0,0.42000,11.9113,1205.0,0.03652,5.0812,700.0,0.07000,11.9087,1585.0,0.15850,11.9063,2010.0,0.20100,11.9113,450.0,0.04500,11.9113,-5.0,-0.00050,11.9125,-7.5,-0.00075,11.9087,-7.5,-0.00075,11.9100,-5.0,-0.00050,11.9100,-5.0,-0.00050,11.9113,-5.0,-0.00050,11.9125,-7.5,-0.00075,43.34
5,758324,1,0,35.69,1150.0,1260.5,1369.9,0.0,4.9062,1217.5,1.21750,11.9113,420.0,0.42000,11.9125,1207.5,0.03659,5.0812,700.0,0.07000,11.9087,1570.0,0.15700,11.9075,2015.0,0.20150,11.9113,452.5,0.04525,11.9125,-5.0,-0.00050,11.9125,-7.5,-0.00075,11.9100,-7.5,-0.00075,11.9100,-5.0,-0.00050,11.9113,-5.0,-0.00050,11.9113,-5.0,-0.00050,11.9125,-7.5,-0.00075,43.68
5,758660,1,0,35.97,1315.6,1201.8,1264.2,0.0,4.9025,1240.0,1.24000,11.9075,427.5,0.42750,11.9087,1200.0,0.03636,5.0812,700.0,0.07000,11.9063,1600.0,0.16000,11.9037,2042.5,0.20425,11.9075,470.0,0.04700,11.9087,-5.0,-0.00050,11.9100,-7.5,-0.00075,11.9063,-7.5,-0.00075,11.9075,-5.0,-0.00050,11.9087,-5.0,-0.00050,11.9087,-5.0,-0.00050,11.9100,-7.5,-0.00075,44.01
5,759177,1,0,36.41,1051.0,1211.7,1161.3,0.0,4.9050,1227.5,1.22750,11.9100,425.0,0.42500,11.9113,1200.0,0.03636,5.0812,700.0,0.07000,11.9075,1592.5,0.15925,11.9063,2027.5,0.20275,11.9100,467.5,0.04675,11.9100,-5.0,-0.00050,11.9113,-7.5,-0.00075,11.9075,-7.5,-0.00075,11.9100,-5.0,-0.00050,11.9100,-5.0,-0.00050,11.9100,-5.0,-0.00050,11.9113,-7.5,-0.00075,44.52
5,759513,1,0,36.69,1224.7,1157.7,1168.8,0.0,4.9000,1265.0,1.26500,11.9050,435.0,0.43500,11.9063,1205.0,0.03652,5.0812,700.0,0.07000,11.9025,1627.5,0.16275,11.9000,2080.0,0.20800,11.9050,487.5,0.04875,11.9063,-5.0,-0.00050,11.9063,-7.5,-0.00075,11.9037,-7.5,-0.00075,11.9050,-5.0,-0.00050,11.9050,-5.0,-0.00050,11.9050,-5.0,-0.00050,11.9063,-7.5,-0.00075,44.86
5,759849,1,0,36.97,1063.6,1376.6,1164.3,0.0,4.9000,1267.5,1.26750,11.9050,437.5,0.43750,11.9063,1200.0,0.03636,5.0812,700.0,0.07000,11.9037,1640.0,0.16400,11.9000,2085.0,0.20850,11.9050,482.5,0.04825,11.9050,-5.0,-0.00050,11.9063,-7.5,-0.00075,11.9037,-7.5,-0.00075,11.9050,-5.0,-0.00050,11.9050,-5.0,-0.00050,11.9063,-5.0,-0.00050,11.9063,-7.5,-0.00075,45.20
5,760185,1,0,37.25,1189.0,1066.0,1170.9,0.0,4.8962,1297.5,1.29750,11.9012,447.5,0.44750,11.9012,1210.0,0.03667,5.0812,700.0,0.07000,11.8987,1695.0,0.16950,11.8950,2132.5,0.21325,11.9000,490.0,0.04900,11.9000,-5.0,-0.00050,11.9012,-7.5,-0.00075,11.8987,-7.5,-0.00075,11.9000,-5.0,-0.00050,11.9000,-5.0,-0.00050,11.9000,-5.0,-0.00050,11.9012,-7.5,-0.00075,45.54
5,760689,1,0,37.67,1199.6,1290.8,1179.8,0.0,4.8962,1290.0,1.29000,11.9025,445.0,0.44500,11.9037,1205.0,0.03652,5.0812,700.0,0.07000,11.9012,1677.5,0.16775,11.8975,2122.5,0.21225,11.9025,495.0,0.04950,11.9037,-5.0,-0.00050,11.9037,-7.5,-0.00075,11.9012,-7.5,-0.00075,11.9025,-5.0,-0.00050,11.9025,-5.0,-0.00050,11.9037,-5.0,-0.00050,11.9037,-7.5,-0.00075,46.05
5,761025,1,0,37.94,1085.6,1514.4,1402.6,0.0,4.8912,1327.5,1.32750,11.8962,460.0,0.46000,11.8962,1205.0,0.03652,5.0812,700.0,0.07000,11.8938,1727.5,0.17275,11.8912,2197.5,0.21975,11.8950,502.5,0.05025,11.8962,-5.0,-0.00050,11.8975,-7.5,-0.00075,11.8938,-7.5,-0.00075,11.8950,-5.0,-0.00050,11.8950,-5.0,-0.00050,11.8962,-5.0,-0.00050,11.8962,-7.5,-0.00075,46.39
5,761382,1,0,38.24,1201.8,1347.9,1085.7,0.0,4.8912,1330.0,1.33000,11.8962,460.0,0.46000,11.8975,1205.0,0.03652,5.0812,700.0,0.07000,11.8950,1740.0,0.17400,11.8912,2197.5,0.21975,11.8962,497.5,0.04975,11.8962,-5.0,-0.00050,11.8975,-7.5,-0.00075,11.8950,-7.5,-0.00075,11.8962,-5.0,-0.00050,11.8962,-5.0,-0.00050,11.8962,-5.0,-0.00050,11.8975,-7.5,-0.00075,46.73
5,761718,1,0,38.52,1318.6,1532.3,1637.5,0.0,4.8888,1352.5,1.35250,11.8938,467.5,0.46750,11.8938,1210.0,0.03667,5.0812,700.0,0.07000,11.8900,1745.0,0.17450,11.8875,2237.5,0.22375,11.8925,520.0,0.05200,11.8938,-5.0,-0.00050,11.8938,-7.5,-0.00075,11.8912,-7.5,-0.00075,11.8925,-5.0,-0.00050,11.8925,-5.0,-0.00050,11.8925,-5.0,-0.00050,11.8938,-7.5,-0.00075,47.06
5,762232,1,0,38.95,1218.8,1214.0,1321.5,0.0,4.8863,1375.0,1.37500,11.8912,477.5,0.47750,11.8925,1205.0,0.03652,5.0812,700.0,0.07000,11.8888,1795.0,0.17950,11.8862,2267.5,0.22675,11.8912,510.0,0.05100,11.8912,-5.0,-0.00050,11.8925,-7.5,-0.00075,11.8888,-7.5,-0.00075,11.8900,-5.0,-0.00050,11.8900,-5.0,-0.00050,11.8912,-5.0,-0.00050,11.8925,-7.5,-0.00075,47.58
5,762568,1,0,39.23,1226.1,1221.7,1328.4,0.0,4.8850,1382.5,1.38250,11.8888,480.0,0.48000,11.8900,1205.0,0.03652,5.0812,700.0,0.07000,11.8862,1797.5,0.17975,11.8837,2285.0,0.22850,11.8888,540.0,0.05400,11.8900,-5.0,-0.00050,11.8900,-7.5,-0.00075,11.8875,-7.5,-0.00075,11.8888,-5.0,-0.00050,11.8888,-5.0,-0.00050,11.8900,-5.0,-0.00050,11.8900,-7.5,-0.00075,47.91
5,762904,1,0,39.51,1120.9,1340.0,1114.3,0.0,4.8850,1380.0,1.38000,11.8900,480.0,0.48000,11.8912,1205.0,0.03652,5.0812,700.0,0.07000,11.8875,1785.0,0.17850,11.8850,2280.0,0.22800,11.8900,547.5,0.05475,11.8900,-5.0,-0.00050,11.8912,-7.5,-0.00075,11.8875,-7.5,-0.00075,11.8888,-5.0,-0.00050,11.8900,-5.0,-0.00050,11.8900,-5.0,-0.00050,11.8912,-7.5,-0.00075,48.25
5,763240,1,0,39.79,1238.6,1122.1,1457.2,0.0,4.8825,1397.5,1.39750,11.8875,485.0,0.48500,11.8888,1207.5,0.03659,5.0812,700.0,0.07000,11.8837,1815.0,0.18150,11.8825,2305.0,0.23050,11.8862,555.0,0.05550,11.8875,-5.0,-0.00050,11.8888,-7.5,-0.00075,11.8850,-7.5,-0.00075,11.8862,-5.0,-0.00050,11.8875,-5.0,-0.00050,11.8875,-5.0,-0.00050,11.8888,-7.5,-0.00075,48.59
5,763767,1,0,40.23,1248.6,1244.3,1292.6,0.0,4.8762,1445.0,1.44500,11.8800,502.5,0.50250,11.8812,1202.5,0.03644,5.0812,700.0,0.07000,11.8762,1885.0,0.18850,11.8737,2397.5,0.23975,11.8787,560.0,0.05600,11.8787,-5.0,-0.00050,11.8800,-7.5,-0.00075,11.8775,-7.5,-0.00075,11.8787,-5.0,-0.00050,11.8787,-5.0,-0.00050,11.8787,-5.0,-0.00050,11.8800,-7.5,-0.00075,49.12
5,764103,1,0,40.51,1713.6,1138.0,1366.2,0.0,4.8775,1437.5,1.43750,11.8825,500.0,0.50000,11.8825,1205.0,0.03652,5.0812,700.0,0.07000,11.8800,1870.0,0.18700,11.8762,2385.0,0.23850,11.8812,555.0,0.05550,11.8812,-5.0,-0.00050,11.8825,-7.5,-0.00075,11.8800,-7.5,-0.00075,11.8812,-5.0,-0.00050,11.8812,-5.0,-0.00050,11.8825,-5.0,-0.00050,11.8825,-7.5,-0.00075,49.45
5,764439,1,0,40.79,1204.2,1144.2,1455.9,0.0,4.8725,1475.0,1.47500,11.8750,515.0,0.51500,11.8762,1212.5,0.03674,5.0812,700.0,0.07000,11.8725,1952.5,0.19525,11.8700,2442.5,0.24425,11.8750,567.5,0.05675,11.8750,-5.0,-0.00050,11.8762,-7.5,-0.00075,11.8725,-7.5,-0.00075,11.8750,-5.0,-0.00050,11.8750,-5.0,-0.00050,11.8750,-5.0,-0.00050,11.8762,-7.5,-0.00075,49.79
5,764775,1,0,41.07,1156.5,1151.0,1422.7,0.0,4.8725,1485.0,1.48500,11.8762,515.0,0.51500,11.8775,1202.5,0.03644,5.0812,700.0,0.07000,11.8713,1925.0,0.19250,11.8700,2455.0,0.24550,11.8750,577.5,0.05775,11.8750,-5.0,-0.00050,11.8762,-7.5,-0.00075,11.8725,-7.5,-0.00075,11.8750,-5.0,-0.00050,11.8750,-5.0,-0.00050,11.8750,-5.0,-0.00050,11.8762,-7.5,-0.00075,50.12
5,765296,1,0,41.50,1221.0,1160.1,1160.2,0.0,4.8700,1500.0,1.50000,11.8725,525.0,0.52500,11.8725,1210.0,0.03667,5.0812,700.0,0.07000,11.8687,1967.5,0.19675,11.8663,2487.5,0.24875,11.8713,600.0,0.06000,11.8713,-5.0,-0.00050,11.8725,-7.5,-0.00075,11.8700,-7.5,-0.00075,11.8713,-5.0,-0.00050,11.8713,-5.0,-0.00050,11.8725,-5.0,-0.00050,11.8737,-7.5,-0.00075,50.64
5,765632,1,0,41.78,1172.3,1484.4,1379.6,0.0,4.8700,1497.5,1.49750,11.8737,522.5,0.52250,11.8737,1202.5,0.03644,5.0812,700.0,0.07000,11.8700,1965.0,0.19650,11.8663,2482.5,0.24825,11.8725,587.5,0.05875,11.8725,-5.0,-0.00050,11.8737,-7.5,-0.00075,11.8725,-7.5,-0.00075,11.8725,-5.0,-0.00050,11.8725,-5.0,-0.00050,11.8737,-5.0,-0.00050,11.8750,-7.5,-0.00075,50.99
5,765989,1,0,42.08,1179.0,1386.6,1281.0,0.0,4.8675,1522.5,1.52250,11.8687,532.5,0.53250,11.8700,1202.5,0.03644,5.0812,700.0,0.07000,11.8663,1997.5,0.19975,11.8625,2527.5,0.25275,11.8687,600.0,0.06000,11.8687,-5.0,-0.00050,11.8700,-7.5,-0.00075,11.8675,-7.5,-0.00075,11.8675,-5.0,-0.00050,11.8687,-5.0,-0.00050,11.8687,-5.0,-0.00050,11.8700,-7.5,-0.00075,51.34
5,766325,1,0,42.36,1400.9,1393.9,1396.4,0.0,4.8663,1525.0,1.52500,11.8687,532.5,0.53250,11.8700,1217.5,0.03689,5.0812,700.0,0.07000,11.8663,1992.5,0.19925,11.8637,2507.5,0.25075,11.8687,605.0,0.06050,11.8700,-5.0,-0.00050,11.8713,-7.5,-0.00075,11.8675,-7.5,-0.00075,11.8700,-5.0,-0.00050,11.8700,-5.0,-0.00050,11.8700,-5.0,-0.00050,11.8713,-7.5,-0.00075,51.67
5,766931,1,0,42.87,1303.8,1189.4,1407.9,0.0,4.8612,1565.0,1.56500,11.8625,547.5,0.54750,11.8637,1205.0,0.03652,5.0812,700.0,0.07000,11.8600,2062.5,0.20625,11.8575,2612.5,0.26125,11.8625,597.5,0.05975,11.8625,-5.0,-0.00050,11.8637,-7.5,-0.00075,11.8612,-7.5,-0.00075,11.8625,-5.0,-0.00050,11.8625,-5.0,-0.00050,11.8625,-5.0,-0.00050,11.8637,-7.5,-0.00075,52.28
5,767266,1,0,43.15,1311.6,1414.6,1413.7,0.0,4.8575,1597.5,1.59750,11.8587,560.0,0.56000,11.8600,1215.0,0.03682,5.0812,700.0,0.07000,11.8550,2112.5,0.21125,11.8525,2662.5,0.26625,11.8575,597.5,0.05975,11.8575,-5.0,-0.00050,11.8587,-7.5,-0.00075,11.8562,-7.5,-0.00075,11.8575,-5.0,-0.00050,11.8575,-5.0,-0.00050,11.8575,-5.0,-0.00050,11.8587,-7.5,-0.00075,52.61
5,767602,1,0,43.43,1319.1,1571.1,1201.3,0.0,4.8562,1607.5,1.60750,11.8562,565.0,0.56500,11.8575,1210.0,0.03667,5.0812,700.0,0.07000,11.8537,2095.0,0.20950,11.8512,2682.5,0.26825,11.8562,622.5,0.06225,11.8562,-5.0,-0.00050,11.8575,-7.5,-0.00075,11.8550,-7.5,-0.00075,11.8562,-5.0,-0.00050,11.8562,-5.0,-0.00050,11.8575,-5.0,-0.00050,11.8587,-7.5,-0.00075,52.95
5,767938,1,0,43.71,1545.6,1541.0,1207.4,0.0,4.8562,1605.0,1.60500,11.8575,565.0,0.56500,11.8575,1215.0,0.03682,5.0812,700.0,0.07000,11.8550,2100.0,0.21000,11.8512,2672.5,0.26725,11.8562,630.0,0.06300,11.8562,-5.0,-0.00050,11.8575,-7.5,-0.00075,11.8562,-7.5,-0.00075,11.8562,-5.0,-0.00050,11.8575,-5.0,-0.00050,11.8587,-5.0,-0.00050,11.8600,-7.5,-0.00075,53.29
5,768439,1,0,44.12,1444.9,1218.1,1337.7,0.0,4.8537,1630.0,1.63000,11.8537,570.0,0.57000,11.8562,1210.0,0.03667,5.0812,700.0,0.07000,11.8500,2125.0,0.21250,11.8488,2690.0,0.26900,11.8525,630.0,0.06300,11.8537,-5.0,-0.00050,11.8550,-7.5,-0.00075,11.8512,-7.5,-0.00075,11.8537,-5.0,-0.00050,11.8525,-5.0,-0.00050,11.8525,-5.0,-0.00050,11.8525,-7.5,-0.00075,53.79
5,768775,1,0,44.40,1340.7,1445.8,1334.5,0.0,4.8500,1652.5,1.65250,11.8512,577.5,0.57750,11.8525,1212.5,0.03674,5.0812,700.0,0.07000,11.8475,2160.0,0.21600,11.8450,2740.0,0.27400,11.8500,652.5,0.06525,11.8500,-5.0,-0.00050,11.8512,-7.5,-0.00075,11.8488,-7.5,-0.00075,11.8488,-5.0,-0.00050,11.8500,-5.0,-0.00050,11.8500,-5.0,-0.00050,11.8525,-7.5,-0.00075,54.12
5,769111,1,0,44.68,1573.0,1677.4,1454.4,0.0,4.8463,1680.0,1.68000,11.8475,587.5,0.58750,11.8488,1212.5,0.03674,5.0812,700.0,0.07000,11.8437,2170.0,0.21700,11.8412,2795.0,0.27950,11.8475,662.5,0.06625,11.8475,-5.0,-0.00050,11.8488,-7.5,-0.00075,11.8450,-7.5,-0.00075,11.8475,-5.0,-0.00050,11.8475,-5.0,-0.00050,11.8475,-5.0,-0.00050,11.8488,-7.5,-0.00075,54.47
5,769447,1,0,44.96,1582.5,1575.2,1349.8,0.0,4.8412,1730.0,1.73000,11.8412,605.0,0.60500,11.8412,1210.0,0.03667,5.0812,700.0,0.07000,11.8375,2265.0,0.22650,11.8337,2902.5,0.29025,11.8400,662.5,0.06625,11.8400,-5.0,-0.00050,11.8412,-7.5,-0.00075,11.8387,-7.5,-0.00075,11.8387,-5.0,-0.00050,11.8387,-5.0,-0.00050,11.8400,-5.0,-0.00050,11.8412,-7.5,-0.00075,54.81
5,769938,1,0,45.37,1358.2,1361.1,1584.5,0.0,4.8412,1722.5,1.72250,11.8425,602.5,0.60250,11.8437,1207.5,0.03659,5.0812,700.0,0.07000,11.8400,2245.0,0.22450,11.8362,2857.5,0.28575,11.8425,685.0,0.06850,11.8425,-5.0,-0.00050,11.8437,-7.5,-0.00075,11.8412,-7.5,-0.00075,11.8425,-5.0,-0.00050,11.8425,-5.0,-0.00050,11.8425,-5.0,-0.00050,11.8437,-7.5,-0.00075,55.28
5,770273,1,0,45.65,1469.9,1596.0,1365.2,0.0,4.8375,1750.0,1.75000,11.8387,612.5,0.61250,11.8387,1210.0,0.03667,5.0812,700.0,0.07000,11.8350,2280.0,0.22800,11.8313,2900.0,0.29000,11.8375,692.5,0.06925,11.8375,-5.0,-0.00050,11.8387,-7.5,-0.00075,11.8362,-7.5,-0.00075,11.8362,-5.0,-0.00050,11.8375,-5.0,-0.00050,11.8375,-5.0,-0.00050,11.8387,-7.5,-0.00075,55.65
5,770630,1,0,45.95,1477.9,1426.7,1372.8,0.0,4.8387,1747.5,1.74750,11.8400,610.0,0.61000,11.8400,1212.5,0.03674,5.0812,700.0,0.07000,11.8350,2267.5,0.22675,11.8313,2890.0,0.28900,11.8387,705.0,0.07050,11.8387,-5.0,-0.00050,11.8400,-7.5,-0.00075,11.8362,-7.5,-0.00075,11.8375,-5.0,-0.00050,11.8387,-5.0,-0.00050,11.8400,-5.0,-0.00050,11.8400,-7.5,-0.00075,55.98
5,770966,1,0,46.23,1504.5,1383.5,1611.2,0.0,4.8350,1772.5,1.77250,11.8337,620.0,0.62000,11.8362,1215.0,0.03682,5.0812,700.0,0.07000,11.8300,2315.0,0.23150,11.8287,2917.5,0.29175,11.8325,730.0,0.07300,11.8337,-5.0,-0.00050,11.8350,-7.5,-0.00075,11.8300,-7.5,-0.00075,11.8337,-5.0,-0.00050,11.8325,-5.0,-0.00050,11.8325,-5.0,-0.00050,11.8337,-7.5,-0.00075,56.31
5,771465,1,0,46.64,1513.0,1490.2,1392.7,0.0,4.8337,1782.5,1.78250,11.8337,625.0,0.62500,11.8337,1212.5,0.03674,5.0812,700.0,0.07000,11.8287,2347.5,0.23475,11.8250,2947.5,0.29475,11.8313,710.0,0.07100,11.8313,-5.0,-0.00050,11.8325,-7.5,-0.00075,11.8313,-7.5,-0.00075,11.8313,-5.0,-0.00050,11.8325,-5.0,-0.00050,11.8337,-5.0,-0.00050,11.8350,-7.5,-0.00075,56.81
5,771801,1,0,46.92,1393.4,1496.9,1390.0,0.0,4.8275,1830.0,1.83000,11.8275,642.5,0.64250,11.8287,1210.0,0.03667,5.0812,700.0,0.07000,11.8237,2402.5,0.24025,11.8212,2995.0,0.29950,11.8250,732.5,0.07325,11.8263,-5.0,-0.00050,11.8275,-7.5,-0.00075,11.8237,-7.5,-0.00075,11.8250,-5.0,-0.00050,11.8250,-5.0,-0.00050,11.8250,-5.0,-0.00050,11.8263,-7.5,-0.00075,57.15
5,772137,1,0,47.20,1758.3,1406.4,1407.2,0.0,4.8275,1832.5,1.83250,11.8275,642.5,0.64250,11.8287,1212.5,0.03674,5.0812,700.0,0.07000,11.8237,2397.5,0.23975,11.8200,3040.0,0.30400,11.8263,725.0,0.07250,11.8275,-5.0,-0.00050,11.8275,-7.5,-0.00075,11.8250,-7.5,-0.00075,11.8263,-5.0,-0.00050,11.8275,-5.0,-0.00050,11.8275,-5.0,-0.00050,11.8287,-7.5,-0.00075,57.48
5,772473,1,0,47.48,1300.6,1726.9,1728.1,0.0,4.8212,1880.0,1.88000,11.8200,657.5,0.65750,11.8212,1212.5,0.03674,5.0812,700.0,0.07000,11.8162,2455.0,0.24550,11.8125,3135.0,0.31350,11.8187,735.0,0.07350,11.8187,-5.0,-0.00050,11.8200,-7.5,-0.00075,11.8175,-7.5,-0.00075,11.8175,-5.0,-0.00050,11.8187,-5.0,-0.00050,11.8200,-5.0,-0.00050,11.8200,-7.5,-0.00075,57.82
5,773047,1,0,47.96,1422.5,1741.8,1413.7,0.0,4.8187,1902.5,1.90250,11.8187,665.0,0.66500,11.8187,1215.0,0.03682,5.0812,700.0,0.07000,11.8137,2472.5,0.24725,11.8100,3170.0,0.31700,11.8175,745.0,0.07450,11.8175,-5.0,-0.00050,11.8175,-7.5,-0.00075,11.8150,-7.5,-0.00075,11.8150,-5.0,-0.00050,11.8175,-5.0,-0.00050,11.8175,-5.0,-0.00050,11.8187,-7.5,-0.00075,58.39
5,773383,1,0,48.24,1430.3,1642.7,1311.0,0.0,4.8162,1922.5,1.92250,11.8150,672.5,0.67250,11.8175,1220.0,0.03697,5.0812,700.0,0.07000,11.8100,2512.5,0.25125,11.8088,3195.0,0.31950,11.8137,755.0,0.07550,11.8137,-5.0,-0.00050,11.8150,-7.5,-0.00075,11.8112,-7.5,-0.00075,11.8137,-5.0,-0.00050,11.8137,-5.0,-0.00050,11.8137,-5.0,-0.00050,11.8150,-7.5,-0.00075,58.73
5,773719,1,0,48.52,1325.9,1540.5,1536.9,0.0,4.8162,1917.5,1.91750,11.8162,672.5,0.67250,11.8175,1217.5,0.03689,5.0812,700.0,0.07000,11.8112,2497.5,0.24975,11.8088,3190.0,0.31900,11.8150,755.0,0.07550,11.8162,-5.0,-0.00050,11.8175,-7.5,-0.00075,11.8137,-7.5,-0.00075,11.8150,-5.0,-0.00050,11.8162,-5.0,-0.00050,11.8162,-5.0,-0.00050,11.8175,-7.5,-0.00075,59.07
5,774055,1,0,48.80,1442.7,1658.4,1655.0,0.0,4.8112,1960.0,1.96000,11.8100,687.5,0.68750,11.8112,1215.0,0.03682,5.0812,700.0,0.07000,11.8050,2560.0,0.25600,11.8012,3252.5,0.32525,11.8075,777.5,0.07775,11.8088,-5.0,-0.00050,11.8100,-7.5,-0.00075,11.8062,-7.5,-0.00075,11.8075,-5.0,-0.00050,11.8088,-5.0,-0.00050,11.8088,-5.0,-0.00050,11.8100,-7.5,-0.00075,59.40
5,774539,1,0,49.21,1452.1,1668.3,1599.6,0.0,4.8063,1992.5,1.99250,11.8062,697.5,0.69750,11.8075,1217.5,0.03689,5.0812,700.0,0.07000,11.8012,2617.5,0.26175,11.7975,3297.5,0.32975,11.8050,775.0,0.07750,11.8050,-5.0,-0.00050,11.8062,-7.5,-0.00075,11.8038,-7.5,-0.00075,11.8050,-5.0,-0.00050,11.8050,-5.0,-0.00050,11.8062,-5.0,-0.00050,11.8075,-7.5,-0.00075,59.90
5,774875,1,0,49.49,1571.4,1608.8,1672.8,0.0,4.8050,2005.0,2.00500,11.8038,702.5,0.70250,11.8050,1217.5,0.03689,5.0812,700.0,0.07000,11.8000,2622.5,0.26225,11.7962,3317.5,0.33175,11.8025,802.5,0.08025,11.8025,-5.0,-0.00050,11.8038,-7.5,-0.00075,11.8012,-7.5,-0.00075,11.8025,-5.0,-0.00050,11.8025,-5.0,-0.00050,11.8038,-5.0,-0.00050,11.8038,-7.5,-0.00075,60.23
5,775232,1,0,49.78,1466.4,1723.2,1569.4,0.0,4.8050,2005.0,2.00500,11.8038,702.5,0.70250,11.8062,1217.5,0.03689,5.0812,700.0,0.07000,11.8000,2630.0,0.26300,11.7962,3310.0,0.33100,11.8025,805.0,0.08050,11.8038,-5.0,-0.00050,11.8038,-7.5,-0.00075,11.8012,-7.5,-0.00075,11.8025,-5.0,-0.00050,11.8025,-5.0,-0.00050,11.8038,-5.0,-0.00050,11.8050,-7.5,-0.00075,60.58
5,775568,1,0,50.06,1472.0,1729.7,1801.8,0.0,4.8012,2030.0,2.03000,11.8012,710.0,0.71000,11.8025,1217.5,0.03689,5.0812,700.0,0.07000,11.7962,2622.5,0.26225,11.7925,3375.0,0.33750,11.7987,817.5,0.08175,11.8000,-5.0,-0.00050,11.8012,-7.5,-0.00075,11.7975,-7.5,-0.00075,11.7987,-5.0,-0.00050,11.8000,-5.0,-0.00050,11.8000,-5.0,-0.00050,11.8012,-7.5,-0.00075,60.91
5,776051,1,0,50.47,1420.8,1471.9,1473.6,0.0,4.7950,2080.0,2.08000,11.7950,730.0,0.73000,11.7950,1215.0,0.03682,5.0812,700.0,0.07000,11.7900,2710.0,0.27100,11.7863,3447.5,0.34475,11.7925,827.5,0.08275,11.7937,-5.0,-0.00050,11.7937,-7.5,-0.00075,11.7912,-7.5,-0.00075,11.7925,-5.0,-0.00050,11.7937,-5.0,-0.00050,11.7937,-5.0,-0.00050,11.7950,-7.5,-0.00075,61.40
5,776387,1,0,50.75,1371.9,1706.2,1682.7,0.0,4.7937,2095.0,2.09500,11.7787,737.5,0.73750,11.7812,1220.0,0.03697,5.0812,700.0,0.07000,11.7750,2707.5,0.27075,11.7725,3492.5,0.34925,11.7775,850.0,0.08500,11.7787,-5.0,-0.00050,11.7800,-7.5,-0.00075,11.7762,-7.5,-0.00075,11.7775,-5.0,-0.00050,11.7775,-5.0,-0.00050,11.7787,-5.0,-0.00050,11.7800,-7.5,-0.00075,61.73
5,776723,1,0,51.03,1492.8,1600.4,1716.2,0.0,4.7875,2147.5,2.14750,11.7575,752.5,0.75250,11.7600,1222.5,0.03705,5.0812,700.0,0.07000,11.7525,2790.0,0.27900,11.7500,3580.0,0.35800,11.7562,835.0,0.08350,11.7562,-5.0,-0.00050,11.7575,-7.5,-0.00075,11.7550,-7.5,-0.00075,11.7562,-5.0,-0.00050,11.7562,-5.0,-0.00050,11.7562,-5.0,-0.00050,11.7575,-7.5,-0.00075,62.07
5,777059,1,0,51.31,1539.5,1698.8,1545.8,0.0,4.7825,2177.5,2.17750,11.7537,765.0,0.76500,11.7562,1220.0,0.03697,5.0812,700.0,0.07000,11.7487,2810.0,0.28100,11.7463,3645.0,0.36450,11.7512,855.0,0.08550,11.7525,-5.0,-0.00050,11.7537,-7.5,-0.00075,11.7512,-7.5,-0.00075,11.7525,-5.0,-0.00050,11.7525,-5.0,-0.00050,11.7525,-5.0,-0.00050,11.7537,-7.5,-0.00075,62.41
5,777567,1,0,51.73,1502.9,1669.9,1711.2,0.0,4.7775,2217.5,2.21750,11.7475,777.5,0.77750,11.7487,1227.5,0.03720,5.0812,700.0,0.07000,11.7425,2857.5,0.28575,11.7387,3707.5,0.37075,11.7450,875.0,0.08750,11.7463,-5.0,-0.00050,11.7475,-7.5,-0.00075,11.7450,-7.5,-0.00075,11.7450,-5.0,-0.00050,11.7463,-5.0,-0.00050,11.7463,-5.0,-0.00050,11.7475,-7.5,-0.00075,62.91
5,777903,1,0,52.01,1511.0,1505.5,1611.4,0.0,4.7775,2217.5,2.21750,11.7475,777.5,0.77750,11.7500,1225.0,0.03712,5.0812,700.0,0.07000,11.7425,2875.0,0.28750,11.7400,3685.0,0.36850,11.7463,875.0,0.08750,11.7463,-5.0,-0.00050,11.7475,-7.5,-0.00075,11.7450,-7.5,-0.00075,11.7463,-5.0,-0.00050,11.7463,-5.0,-0.00050,11.7463,-5.0,-0.00050,11.7475,-7.5,-0.00075,63.25
5,778239,1,0,52.29,1566.5,1835.5,1636.6,0.0,4.7737,2247.5,2.24750,11.7437,787.5,0.78750,11.7450,1227.5,0.03720,5.0812,700.0,0.07000,11.7387,2925.0,0.29250,11.7350,3720.0,0.37200,11.7413,892.5,0.08925,11.7413,-5.0,-0.00050,11.7425,-7.5,-0.00075,11.7413,-7.5,-0.00075,11.7413,-5.0,-0.00050,11.7425,-5.0,-0.00050,11.7425,-5.0,-0.00050,11.7437,-7.5,-0.00075,63.59
5,778575,1,0,52.57,1651.9,1626.2,1734.5,0.0,4.7737,2247.5,2.24750,11.7425,790.0,0.79000,11.7463,1222.5,0.03705,5.0812,700.0,0.07000,11.7362,2905.0,0.29050,11.7337,3757.5,0.37575,11.7413,902.5,0.09025,11.7437,-5.0,-0.00050,11.7450,-7.5,-0.00075,11.7400,-7.5,-0.00075,11.7437,-5.0,-0.00050,11.7425,-5.0,-0.00050,11.7425,-5.0,-0.00050,11.7437,-7.5,-0.00075,63.92
5,779070,1,0,52.98,1422.2,1743.6,1534.7,0.0,4.7675,2295.0,2.29500,11.7400,800.0,0.80000,11.7413,1227.5,0.03720,5.0812,700.0,0.07000,11.7337,3005.0,0.30050,11.7287,3775.0,0.37750,11.7375,912.5,0.09125,11.7375,-5.0,-0.00050,11.7387,-7.5,-0.00075,11.7325,-7.5,-0.00075,11.7362,-5.0,-0.00050,11.7362,-5.0,-0.00050,11.7362,-5.0,-0.00050,11.7362,-7.5,-0.00075,64.43
5,779406,1,0,53.26,1587.0,1859.3,1641.3,0.0,4.7650,2320.0,2.32000,11.7350,812.5,0.81250,11.7350,1225.0,0.03712,5.0812,700.0,0.07000,11.7300,3040.0,0.30400,11.7262,3812.5,0.38125,11.7337,927.5,0.09275,11.7337,-5.0,-0.00050,11.7350,-7.5,-0.00075,11.7325,-7.5,-0.00075,11.7337,-5.0,-0.00050,11.7350,-5.0,-0.00050,11.7362,-5.0,-0.00050,11.7362,-7.5,-0.00075,64.78
5,779763,1,0,53.56,1657.0,1649.4,1649.9,0.0,4.7550,2392.5,2.39250,11.7225,837.5,0.83750,11.7238,1225.0,0.03712,5.0812,700.0,0.07000,11.7175,3120.0,0.31200,11.7125,3960.0,0.39600,11.7212,947.5,0.09475,11.7225,-5.0,-0.00050,11.7238,-7.5,-0.00075,11.7200,-7.5,-0.00075,11.7225,-5.0,-0.00050,11.7238,-5.0,-0.00050,11.7238,-5.0,-0.00050,11.7250,-7.5,-0.00075,65.12
5,780099,1,0,53.84,1556.1,1880.2,1658.1,0.0,4.7525,2412.5,2.41250,11.7200,845.0,0.84500,11.7225,1230.0,0.03727,5.0812,700.0,0.07000,11.7150,3127.5,0.31275,11.7112,4012.5,0.40125,11.7188,952.5,0.09525,11.7200,-5.0,-0.00050,11.7212,-7.5,-0.00075,11.7175,-7.5,-0.00075,11.7200,-5.0,-0.00050,11.7212,-5.0,-0.00050,11.7212,-5.0,-0.00050,11.7225,-7.5,-0.00075,65.45
5,780625,1,0,54.28,1663.4,2118.1,1501.5,0.0,4.7500,2437.5,2.43750,11.7175,852.5,0.85250,11.7175,1227.5,0.03720,5.0812,702.5,0.07025,11.7100,3160.0,0.31600,11.7075,4030.0,0.40300,11.7137,967.5,0.09675,11.7150,-5.0,-0.00050,11.7162,-7.5,-0.00075,11.7137,-7.5,-0.00075,11.7137,-5.0,-0.00050,11.7150,-5.0,-0.00050,11.7150,-5.0,-0.00050,11.7162,-7.5,-0.00075,65.98
5,780960,1,0,54.56,1799.3,1665.3,1677.4,0.0,4.7462,2470.0,2.47000,11.7112,862.5,0.86250,11.7137,1230.0,0.03727,5.0812,700.0,0.07000,11.7050,3197.5,0.31975,11.7013,4102.5,0.41025,11.7087,977.5,0.09775,11.7100,-5.0,-0.00050,11.7112,-7.5,-0.00075,11.7075,-7.5,-0.00075,11.7100,-5.0,-0.00050,11.7100,-5.0,-0.00050,11.7112,-5.0,-0.00050,11.7112,-7.5,-0.00075,66.31
5,781296,1,0,54.84,1580.9,1627.2,1685.0,0.0,4.7438,2482.5,2.48250,11.7112,867.5,0.86750,11.7125,1230.0,0.03727,5.0812,702.5,0.07025,11.7050,3212.5,0.32125,11.7013,4100.0,0.41000,11.7087,980.0,0.09800,11.7087,-5.0,-0.00050,11.7100,-7.5,-0.00075,11.7075,-7.5,-0.00075,11.7075,-5.0,-0.00050,11.7087,-5.0,-0.00050,11.7100,-5.0,-0.00050,11.7100,-7.5,-0.00075,66.65
5,781632,1,0,55.12,1747.3,2148.0,1676.3,0.0,4.7450,2475.0,2.47500,11.7125,865.0,0.86500,11.7137,1225.0,0.03712,5.0812,700.0,0.07000,11.7063,3177.5,0.31775,11.7025,4100.0,0.41000,11.7100,992.5,0.09925,11.7112,-5.0,-0.00050,11.7125,-7.5,-0.00075,11.7087,-7.5,-0.00075,11.7100,-5.0,-0.00050,11.7112,-5.0,-0.00050,11.7125,-5.0,-0.00050,11.7125,-7.5,-0.00075,66.99
5,782146,1,0,55.54,1822.9,1686.2,1703.1,0.0,4.7425,2495.0,2.49500,11.7075,872.5,0.87250,11.7087,1227.5,0.03720,5.0812,702.5,0.07025,11.7013,3210.0,0.32100,11.6975,4152.5,0.41525,11.7037,995.0,0.09950,11.7050,-5.0,-0.00050,11.7063,-7.5,-0.00075,11.7037,-7.5,-0.00075,11.7050,-5.0,-0.00050,11.7063,-5.0,-0.00050,11.7063,-5.0,-0.00050,11.7075,-7.5,-0.00075,67.49
5,782481,1,0,55.82,1592.4,1593.6,1588.5,0.0,4.7413,2507.5,2.50750,11.7063,877.5,0.87750,11.7087,1227.5,0.03720,5.0812,702.5,0.07025,11.7000,3220.0,0.32200,11.6962,4157.5,0.41575,11.7037,1005.0,0.10050,11.7050,-5.0,-0.00050,11.7063,-7.5,-0.00075,11.7025,-7.5,-0.00075,11.7050,-5.0,-0.00050,11.7050,-5.0,-0.00050,11.7050,-5.0,-0.00050,11.7063,-7.5,-0.00075,67.83
5,782817,1,0,56.10,1598.8,2014.5,1718.3,0.0,4.7362,2545.0,2.54500,11.7000,890.0,0.89000,11.7025,1227.5,0.03720,5.0812,700.0,0.07000,11.6937,3275.0,0.32750,11.6912,4205.0,0.42050,11.6975,1027.5,0.10275,11.6987,-5.0,-0.00050,11.7000,-7.5,-0.00075,11.6962,-7.5,-0.00075,11.6987,-5.0,-0.00050,11.6987,-5.0,-0.00050,11.6987,-5.0,-0.00050,11.7000,-7.5,-0.00075,68.16
5,783153,1,0,56.38,1614.5,1720.2,1708.6,0.0,4.7275,2607.5,2.60750,11.6912,910.0,0.91000,11.6925,1235.0,0.03742,5.0812,700.0,0.07000,11.6838,3367.5,0.33675,11.6800,4345.0,0.43450,11.6875,1005.0,0.10050,11.6887,-5.0,-0.00050,11.6900,-7.5,-0.00075,11.6862,-7.5,-0.00075,11.6887,-5.0,-0.00050,11.6887,-5.0,-0.00050,11.6900,-5.0,-0.00050,11.6900,-7.5,-0.00075,68.51
5,783666,1,0,56.81,1725.8,1824.0,1716.9,0.0,4.7250,2637.5,2.63750,11.6875,922.5,0.92250,11.6900,1232.5,0.03735,5.0812,702.5,0.07025,11.6812,3375.0,0.33750,11.6788,4405.0,0.44050,11.6850,1027.5,0.10275,11.6862,-5.0,-0.00050,11.6875,-7.5,-0.00075,11.6850,-7.5,-0.00075,11.6850,-5.0,-0.00050,11.6850,-5.0,-0.00050,11.6862,-5.0,-0.00050,11.6875,-7.5,-0.00075,69.02
5,784001,1,0,57.09,1516.4,1726.0,1507.4,0.0,4.7162,2697.5,2.69750,11.6775,942.5,0.94250,11.6800,1232.5,0.03735,5.0800,702.5,0.07025,11.6700,3510.0,0.35100,11.6675,4475.0,0.44750,11.6750,1045.0,0.10450,11.6775,-5.0,-0.00050,11.6788,-7.5,-0.00075,11.6750,-7.5,-0.00075,11.6775,-5.0,-0.00050,11.6762,-5.0,-0.00050,11.6775,-5.0,-0.00050,11.6775,-7.5,-0.00075,69.36
5,784358,1,0,57.39,1576.1,1780.8,1730.4,0.0,4.7150,2715.0,2.71500,11.6762,947.5,0.94750,11.6800,1230.0,0.03727,5.0812,700.0,0.07000,11.6687,3525.0,0.35250,11.6662,4482.5,0.44825,11.6737,1062.5,0.10625,11.6762,-5.0,-0.00050,11.6775,-7.5,-0.00075,11.6737,-7.5,-0.00075,11.6762,-5.0,-0.00050,11.6750,-5.0,-0.00050,11.6775,-5.0,-0.00050,11.6775,-7.5,-0.00075,69.71
5,784694,1,0,57.67,1640.9,1852.7,1847.1,0.0,4.7100,2752.5,2.75250,11.6712,960.0,0.96000,11.6750,1232.5,0.03735,5.0812,702.5,0.07025,11.6625,3550.0,0.35500,11.6600,4542.5,0.45425,11.6675,1085.0,0.10850,11.6700,-5.0,-0.00050,11.6712,-7.5,-0.00075,11.6675,-7.5,-0.00075,11.6700,-5.0,-0.00050,11.6687,-5.0,-0.00050,11.6700,-5.0,-0.00050,11.6712,-7.5,-0.00075,70.04
5,785209,1,0,58.10,1872.3,1753.1,1640.3,0.0,4.7100,2750.0,2.75000,11.6750,957.5,0.95750,11.6737,1235.0,0.03742,5.0812,702.5,0.07025,11.6687,3510.0,0.35100,11.6650,4567.5,0.45675,11.6712,1102.5,0.11025,11.6725,-5.0,-0.00050,11.6737,-7.5,-0.00075,11.6725,-7.5,-0.00075,11.6725,-5.0,-0.00050,11.6750,-5.0,-0.00050,11.6762,-5.0,-0.00050,11.6775,-7.5,-0.00075,70.56
5,785544,1,0,58.38,1545.7,1760.7,1538.0,0.0,4.7000,2825.0,2.82500,11.6637,985.0,0.98500,11.6675,1237.5,0.03750,5.0812,702.5,0.07025,11.6575,3615.0,0.36150,11.6537,4657.5,0.46575,11.6625,1117.5,0.11175,11.6637,-5.0,-0.00050,11.6650,-7.5,-0.00075,11.6600,-7.5,-0.00075,11.6625,-5.0,-0.00050,11.6625,-5.0,-0.00050,11.6625,-5.0,-0.00050,11.6625,-7.5,-0.00075,70.89
5,785880,1,0,58.66,1771.6,1814.1,1656.4,0.0,4.6975,2850.0,2.85000,11.6637,990.0,0.99000,11.6650,1232.5,0.03735,5.0812,702.5,0.07025,11.6550,3685.0,0.36850,11.6525,4652.5,0.46525,11.6587,1145.0,0.11450,11.6600,-5.0,-0.00050,11.6613,-7.5,-0.00075,11.6600,-7.5,-0.00075,11.6587,-5.0,-0.00050,11.6600,-5.0,-0.00050,11.6625,-5.0,-0.00050,11.6637,-7.5,-0.00075,71.23
5,786216,1,0,58.94,1779.9,1665.2,1967.1,0.0,4.6912,2900.0,2.90000,11.6525,1010.0,1.01000,11.6562,1237.5,0.03750,5.0800,702.5,0.07025,11.6450,3767.5,0.37675,11.6438,4747.5,0.47475,11.6512,1137.5,0.11375,11.6537,-5.0,-0.00050,11.6550,-7.5,-0.00075,11.6512,-7.5,-0.00075,11.6525,-5.0,-0.00050,11.6512,-5.0,-0.00050,11.6525,-5.0,-0.00050,11.6537,-7.5,-0.00075,71.56
5,786748,1,0,59.38,1883.1,2049.0,1674.2,0.0,4.6925,2887.5,2.88750,11.6587,1005.0,1.00500,11.6600,1240.0,0.03758,5.0812,702.5,0.07025,11.6512,3735.0,0.37350,11.6487,4715.0,0.47150,11.6550,1145.0,0.11450,11.6562,-5.0,-0.00050,11.6575,-7.5,-0.00075,11.6550,-7.5,-0.00075,11.6550,-5.0,-0.00050,11.6562,-5.0,-0.00050,11.6575,-5.0,-0.00050,11.6575,-7.5,-0.00075,72.11
5,787084,1,0,59.66,1574.6,1777.5,1731.6,0.0,4.6875,2935.0,2.93500,11.6500,1020.0,1.02000,11.6525,1235.0,0.03742,5.0812,702.5,0.07025,11.6425,3787.5,0.37875,11.6388,4802.5,0.48025,11.6462,1160.0,0.11600,11.6475,-5.0,-0.00050,11.6500,-7.5,-0.00075,11.6462,-7.5,-0.00075,11.6475,-5.0,-0.00050,11.6475,-5.0,-0.00050,11.6487,-5.0,-0.00050,11.6500,-7.5,-0.00075,72.44
5,787420,1,0,59.94,1685.7,1911.8,1680.3,0.0,4.6875,2937.5,2.93750,11.6512,1017.5,1.01750,11.6525,1235.0,0.03742,5.0812,702.5,0.07025,11.6438,3762.5,0.37625,11.6400,4805.0,0.48050,11.6475,1170.0,0.11700,11.6487,-5.0,-0.00050,11.6500,-7.5,-0.00075,11.6475,-7.5,-0.00075,11.6487,-5.0,-0.00050,11.6500,-5.0,-0.00050,11.6500,-5.0,-0.00050,11.6512,-7.5,-0.00075,72.77
5,787756,1,0,60.22,1692.4,2031.1,1920.5,0.0,4.6825,2975.0,2.97500,11.6450,1032.5,1.03250,11.6462,1235.0,0.03742,5.0800,700.0,0.07000,11.6362,3812.5,0.38125,11.6325,4867.5,0.48675,11.6400,1200.0,0.12000,11.6425,-5.0,-0.00050,11.6438,-7.5,-0.00075,11.6400,-7.5,-0.00075,11.6412,-5.0,-0.00050,11.6425,-5.0,-0.00050,11.6438,-5.0,-0.00050,11.6438,-7.5,-0.00075,73.11
5,788282,1,0,60.66,1915.9,2118.0,1704.9,0.0,4.6737,3045.0,3.04500,11.6350,1055.0,1.05500,11.6375,1240.0,0.03758,5.0800,702.5,0.07025,11.6262,3892.5,0.38925,11.6225,4992.5,0.49925,11.6312,1190.0,0.11900,11.6325,-5.0,-0.00050,11.6337,-7.5,-0.00075,11.6300,-7.5,-0.00075,11.6312,-5.0,-0.00050,11.6312,-5.0,-0.00050,11.6325,-5.0,-0.00050,11.6337,-7.5,-0.00075,73.64
5,788628,1,0,60.66,2061.3,1936.9,1916.7,0.0,4.6737,3037.5,3.03750,11.6375,1052.5,1.05250,11.6400,1235.0,0.03742,5.0800,700.0,0.07000,11.6287,3905.0,0.39050,11.6262,4937.5,0.49375,11.6350,1202.5,0.12025,11.6362,-5.0,-0.00050,11.6375,-7.5,-0.00075,11.6337,-7.5,-0.00075,11.6362,-5.0,-0.00050,11.6350,-5.0,-0.00050,11.6362,-5.0,-0.00050,11.6375,-7.5,-0.00075,73.99
5,788985,1,0,60.35,1607.8,1764.5,1706.2,0.0,4.7000,2845.0,2.84500,11.6662,990.0,0.99000,11.6687,1235.0,0.03742,5.0812,700.0,0.07000,11.6587,3650.0,0.36500,11.6562,4662.5,0.46625,11.6650,1145.0,0.11450,11.6662,-5.0,-0.00050,11.6675,-7.5,-0.00075,11.6637,-7.5,-0.00075,11.6662,-5.0,-0.00050,11.6650,-5.0,-0.00050,11.6662,-5.0,-0.00050,11.6662,-7.5,-0.00075,74.33
5,789321,1,0,60.07,1722.6,1811.5,1712.0,0.0,4.7187,2697.5,2.69750,11.6850,940.0,0.94000,11.6862,1232.5,0.03735,5.0812,702.5,0.07025,11.6775,3500.0,0.35000,11.6737,4417.5,0.44175,11.6825,1092.5,0.10925,11.6838,-5.0,-0.00050,11.6850,-7.5,-0.00075,11.6812,-7.5,-0.00075,11.6838,-5.0,-0.00050,11.6850,-5.0,-0.00050,11.6850,-5.0,-0.00050,11.6862,-7.5,-0.00075,74.67
5,789881,1,0,59.61,1983.4,1910.5,2044.5,0.0,4.7400,2530.0,2.53000,11.7112,882.5,0.88250,11.7137,1227.5,0.03720,5.0812,702.5,0.07025,11.7050,3272.5,0.32725,11.7013,4140.0,0.41400,11.7075,1035.0,0.10350,11.7100,-5.0,-0.00050,11.7112,-7.5,-0.00075,11.7075,-7.5,-0.00075,11.7087,-5.0,-0.00050,11.7087,-5.0,-0.00050,11.7100,-5.0,-0.00050,11.7112,-7.5,-0.00075,75.23
5,790217,1,0,59.33,1587.3,1899.6,1794.4,0.0,4.7562,2405.0,2.40500,11.7275,842.5,0.84250,11.7287,1227.5,0.03720,5.0812,702.5,0.07025,11.7225,3110.0,0.31100,11.7188,3960.0,0.39600,11.7250,985.0,0.09850,11.7262,-5.0,-0.00050,11.7275,-7.5,-0.00075,11.7250,-7.5,-0.00075,11.7262,-5.0,-0.00050,11.7262,-5.0,-0.00050,11.7275,-5.0,-0.00050,11.7275,-7.5,-0.00075,75.56
5,790553,1,0,59.05,1680.5,2020.4,1678.4,0.0,4.7638,2347.5,2.34750,11.7350,820.0,0.82000,11.7362,1225.0,0.03712,5.0812,702.5,0.07025,11.7287,3007.5,0.30075,11.7250,3890.0,0.38900,11.7325,962.5,0.09625,11.7325,-5.0,-0.00050,11.7337,-7.5,-0.00075,11.7300,-7.5,-0.00075,11.7325,-5.0,-0.00050,11.7325,-5.0,-0.00050,11.7325,-5.0,-0.00050,11.7337,-7.5,-0.00075,75.91
5,790889,1,0,58.77,1727.1,2183.9,2121.7,0.0,4.7650,2330.0,2.33000,11.7350,817.5,0.81750,11.7375,1225.0,0.03712,5.0812,700.0,0.07000,11.7287,3007.5,0.30075,11.7262,3885.0,0.38850,11.7337,937.5,0.09375,11.7350,-5.0,-0.00050,11.7362,-7.5,-0.00075,11.7325,-7.5,-0.00075,11.7350,-5.0,-0.00050,11.7350,-5.0,-0.00050,11.7350,-5.0,-0.00050,11.7362,-7.5,-0.00075,76.24
5,791490,1,0,58.27,1775.4,1656.5,1546.1,0.0,4.7662,2322.5,2.32250,11.7375,815.0,0.81500,11.7400,1225.0,0.03712,5.0812,702.5,0.07025,11.7325,3010.0,0.30100,11.7300,3867.5,0.38675,11.7362,907.5,0.09075,11.7375,-5.0,-0.00050,11.7387,-7.5,-0.00075,11.7350,-7.5,-0.00075,11.7375,-5.0,-0.00050,11.7362,-5.0,-0.00050,11.7375,-5.0,-0.00050,11.7375,-7.5,-0.00075,76.84
5,791826,1,0,57.99,1707.2,1759.0,1977.1,0.0,4.7712,2285.0,2.28500,11.7425,802.5,0.80250,11.7437,1227.5,0.03720,5.0812,702.5,0.07025,11.7375,2945.0,0.29450,11.7337,3802.5,0.38025,11.7400,937.5,0.09375,11.7413,-5.0,-0.00050,11.7425,-7.5,-0.00075,11.7400,-7.5,-0.00075,11.7400,-5.0,-0.00050,11.7413,-5.0,-0.00050,11.7425,-5.0,-0.00050,11.7437,-7.5,-0.00075,77.17
5,792162,1,0,57.71,1539.8,1860.9,2077.7,0.0,4.7700,2297.5,2.29750,11.7400,805.0,0.80500,11.7425,1222.5,0.03705,5.0812,700.0,0.07000,11.7350,2942.5,0.29425,11.7312,3825.0,0.38250,11.7387,925.0,0.09250,11.7400,-5.0,-0.00050,11.7413,-7.5,-0.00075,11.7362,-7.5,-0.00075,11.7387,-5.0,-0.00050,11.7387,-5.0,-0.00050,11.7387,-5.0,-0.00050,11.7400,-7.5,-0.00075,77.51
5,792498,1,0,57.43,1641.9,1962.8,1525.0,0.0,4.7737,2267.5,2.26750,11.7450,795.0,0.79500,11.7475,1222.5,0.03705,5.0812,700.0,0.07000,11.7387,2917.5,0.29175,11.7362,3772.5,0.37725,11.7425,915.0,0.09150,11.7437,-5.0,-0.00050,11.7450,-7.5,-0.00075,11.7413,-7.5,-0.00075,11.7425,-5.0,-0.00050,11.7425,-5.0,-0.00050,11.7425,-5.0,-0.00050,11.7437,-7.5,-0.00075,77.85
5,792973,1,0,57.03,1739.9,1735.2,1732.8,0.0,4.7762,2250.0,2.25000,11.7475,790.0,0.79000,11.7487,1225.0,0.03712,5.0812,702.5,0.07025,11.7425,2920.0,0.29200,11.7400,3710.0,0.37100,11.7450,925.0,0.09250,11.7463,-5.0,-0.00050,11.7487,-7.5,-0.00075,11.7463,-7.5,-0.00075,11.7463,-5.0,-0.00050,11.7475,-5.0,-0.00050,11.7487,-5.0,-0.00050,11.7500,-7.5,-0.00075,78.33
5,793309,1,0,56.75,1840.2,1835.7,1619.4,0.0,4.7762,2242.5,2.24250,11.7463,787.5,0.78750,11.7487,1225.0,0.03712,5.0812,700.0,0.07000,11.7413,2912.5,0.29125,11.7387,3695.0,0.36950,11.7437,927.5,0.09275,11.7463,-5.0,-0.00050,11.7475,-7.5,-0.00075,11.7437,-7.5,-0.00075,11.7450,-5.0,-0.00050,11.7450,-5.0,-0.00050,11.7463,-5.0,-0.00050,11.7475,-7.5,-0.00075,78.68
5,793666,1,0,56.45,1833.5,1720.7,1739.1,0.0,4.7750,2250.0,2.25000,11.7437,790.0,0.79000,11.7463,1222.5,0.03705,5.0812,702.5,0.07025,11.7387,2925.0,0.29250,11.7362,3710.0,0.37100,11.7425,927.5,0.09275,11.7437,-5.0,-0.00050,11.7450,-7.5,-0.00075,11.7413,-7.5,-0.00075,11.7425,-5.0,-0.00050,11.7425,-5.0,-0.00050,11.7437,-5.0,-0.00050,11.7450,-7.5,-0.00075,79.01
5,794002,1,0,56.17,1505.7,1821.0,1502.8,0.0,4.7812,2210.0,2.21000,11.7500,775.0,0.77500,11.7525,1222.5,0.03705,5.0812,700.0,0.07000,11.7450,2892.5,0.28925,11.7425,3647.5,0.36475,11.7487,900.0,0.09000,11.7500,-5.0,-0.00050,11.7512,-7.5,-0.00075,11.7475,-7.5,-0.00075,11.7487,-5.0,-0.00050,11.7500,-5.0,-0.00050,11.7500,-5.0,-0.00050,11.7512,-7.5,-0.00075,79.35
5,794482,1,0,55.77,1606.0,1492.0,1608.5,0.0,4.7875,2160.0,2.16000,11.7575,757.5,0.75750,11.7587,1220.0,0.03697,5.0812,702.5,0.07025,11.7525,2800.0,0.28000,11.7500,3570.0,0.35700,11.7562,890.0,0.08900,11.7562,-5.0,-0.00050,11.7575,-7.5,-0.00075,11.7550,-7.5,-0.00075,11.7562,-5.0,-0.00050,11.7575,-5.0,-0.00050,11.7575,-5.0,-0.00050,11.7587,-7.5,-0.00075,79.83
5,794818,1,0,55.49,1813.7,1943.1,1698.9,0.0,4.7887,2145.0,2.14500,11.7575,752.5,0.75250,11.7587,1222.5,0.03705,5.0812,700.0,0.07000,11.7525,2762.5,0.27625,11.7487,3580.0,0.35800,11.7562,872.5,0.08725,11.7575,-5.0,-0.00050,11.7587,-7.5,-0.00075,11.7550,-7.5,-0.00075,11.7575,-5.0,-0.00050,11.7575,-5.0,-0.00050,11.7575,-5.0,-0.00050,11.7575,-7.5,-0.00075,80.17
5,795154,1,0,55.21,1653.0,1593.4,1691.7,0.0,4.7900,2137.5,2.13750,11.7587,750.0,0.75000,11.7612,1225.0,0.03712,5.0812,700.0,0.07000,11.7537,2755.0,0.27550,11.7500,3540.0,0.35400,11.7575,865.0,0.08650,11.7587,-5.0,-0.00050,11.7600,-7.5,-0.00075,11.7537,-7.5,-0.00075,11.7575,-5.0,-0.00050,11.7575,-5.0,-0.00050,11.7562,-5.0,-0.00050,11.7575,-7.5,-0.00075,80.51
5,795490,1,0,54.93,1935.5,1473.2,1700.8,0.0,4.7975,2080.0,2.08000,11.7675,727.5,0.72750,11.7712,1222.5,0.03705,5.0812,700.0,0.07000,11.7625,2662.5,0.26625,11.7600,3470.0,0.34700,11.7675,842.5,0.08425,11.7675,-5.0,-0.00050,11.7688,-7.5,-0.00075,11.7625,-7.5,-0.00075,11.7662,-5.0,-0.00050,11.7662,-5.0,-0.00050,11.7650,-5.0,-0.00050,11.7662,-7.5,-0.00075,80.84
5,795986,1,0,54.52,1695.4,1570.3,1951.9,0.0,4.7987,2067.5,2.06750,11.7688,730.0,0.73000,11.7688,1222.5,0.03705,5.0812,702.5,0.07025,11.7650,2682.5,0.26825,11.7638,3440.0,0.34400,11.7675,840.0,0.08400,11.7688,-5.0,-0.00050,11.7700,-7.5,-0.00075,11.7688,-7.5,-0.00075,11.7675,-5.0,-0.00050,11.7688,-5.0,-0.00050,11.7700,-5.0,-0.00050,11.7712,-7.5,-0.00075,81.33
5,796321,1,0,54.24,1569.0,1685.1,1979.6,0.0,4.8025,2045.0,2.04500,11.7712,717.5,0.71750,11.7737,1220.0,0.03697,5.0812,700.0,0.07000,11.7650,2642.5,0.26425,11.7625,3430.0,0.34300,11.7700,827.5,0.08275,11.7712,-5.0,-0.00050,11.7725,-7.5,-0.00075,11.7688,-7.5,-0.00075,11.7712,-5.0,-0.00050,11.7712,-5.0,-0.00050,11.7712,-5.0,-0.00050,11.7725,-7.5,-0.00075,81.68
5,796657,1,0,53.96,1683.6,1678.4,1786.8,0.0,4.8075,2000.0,2.00000,11.7787,700.0,0.70000,11.7800,1220.0,0.03697,5.0812,700.0,0.07000,11.7737,2585.0,0.25850,11.7712,3312.5,0.33125,11.7762,817.5,0.08175,11.7762,-5.0,-0.00050,11.7775,-7.5,-0.00075,11.7750,-7.5,-0.00075,11.7750,-5.0,-0.00050,11.7762,-5.0,-0.00050,11.7775,-5.0,-0.00050,11.7787,-7.5,-0.00075,82.01
5,796993,1,0,53.68,1675.7,1756.7,1779.0,0.0,4.8100,1982.5,1.98250,11.7787,695.0,0.69500,11.7800,1217.5,0.03689,5.0812,700.0,0.07000,11.7737,2577.5,0.25775,11.7700,3262.5,0.32625,11.7775,817.5,0.08175,11.7775,-5.0,-0.00050,11.7787,-7.5,-0.00075,11.7762,-7.5,-0.00075,11.7775,-5.0,-0.00050,11.7775,-5.0,-0.00050,11.7787,-5.0,-0.00050,11.7787,-7.5,-0.00075,82.35
5,797478,1,0,53.28,1884.6,2099.8,1548.0,0.0,4.8150,1940.0,1.94000,11.7863,680.0,0.68000,11.7875,1217.5,0.03689,5.0812,700.0,0.07000,11.7812,2522.5,0.25225,11.7787,3200.0,0.32000,11.7837,805.0,0.08050,11.7850,-5.0,-0.00050,11.7863,-7.5,-0.00075,11.7825,-7.5,-0.00075,11.7837,-5.0,-0.00050,11.7850,-5.0,-0.00050,11.7850,-5.0,-0.00050,11.7863,-7.5,-0.00075,82.83
5,797814,1,0,53.00,1544.3,1648.9,1651.3,0.0,4.8175,1922.5,1.92250,11.7850,675.0,0.67500,11.7863,1225.0,0.03712,5.0812,700.0,0.07000,11.7812,2502.5,0.25025,11.7787,3185.0,0.31850,11.7837,797.5,0.07975,11.7850,-5.0,-0.00050,11.7863,-7.5,-0.00075,11.7825,-7.5,-0.00075,11.7837,-5.0,-0.00050,11.7850,-5.0,-0.00050,11.7863,-5.0,-0.00050,11.7863,-7.5,-0.00075,83.19
5,798171,1,0,52.70,1646.0,1684.6,1752.7,0.0,4.8212,1895.0,1.89500,11.7900,665.0,0.66500,11.7900,1220.0,0.03697,5.0812,702.5,0.07025,11.7863,2457.5,0.24575,11.7825,3137.5,0.31375,11.7887,775.0,0.07750,11.7887,-5.0,-0.00050,11.7900,-7.5,-0.00075,11.7875,-7.5,-0.00075,11.7887,-5.0,-0.00050,11.7887,-5.0,-0.00050,11.7900,-5.0,-0.00050,11.7912,-7.5,-0.00075,83.53
5,798507,1,0,52.42,1419.5,1632.6,1633.6,0.0,4.8200,1900.0,1.90000,11.7863,667.5,0.66750,11.7875,1220.0,0.03697,5.0812,700.0,0.07000,11.7812,2465.0,0.24650,11.7800,3160.0,0.31600,11.7850,775.0,0.07750,11.7863,-5.0,-0.00050,11.7875,-7.5,-0.00075,11.7837,-7.5,-0.00075,11.7863,-5.0,-0.00050,11.7850,-5.0,-0.00050,11.7863,-5.0,-0.00050,11.7875,-7.5,-0.00075,83.86
5,798997,1,0,52.01,1411.3,1731.5,1730.4,0.0,4.8225,1890.0,1.89000,11.7887,667.5,0.66750,11.7912,1220.0,0.03697,5.0812,702.5,0.07025,11.7850,2450.0,0.24500,11.7837,3145.0,0.31450,11.7887,770.0,0.07700,11.7900,-5.0,-0.00050,11.7912,-7.5,-0.00075,11.7875,-7.5,-0.00075,11.7900,-5.0,-0.00050,11.7887,-5.0,-0.00050,11.7900,-5.0,-0.00050,11.7912,-7.5,-0.00075,84.35
5,799332,1,0,51.73,2024.4,1634.4,1506.3,0.0,4.8225,1890.0,1.89000,11.7887,662.5,0.66250,11.7900,1220.0,0.03697,5.0812,700.0,0.07000,11.7850,2452.5,0.24525,11.7812,3127.5,0.31275,11.7875,757.5,0.07575,11.7875,-5.0,-0.00050,11.7875,-7.5,-0.00075,11.7850,-7.5,-0.00075,11.7863,-5.0,-0.00050,11.7863,-5.0,-0.00050,11.7875,-5.0,-0.00050,11.7887,-7.5,-0.00075,84.69
5,799668,1,0,51.45,1509.1,1717.9,1931.2,0.0,4.8263,1852.5,1.85250,11.7937,650.0,0.65000,11.7962,1217.5,0.03689,5.0812,700.0,0.07000,11.7900,2407.5,0.24075,11.7875,3092.5,0.30925,11.7937,755.0,0.07550,11.7937,-5.0,-0.00050,11.7950,-7.5,-0.00075,11.7912,-7.5,-0.00075,11.7925,-5.0,-0.00050,11.7937,-5.0,-0.00050,11.7937,-5.0,-0.00050,11.7950,-7.5,-0.00075,85.02
5,800004,1,0,51.17,1502.6,1817.2,1601.8,0.0,4.8287,1832.5,1.83250,11.7962,642.5,0.64250,11.7975,1215.0,0.03682,5.0812,700.0,0.07000,11.7912,2365.0,0.23650,11.7887,3045.0,0.30450,11.7950,757.5,0.07575,11.7962,-5.0,-0.00050,11.7975,-7.5,-0.00075,11.7925,-7.5,-0.00075,11.7950,-5.0,-0.00050,11.7950,-5.0,-0.00050,11.7962,-5.0,-0.00050,11.7962,-7.5,-0.00075,85.36
5,800514,1,0,50.75,1386.5,1841.0,1725.7,0.0,4.8337,1792.5,1.79250,11.8025,627.5,0.62750,11.8038,1217.5,0.03689,5.0812,700.0,0.07000,11.7987,2312.5,0.23125,11.7962,2962.5,0.29625,11.8025,735.0,0.07350,11.8038,-5.0,-0.00050,11.8050,-7.5,-0.00075,11.8000,-7.5,-0.00075,11.8025,-5.0,-0.00050,11.8025,-7.5,-0.00075,11.8025,-5.0,-0.00050,11.8038,-7.5,-0.00075,85.87
5,800850,1,0,50.47,1484.6,1716.9,1584.5,0.0,4.8387,1757.5,1.75750,11.8062,615.0,0.61500,11.8062,1217.5,0.03689,5.0812,700.0,0.07000,11.8038,2277.5,0.22775,11.7987,2907.5,0.29075,11.8050,730.0,0.07300,11.8062,-5.0,-0.00050,11.8062,-7.5,-0.00075,11.8050,-7.5,-0.00075,11.8050,-5.0,-0.00050,11.8062,-5.0,-0.00050,11.8075,-5.0,-0.00050,11.8088,-7.5,-0.00075,86.20
5,801186,1,0,50.19,1534.5,1787.2,1708.1,0.0,4.8437,1717.5,1.71750,11.8100,605.0,0.60500,11.8125,1217.5,0.03689,5.0812,700.0,0.07000,11.8075,2217.5,0.22175,11.8050,2860.0,0.28600,11.8088,715.0,0.07150,11.8112,-5.0,-0.00050,11.8125,-7.5,-0.00075,11.8088,-7.5,-0.00075,11.8100,-5.0,-0.00050,11.8100,-5.0,-0.00050,11.8112,-5.0,-0.00050,11.8125,-7.5,-0.00075,86.54
5,801522,1,0,49.91,1418.4,1522.5,1472.7,0.0,4.8425,1732.5,1.73250,11.8100,605.0,0.60500,11.8112,1212.5,0.03674,5.0812,700.0,0.07000,11.8075,2217.5,0.22175,11.8038,2857.5,0.28575,11.8100,717.5,0.07175,11.8100,-5.0,-0.00050,11.8100,-7.5,-0.00075,11.8075,-7.5,-0.00075,11.8075,-5.0,-0.00050,11.8088,-5.0,-0.00050,11.8088,-5.0,-0.00050,11.8100,-7.5,-0.00075,86.87
5,802027,1,0,49.48,1469.8,1463.5,1690.7,0.0,4.8450,1712.5,1.71250,11.8125,602.5,0.60250,11.8137,1215.0,0.03682,5.0812,700.0,0.07000,11.8088,2205.0,0.22050,11.8075,2830.0,0.28300,11.8112,722.5,0.07225,11.8137,-5.0,-0.00050,11.8150,-7.5,-0.00075,11.8112,-7.5,-0.00075,11.8137,-5.0,-0.00050,11.8125,-5.0,-0.00050,11.8137,-5.0,-0.00050,11.8150,-7.5,-0.00075,87.38
5,802363,1,0,49.20,1464.9,1613.7,1346.6,0.0,4.8463,1697.5,1.69750,11.8137,595.0,0.59500,11.8150,1215.0,0.03682,5.0812,700.0,0.07000,11.8100,2205.0,0.22050,11.8088,2782.5,0.27825,11.8125,700.0,0.07000,11.8137,-5.0,-0.00050,11.8150,-7.5,-0.00075,11.8112,-7.5,-0.00075,11.8125,-5.0,-0.00050,11.8125,-5.0,-0.00050,11.8125,-5.0,-0.00050,11.8137,-7.5,-0.00075,87.73
5,802720,1,0,48.91,1570.6,1673.1,1451.1,0.0,4.8525,1650.0,1.65000,11.8212,577.5,0.57750,11.8237,1215.0,0.03682,5.0812,700.0,0.07000,11.8187,2127.5,0.21275,11.8162,2705.0,0.27050,11.8212,690.0,0.06900,11.8212,-5.0,-0.00050,11.8225,-7.5,-0.00075,11.8187,-7.5,-0.00075,11.8200,-5.0,-0.00050,11.8200,-5.0,-0.00050,11.8212,-5.0,-0.00050,11.8225,-7.5,-0.00075,88.07
5,803056,1,0,48.63,1561.2,1664.6,1554.9,0.0,4.8575,1610.0,1.61000,11.8263,562.5,0.56250,11.8287,1212.5,0.03674,5.0812,700.0,0.07000,11.8237,2072.5,0.20725,11.8212,2637.5,0.26375,11.8263,670.0,0.06700,11.8275,-5.0,-0.00050,11.8287,-7.5,-0.00075,11.8250,-7.5,-0.00075,11.8263,-5.0,-0.00050,11.8263,-5.0,-0.00050,11.8263,-5.0,-0.00050,11.8275,-7.5,-0.00075,88.40
5,803585,1,0,48.19,1436.0,1431.9,1442.7,0.0,4.8562,1622.5,1.62250,11.8237,567.5,0.56750,11.8263,1215.0,0.03682,5.0812,700.0,0.07000,11.8212,2092.5,0.20925,11.8187,2665.0,0.26650,11.8237,670.0,0.06700,11.8250,-5.0,-0.00050,11.8263,-7.5,-0.00075,11.8212,-7.5,-0.00075,11.8225,-5.0,-0.00050,11.8237,-5.0,-0.00050,11.8237,-5.0,-0.00050,11.8237,-7.5,-0.00075,88.94
5,803921,1,0,47.91,1372.1,1425.3,1426.1,0.0,4.8612,1580.0,1.58000,11.8300,552.5,0.55250,11.8313,1215.0,0.03682,5.0812,700.0,0.07000,11.8275,2032.5,0.20325,11.8250,2600.0,0.26000,11.8300,670.0,0.06700,11.8300,-5.0,-0.00050,11.8313,-7.5,-0.00075,11.8287,-7.5,-0.00075,11.8300,-5.0,-0.00050,11.8300,-5.0,-0.00050,11.8313,-5.0,-0.00050,11.8325,-7.5,-0.00075,89.28
5,804257,1,0,47.63,1312.8,1480.0,1528.6,0.0,4.8625,1575.0,1.57500,11.8300,547.5,0.54750,11.8325,1215.0,0.03682,5.0812,700.0,0.07000,11.8275,2017.5,0.20175,11.8237,2600.0,0.26000,11.8300,655.0,0.06550,11.8300,-5.0,-0.00050,11.8313,-7.5,-0.00075,11.8275,-7.5,-0.00075,11.8287,-5.0,-0.00050,11.8287,-5.0,-0.00050,11.8287,-5.0,-0.00050,11.8300,-7.5,-0.00075,89.60
5,804593,1,0,47.35,1416.0,1667.4,1778.6,0.0,4.8625,1570.0,1.57000,11.8300,550.0,0.55000,11.8313,1212.5,0.03674,5.0812,700.0,0.07000,11.8263,2027.5,0.20275,11.8250,2600.0,0.26000,11.8287,640.0,0.06400,11.8300,-5.0,-0.00050,11.8313,-7.5,-0.00075,11.8275,-7.5,-0.00075,11.8287,-5.0,-0.00050,11.8287,-5.0,-0.00050,11.8300,-5.0,-0.00050,11.8313,-7.5,-0.00075,89.95
5,805115,1,0,46.91,1352.1,1294.9,1833.8,0.0,4.8650,1555.0,1.55500,11.8325,542.5,0.54250,11.8337,1215.0,0.03682,5.0812,700.0,0.07000,11.8300,2005.0,0.20050,11.8275,2557.5,0.25575,11.8325,642.5,0.06425,11.8325,-5.0,-0.00050,11.8337,-7.5,-0.00075,11.8313,-7.5,-0.00075,11.8325,-5.0,-0.00050,11.8325,-5.0,-0.00050,11.8325,-5.0,-0.00050,11.8337,-7.5,-0.00075,90.47
5,805451,1,0,46.63,1449.5,1503.7,1521.0,0.0,4.8688,1522.5,1.52250,11.8375,532.5,0.53250,11.8387,1215.0,0.03682,5.0812,700.0,0.07000,11.8337,1982.5,0.19825,11.8313,2500.0,0.25000,11.8375,620.0,0.06200,11.8375,-5.0,-0.00050,11.8387,-7.5,-0.00075,11.8350,-7.5,-0.00075,11.8375,-5.0,-0.00050,11.8375,-5.0,-0.00050,11.8375,-5.0,-0.00050,11.8387,-7.5,-0.00075,90.81
5,805787,1,0,46.35,1648.1,1515.4,1600.1,0.0,4.8712,1497.5,1.49750,11.8400,522.5,0.52250,11.8412,1210.0,0.03667,5.0812,700.0,0.07000,11.8375,1962.5,0.19625,11.8337,2452.5,0.24525,11.8400,610.0,0.06100,11.8400,-5.0,-0.00050,11.8412,-7.5,-0.00075,11.8387,-7.5,-0.00075,11.8387,-5.0,-0.00050,11.8400,-5.0,-0.00050,11.8412,-5.0,-0.00050,11.8425,-7.5,-0.00075,91.14
5,806123,1,0,46.07,1282.0,1594.2,1329.2,0.0,4.8787,1447.5,1.44750,11.8488,505.0,0.50500,11.8500,1210.0,0.03667,5.0812,700.0,0.07000,11.8462,1885.0,0.18850,11.8450,2335.0,0.23350,11.8475,607.5,0.06075,11.8488,-5.0,-0.00050,11.8500,-7.5,-0.00075,11.8462,-7.5,-0.00075,11.8488,-5.0,-0.00050,11.8475,-5.0,-0.00050,11.8475,-5.0,-0.00050,11.8488,-7.5,-0.00075,91.47
5,806638,1,0,45.64,1693.9,1429.9,1684.6,0.0,4.8775,1455.0,1.45500,11.8488,505.0,0.50500,11.8512,1212.5,0.03674,5.0812,700.0,0.07000,11.8462,1897.5,0.18975,11.8425,2372.5,0.23725,11.8500,585.0,0.05850,11.8500,-5.0,-0.00050,11.8512,-7.5,-0.00075,11.8475,-7.5,-0.00075,11.8475,-5.0,-0.00050,11.8488,-5.0,-0.00050,11.8500,-5.0,-0.00050,11.8500,-7.5,-0.00075,91.99
5,806974,1,0,45.36,1377.5,1363.9,1370.9,0.0,4.8812,1422.5,1.42250,11.8537,492.5,0.49250,11.8562,1210.0,0.03667,5.0812,700.0,0.07000,11.8500,1847.5,0.18475,11.8475,2315.0,0.23150,11.8537,587.5,0.05875,11.8537,-5.0,-0.00050,11.8550,-7.5,-0.00075,11.8500,-7.5,-0.00075,11.8525,-5.0,-0.00050,11.8525,-5.0,-0.00050,11.8525,-5.0,-0.00050,11.8537,-7.5,-0.00075,92.33
5,807331,1,0,45.06,1254.6,1708.2,1631.2,0.0,4.8812,1422.5,1.42250,11.8537,490.0,0.49000,11.8550,1210.0,0.03667,5.0812,700.0,0.07000,11.8512,1825.0,0.18250,11.8475,2325.0,0.23250,11.8537,592.5,0.05925,11.8537,-5.0,-0.00050,11.8537,-7.5,-0.00075,11.8500,-7.5,-0.00075,11.8512,-5.0,-0.00050,11.8525,-5.0,-0.00050,11.8525,-5.0,-0.00050,11.8537,-7.5,-0.00075,92.69
5,807667,1,0,44.78,1588.9,1473.1,1585.8,0.0,4.8850,1395.0,1.39500,11.8587,482.5,0.48250,11.8600,1212.5,0.03674,5.0812,700.0,0.07000,11.8550,1777.5,0.17775,11.8512,2295.0,0.22950,11.8575,575.0,0.05750,11.8575,-5.0,-0.00050,11.8587,-7.5,-0.00075,11.8550,-7.5,-0.00075,11.8550,-5.0,-0.00050,11.8562,-5.0,-0.00050,11.8575,-5.0,-0.00050,11.8575,-7.5,-0.00075,93.01
5,808250,1,0,44.30,1352.0,1461.1,1684.8,0.0,4.8875,1380.0,1.38000,11.8600,480.0,0.48000,11.8612,1207.5,0.03659,5.0812,700.0,0.07000,11.8575,1782.5,0.17825,11.8550,2272.5,0.22725,11.8600,572.5,0.05725,11.8612,-5.0,-0.00050,11.8612,-7.5,-0.00075,11.8587,-7.5,-0.00075,11.8600,-5.0,-0.00050,11.8612,-5.0,-0.00050,11.8612,-5.0,-0.00050,11.8625,-7.5,-0.00075,93.60
5,808585,1,0,44.02,1458.5,1565.6,1452.3,0.0,4.8888,1370.0,1.37000,11.8600,475.0,0.47500,11.8612,1210.0,0.03667,5.0812,700.0,0.07000,11.8575,1757.5,0.17575,11.8550,2242.5,0.22425,11.8600,562.5,0.05625,11.8600,-5.0,-0.00050,11.8612,-7.5,-0.00075,11.8575,-7.5,-0.00075,11.8587,-5.0,-0.00050,11.8587,-5.0,-0.00050,11.8600,-5.0,-0.00050,11.8600,-7.5,-0.00075,93.94
5,808921,1,0,43.74,1340.8,1558.1,1274.6,0.0,4.8937,1330.0,1.33000,11.8663,462.5,0.46250,11.8675,1207.5,0.03659,5.0812,700.0,0.07000,11.8650,1702.5,0.17025,11.8625,2177.5,0.21775,11.8663,557.5,0.05575,11.8675,-5.0,-0.00050,11.8675,-7.5,-0.00075,11.8650,-7.5,-0.00075,11.8663,-5.0,-0.00050,11.8663,-5.0,-0.00050,11.8675,-5.0,-0.00050,11.8675,-7.5,-0.00075,94.28
5,809257,1,0,43.46,1333.1,1659.4,1325.9,0.0,4.8937,1322.5,1.32250,11.8663,457.5,0.45750,11.8675,1207.5,0.03659,5.0812,700.0,0.07000,11.8650,1695.0,0.16950,11.8625,2152.5,0.21525,11.8675,550.0,0.05500,11.8675,-5.0,-0.00050,11.8687,-7.5,-0.00075,11.8650,-7.5,-0.00075,11.8663,-5.0,-0.00050,11.8663,-5.0,-0.00050,11.8663,-5.0,-0.00050,11.8675,-7.5,-0.00075,94.61
5,809774,1,0,43.03,1211.8,1206.7,1425.8,0.0,4.8975,1302.5,1.30250,11.8687,452.5,0.45250,11.8700,1212.5,0.03674,5.0812,700.0,0.07000,11.8675,1667.5,0.16675,11.8650,2112.5,0.21125,11.8700,555.0,0.05550,11.8700,-5.0,-0.00050,11.8713,-7.5,-0.00075,11.8687,-7.5,-0.00075,11.8687,-5.0,-0.00050,11.8700,-5.0,-0.00050,11.8700,-5.0,-0.00050,11.8713,-7.5,-0.00075,95.13
5,810110,1,0,42.75,1533.1,1309.5,1309.6,0.0,4.8975,1297.5,1.29750,11.8687,450.0,0.45000,11.8700,1207.5,0.03659,5.0812,700.0,0.07000,11.8675,1652.5,0.16525,11.8637,2117.5,0.21175,11.8687,552.5,0.05525,11.8687,-5.0,-0.00050,11.8700,-7.5,-0.00075,11.8675,-7.5,-0.00075,11.8687,-5.0,-0.00050,11.8687,-5.0,-0.00050,11.8687,-5.0,-0.00050,11.8700,-7.5,-0.00075,95.47
5,810446,1,0,42.47,1198.3,1432.6,1432.5,0.0,4.9012,1267.5,1.26750,11.8737,440.0,0.44000,11.8750,1207.5,0.03659,5.0812,700.0,0.07000,11.8725,1637.5,0.16375,11.8700,2055.0,0.20550,11.8737,530.0,0.05300,11.8750,-5.0,-0.00050,11.8750,-7.5,-0.00075,11.8725,-7.5,-0.00075,11.8737,-5.0,-0.00050,11.8737,-5.0,-0.00050,11.8737,-5.0,-0.00050,11.8750,-7.5,-0.00075,95.80
5,810782,1,0,42.19,1191.5,1186.7,1294.9,0.0,4.9012,1270.0,1.27000,11.8725,440.0,0.44000,11.8737,1207.5,0.03659,5.0812,700.0,0.07000,11.8700,1637.5,0.16375,11.8675,2052.5,0.20525,11.8725,532.5,0.05325,11.8737,-5.0,-0.00050,11.8737,-7.5,-0.00075,11.8700,-7.5,-0.00075,11.8725,-5.0,-0.00050,11.8725,-5.0,-0.00050,11.8725,-5.0,-0.00050,11.8737,-7.5,-0.00075,96.14
5,811293,1,0,41.76,1397.4,1285.7,1178.9,0.0,4.9037,1247.5,1.24750,11.8775,430.0,0.43000,11.8787,1207.5,0.03659,5.0812,700.0,0.07000,11.8762,1600.0,0.16000,11.8737,2007.5,0.20075,11.8775,512.5,0.05125,11.8787,-5.0,-0.00050,11.8800,-7.5,-0.00075,11.8762,-7.5,-0.00075,11.8775,-5.0,-0.00050,11.8775,-5.0,-0.00050,11.8775,-5.0,-0.00050,11.8787,-7.5,-0.00075,96.65
5,811629,1,0,41.48,1283.1,1386.3,1171.5,0.0,4.9050,1242.5,1.24250,11.8762,430.0,0.43000,11.8762,1210.0,0.03667,5.0812,700.0,0.07000,11.8750,1595.0,0.15950,11.8713,2042.5,0.20425,11.8750,505.0,0.05050,11.8750,-5.0,-0.00050,11.8762,-7.5,-0.00075,11.8737,-7.5,-0.00075,11.8750,-5.0,-0.00050,11.8750,-5.0,-0.00050,11.8750,-5.0,-0.00050,11.8762,-7.5,-0.00075,96.99
5,811986,1,0,41.19,1489.0,1485.3,1329.3,0.0,4.9075,1217.5,1.21750,11.8800,420.0,0.42000,11.8812,1205.0,0.03652,5.0812,700.0,0.07000,11.8775,1552.5,0.15525,11.8762,1975.0,0.19750,11.8800,497.5,0.04975,11.8800,-5.0,-0.00050,11.8812,-7.5,-0.00075,11.8775,-7.5,-0.00075,11.8787,-5.0,-0.00050,11.8787,-5.0,-0.00050,11.8787,-5.0,-0.00050,11.8800,-7.5,-0.00075,97.33
5,812322,1,0,40.91,1163.8,1160.2,1434.6,0.0,4.9075,1215.0,1.21500,11.8787,417.5,0.41750,11.8800,1210.0,0.03667,5.0812,700.0,0.07000,11.8775,1547.5,0.15475,11.8750,1975.0,0.19750,11.8787,497.5,0.04975,11.8800,-5.0,-0.00050,11.8800,-7.5,-0.00075,11.8762,-7.5,-0.00075,11.8787,-5.0,-0.00050,11.8787,-5.0,-0.00050,11.8787,-5.0,-0.00050,11.8800,-7.5,-0.00075,97.67
5,812835,1,0,40.48,1270.5,1381.3,1464.2,0.0,4.9113,1195.0,1.19500,11.8825,412.5,0.41250,11.8837,1207.5,0.03659,5.0812,700.0,0.07000,11.8812,1517.5,0.15175,11.8787,1942.5,0.19425,11.8837,507.5,0.05075,11.8837,-5.0,-0.00050,11.8850,-7.5,-0.00075,11.8825,-7.5,-0.00075,11.8825,-5.0,-0.00050,11.8837,-5.0,-0.00050,11.8837,-5.0,-0.00050,11.8850,-7.5,-0.00075,98.18
5,813170,1,0,40.20,1263.0,1372.4,1144.3,0.0,4.9113,1187.5,1.18750,11.8825,407.5,0.40750,11.8837,1210.0,0.03667,5.0812,700.0,0.07000,11.8800,1505.0,0.15050,11.8787,1927.5,0.19275,11.8825,492.5,0.04925,11.8825,-5.0,-0.00050,11.8837,-7.5,-0.00075,11.8800,-7.5,-0.00075,11.8825,-5.0,-0.00050,11.8825,-5.0,-0.00050,11.8825,-5.0,-0.00050,11.8837,-7.5,-0.00075,98.52
5,813506,1,0,39.92,1413.3,1515.5,1137.9,0.0,4.9150,1162.5,1.16250,11.8875,400.0,0.40000,11.8875,1205.0,0.03652,5.0812,700.0,0.07000,11.8862,1480.0,0.14800,11.8825,1887.5,0.18875,11.8875,480.0,0.04800,11.8875,-5.0,-0.00050,11.8888,-7.5,-0.00075,11.8850,-7.5,-0.00075,11.8862,-5.0,-0.00050,11.8862,-5.0,-0.00050,11.8862,-5.0,-0.00050,11.8875,-7.5,-0.00075,98.85
5,813842,1,0,39.64,1248.1,1469.3,1244.4,0.0,4.9137,1167.5,1.16750,11.8837,402.5,0.40250,11.8850,1202.5,0.03644,5.0812,700.0,0.07000,11.8825,1482.5,0.14825,11.8800,1890.0,0.18900,11.8837,482.5,0.04825,11.8850,-5.0,-0.00050,11.8862,-7.5,-0.00075,11.8825,-7.5,-0.00075,11.8837,-5.0,-0.00050,11.8837,-5.0,-0.00050,11.8850,-5.0,-0.00050,11.8850,-7.5,-0.00075,99.19
5,814368,1,0,39.20,1126.7,1234.6,1373.4,0.0,4.9175,1142.5,1.14250,11.8888,392.5,0.39250,11.8900,1205.0,0.03652,5.0812,700.0,0.07000,11.8875,1447.5,0.14475,11.8850,1862.5,0.18625,11.8888,475.0,0.04750,11.8900,-5.0,-0.00050,11.8912,-7.5,-0.00075,11.8875,-7.5,-0.00075,11.8888,-5.0,-0.00050,11.8888,-7.5,-0.00075,11.8888,-5.0,-0.00050,11.8900,-7.5,-0.00075,99.72
5,814704,1,0,38.92,1345.2,1340.2,1228.4,0.0,4.9200,1125.0,1.12500,11.8900,385.0,0.38500,11.8912,1205.0,0.03652,5.0812,700.0,0.07000,11.8888,1437.5,0.14375,11.8875,1822.5,0.18225,11.8900,455.0,0.04550,11.8912,-5.0,-0.00050,11.8925,-7.5,-0.00075,11.8875,-7.5,-0.00075,11.8900,-5.0,-0.00050,11.8900,-5.0,-0.00050,11.8900,-5.0,-0.00050,11.8900,-7.5,-0.00075,100.06
5,815040,1,0,38.64,1226.3,1375.4,1284.9,0.0,4.9237,1090.0,1.09000,11.8962,370.0,0.37000,11.8975,1202.5,0.03644,5.0812,700.0,0.07000,11.8950,1382.5,0.13825,11.8925,1750.0,0.17500,11.8962,450.0,0.04500,11.8962,-5.0,-0.00050,11.8975,-7.5,-0.00075,11.8938,-7.5,-0.00075,11.8962,-5.0,-0.00050,11.8962,-5.0,-0.00050,11.8962,-5.0,-0.00050,11.8975,-7.5,-0.00075,100.39
5,815376,1,0,38.36,1218.7,1434.1,1541.9,0.0,4.9275,1065.0,1.06500,11.9000,362.5,0.36250,11.9012,1205.0,0.03652,5.0812,700.0,0.07000,11.8987,1355.0,0.13550,11.8962,1692.5,0.16925,11.9012,432.5,0.04325,11.9012,-5.0,-0.00050,11.9025,-7.5,-0.00075,11.8987,-7.5,-0.00075,11.9000,-5.0,-0.00050,11.9000,-5.0,-0.00050,11.9000,-5.0,-0.00050,11.9012,-7.5,-0.00075,100.73
5,815977,1,0,37.86,1205.1,1334.2,1308.5,0.0,4.9275,1062.5,1.06250,11.8987,362.5,0.36250,11.9000,1207.5,0.03659,5.0812,700.0,0.07000,11.8975,1347.5,0.13475,11.8950,1695.0,0.16950,11.9000,442.5,0.04425,11.9000,-5.0,-0.00050,11.9012,-7.5,-0.00075,11.8975,-7.5,-0.00075,11.8987,-5.0,-0.00050,11.8987,-5.0,-0.00050,11.8987,-5.0,-0.00050,11.9000,-7.5,-0.00075,101.32
5,816312,1,0,37.58,1489.3,1193.7,1084.1,0.0,4.9300,1045.0,1.04500,11.9000,355.0,0.35500,11.9012,1205.0,0.03652,5.0812,700.0,0.07000,11.8987,1327.5,0.13275,11.8962,1665.0,0.16650,11.9000,432.5,0.04325,11.9012,-5.0,-0.00050,11.9025,-7.5,-0.00075,11.8987,-7.5,-0.00075,11.9000,-5.0,-0.00050,11.9000,-5.0,-0.00050,11.9000,-5.0,-0.00050,11.9012,-7.5,-0.00075,101.68
5,816669,1,0,37.28,1441.5,1317.9,1184.5,0.0,4.9288,1047.5,1.04750,11.8987,357.5,0.35750,11.9000,1205.0,0.03652,5.0812,700.0,0.07000,11.8987,1330.0,0.13300,11.8962,1670.0,0.16700,11.9000,425.0,0.04250,11.9000,-5.0,-0.00050,11.9012,-7.5,-0.00075,11.8975,-7.5,-0.00075,11.9000,-5.0,-0.00050,11.8987,-5.0,-0.00050,11.9000,-5.0,-0.00050,11.9000,-7.5,-0.00075,102.02
5,817005,1,0,37.00,1245.1,1429.5,1176.6,0.0,4.9300,1037.5,1.03750,11.9000,352.5,0.35250,11.9012,1205.0,0.03652,5.0812,700.0,0.07000,11.9000,1315.0,0.13150,11.8975,1650.0,0.16500,11.9012,427.5,0.04275,11.9012,-5.0,-0.00050,11.9025,-7.5,-0.00075,11.8987,-7.5,-0.00075,11.9012,-5.0,-0.00050,11.9000,-5.0,-0.00050,11.9012,-5.0,-0.00050,11.9025,-7.5,-0.00075,102.35
5,817486,1,0,36.60,1236.3,1276.5,1273.2,0.0,4.9325,1027.5,1.02750,11.9025,350.0,0.35000,11.9037,1205.0,0.03652,5.0812,700.0,0.07000,11.9025,1307.5,0.13075,11.8987,1630.0,0.16300,11.9037,420.0,0.04200,11.9025,-5.0,-0.00050,11.9037,-7.5,-0.00075,11.9012,-7.5,-0.00075,11.9025,-5.0,-0.00050,11.9025,-5.0,-0.00050,11.9025,-5.0,-0.00050,11.9037,-7.5,-0.00075,102.83
5,817822,1,0,36.32,1342.1,1175.8,1171.4,0.0,4.9337,1010.0,1.01000,11.9050,340.0,0.34000,11.9063,1202.5,0.03644,5.0812,700.0,0.07000,11.9037,1280.0,0.12800,11.9025,1605.0,0.16050,11.9050,417.5,0.04175,11.9063,-5.0,-0.00050,11.9075,-7.5,-0.00075,11.9037,-7.5,-0.00075,11.9050,-5.0,-0.00050,11.9050,-5.0,-0.00050,11.9050,-5.0,-0.00050,11.9063,-7.5,-0.00075,103.17
5,818158,1,0,36.04,1291.0,1551.7,1048.4,0.0,4.9337,1012.5,1.01250,11.9037,342.5,0.34250,11.9050,1205.0,0.03652,5.0812,700.0,0.07000,11.9037,1280.0,0.12800,11.9012,1617.5,0.16175,11.9050,412.5,0.04125,11.9050,-5.0,-0.00050,11.9063,-7.5,-0.00075,11.9037,-7.5,-0.00075,11.9050,-5.0,-0.00050,11.9050,-5.0,-0.00050,11.9050,-5.0,-0.00050,11.9063,-7.5,-0.00075,103.51
5,818494,1,0,35.76,1166.4,1322.1,1043.0,0.0,4.9375,980.0,0.98000,11.9113,330.0,0.33000,11.9125,1202.5,0.03644,5.0812,700.0,0.07000,11.9100,1230.0,0.12300,11.9075,1542.5,0.15425,11.9113,412.5,0.04125,11.9113,-5.0,-0.00050,11.9125,-7.5,-0.00075,11.9087,-7.5,-0.00075,11.9113,-5.0,-0.00050,11.9113,-5.0,-0.00050,11.9113,-5.0,-0.00050,11.9125,-7.5,-0.00075,103.84
5,818992,1,0,35.35,1039.9,1267.8,1265.4,0.0,4.9375,980.0,0.98000,11.9087,332.5,0.33250,11.9113,1202.5,0.03644,5.0812,700.0,0.07000,11.9100,1237.5,0.12375,11.9075,1555.0,0.15550,11.9113,392.5,0.03925,11.9113,-5.0,-0.00050,11.9125,-7.5,-0.00075,11.9087,-7.5,-0.00075,11.9100,-5.0,-0.00050,11.9100,-5.0,-0.00050,11.9100,-5.0,-0.00050,11.9113,-7.5,-0.00075,104.34
5,819328,1,0,35.07,1148.5,1260.2,1029.1,0.0,4.9412,955.0,0.95500,11.9150,320.0,0.32000,11.9162,1200.0,0.03636,5.0812,700.0,0.07000,11.9150,1190.0,0.11900,11.9113,1510.0,0.15100,11.9150,390.0,0.03900,11.9150,-5.0,-0.00050,11.9162,-7.5,-0.00075,11.9137,-7.5,-0.00075,11.9137,-5.0,-0.00050,11.9137,-5.0,-0.00050,11.9137,-5.0,-0.00050,11.9150,-7.5,-0.00075,104.67
5,819664,1,0,34.79,1027.1,1138.5,1023.8,0.0,4.9412,957.5,0.95750,11.9125,322.5,0.32250,11.9137,1205.0,0.03652,5.0812,700.0,0.07000,11.9125,1190.0,0.11900,11.9100,1517.5,0.15175,11.9137,392.5,0.03925,11.9137,-5.0,-0.00050,11.9150,-7.5,-0.00075,11.9113,-7.5,-0.00075,11.9125,-5.0,-0.00050,11.9125,-5.0,-0.00050,11.9125,-5.0,-0.00050,11.9137,-7.5,-0.00075,105.01
5,820000,1,0,34.51,1020.7,1177.9,1436.4,0.0,4.9425,937.5,0.93750,11.9150,315.0,0.31500,11.9162,1202.5,0.03644,5.0812,700.0,0.07000,11.9150,1170.0,0.11700,11.9125,1485.0,0.14850,11.9162,380.0,0.03800,11.9162,-5.0,-0.00050,11.9175,-7.5,-0.00075,11.9137,-7.5,-0.00075,11.9150,-5.0,-0.00050,11.9150,-5.0,-0.00050,11.9162,-5.0,-0.00050,11.9162,-7.5,-0.00075,105.35
5,820493,1,0,34.10,1349.5,1456.0,1008.6,0.0,4.9462,917.5,0.91750,11.9200,307.5,0.30750,11.9200,1202.5,0.03644,5.0812,700.0,0.07000,11.9187,1145.0,0.11450,11.9162,1455.0,0.14550,11.9200,367.5,0.03675,11.9200,-5.0,-0.00050,11.9212,-7.5,-0.00075,11.9187,-7.5,-0.00075,11.9200,-5.0,-0.00050,11.9200,-5.0,-0.00050,11.9200,-5.0,-0.00050,11.9212,-7.5,-0.00075,105.84
5,820829,1,0,33.82,1116.6,1060.0,1127.0,0.0,4.9462,910.0,0.91000,11.9200,305.0,0.30500,11.9200,1202.5,0.03644,5.0812,697.5,0.06975,11.9187,1125.0,0.11250,11.9162,1450.0,0.14500,11.9200,365.0,0.03650,11.9200,-5.0,-0.00050,11.9212,-7.5,-0.00075,11.9175,-7.5,-0.00075,11.9187,-5.0,-0.00050,11.9200,-5.0,-0.00050,11.9200,-5.0,-0.00050,11.9212,-7.5,-0.00075,106.19
5,821186,1,0,33.52,1123.6,1403.8,1326.6,0.0,4.9462,912.5,0.91250,11.9187,305.0,0.30500,11.9200,1202.5,0.03644,5.0812,700.0,0.07000,11.9187,1137.5,0.11375,11.9162,1455.0,0.14550,11.9200,350.0,0.03500,11.9200,-5.0,-0.00050,11.9212,-7.5,-0.00075,11.9175,-7.5,-0.00075,11.9187,-5.0,-0.00050,11.9187,-5.0,-0.00050,11.9187,-5.0,-0.00050,11.9200,-7.5,-0.00075,106.53
5,821522,1,0,33.24,992.3,1360.3,1233.5,0.0,4.9500,887.5,0.88750,11.9237,295.0,0.29500,11.9250,1200.0,0.03636,5.0812,700.0,0.07000,11.9237,1082.5,0.10825,11.9200,1410.0,0.14100,11.9250,350.0,0.03500,11.9250,-5.0,-0.00050,11.9262,-7.5,-0.00075,11.9225,-7.5,-0.00075,11.9237,-5.0,-0.00050,11.9237,-5.0,-0.00050,11.9237,-5.0,-0.00050,11.9250,-7.5,-0.00075,106.87
5,822019,1,0,32.83,983.0,1088.3,1099.6,0.0,4.9500,882.5,0.88250,11.9237,295.0,0.29500,11.9250,1202.5,0.03644,5.0812,700.0,0.07000,11.9237,1097.5,0.10975,11.9212,1392.5,0.13925,11.9250,347.5,0.03475,11.9250,-5.0,-0.00050,11.9262,-7.5,-0.00075,11.9225,-7.5,-0.00075,11.9250,-5.0,-0.00050,11.9250,-5.0,-0.00050,11.9250,-5.0,-0.00050,11.9262,-7.5,-0.00075,107.39
5,822355,1,0,32.55,1193.7,972.8,1213.7,0.0,4.9513,870.0,0.87000,11.9237,290.0,0.29000,11.9250,1202.5,0.03644,5.0812,700.0,0.07000,11.9237,1092.5,0.10925,11.9212,1377.5,0.13775,11.9250,352.5,0.03525,11.9250,-5.0,-0.00050,11.9262,-7.5,-0.00075,11.9225,-7.5,-0.00075,11.9250,-5.0,-0.00050,11.9250,-5.0,-0.00050,11.9250,-5.0,-0.00050,11.9262,-7.5,-0.00075,107.71
5,822691,1,0,32.27,1077.2,966.2,1205.6,0.0,4.9537,855.0,0.85500,11.9275,282.5,0.28250,11.9288,1200.0,0.03636,5.0812,700.0,0.07000,11.9275,1062.5,0.10625,11.9250,1327.5,0.13275,11.9288,345.0,0.03450,11.9288,-5.0,-0.00050,11.9300,-7.5,-0.00075,11.9262,-7.5,-0.00075,11.9275,-5.0,-0.00050,11.9288,-5.0,-0.00050,11.9288,-5.0,-0.00050,11.9300,-7.5,-0.00075,108.05
5,823027,1,0,31.99,1083.3,1198.7,1078.8,0.0,4.9537,855.0,0.85500,11.9262,282.5,0.28250,11.9275,1200.0,0.03636,5.0812,700.0,0.07000,11.9262,1055.0,0.10550,11.9237,1347.5,0.13475,11.9262,350.0,0.03500,11.9275,-5.0,-0.00050,11.9275,-7.5,-0.00075,11.9237,-7.5,-0.00075,11.9262,-5.0,-0.00050,11.9262,-5.0,-0.00050,11.9262,-5.0,-0.00050,11.9275,-7.5,-0.00075,108.37
5,823539,1,0,31.56,1166.0,1452.9,1118.8,0.0,4.9550,842.5,0.84250,11.9275,277.5,0.27750,11.9288,1200.0,0.03636,5.0812,700.0,0.07000,11.9275,1037.5,0.10375,11.9262,1320.0,0.13200,11.9300,340.0,0.03400,11.9300,-5.0,-0.00050,11.9300,-7.5,-0.00075,11.9275,-7.5,-0.00075,11.9288,-5.0,-0.00050,11.9288,-5.0,-0.00050,11.9288,-5.0,-0.00050,11.9300,-7.5,-0.00075,108.90
5,823875,1,0,31.28,947.9,1061.9,1064.0,0.0,4.9550,842.5,0.84250,11.9262,277.5,0.27750,11.9262,1200.0,0.03636,5.0812,700.0,0.07000,11.9262,1045.0,0.10450,11.9237,1322.5,0.13225,11.9262,332.5,0.03325,11.9262,-5.0,-0.00050,11.9275,-7.5,-0.00075,11.9250,-7.5,-0.00075,11.9262,-5.0,-0.00050,11.9262,-5.0,-0.00050,11.9262,-5.0,-0.00050,11.9275,-7.5,-0.00075,109.22
5,824211,1,0,31.00,1218.6,1290.9,1057.2,0.0,4.9575,822.5,0.82250,11.9288,270.0,0.27000,11.9300,1200.0,0.03636,5.0812,697.5,0.06975,11.9288,1025.0,0.10250,11.9262,1282.5,0.12825,11.9300,317.5,0.03175,11.9300,-5.0,-0.00050,11.9312,-7.5,-0.00075,11.9275,-7.5,-0.00075,11.9300,-5.0,-0.00050,11.9300,-5.0,-0.00050,11.9300,-5.0,-0.00050,11.9312,-7.5,-0.00075,109.57
5,824547,1,0,30.72,1170.0,1049.8,931.8,0.0,4.9575,820.0,0.82000,11.9288,270.0,0.27000,11.9288,1200.0,0.03636,5.0812,700.0,0.07000,11.9275,1022.5,0.10225,11.9262,1277.5,0.12775,11.9300,317.5,0.03175,11.9300,-5.0,-0.00050,11.9300,-7.5,-0.00075,11.9275,-7.5,-0.00075,11.9288,-5.0,-0.00050,11.9288,-5.0,-0.00050,11.9300,-5.0,-0.00050,11.9300,-7.5,-0.00075,109.90
5,825132,1,0,30.23,1042.2,1039.2,1151.1,0.0,4.9612,797.5,0.79750,11.9338,262.5,0.26250,11.9350,1200.0,0.03636,5.0812,700.0,0.07000,11.9338,982.5,0.09825,11.9312,1225.0,0.12250,11.9350,317.5,0.03175,11.9350,-5.0,-0.00050,11.9362,-7.5,-0.00075,11.9325,-7.5,-0.00075,11.9338,-5.0,-0.00050,11.9338,-5.0,-0.00050,11.9338,-5.0,-0.00050,11.9350,-7.5,-0.00075,110.48
5,825468,1,0,29.95,919.0,1030.9,1028.2,0.0,4.9650,767.5,0.76750,11.9362,250.0,0.25000,11.9375,1200.0,0.03636,5.0812,697.5,0.06975,11.9362,942.5,0.09425,11.9338,1190.0,0.11900,11.9375,307.5,0.03075,11.9375,-5.0,-0.00050,11.9387,-7.5,-0.00075,11.9350,-7.5,-0.00075,11.9362,-5.0,-0.00050,11.9362,-5.0,-0.00050,11.9362,-5.0,-0.00050,11.9375,-7.5,-0.00075,110.84
5,825825,1,0,29.65,1025.2,908.5,907.0,0.0,4.9650,770.0,0.77000,11.9362,250.0,0.25000,11.9362,1200.0,0.03636,5.0812,697.5,0.06975,11.9362,940.0,0.09400,11.9338,1180.0,0.11800,11.9375,305.0,0.03050,11.9375,-5.0,-0.00050,11.9387,-7.5,-0.00075,11.9350,-7.5,-0.00075,11.9362,-5.0,-0.00050,11.9362,-5.0,-0.00050,11.9362,-5.0,-0.00050,11.9375,-7.5,-0.00075,111.18
5,826161,1,0,29.37,1018.1,902.2,1125.7,0.0,4.9650,767.5,0.76750,11.9350,250.0,0.25000,11.9362,1200.0,0.03636,5.0812,697.5,0.06975,11.9350,950.0,0.09500,11.9325,1197.5,0.11975,11.9362,297.5,0.02975,11.9362,-5.0,-0.00050,11.9375,-7.5,-0.00075,11.9338,-7.5,-0.00075,11.9350,-5.0,-0.00050,11.9350,-5.0,-0.00050,11.9350,-5.0,-0.00050,11.9362,-7.5,-0.00075,111.52
5,826654,1,0,28.96,1120.7,1116.9,1002.8,0.0,4.9662,760.0,0.76000,11.9375,247.5,0.24750,11.9387,1197.5,0.03629,5.0812,700.0,0.07000,11.9375,922.5,0.09225,11.9362,1157.5,0.11575,11.9400,300.0,0.03000,11.9400,-5.0,-0.00050,11.9412,-7.5,-0.00075,11.9375,-7.5,-0.00075,11.9375,-5.0,-0.00050,11.9387,-5.0,-0.00050,11.9387,-5.0,-0.00050,11.9400,-7.5,-0.00075,112.01
5,826990,1,0,28.68,890.5,1109.5,1012.4,0.0,4.9662,752.5,0.75250,11.9375,245.0,0.24500,11.9387,1200.0,0.03636,5.0812,700.0,0.07000,11.9375,922.5,0.09225,11.9350,1155.0,0.11550,11.9387,290.0,0.02900,11.9387,-5.0,-0.00050,11.9400,-7.5,-0.00075,11.9362,-7.5,-0.00075,11.9375,-5.0,-0.00050,11.9375,-5.0,-0.00050,11.9375,-5.0,-0.00050,11.9387,-7.5,-0.00075,112.34
5,827326,1,0,28.40,995.2,1102.3,1004.4,0.0,4.9675,742.5,0.74250,11.9387,242.5,0.24250,11.9400,1197.5,0.03629,5.0812,697.5,0.06975,11.9400,910.0,0.09100,11.9375,1142.5,0.11425,11.9412,292.5,0.02925,11.9412,-5.0,-0.00050,11.9425,-7.5,-0.00075,11.9387,-7.5,-0.00075,11.9400,-5.0,-0.00050,11.9400,-5.0,-0.00050,11.9400,-5.0,-0.00050,11.9412,-7.5,-0.00075,112.67
5,827662,1,0,28.12,1209.0,1339.5,997.4,0.0,4.9675,740.0,0.74000,11.9387,240.0,0.24000,11.9400,1200.0,0.03636,5.0812,697.5,0.06975,11.9400,920.0,0.09200,11.9375,1137.5,0.11375,11.9412,280.0,0.02800,11.9412,-5.0,-0.00050,11.9412,-7.5,-0.00075,11.9387,-7.5,-0.00075,11.9400,-5.0,-0.00050,11.9400,-5.0,-0.00050,11.9400,-5.0,-0.00050,11.9412,-7.5,-0.00075,113.01
5,828164,1,0,27.70,1089.7,868.2,970.9,0.0,4.9700,727.5,0.72750,11.9412,235.0,0.23500,11.9437,1197.5,0.03629,5.0812,700.0,0.07000,11.9425,890.0,0.08900,11.9400,1115.0,0.11150,11.9437,282.5,0.02825,11.9437,-5.0,-0.00050,11.9450,-7.5,-0.00075,11.9412,-7.5,-0.00075,11.9425,-5.0,-0.00050,11.9425,-5.0,-0.00050,11.9425,-5.0,-0.00050,11.9437,-7.5,-0.00075,113.51
5,828500,1,0,27.42,973.9,970.4,913.0,0.0,4.9700,725.0,0.72500,11.9412,232.5,0.23250,11.9425,1197.5,0.03629,5.0812,697.5,0.06975,11.9412,885.0,0.08850,11.9387,1110.0,0.11100,11.9425,275.0,0.02750,11.9437,-5.0,-0.00050,11.9437,-7.5,-0.00075,11.9412,-7.5,-0.00075,11.9412,-5.0,-0.00050,11.9412,-5.0,-0.00050,11.9425,-5.0,-0.00050,11.9437,-7.5,-0.00075,113.85
5,828836,1,0,27.14,982.2,1028.0,1063.3,0.0,4.9725,702.5,0.70250,11.9462,225.0,0.22500,11.9462,1200.0,0.03636,5.0812,700.0,0.07000,11.9462,847.5,0.08475,11.9437,1065.0,0.10650,11.9475,277.5,0.02775,11.9475,-5.0,-0.00050,11.9487,-7.5,-0.00075,11.9450,-7.5,-0.00075,11.9462,-5.0,-0.00050,11.9462,-5.0,-0.00050,11.9475,-5.0,-0.00050,11.9487,-7.5,-0.00075,114.18
5,829172,1,0,26.86,851.7,1018.6,844.8,0.0,4.9750,685.0,0.68500,11.9487,217.5,0.21750,11.9500,1197.5,0.03629,5.0812,697.5,0.06975,11.9487,817.5,0.08175,11.9475,1027.5,0.10275,11.9500,270.0,0.02700,11.9500,-5.0,-0.00050,11.9513,-7.5,-0.00075,11.9487,-7.5,-0.00075,11.9487,-5.0,-0.00050,11.9500,-5.0,-0.00050,11.9500,-5.0,-0.00050,11.9513,-7.5,-0.00075,114.52
5,829676,1,0,26.44,962.3,1006.2,1114.9,0.0,4.9738,697.5,0.69750,11.9462,222.5,0.22250,11.9462,1197.5,0.03629,5.0812,700.0,0.07000,11.9450,840.0,0.08400,11.9437,1070.0,0.10700,11.9462,272.5,0.02725,11.9462,-5.0,-0.00050,11.9475,-7.5,-0.00075,11.9450,-7.5,-0.00075,11.9462,-5.0,-0.00050,11.9462,-5.0,-0.00050,11.9462,-5.0,-0.00050,11.9475,-7.5,-0.00075,115.03
5,830011,1,0,26.17,836.0,832.2,934.5,0.0,4.9762,675.0,0.67500,11.9487,215.0,0.21500,11.9500,1197.5,0.03629,5.0812,697.5,0.06975,11.9500,805.0,0.08050,11.9475,1017.5,0.10175,11.9513,260.0,0.02600,11.9513,-5.0,-0.00050,11.9525,-7.5,-0.00075,11.9475,-7.5,-0.00075,11.9487,-5.0,-0.00050,11.9487,-5.0,-0.00050,11.9500,-5.0,-0.00050,11.9513,-7.5,-0.00075,115.38
5,830368,1,0,25.87,1064.6,824.9,943.0,0.0,4.9762,675.0,0.67500,11.9475,215.0,0.21500,11.9487,1197.5,0.03629,5.0812,697.5,0.06975,11.9487,800.0,0.08000,11.9462,1025.0,0.10250,11.9500,270.0,0.02700,11.9500,-5.0,-0.00050,11.9513,-7.5,-0.00075,11.9462,-7.5,-0.00075,11.9487,-5.0,-0.00050,11.9487,-5.0,-0.00050,11.9487,-5.0,-0.00050,11.9500,-7.5,-0.00075,115.72
5,830704,1,0,25.59,1056.8,1169.5,1052.7,0.0,4.9775,662.5,0.66250,11.9500,210.0,0.21000,11.9513,1197.5,0.03629,5.0812,697.5,0.06975,11.9500,792.5,0.07925,11.9475,1007.5,0.10075,11.9513,250.0,0.02500,11.9513,-5.0,-0.00050,11.9525,-7.5,-0.00075,11.9487,-7.5,-0.00075,11.9500,-5.0,-0.00050,11.9500,-5.0,-0.00050,11.9500,-5.0,-0.00050,11.9513,-7.5,-0.00075,116.05
5,831207,1,0,25.17,1044.8,1040.8,1155.2,0.0,4.9787,660.0,0.66000,11.9487,210.0,0.21000,11.9500,1197.5,0.03629,5.0812,697.5,0.06975,11.9500,782.5,0.07825,11.9475,1000.0,0.10000,11.9513,245.0,0.02450,11.9513,-5.0,-0.00050,11.9525,-7.5,-0.00075,11.9487,-7.5,-0.00075,11.9500,-5.0,-0.00050,11.9500,-5.0,-0.00050,11.9500,-5.0,-0.00050,11.9513,-7.5,-0.00075,116.55
5,831543,1,0,24.89,860.2,918.4,915.8,0.0,4.9787,650.0,0.65000,11.9487,205.0,0.20500,11.9500,1197.5,0.03629,5.0812,697.5,0.06975,11.9500,767.5,0.07675,11.9475,977.5,0.09775,11.9513,245.0,0.02450,11.9513,-5.0,-0.00050,11.9525,-7.5,-0.00075,11.9487,-7.5,-0.00075,11.9500,-5.0,-0.00050,11.9500,-5.0,-0.00050,11.9500,-5.0,-0.00050,11.9513,-7.5,-0.00075,116.89
5,831879,1,0,24.61,914.6,797.3,846.8,0.0,4.9787,655.0,0.65500,11.9475,207.5,0.20750,11.9487,1197.5,0.03629,5.0812,697.5,0.06975,11.9475,772.5,0.07725,11.9450,992.5,0.09925,11.9487,250.0,0.02500,11.9487,-5.0,-0.00050,11.9500,-7.5,-0.00075,11.9462,-7.5,-0.00075,11.9475,-5.0,-0.00050,11.9475,-5.0,-0.00050,11.9475,-5.0,-0.00050,11.9487,-7.5,-0.00075,117.22
5,832215,1,0,24.33,1021.1,1130.0,1014.2,0.0,4.9812,632.5,0.63250,11.9525,197.5,0.19750,11.9525,1197.5,0.03629,5.0812,697.5,0.06975,11.9525,740.0,0.07400,11.9500,962.5,0.09625,11.9537,247.5,0.02475,11.9537,-5.0,-0.00050,11.9550,-7.5,-0.00075,11.9513,-7.5,-0.00075,11.9525,-5.0,-0.00050,11.9525,-5.0,-0.00050,11.9525,-5.0,-0.00050,11.9537,-7.5,-0.00075,117.56
5,832703,1,0,23.92,784.8,912.7,1040.6,0.0,4.9812,635.0,0.63500,11.9513,200.0,0.20000,11.9525,1195.0,0.03621,5.0812,697.5,0.06975,11.9525,747.5,0.07475,11.9500,957.5,0.09575,11.9537,230.0,0.02300,11.9537,-5.0,-0.00050,11.9550,-7.5,-0.00075,11.9513,-7.5,-0.00075,11.9513,-5.0,-0.00050,11.9525,-5.0,-0.00050,11.9525,-5.0,-0.00050,11.9537,-7.5,-0.00075,118.05
5,833039,1,0,23.64,778.9,1034.8,774.0,0.0,4.9837,617.5,0.61750,11.9550,192.5,0.19250,11.9550,1197.5,0.03629,5.0812,697.5,0.06975,11.9550,730.0,0.07300,11.9525,927.5,0.09275,11.9563,237.5,0.02375,11.9563,-5.0,-0.00050,11.9575,-7.5,-0.00075,11.9537,-7.5,-0.00075,11.9550,-5.0,-0.00050,11.9563,-5.0,-0.00050,11.9563,-5.0,-0.00050,11.9575,-7.5,-0.00075,118.39
5,833375,1,0,23.36,950.9,989.5,988.4,0.0,4.9825,620.0,0.62000,11.9537,192.5,0.19250,11.9550,1197.5,0.03629,5.0812,697.5,0.06975,11.9550,730.0,0.07300,11.9525,920.0,0.09200,11.9563,237.5,0.02375,11.9563,-5.0,-0.00050,11.9575,-7.5,-0.00075,11.9537,-7.5,-0.00075,11.9550,-5.0,-0.00050,11.9550,-5.0,-0.00050,11.9563,-5.0,-0.00050,11.9563,-7.5,-0.00075,118.72
5,833711,1,0,23.08,875.6,1017.8,890.0,0.0,4.9850,602.5,0.60250,11.9587,187.5,0.18750,11.9600,1195.0,0.03621,5.0812,697.5,0.06975,11.9600,705.0,0.07050,11.9563,897.5,0.08975,11.9612,220.0,0.02200,11.9600,-5.0,-0.00050,11.9612,-7.5,-0.00075,11.9575,-7.5,-0.00075,11.9587,-5.0,-0.00050,11.9587,-5.0,-0.00050,11.9587,-5.0,-0.00050,11.9600,-7.5,-0.00075,119.07
5,834219,1,0,22.66,756.6,753.3,1003.9,0.0,4.9862,592.5,0.59250,11.9600,182.5,0.18250,11.9612,1195.0,0.03621,5.0812,700.0,0.07000,11.9612,697.5,0.06975,11.9587,880.0,0.08800,11.9625,220.0,0.02200,11.9612,-5.0,-0.00050,11.9625,-7.5,-0.00075,11.9587,-7.5,-0.00075,11.9612,-5.0,-0.00050,11.9612,-5.0,-0.00050,11.9612,-5.0,-0.00050,11.9625,-7.5,-0.00075,119.57
5,834555,1,0,22.38,874.8,747.0,1066.5,0.0,4.9862,595.0,0.59500,11.9587,182.5,0.18250,11.9587,1195.0,0.03621,5.0812,697.5,0.06975,11.9587,690.0,0.06900,11.9575,867.5,0.08675,11.9600,222.5,0.02225,11.9600,-5.0,-0.00050,11.9612,-7.5,-0.00075,11.9575,-7.5,-0.00075,11.9587,-5.0,-0.00050,11.9587,-5.0,-0.00050,11.9600,-5.0,-0.00050,11.9600,-7.5,-0.00075,119.92
5,834912,1,0,22.08,866.9,797.8,739.8,0.0,4.9862,592.5,0.59250,11.9587,182.5,0.18250,11.9600,1195.0,0.03621,5.0812,697.5,0.06975,11.9600,700.0,0.07000,11.9575,870.0,0.08700,11.9612,215.0,0.02150,11.9600,-5.0,-0.00050,11.9612,-7.5,-0.00075,11.9575,-7.5,-0.00075,11.9587,-5.0,-0.00050,11.9600,-5.0,-0.00050,11.9600,-5.0,-0.00050,11.9612,-7.5,-0.00075,120.27
5,835248,1,0,21.80,859.4,735.0,1045.7,0.0,4.9900,567.5,0.56750,11.9637,172.5,0.17250,11.9650,1195.0,0.03621,5.0812,697.5,0.06975,11.9650,660.0,0.06600,11.9625,830.0,0.08300,11.9650,205.0,0.02050,11.9650,-5.0,-0.00050,11.9662,-7.5,-0.00075,11.9637,-7.5,-0.00075,11.9637,-5.0,-0.00050,11.9650,-5.0,-0.00050,11.9650,-5.0,-0.00050,11.9662,-7.5,-0.00075,120.60
5,835767,1,0,21.37,969.6,846.9,1002.2,0.0,4.9887,575.0,0.57500,11.9625,177.5,0.17750,11.9637,1195.0,0.03621,5.0812,697.5,0.06975,11.9637,675.0,0.06750,11.9612,850.0,0.08500,11.9650,200.0,0.02000,11.9637,-5.0,-0.00050,11.9650,-7.5,-0.00075,11.9612,-7.5,-0.00075,11.9625,-5.0,-0.00050,11.9637,-5.0,-0.00050,11.9637,-5.0,-0.00050,11.9650,-7.5,-0.00075,121.12
5,836102,1,0,21.09,962.1,959.9,956.3,0.0,4.9913,557.5,0.55750,11.9650,170.0,0.17000,11.9662,1195.0,0.03621,5.0812,697.5,0.06975,11.9662,645.0,0.06450,11.9637,817.5,0.08175,11.9675,202.5,0.02025,11.9662,-5.0,-0.00050,11.9675,-7.5,-0.00075,11.9637,-7.5,-0.00075,11.9650,-5.0,-0.00050,11.9662,-5.0,-0.00050,11.9662,-5.0,-0.00050,11.9675,-7.5,-0.00075,121.45
5,836438,1,0,20.81,833.9,876.7,711.4,0.0,4.9913,552.5,0.55250,11.9650,167.5,0.16750,11.9662,1195.0,0.03621,5.0812,697.5,0.06975,11.9662,640.0,0.06400,11.9637,797.5,0.07975,11.9675,200.0,0.02000,11.9675,-5.0,-0.00050,11.9687,-7.5,-0.00075,11.9650,-7.5,-0.00075,11.9662,-5.0,-0.00050,11.9662,-5.0,-0.00050,11.9662,-5.0,-0.00050,11.9675,-7.5,-0.00075,121.78
5,836774,1,0,20.53,825.8,823.4,705.1,0.0,4.9913,550.0,0.55000,11.9637,167.5,0.16750,11.9650,1195.0,0.03621,5.0812,697.5,0.06975,11.9650,637.5,0.06375,11.9625,800.0,0.08000,11.9662,197.5,0.01975,11.9662,-5.0,-0.00050,11.9675,-7.5,-0.00075,11.9637,-7.5,-0.00075,11.9650,-5.0,-0.00050,11.9650,-5.0,-0.00050,11.9650,-5.0,-0.00050,11.9662,-7.5,-0.00075,122.13
5,837302,1,0,20.09,698.9,759.3,1044.8,0.0,4.9925,542.5,0.54250,11.9662,165.0,0.16500,11.9675,1195.0,0.03621,5.0812,697.5,0.06975,11.9675,627.5,0.06275,11.9650,787.5,0.07875,11.9675,197.5,0.01975,11.9675,-5.0,-0.00050,11.9687,-7.5,-0.00075,11.9650,-7.5,-0.00075,11.9662,-5.0,-0.00050,11.9675,-5.0,-0.00050,11.9675,-5.0,-0.00050,11.9687,-7.5,-0.00075,122.66
5,837638,1,0,19.81,807.6,742.9,805.7,0.0,4.9925,545.0,0.54500,11.9650,165.0,0.16500,11.9650,1195.0,0.03621,5.0812,697.5,0.06975,11.9662,625.0,0.06250,11.9637,785.0,0.07850,11.9675,197.5,0.01975,11.9662,-5.0,-0.00050,11.9675,-7.5,-0.00075,11.9637,-7.5,-0.00075,11.9650,-5.0,-0.00050,11.9650,-5.0,-0.00050,11.9662,-5.0,-0.00050,11.9662,-7.5,-0.00075,123.00
5,837974,1,0,19.53,800.4,798.0,684.0,0.0,4.9938,530.0,0.53000,11.9675,160.0,0.16000,11.9687,1195.0,0.03621,5.0812,697.5,0.06975,11.9687,607.5,0.06075,11.9662,767.5,0.07675,11.9700,185.0,0.01850,11.9700,-5.0,-0.00050,11.9712,-7.5,-0.00075,11.9675,-7.5,-0.00075,11.9675,-5.0,-0.00050,11.9687,-5.0,-0.00050,11.9687,-5.0,-0.00050,11.9700,-7.5,-0.00075,123.33
5,838310,1,0,19.25,794.2,949.3,1084.9,0.0,4.9938,532.5,0.53250,11.9662,160.0,0.16000,11.9662,1195.0,0.03621,5.0812,697.5,0.06975,11.9662,615.0,0.06150,11.9650,775.0,0.07750,11.9675,192.5,0.01925,11.9675,-5.0,-0.00050,11.9675,-7.5,-0.00075,11.9650,-7.5,-0.00075,11.9662,-5.0,-0.00050,11.9662,-5.0,-0.00050,11.9675,-5.0,-0.00050,11.9675,-7.5,-0.00075,123.67
5,838834,1,0,18.81,783.9,973.0,668.3,0.0,4.9962,515.0,0.51500,11.9712,152.5,0.15250,11.9725,1195.0,0.03621,5.0812,697.5,0.06975,11.9738,570.0,0.05700,11.9700,732.5,0.07325,11.9738,177.5,0.01775,11.9738,-5.0,-0.00050,11.9750,-7.5,-0.00075,11.9712,-7.5,-0.00075,11.9725,-5.0,-0.00050,11.9725,-5.0,-0.00050,11.9725,-5.0,-0.00050,11.9725,-7.5,-0.00075,124.19
5,839170,1,0,18.53,799.2,796.3,720.5,0.0,4.9950,520.0,0.52000,11.9675,155.0,0.15500,11.9687,1195.0,0.03621,5.0812,697.5,0.06975,11.9700,587.5,0.05875,11.9662,742.5,0.07425,11.9700,172.5,0.01725,11.9700,-5.0,-0.00050,11.9712,-7.5,-0.00075,11.9675,-7.5,-0.00075,11.9687,-5.0,-0.00050,11.9687,-5.0,-0.00050,11.9687,-5.0,-0.00050,11.9700,-7.5,-0.00075,124.54
5,839527,1,0,18.23,719.8,657.0,949.4,0.0,4.9975,505.0,0.50500,11.9712,150.0,0.15000,11.9712,1195.0,0.03621,5.0812,697.5,0.06975,11.9712,577.5,0.05775,11.9700,715.0,0.07150,11.9725,182.5,0.01825,11.9725,-5.0,-0.00050,11.9738,-7.5,-0.00075,11.9712,-7.5,-0.00075,11.9725,-5.0,-0.00050,11.9738,-5.0,-0.00050,11.9738,-5.0,-0.00050,11.9750,-7.5,-0.00075,124.88
5,839863,1,0,17.95,761.0,650.2,778.2,0.0,4.9975,510.0,0.51000,11.9700,152.5,0.15250,11.9712,1195.0,0.03621,5.0812,697.5,0.06975,11.9712,572.5,0.05725,11.9687,727.5,0.07275,11.9725,180.0,0.01800,11.9712,-5.0,-0.00050,11.9725,-7.5,-0.00075,11.9687,-7.5,-0.00075,11.9700,-5.0,-0.00050,11.9700,-5.0,-0.00050,11.9700,-5.0,-0.00050,11.9712,-7.5,-0.00075,125.21
5,840467,1,0,17.45,749.6,853.7,637.9,0.0,4.9975,505.0,0.50500,11.9700,150.0,0.15000,11.9712,1195.0,0.03621,5.0812,697.5,0.06975,11.9725,567.5,0.05675,11.9687,720.0,0.07200,11.9725,180.0,0.01800,11.9725,-5.0,-0.00050,11.9738,-7.5,-0.00075,11.9687,-7.5,-0.00075,11.9712,-5.0,-0.00050,11.9712,-5.0,-0.00050,11.9712,-5.0,-0.00050,11.9725,-7.5,-0.00075,125.83
5,840802,1,0,17.17,742.9,845.4,761.1,0.0,4.9987,500.0,0.50000,11.9712,147.5,0.14750,11.9712,1192.5,0.03614,5.0812,697.5,0.06975,11.9725,565.0,0.05650,11.9700,702.5,0.07025,11.9725,172.5,0.01725,11.9738,-5.0,-0.00050,11.9738,-7.5,-0.00075,11.9700,-7.5,-0.00075,11.9712,-5.0,-0.00050,11.9712,-5.0,-0.00050,11.9725,-5.0,-0.00050,11.9725,-7.5,-0.00075,126.16
5,841138,1,0,16.89,687.7,684.7,875.2,0.0,5.0000,485.0,0.48500,11.9738,140.0,0.14000,11.9738,1195.0,0.03621,5.0812,697.5,0.06975,11.9738,540.0,0.05400,11.9725,677.5,0.06775,11.9750,170.0,0.01700,11.9750,-5.0,-0.00050,11.9762,-7.5,-0.00075,11.9725,-7.5,-0.00075,11.9738,-5.0,-0.00050,11.9738,-5.0,-0.00050,11.9738,-5.0,-0.00050,11.9750,-7.5,-0.00075,126.48
5,841474,1,0,16.61,623.2,620.3,993.3,0.0,5.0012,472.5,0.47250,11.9750,137.5,0.13750,11.9762,1192.5,0.03614,5.0812,697.5,0.06975,11.9762,522.5,0.05225,11.9738,657.5,0.06575,11.9775,167.5,0.01675,11.9762,-5.0,-0.00050,11.9775,-7.5,-0.00075,11.9750,-7.5,-0.00075,11.9762,-5.0,-0.00050,11.9762,-5.0,-0.00050,11.9762,-5.0,-0.00050,11.9775,-7.5,-0.00075,126.84
5,841980,1,0,16.19,613.0,666.8,730.2,0.0,5.0000,482.5,0.48250,11.9712,140.0,0.14000,11.9725,1197.5,0.03629,5.0812,697.5,0.06975,11.9725,532.5,0.05325,11.9712,677.5,0.06775,11.9738,170.0,0.01700,11.9738,-5.0,-0.00050,11.9750,-7.5,-0.00075,11.9712,-7.5,-0.00075,11.9712,-5.0,-0.00050,11.9725,-5.0,-0.00050,11.9725,-5.0,-0.00050,11.9738,-7.5,-0.00075,127.33
5,842316,1,0,15.91,605.6,845.5,603.4,0.0,5.0025,467.5,0.46750,11.9738,135.0,0.13500,11.9750,1192.5,0.03614,5.0812,697.5,0.06975,11.9762,512.5,0.05125,11.9738,647.5,0.06475,11.9762,160.0,0.01600,11.9762,-5.0,-0.00050,11.9775,-7.5,-0.00075,11.9738,-7.5,-0.00075,11.9750,-5.0,-0.00050,11.9750,-5.0,-0.00050,11.9750,-5.0,-0.00050,11.9762,-7.5,-0.00075,127.66
5,842652,1,0,15.63,719.3,796.6,651.5,0.0,5.0012,472.5,0.47250,11.9700,137.5,0.13750,11.9712,1192.5,0.03614,5.0812,697.5,0.06975,11.9712,522.5,0.05225,11.9700,660.0,0.06600,11.9725,165.0,0.01650,11.9725,-5.0,-0.00050,11.9738,-7.5,-0.00075,11.9700,-7.5,-0.00075,11.9712,-5.0,-0.00050,11.9712,-5.0,-0.00050,11.9712,-5.0,-0.00050,11.9725,-7.5,-0.00075,128.00
5,842988,1,0,15.35,593.6,591.9,589.6,0.0,5.0025,462.5,0.46250,11.9738,132.5,0.13250,11.9738,1192.5,0.03614,5.0812,697.5,0.06975,11.9738,510.0,0.05100,11.9712,645.0,0.06450,11.9750,152.5,0.01525,11.9750,-5.0,-0.00050,11.9762,-7.5,-0.00075,11.9725,-7.5,-0.00075,11.9738,-5.0,-0.00050,11.9738,-5.0,-0.00050,11.9750,-5.0,-0.00050,11.9750,-7.5,-0.00075,128.33
5,843549,1,0,14.88,700.0,582.4,579.6,0.0,5.0025,465.0,0.46500,11.9750,132.5,0.13250,11.9750,1195.0,0.03621,5.0812,697.5,0.06975,11.9762,517.5,0.05175,11.9738,645.0,0.06450,11.9762,150.0,0.01500,11.9762,-5.0,-0.00050,11.9775,-7.5,-0.00075,11.9738,-7.5,-0.00075,11.9750,-5.0,-0.00050,11.9750,-5.0,-0.00050,11.9762,-5.0,-0.00050,11.9762,-7.5,-0.00075,128.90
5,843885,1,0,14.60,577.4,864.1,728.2,0.0,5.0050,450.0,0.45000,11.9775,127.5,0.12750,11.9787,1192.5,0.03614,5.0812,697.5,0.06975,11.9787,492.5,0.04925,11.9762,612.5,0.06125,11.9800,150.0,0.01500,11.9800,-5.0,-0.00050,11.9800,-7.5,-0.00075,11.9762,-7.5,-0.00075,11.9775,-5.0,-0.00050,11.9775,-5.0,-0.00050,11.9787,-5.0,-0.00050,11.9800,-7.5,-0.00075,129.25
5,844242,1,0,14.31,569.8,709.9,564.2,0.0,5.0050,445.0,0.44500,11.9775,125.0,0.12500,11.9775,1192.5,0.03614,5.0812,697.5,0.06975,11.9787,477.5,0.04775,11.9762,612.5,0.06125,11.9787,152.5,0.01525,11.9787,-5.0,-0.00050,11.9800,-7.5,-0.00075,11.9762,-7.5,-0.00075,11.9775,-5.0,-0.00050,11.9787,-5.0,-0.00050,11.9787,-5.0,-0.00050,11.9800,-7.5,-0.00075,129.59
5,844578,1,0,14.03,674.7,560.8,697.7,0.0,5.0050,445.0,0.44500,11.9762,127.5,0.12750,11.9775,1192.5,0.03614,5.0812,697.5,0.06975,11.9775,482.5,0.04825,11.9762,607.5,0.06075,11.9787,147.5,0.01475,11.9787,-5.0,-0.00050,11.9800,-7.5,-0.00075,11.9762,-7.5,-0.00075,11.9775,-5.0,-0.00050,11.9775,-5.0,-0.00050,11.9775,-5.0,-0.00050,11.9787,-7.5,-0.00075,129.93
5,845030,1,0,13.65,554.8,663.6,687.1,0.0,5.0037,452.5,0.45250,11.9775,127.5,0.12750,11.9775,1192.5,0.03614,5.0812,697.5,0.06975,11.9787,502.5,0.05025,11.9750,622.5,0.06225,11.9787,142.5,0.01425,11.9787,-5.0,-0.00050,11.9800,-7.5,-0.00075,11.9762,-7.5,-0.00075,11.9775,-5.0,-0.00050,11.9775,-5.0,-0.00050,11.9775,-5.0,-0.00050,11.9787,-7.5,-0.00075,130.38
5,845366,1,0,13.37,659.4,608.2,679.5,0.0,5.0062,442.5,0.44250,11.9775,125.0,0.12500,11.9787,1192.5,0.03614,5.0812,697.5,0.06975,11.9800,470.0,0.04700,11.9775,605.0,0.06050,11.9812,150.0,0.01500,11.9800,-5.0,-0.00050,11.9812,-7.5,-0.00075,11.9775,-7.5,-0.00075,11.9787,-5.0,-0.00050,11.9787,-5.0,-0.00050,11.9787,-5.0,-0.00050,11.9800,-7.5,-0.00075,130.71
5,845702,1,0,13.09,679.0,541.0,538.5,0.0,5.0050,445.0,0.44500,11.9762,127.5,0.12750,11.9775,1192.5,0.03614,5.0812,697.5,0.06975,11.9775,477.5,0.04775,11.9750,607.5,0.06075,11.9787,152.5,0.01525,11.9787,-5.0,-0.00050,11.9800,-7.5,-0.00075,11.9750,-7.5,-0.00075,11.9762,-5.0,-0.00050,11.9775,-5.0,-0.00050,11.9775,-5.0,-0.00050,11.9787,-7.5,-0.00075,131.05
5,846038,1,0,12.81,597.2,936.4,800.6,0.0,5.0062,435.0,0.43500,11.9775,122.5,0.12250,11.9787,1192.5,0.03614,5.0812,697.5,0.06975,11.9800,470.0,0.04700,11.9775,585.0,0.05850,11.9800,145.0,0.01450,11.9800,-5.0,-0.00050,11.9812,-7.5,-0.00075,11.9775,-7.5,-0.00075,11.9787,-5.0,-0.00050,11.9787,-5.0,-0.00050,11.9787,-5.0,-0.00050,11.9800,-7.5,-0.00075,131.38
5,846532,1,0,12.40,660.5,585.0,583.4,0.0,5.0075,425.0,0.42500,11.9800,117.5,0.11750,11.9800,1192.5,0.03614,5.0812,697.5,0.06975,11.9812,452.5,0.04525,11.9787,582.5,0.05825,11.9812,140.0,0.01400,11.9812,-5.0,-0.00050,11.9825,-7.5,-0.00075,11.9787,-7.5,-0.00075,11.9800,-5.0,-0.00050,11.9812,-5.0,-0.00050,11.9812,-5.0,-0.00050,11.9812,-7.5,-0.00075,131.88
5,846867,1,0,12.12,521.5,728.0,648.7,0.0,5.0075,427.5,0.42750,11.9775,120.0,0.12000,11.9787,1192.5,0.03614,5.0812,697.5,0.06975,11.9787,457.5,0.04575,11.9762,572.5,0.05725,11.9800,140.0,0.01400,11.9787,-5.0,-0.00050,11.9800,-7.5,-0.00075,11.9762,-7.5,-0.00075,11.9775,-5.0,-0.00050,11.9775,-5.0,-0.00050,11.9787,-5.0,-0.00050,11.9787,-7.5,-0.00075,132.21
5,847203,1,0,11.84,643.9,643.3,642.0,0.0,5.0075,425.0,0.42500,11.9762,120.0,0.12000,11.9775,1195.0,0.03621,5.0812,697.5,0.06975,11.9775,462.5,0.04625,11.9750,577.5,0.05775,11.9787,135.0,0.01350,11.9787,-5.0,-0.00050,11.9787,-7.5,-0.00075,11.9762,-7.5,-0.00075,11.9775,-5.0,-0.00050,11.9775,-5.0,-0.00050,11.9775,-5.0,-0.00050,11.9787,-7.5,-0.00075,132.55
5,847539,1,0,11.56,510.3,635.1,792.0,0.0,5.0087,415.0,0.41500,11.9787,115.0,0.11500,11.9800,1192.5,0.03614,5.0812,697.5,0.06975,11.9812,445.0,0.04450,11.9787,550.0,0.05500,11.9812,130.0,0.01300,11.9812,-5.0,-0.00050,11.9825,-7.5,-0.00075,11.9787,-7.5,-0.00075,11.9800,-5.0,-0.00050,11.9800,-5.0,-0.00050,11.9800,-5.0,-0.00050,11.9812,-7.5,-0.00075,132.88
5,848031,1,0,11.15,749.8,498.8,499.1,0.0,5.0100,412.5,0.41250,11.9787,112.5,0.11250,11.9787,1192.5,0.03614,5.0812,697.5,0.06975,11.9800,437.5,0.04375,11.9775,557.5,0.05575,11.9812,127.5,0.01275,11.9800,-5.0,-0.00050,11.9812,-7.5,-0.00075,11.9787,-7.5,-0.00075,11.9800,-5.0,-0.00050,11.9800,-5.0,-0.00050,11.9800,-5.0,-0.00050,11.9812,-7.5,-0.00075,133.38
5,848367,1,0,10.87,493.9,765.8,616.2,0.0,5.0100,405.0,0.40500,11.9787,110.0,0.11000,11.9787,1192.5,0.03614,5.0812,697.5,0.06975,11.9800,427.5,0.04275,11.9775,540.0,0.05400,11.9800,127.5,0.01275,11.9800,-5.0,-0.00050,11.9812,-7.5,-0.00075,11.9775,-7.5,-0.00075,11.9787,-5.0,-0.00050,11.9787,-5.0,-0.00050,11.9800,-5.0,-0.00050,11.9800,-7.5,-0.00075,133.73
5,848724,1,0,10.57,486.8,484.5,606.9,0.0,5.0113,400.0,0.40000,11.9775,110.0,0.11000,11.9787,1192.5,0.03614,5.0812,697.5,0.06975,11.9787,420.0,0.04200,11.9762,532.5,0.05325,11.9800,122.5,0.01225,11.9800,-5.0,-0.00050,11.9800,-7.5,-0.00075,11.9762,-7.5,-0.00075,11.9775,-5.0,-0.00050,11.9775,-5.0,-0.00050,11.9787,-5.0,-0.00050,11.9787,-7.5,-0.00075,134.07
5,849060,1,0,10.29,480.3,478.6,639.8,0.0,5.0100,402.5,0.40250,11.9750,110.0,0.11000,11.9750,1192.5,0.03614,5.0812,697.5,0.06975,11.9762,425.0,0.04250,11.9738,545.0,0.05450,11.9762,125.0,0.01250,11.9762,-5.0,-0.00050,11.9775,-7.5,-0.00075,11.9738,-7.5,-0.00075,11.9750,-5.0,-0.00050,11.9750,-5.0,-0.00050,11.9750,-5.0,-0.00050,11.9762,-7.5,-0.00075,134.42
5,849553,1,0,9.88,706.6,469.7,470.5,0.0,5.0113,397.5,0.39750,11.9750,107.5,0.10750,11.9762,1195.0,0.03621,5.0812,697.5,0.06975,11.9762,422.5,0.04225,11.9750,522.5,0.05225,11.9775,120.0,0.01200,11.9775,-5.0,-0.00050,11.9787,-7.5,-0.00075,11.9750,-7.5,-0.00075,11.9762,-5.0,-0.00050,11.9762,-5.0,-0.00050,11.9762,-5.0,-0.00050,11.9775,-7.5,-0.00075,134.90
5,849889,1,0,9.60,464.6,463.7,462.4,0.0,5.0113,397.5,0.39750,11.9725,107.5,0.10750,11.9725,1192.5,0.03614,5.0812,697.5,0.06975,11.9738,417.5,0.04175,11.9712,532.5,0.05325,11.9738,125.0,0.01250,11.9738,-5.0,-0.00050,11.9750,-7.5,-0.00075,11.9725,-7.5,-0.00075,11.9725,-5.0,-0.00050,11.9738,-5.0,-0.00050,11.9738,-5.0,-0.00050,11.9750,-7.5,-0.00075,135.24
5,850225,1,0,9.32,573.1,572.5,610.8,0.0,5.0125,392.5,0.39250,11.9738,105.0,0.10500,11.9750,1192.5,0.03614,5.0812,697.5,0.06975,11.9762,412.5,0.04125,11.9738,510.0,0.05100,11.9762,115.0,0.01150,11.9762,-5.0,-0.00050,11.9775,-7.5,-0.00075,11.9738,-7.5,-0.00075,11.9750,-5.0,-0.00050,11.9750,-5.0,-0.00050,11.9750,-5.0,-0.00050,11.9762,-7.5,-0.00075,135.58
5,850561,1,0,9.04,566.0,451.2,747.9,0.0,5.0125,392.5,0.39250,11.9738,105.0,0.10500,11.9738,1192.5,0.03614,5.0812,697.5,0.06975,11.9750,410.0,0.04100,11.9725,517.5,0.05175,11.9762,115.0,0.01150,11.9750,-5.0,-0.00050,11.9762,-7.5,-0.00075,11.9725,-7.5,-0.00075,11.9738,-5.0,-0.00050,11.9738,-5.0,-0.00050,11.9750,-5.0,-0.00050,11.9750,-7.5,-0.00075,135.92
5,851073,1,0,8.61,592.1,554.2,585.1,0.0,5.0125,385.0,0.38500,11.9775,105.0,0.10500,11.9787,1190.0,0.03606,5.0812,697.5,0.06975,11.9787,397.5,0.03975,11.9762,512.5,0.05125,11.9800,115.0,0.01150,11.9787,-5.0,-0.00050,11.9800,-7.5,-0.00075,11.9762,-7.5,-0.00075,11.9775,-5.0,-0.00050,11.9775,-5.0,-0.00050,11.9775,-5.0,-0.00050,11.9787,-7.5,-0.00075,136.42
5,851409,1,0,8.33,438.5,546.6,620.2,0.0,5.0125,387.5,0.38750,11.9762,105.0,0.10500,11.9775,1192.5,0.03614,5.0812,697.5,0.06975,11.9787,402.5,0.04025,11.9762,510.0,0.05100,11.9787,112.5,0.01125,11.9787,-5.0,-0.00050,11.9800,-7.5,-0.00075,11.9762,-7.5,-0.00075,11.9775,-5.0,-0.00050,11.9775,-5.0,-0.00050,11.9775,-5.0,-0.00050,11.9787,-7.5,-0.00075,136.76
5,851745,1,0,8.05,431.8,432.3,427.5,0.0,5.0125,385.0,0.38500,11.9775,102.5,0.10250,11.9775,1190.0,0.03606,5.0812,697.5,0.06975,11.9787,400.0,0.04000,11.9762,507.5,0.05075,11.9800,117.5,0.01175,11.9787,-5.0,-0.00050,11.9800,-7.5,-0.00075,11.9775,-7.5,-0.00075,11.9775,-5.0,-0.00050,11.9787,-5.0,-0.00050,11.9787,-5.0,-0.00050,11.9800,-7.5,-0.00075,137.09
5,852081,1,0,7.77,426.8,567.6,422.4,0.0,5.0113,395.0,0.39500,11.9738,107.5,0.10750,11.9750,1192.5,0.03614,5.0812,697.5,0.06975,11.9750,415.0,0.04150,11.9725,520.0,0.05200,11.9762,122.5,0.01225,11.9762,-5.0,-0.00050,11.9762,-7.5,-0.00075,11.9738,-7.5,-0.00075,11.9750,-5.0,-0.00050,11.9750,-5.0,-0.00050,11.9750,-5.0,-0.00050,11.9762,-7.5,-0.00075,137.43
5,852580,1,0,7.36,421.2,420.8,419.8,0.0,5.0100,410.0,0.41000,11.9712,112.5,0.11250,11.9712,1192.5,0.03614,5.0812,697.5,0.06975,11.9725,435.0,0.04350,11.9700,547.5,0.05475,11.9738,130.0,0.01300,11.9725,-5.0,-0.00050,11.9738,-7.5,-0.00075,11.9700,-7.5,-0.00075,11.9712,-5.0,-0.00050,11.9725,-5.0,-0.00050,11.9725,-5.0,-0.00050,11.9738,-7.5,-0.00075,137.93
5,852915,1,0,7.08,479.5,418.0,416.4,0.0,5.0087,417.5,0.41750,11.9675,115.0,0.11500,11.9687,1192.5,0.03614,5.0812,697.5,0.06975,11.9700,447.5,0.04475,11.9675,570.0,0.05700,11.9712,127.5,0.01275,11.9700,-5.0,-0.00050,11.9712,-7.5,-0.00075,11.9675,-7.5,-0.00075,11.9687,-5.0,-0.00050,11.9687,-5.0,-0.00050,11.9687,-5.0,-0.00050,11.9700,-7.5,-0.00075,138.28
5,853272,1,0,6.78,478.2,477.0,417.5,0.0,5.0075,425.0,0.42500,11.9650,117.5,0.11750,11.9662,1192.5,0.03614,5.0812,697.5,0.06975,11.9675,457.5,0.04575,11.9650,577.5,0.05775,11.9675,130.0,0.01300,11.9675,-5.0,-0.00050,11.9687,-7.5,-0.00075,11.9650,-7.5,-0.00075,11.9662,-5.0,-0.00050,11.9662,-5.0,-0.00050,11.9662,-5.0,-0.00050,11.9675,-7.5,-0.00075,138.62
5,853608,1,0,6.50,477.8,417.0,416.0,0.0,5.0075,427.5,0.42750,11.9625,120.0,0.12000,11.9637,1192.5,0.03614,5.0812,697.5,0.06975,11.9637,467.5,0.04675,11.9625,580.0,0.05800,11.9650,135.0,0.01350,11.9650,-5.0,-0.00050,11.9662,-7.5,-0.00075,11.9625,-7.5,-0.00075,11.9637,-5.0,-0.00050,11.9637,-5.0,-0.00050,11.9637,-5.0,-0.00050,11.9650,-7.5,-0.00075,138.95
5,854118,1,0,6.08,418.6,521.2,417.5,0.0,5.0062,432.5,0.43250,11.9625,120.0,0.12000,11.9612,1192.5,0.03614,5.0812,697.5,0.06975,11.9625,472.5,0.04725,11.9600,590.0,0.05900,11.9625,140.0,0.01400,11.9625,-5.0,-0.00050,11.9637,-7.5,-0.00075,11.9612,-7.5,-0.00075,11.9625,-5.0,-0.00050,11.9625,-5.0,-0.00050,11.9625,-5.0,-0.00050,11.9637,-7.5,-0.00075,139.47
5,854454,1,0,5.80,418.5,417.7,417.8,0.0,5.0062,435.0,0.43500,11.9612,122.5,0.12250,11.9612,1192.5,0.03614,5.0812,697.5,0.06975,11.9625,470.0,0.04700,11.9600,592.5,0.05925,11.9637,135.0,0.01350,11.9625,-5.0,-0.00050,11.9637,-7.5,-0.00075,11.9600,-7.5,-0.00075,11.9612,-5.0,-0.00050,11.9612,-5.0,-0.00050,11.9625,-5.0,-0.00050,11.9637,-7.5,-0.00075,139.80
5,854790,1,0,5.52,419.5,477.3,416.2,0.0,5.0062,432.5,0.43250,11.9612,122.5,0.12250,11.9637,1192.5,0.03614,5.0812,697.5,0.06975,11.9637,470.0,0.04700,11.9612,590.0,0.05900,11.9650,132.5,0.01325,11.9650,-5.0,-0.00050,11.9650,-7.5,-0.00075,11.9612,-7.5,-0.00075,11.9625,-5.0,-0.00050,11.9625,-5.0,-0.00050,11.9625,-5.0,-0.00050,11.9637,-7.5,-0.00075,140.15
5,855126,1,0,5.24,699.8,418.0,418.8,0.0,5.0062,432.5,0.43250,11.9625,120.0,0.12000,11.9612,1192.5,0.03614,5.0812,697.5,0.06975,11.9625,472.5,0.04725,11.9600,595.0,0.05950,11.9625,137.5,0.01375,11.9625,-5.0,-0.00050,11.9637,-7.5,-0.00075,11.9612,-7.5,-0.00075,11.9625,-5.0,-0.00050,11.9625,-5.0,-0.00050,11.9625,-5.0,-0.00050,11.9637,-7.5,-0.00075,140.47
5,855614,1,0,4.83,419.3,478.0,419.8,0.0,5.0062,432.5,0.43250,11.9612,122.5,0.12250,11.9637,1192.5,0.03614,5.0812,697.5,0.06975,11.9637,470.0,0.04700,11.9625,590.0,0.05900,11.9650,132.5,0.01325,11.9650,-5.0,-0.00050,11.9662,-7.5,-0.00075,11.9612,-7.5,-0.00075,11.9625,-5.0,-0.00050,11.9625,-5.0,-0.00050,11.9625,-5.0,-0.00050,11.9637,-7.5,-0.00075,140.97
5,855950,1,0,4.55,420.9,557.3,558.5,0.0,5.0062,432.5,0.43250,11.9600,122.5,0.12250,11.9600,1192.5,0.03614,5.0812,697.5,0.06975,11.9612,472.5,0.04725,11.9587,595.0,0.05950,11.9612,137.5,0.01375,11.9612,-5.0,-0.00050,11.9625,-7.5,-0.00075,11.9600,-7.5,-0.00075,11.9600,-5.0,-0.00050,11.9612,-5.0,-0.00050,11.9612,-5.0,-0.00050,11.9625,-7.5,-0.00075,141.30
5,856286,1,0,4.27,0.0,0.0,0.0,0.0,5.0200,327.5,0.32750,11.9913,82.5,0.08250,11.9925,1187.5,0.03598,5.0812,695.0,0.06950,11.9937,352.5,0.03525,11.9900,415.0,0.04150,11.9937,52.5,0.00525,11.9937,-5.0,-0.00050,11.9950,-7.5,-0.00075,11.9913,-7.5,-0.00075,11.9925,-5.0,-0.00050,11.9925,-5.0,-0.00050,11.9925,-5.0,-0.00050,11.9937,-7.5,-0.00075,141.64
5,856622,1,0,3.99,0.0,0.0,0.0,0.0,5.0287,262.5,0.26250,12.0075,57.5,0.05750,12.0087,1187.5,0.03598,5.0812,695.0,0.06950,12.0100,225.0,0.02250,12.0075,290.0,0.02900,12.0100,52.5,0.00525,12.0100,-5.0,-0.00050,12.0100,-7.5,-0.00075,12.0075,-7.5,-0.00075,12.0087,-5.0,-0.00050,12.0087,-5.0,-0.00050,12.0087,-5.0,-0.00050,12.0100,-7.5,-0.00075,141.96
5,857137,1,0,3.56,0.0,0.0,0.0,0.0,5.0287,262.5,0.26250,12.0050,55.0,0.05500,12.0062,1187.5,0.03598,5.0812,695.0,0.06950,12.0075,225.0,0.02250,12.0050,290.0,0.02900,12.0075,52.5,0.00525,12.0075,-5.0,-0.00050,12.0075,-7.5,-0.00075,12.0050,-7.5,-0.00075,12.0062,-5.0,-0.00050,12.0062,-5.0,-0.00050,12.0062,-5.0,-0.00050,12.0075,-7.5,-0.00075,142.48
5,857473,1,0,3.28,0.0,0.0,0.0,0.0,5.0287,262.5,0.26250,12.0037,55.0,0.05500,12.0037,1187.5,0.03598,5.0812,695.0,0.06950,12.0050,225.0,0.02250,12.0025,290.0,0.02900,12.0062,52.5,0.00525,12.0062,-5.0,-0.00050,12.0062,-7.5,-0.00075,12.0037,-7.5,-0.00075,12.0037,-5.0,-0.00050,12.0050,-5.0,-0.00050,12.0050,-5.0,-0.00050,12.0062,-7.5,-0.00075,142.83
5,857830,1,0,2.98,0.0,0.0,0.0,0.0,5.0287,262.5,0.26250,12.0012,57.5,0.05750,12.0025,1185.0,0.03591,5.0812,695.0,0.06950,12.0037,225.0,0.02250,12.0012,290.0,0.02900,12.0037,52.5,0.00525,12.0037,-5.0,-0.00050,12.0050,-7.5,-0.00075,12.0012,-7.5,-0.00075,12.0025,-5.0,-0.00050,12.0025,-5.0,-0.00050,12.0025,-5.0,-0.00050,12.0037,-7.5,-0.00075,143.18
5,858166,1,0,2.70,0.0,0.0,0.0,0.0,5.0287,262.5,0.26250,12.0000,55.0,0.05500,12.0012,1185.0,0.03591,5.0812,695.0,0.06950,12.0012,225.0,0.02250,12.0000,290.0,0.02900,12.0025,52.5,0.00525,12.0025,-5.0,-0.00050,12.0025,-7.5,-0.00075,12.0000,-7.5,-0.00075,12.0012,-5.0,-0.00050,12.0012,-5.0,-0.00050,12.0012,-5.0,-0.00050,12.0025,-7.5,-0.00075,143.51
5,858684,1,0,2.27,0.0,0.0,0.0,0.0,5.0287,262.5,0.26250,11.9987,55.0,0.05500,12.0000,1187.5,0.03598,5.0812,695.0,0.06950,12.0000,225.0,0.02250,11.9987,290.0,0.02900,12.0012,52.5,0.00525,12.0012,-5.0,-0.00050,12.0012,-7.5,-0.00075,11.9987,-7.5,-0.00075,12.0000,-5.0,-0.00050,12.0000,-5.0,-0.00050,12.0000,-5.0,-0.00050,12.0012,-7.5,-0.00075,144.03
5,859019,1,0,1.99,0.0,0.0,0.0,0.0,5.0287,262.5,0.26250,11.9950,55.0,0.05500,11.9963,1187.5,0.03598,5.0812,695.0,0.06950,11.9975,225.0,0.02250,11.9950,290.0,0.02900,11.9975,52.5,0.00525,11.9975,-5.0,-0.00050,11.9987,-7.5,-0.00075,11.9950,-7.5,-0.00075,11.9963,-5.0,-0.00050,11.9963,-5.0,-0.00050,11.9975,-5.0,-0.00050,11.9975,-7.5,-0.00075,144.36
5,859355,1,0,1.71,0.0,0.0,0.0,0.0,5.0287,262.5,0.26250,11.9950,57.5,0.05750,11.9950,1187.5,0.03598,5.0812,695.0,0.06950,11.9975,225.0,0.02250,11.9950,290.0,0.02900,11.9975,52.5,0.00525,11.9975,-5.0,-0.00050,11.9975,-7.5,-0.00075,11.9950,-7.5,-0.00075,11.9963,-5.0,-0.00050,11.9963,-5.0,-0.00050,11.9963,-5.0,-0.00050,11.9975,-7.5,-0.00075,144.70
5,859690,1,0,1.43,0.0,0.0,0.0,0.0,5.0287,262.5,0.26250,11.9937,57.5,0.05750,11.9950,1187.5,0.03598,5.0812,695.0,0.06950,11.9963,225.0,0.02250,11.9937,290.0,0.02900,11.9963,52.5,0.00525,11.9963,-5.0,-0.00050,11.9975,-7.5,-0.00075,11.9937,-7.5,-0.00075,11.9950,-5.0,-0.00050,11.9950,-5.0,-0.00050,11.9950,-5.0,-0.00050,11.9963,-7.5,-0.00075,145.03
5,860222,1,0,0.99,0.0,0.0,0.0,0.0,5.0287,260.0,0.26000,11.9963,57.5,0.05750,11.9963,1187.5,0.03598,5.0812,695.0,0.06950,11.9987,225.0,0.02250,11.9963,290.0,0.02900,11.9987,52.5,0.00525,11.9987,-5.0,-0.00050,11.9987,-7.5,-0.00075,11.9963,-7.5,-0.00075,11.9975,-5.0,-0.00050,11.9975,-5.0,-0.00050,11.9975,-5.0,-0.00050,11.9987,-7.5,-0.00075,145.57
5,860558,1,0,0.71,0.0,0.0,0.0,0.0,5.0287,262.5,0.26250,11.9963,57.5,0.05750,11.9975,1187.5,0.03598,5.0812,695.0,0.06950,11.9987,225.0,0.02250,11.9963,290.0,0.02900,11.9987,52.5,0.00525,11.9987,-5.0,-0.00050,12.0000,-7.5,-0.00075,11.9963,-7.5,-0.00075,11.9975,-5.0,-0.00050,11.9975,-5.0,-0.00050,11.9975,-5.0,-0.00050,11.9987,-7.5,-0.00075,145.90
5,860894,1,0,0.43,0.0,0.0,0.0,0.0,5.0287,262.5,0.26250,11.9975,57.5,0.05750,11.9975,1187.5,0.03598,5.0812,695.0,0.06950,11.9987,225.0,0.02250,11.9963,290.0,0.02900,11.9987,52.5,0.00525,11.9987,-5.0,-0.00050,12.0000,-7.5,-0.00075,11.9963,-7.5,-0.00075,11.9975,-5.0,-0.00050,11.9975,-5.0,-0.00050,11.9987,-5.0,-0.00050,11.9987,-7.5,-0.00075,146.24
5,861229,1,0,0.15,0.0,0.0,0.0,0.0,5.0275,262.5,0.26250,11.9950,57.5,0.05750,11.9963,1187.5,0.03598,5.0812,695.0,0.06950,11.9975,227.5,0.02275,11.9950,292.5,0.02925,11.9975,52.5,0.00525,11.9975,-5.0,-0.00050,11.9987,-7.5,-0.00075,11.9950,-7.5,-0.00075,11.9963,-5.0,-0.00050,11.9963,-5.0,-0.00050,11.9963,-5.0,-0.00050,11.9975,-7.5,-0.00075,146.57
5,861776,1,0,0.00,0.0,0.0,0.0,0.0,5.0287,262.5,0.26250,11.9937,57.5,0.05750,11.9937,1185.0,0.03591,5.0812,695.0,0.06950,11.9950,227.5,0.02275,11.9925,292.5,0.02925,11.9963,52.5,0.00525,11.9950,-5.0,-0.00050,11.9963,-7.5,-0.00075,11.9925,-7.5,-0.00075,11.9937,-5.0,-0.00050,11.9937,-5.0,-0.00050,11.9950,-5.0,-0.00050,11.9950,-7.5,-0.00075,147.12
5,862111,1,0,0.00,0.0,0.0,0.0,0.0,5.0275,262.5,0.26250,11.9913,57.5,0.05750,11.9925,1187.5,0.03598,5.0812,695.0,0.06950,11.9937,227.5,0.02275,11.9913,292.5,0.02925,11.9937,52.5,0.00525,11.9937,-5.0,-0.00050,11.9950,-7.5,-0.00075,11.9913,-7.5,-0.00075,11.9925,-5.0,-0.00050,11.9925,-5.0,-0.00050,11.9925,-5.0,-0.00050,11.9937,-7.5,-0.00075,147.47
5,862468,1,0,0.00,0.0,0.0,0.0,0.0,5.0275,262.5,0.26250,11.9913,57.5,0.05750,11.9913,1187.5,0.03598,5.0812,695.0,0.06950,11.9925,227.5,0.02275,11.9900,292.5,0.02925,11.9937,52.5,0.00525,11.9925,-5.0,-0.00050,11.9937,-7.5,-0.00075,11.9900,-7.5,-0.00075,11.9913,-5.0,-0.00050,11.9913,-5.0,-0.00050,11.9925,-5.0,-0.00050,11.9925,-7.5,-0.00075,147.81
5,862804,1,0,0.00,0.0,0.0,0.0,0.0,5.0275,265.0,0.26500,11.9900,57.5,0.05750,11.9913,1187.5,0.03598,5.0812,695.0,0.06950,11.9925,227.5,0.02275,11.9900,292.5,0.02925,11.9925,52.5,0.00525,11.9925,-5.0,-0.00050,11.9937,-7.5,-0.00075,11.9900,-7.5,-0.00075,11.9913,-5.0,-0.00050,11.9913,-5.0,-0.00050,11.9913,-5.0,-0.00050,11.9925,-7.5,-0.00075,148.15
5,863285,1,0,0.00,0.0,0.0,0.0,0.0,5.0275,262.5,0.26250,11.9900,57.5,0.05750,11.9900,1187.5,0.03598,5.0812,695.0,0.06950,11.9913,227.5,0.02275,11.9900,292.5,0.02925,11.9925,52.5,0.00525,11.9913,-5.0,-0.00050,11.9925,-7.5,-0.00075,11.9887,-7.5,-0.00075,11.9900,-5.0,-0.00050,11.9913,-5.0,-0.00050,11.9913,-5.0,-0.00050,11.9925,-7.5,-0.00075,148.63
5,863620,1,0,0.00,0.0,0.0,0.0,0.0,5.0275,265.0,0.26500,11.9875,57.5,0.05750,11.9887,1187.5,0.03598,5.0812,695.0,0.06950,11.9900,227.5,0.02275,11.9875,292.5,0.02925,11.9900,52.5,0.00525,11.9900,-5.0,-0.00050,11.9913,-7.5,-0.00075,11.9875,-7.5,-0.00075,11.9887,-5.0,-0.00050,11.9887,-5.0,-0.00050,11.9887,-5.0,-0.00050,11.9900,-7.5,-0.00075,148.97
5,863956,1,0,0.00,0.0,0.0,0.0,0.0,5.0287,262.5,0.26250,11.9875,57.5,0.05750,11.9887,1187.5,0.03598,5.0812,695.0,0.06950,11.9887,227.5,0.02275,11.9875,292.5,0.02925,11.9900,52.5,0.00525,11.9900,-5.0,-0.00050,11.9900,-7.5,-0.00075,11.9875,-7.5,-0.00075,11.9887,-5.0,-0.00050,11.9887,-5.0,-0.00050,11.9887,-5.0,-0.00050,11.9900,-7.5,-0.00075,149.30
5,864291,1,0,0.00,0.0,0.0,0.0,0.0,5.0275,262.5,0.26250,11.9862,57.5,0.05750,11.9875,1187.5,0.03598,5.0812,695.0,0.06950,11.9887,227.5,0.02275,11.9862,292.5,0.02925,11.9887,52.5,0.00525,11.9887,-5.0,-0.00050,11.9887,-7.5,-0.00075,11.9862,-7.5,-0.00075,11.9875,-5.0,-0.00050,11.9875,-5.0,-0.00050,11.9875,-5.0,-0.00050,11.9887,-7.5,-0.00075,149.63
5,864867,1,0,0.00,0.0,0.0,0.0,0.0,5.0287,262.5,0.26250,11.9887,57.5,0.05750,11.9887,1187.5,0.03598,5.0812,695.0,0.06950,11.9900,227.5,0.02275,11.9875,292.5,0.02925,11.9913,52.5,0.00525,11.9900,-5.0,-0.00050,11.9913,-7.5,-0.00075,11.9875,-7.5,-0.00075,11.9887,-5.0,-0.00050,11.9887,-5.0,-0.00050,11.9900,-5.0,-0.00050,11.9900,-7.5,-0.00075,150.22
5,865203,1,0,0.00,0.0,0.0,0.0,0.0,5.0275,262.5,0.26250,11.9875,57.5,0.05750,11.9887,1187.5,0.03598,5.0812,695.0,0.06950,11.9900,227.5,0.02275,11.9875,292.5,0.02925,11.9900,52.5,0.00525,11.9900,-5.0,-0.00050,11.9913,-7.5,-0.00075,11.9875,-7.5,-0.00075,11.9887,-5.0,-0.00050,11.9887,-5.0,-0.00050,11.9887,-5.0,-0.00050,11.9900,-7.5,-0.00075,150.55
5,865539,1,0,0.00,0.0,0.0,0.0,0.0,5.0275,262.5,0.26250,11.9900,57.5,0.05750,11.9900,1185.0,0.03591,5.0812,695.0,0.06950,11.9913,227.5,0.02275,11.9887,292.5,0.02925,11.9925,52.5,0.00525,11.9913,-5.0,-0.00050,11.9925,-7.5,-0.00075,11.9887,-7.5,-0.00075,11.9900,-5.0,-0.00050,11.9913,-5.0,-0.00050,11.9913,-5.0,-0.00050,11.9925,-7.5,-0.00075,150.89
5,865874,1,0,0.00,0.0,0.0,0.0,0.0,5.0275,262.5,0.26250,11.9900,57.5,0.05750,11.9913,1185.0,0.03591,5.0812,695.0,0.06950,11.9925,227.5,0.02275,11.9900,292.5,0.02925,11.9925,52.5,0.00525,11.9925,-5.0,-0.00050,11.9937,-7.5,-0.00075,11.9900,-7.5,-0.00075,11.9913,-5.0,-0.00050,11.9913,-5.0,-0.00050,11.9925,-5.0,-0.00050,11.9925,-7.5,-0.00075,151.23
5,866352,1,0,0.00,0.0,0.0,0.0,0.0,5.0287,262.5,0.26250,11.9900,57.5,0.05750,11.9913,1187.5,0.03598,5.0812,695.0,0.06950,11.9925,227.5,0.02275,11.9900,292.5,0.02925,11.9925,52.5,0.00525,11.9925,-5.0,-0.00050,11.9937,-7.5,-0.00075,11.9900,-7.5,-0.00075,11.9913,-5.0,-0.00050,11.9913,-5.0,-0.00050,11.9913,-5.0,-0.00050,11.9925,-7.5,-0.00075,151.70
5,866688,1,0,0.00,0.0,0.0,0.0,0.0,5.0287,262.5,0.26250,11.9862,57.5,0.05750,11.9862,1187.5,0.03598,5.0812,695.0,0.06950,11.9875,227.5,0.02275,11.9862,292.5,0.02925,11.9887,52.5,0.00525,11.9887,-5.0,-0.00050,11.9887,-7.5,-0.00075,11.9862,-7.5,-0.00075,11.9875,-5.0,-0.00050,11.9875,-5.0,-0.00050,11.9875,-5.0,-0.00050,11.9887,-7.5,-0.00075,152.06
5,867045,1,0,0.00,0.0,0.0,0.0,0.0,5.0287,262.5,0.26250,11.9875,57.5,0.05750,11.9887,1187.5,0.03598,5.0812,695.0,0.06950,11.9900,227.5,0.02275,11.9875,292.5,0.02925,11.9900,52.5,0.00525,11.9900,-5.0,-0.00050,11.9913,-7.5,-0.00075,11.9875,-7.5,-0.00075,11.9887,-5.0,-0.00050,11.9887,-5.0,-0.00050,11.9887,-5.0,-0.00050,11.9900,-7.5,-0.00075,152.39
5,867381,1,0,0.00,0.0,0.0,0.0,0.0,5.0287,262.5,0.26250,11.9862,57.5,0.05750,11.9875,1185.0,0.03591,5.0812,695.0,0.06950,11.9887,227.5,0.02275,11.9862,292.5,0.02925,11.9887,52.5,0.00525,11.9887,-5.0,-0.00050,11.9900,-7.5,-0.00075,11.9862,-7.5,-0.00075,11.9875,-5.0,-0.00050,11.9875,-5.0,-0.00050,11.9875,-5.0,-0.00050,11.9887,-7.5,-0.00075,152.74
5,867863,1,0,0.00,0.0,0.0,0.0,0.0,5.0287,262.5,0.26250,11.9812,57.5,0.05750,11.9825,1187.5,0.03598,5.0812,695.0,0.06950,11.9837,227.5,0.02275,11.9812,292.5,0.02925,11.9837,52.5,0.00525,11.9837,-5.0,-0.00050,11.9850,-7.5,-0.00075,11.9812,-7.5,-0.00075,11.9825,-5.0,-0.00050,11.9825,-5.0,-0.00050,11.9825,-5.0,-0.00050,11.9837,-7.5,-0.00075,153.21
5,868199,1,0,0.00,0.0,0.0,0.0,0.0,5.0287,262.5,0.26250,11.9750,57.5,0.05750,11.9762,1187.5,0.03598,5.0812,695.0,0.06950,11.9775,227.5,0.02275,11.9750,292.5,0.02925,11.9775,52.5,0.00525,11.9775,-5.0,-0.00050,11.9787,-7.5,-0.00075,11.9750,-7.5,-0.00075,11.9762,-5.0,-0.00050,11.9762,-5.0,-0.00050,11.9762,-5.0,-0.00050,11.9775,-7.5,-0.00075,153.55
5,868535,1,0,0.00,0.0,0.0,0.0,0.0,5.0275,262.5,0.26250,11.9712,57.5,0.05750,11.9725,1190.0,0.03606,5.0812,695.0,0.06950,11.9738,227.5,0.02275,11.9712,292.5,0.02925,11.9738,52.5,0.00525,11.9738,-5.0,-0.00050,11.9750,-7.5,-0.00075,11.9712,-7.5,-0.00075,11.9725,-5.0,-0.00050,11.9725,-5.0,-0.00050,11.9725,-5.0,-0.00050,11.9738,-7.5,-0.00075,153.89
5,868870,1,0,0.00,0.0,0.0,0.0,0.0,5.0275,262.5,0.26250,11.9700,57.5,0.05750,11.9700,1187.5,0.03598,5.0812,695.0,0.06950,11.9712,227.5,0.02275,11.9687,292.5,0.02925,11.9725,52.5,0.00525,11.9712,-5.0,-0.00050,11.9725,-7.5,-0.00075,11.9700,-7.5,-0.00075,11.9712,-5.0,-0.00050,11.9712,-5.0,-0.00050,11.9712,-5.0,-0.00050,11.9725,-7.5,-0.00075,154.22
5,869366,1,0,0.00,0.0,0.0,0.0,0.0,5.0287,262.5,0.26250,11.9675,57.5,0.05750,11.9675,1187.5,0.03598,5.0812,695.0,0.06950,11.9687,227.5,0.02275,11.9662,292.5,0.02925,11.9700,52.5,0.00525,11.9687,-5.0,-0.00050,11.9700,-7.5,-0.00075,11.9662,-7.5,-0.00075,11.9675,-5.0,-0.00050,11.9675,-5.0,-0.00050,11.9675,-5.0,-0.00050,11.9687,-7.5,-0.00075,154.72
