run,t_ms,n,flags,pwm_pct,fan1_rpm,fan2_rpm,fan3_rpm,fan4_rpm,in_V,in_uV,in_A,fan12_V,fan12_uV,fan12_A,b5in_V,b5in_uV,b5in_A,b5out_V,b5out_uV,b5out_A,fan1_V,fan1_uV,fan1_A,fan2_V,fan2_uV,fan2_A,fan3_V,fan3_uV,fan3_A,fan4_V,fan4_uV,fan4_A,fan5_V,fan5_uV,fan5_A,fan6_V,fan6_uV,fan6_A,fan7_V,fan7_uV,fan7_A,fan8_V,fan8_uV,fan8_A,fan9_V,fan9_uV,fan9_A,fan10_V,fan10_uV,fan10_A,pc_time_s
6,100254,1,0,0.00,0.0,0.0,0.0,0.0,15.0387,85.0,0.08500,12.0538,60.0,0.06000,12.0550,1187.5,0.03598,5.0812,695.0,0.06950,12.0562,227.5,0.02275,12.0538,292.5,0.02925,12.0562,52.5,0.00525,12.0562,-5.0,-0.00050,12.0575,-7.5,-0.00075,12.0538,-7.5,-0.00075,12.0550,-5.0,-0.00050,12.0550,-5.0,-0.00050,12.0550,-5.0,-0.00050,12.0562,-7.5,-0.00075,0.54
6,100601,1,0,0.01,0.0,0.0,0.0,0.0,15.0375,85.0,0.08500,12.0538,60.0,0.06000,12.0550,1187.5,0.03598,5.0812,695.0,0.06950,12.0562,227.5,0.02275,12.0538,292.5,0.02925,12.0562,52.5,0.00525,12.0562,-5.0,-0.00050,12.0575,-7.5,-0.00075,12.0538,-7.5,-0.00075,12.0550,-5.0,-0.00050,12.0550,-5.0,-0.00050,12.0550,-5.0,-0.00050,12.0562,-7.5,-0.00075,0.88
6,100938,1,0,0.29,0.0,0.0,0.0,0.0,15.0375,85.0,0.08500,12.0538,57.5,0.05750,12.0550,1187.5,0.03598,5.0812,695.0,0.06950,12.0562,225.0,0.02250,12.0538,290.0,0.02900,12.0562,52.5,0.00525,12.0562,-5.0,-0.00050,12.0575,-7.5,-0.00075,12.0538,-7.5,-0.00075,12.0550,-5.0,-0.00050,12.0550,-5.0,-0.00050,12.0550,-5.0,-0.00050,12.0562,-7.5,-0.00075,1.22
6,101274,1,0,0.57,0.0,0.0,0.0,0.0,15.0363,85.0,0.08500,12.0538,57.5,0.05750,12.0550,1187.5,0.03598,5.0812,695.0,0.06950,12.0562,225.0,0.02250,12.0538,290.0,0.02900,12.0562,52.5,0.00525,12.0562,-5.0,-0.00050,12.0575,-7.5,-0.00075,12.0538,-7.5,-0.00075,12.0550,-5.0,-0.00050,12.0550,-5.0,-0.00050,12.0550,-5.0,-0.00050,12.0562,-7.5,-0.00075,1.56
6,101609,1,0,0.85,0.0,0.0,0.0,0.0,15.0375,85.0,0.08500,12.0538,57.5,0.05750,12.0550,1185.0,0.03591,5.0812,695.0,0.06950,12.0562,225.0,0.02250,12.0538,290.0,0.02900,12.0562,52.5,0.00525,12.0562,-5.0,-0.00050,12.0575,-7.5,-0.00075,12.0538,-7.5,-0.00075,12.0550,-5.0,-0.00050,12.0550,-5.0,-0.00050,12.0550,-5.0,-0.00050,12.0562,-7.5,-0.00075,1.90
6,101965,1,0,1.15,0.0,0.0,0.0,0.0,15.0387,85.0,0.08500,12.0538,57.5,0.05750,12.0550,1190.0,0.03606,5.0812,695.0,0.06950,12.0562,225.0,0.02250,12.0538,290.0,0.02900,12.0562,52.5,0.00525,12.0562,-5.0,-0.00050,12.0575,-7.5,-0.00075,12.0538,-7.5,-0.00075,12.0550,-5.0,-0.00050,12.0550,-5.0,-0.00050,12.0550,-5.0,-0.00050,12.0562,-7.5,-0.00075,2.26
6,102302,1,0,1.43,0.0,0.0,0.0,0.0,15.0387,85.0,0.08500,12.0538,57.5,0.05750,12.0550,1192.5,0.03614,5.0812,695.0,0.06950,12.0562,225.0,0.02250,12.0538,290.0,0.02900,12.0562,52.5,0.00525,12.0562,-5.0,-0.00050,12.0575,-7.5,-0.00075,12.0538,-7.5,-0.00075,12.0550,-5.0,-0.00050,12.0550,-5.0,-0.00050,12.0550,-5.0,-0.00050,12.0562,-7.5,-0.00075,2.60
6,102638,1,0,1.71,0.0,0.0,0.0,0.0,15.0387,85.0,0.08500,12.0538,57.5,0.05750,12.0550,1187.5,0.03598,5.0812,695.0,0.06950,12.0562,225.0,0.02250,12.0538,290.0,0.02900,12.0562,52.5,0.00525,12.0562,-5.0,-0.00050,12.0575,-7.5,-0.00075,12.0538,-7.5,-0.00075,12.0550,-5.0,-0.00050,12.0550,-5.0,-0.00050,12.0550,-5.0,-0.00050,12.0562,-7.5,-0.00075,2.93
6,102973,1,0,1.99,0.0,0.0,0.0,0.0,15.0375,85.0,0.08500,12.0538,60.0,0.06000,12.0550,1187.5,0.03598,5.0812,695.0,0.06950,12.0562,225.0,0.02250,12.0538,290.0,0.02900,12.0562,52.5,0.00525,12.0562,-5.0,-0.00050,12.0575,-7.5,-0.00075,12.0538,-10.0,-0.00100,12.0550,-5.0,-0.00050,12.0550,-5.0,-0.00050,12.0550,-5.0,-0.00050,12.0562,-7.5,-0.00075,3.26
6,103308,1,0,2.26,0.0,0.0,0.0,0.0,15.0363,85.0,0.08500,12.0538,57.5,0.05750,12.0550,1185.0,0.03591,5.0812,695.0,0.06950,12.0562,225.0,0.02250,12.0538,290.0,0.02900,12.0562,52.5,0.00525,12.0562,-5.0,-0.00050,12.0575,-7.5,-0.00075,12.0538,-7.5,-0.00075,12.0550,-5.0,-0.00050,12.0550,-5.0,-0.00050,12.0550,-5.0,-0.00050,12.0562,-7.5,-0.00075,3.59
6,103644,1,0,2.54,0.0,0.0,0.0,0.0,15.0375,85.0,0.08500,12.0538,57.5,0.05750,12.0550,1190.0,0.03606,5.0812,695.0,0.06950,12.0562,225.0,0.02250,12.0538,290.0,0.02900,12.0562,52.5,0.00525,12.0562,-5.0,-0.00050,12.0575,-7.5,-0.00075,12.0538,-7.5,-0.00075,12.0550,-5.0,-0.00050,12.0550,-5.0,-0.00050,12.0550,-5.0,-0.00050,12.0562,-7.5,-0.00075,3.95
6,104001,1,0,2.84,0.0,0.0,0.0,0.0,15.0387,85.0,0.08500,12.0538,57.5,0.05750,12.0550,1190.0,0.03606,5.0812,695.0,0.06950,12.0562,225.0,0.02250,12.0538,290.0,0.02900,12.0562,52.5,0.00525,12.0562,-5.0,-0.00050,12.0575,-7.5,-0.00075,12.0538,-7.5,-0.00075,12.0550,-5.0,-0.00050,12.0550,-5.0,-0.00050,12.0550,-5.0,-0.00050,12.0562,-7.5,-0.00075,4.29
6,104337,1,0,3.12,0.0,0.0,0.0,0.0,15.0387,85.0,0.08500,12.0538,57.5,0.05750,12.0538,1190.0,0.03606,5.0812,695.0,0.06950,12.0562,225.0,0.02250,12.0538,290.0,0.02900,12.0562,52.5,0.00525,12.0562,-5.0,-0.00050,12.0575,-7.5,-0.00075,12.0538,-7.5,-0.00075,12.0550,-5.0,-0.00050,12.0550,-5.0,-0.00050,12.0550,-5.0,-0.00050,12.0562,-7.5,-0.00075,4.63
6,104673,1,0,3.40,0.0,0.0,0.0,0.0,15.0387,85.0,0.08500,12.0538,57.5,0.05750,12.0550,1187.5,0.03598,5.0812,695.0,0.06950,12.0562,225.0,0.02250,12.0538,290.0,0.02900,12.0562,52.5,0.00525,12.0562,-5.0,-0.00050,12.0575,-7.5,-0.00075,12.0538,-7.5,-0.00075,12.0550,-5.0,-0.00050,12.0550,-5.0,-0.00050,12.0550,-5.0,-0.00050,12.0562,-7.5,-0.00075,4.95
6,105009,1,0,3.68,0.0,0.0,0.0,0.0,15.0387,85.0,0.08500,12.0538,60.0,0.06000,12.0550,1190.0,0.03606,5.0812,695.0,0.06950,12.0562,225.0,0.02250,12.0538,290.0,0.02900,12.0562,52.5,0.00525,12.0562,-5.0,-0.00050,12.0575,-7.5,-0.00075,12.0538,-7.5,-0.00075,12.0550,-5.0,-0.00050,12.0550,-5.0,-0.00050,12.0550,-5.0,-0.00050,12.0562,-7.5,-0.00075,5.29
6,105345,1,0,3.96,0.0,0.0,0.0,0.0,15.0387,85.0,0.08500,12.0538,57.5,0.05750,12.0550,1192.5,0.03614,5.0812,695.0,0.06950,12.0562,225.0,0.02250,12.0538,290.0,0.02900,12.0562,52.5,0.00525,12.0562,-5.0,-0.00050,12.0575,-7.5,-0.00075,12.0538,-7.5,-0.00075,12.0550,-5.0,-0.00050,12.0550,-5.0,-0.00050,12.0550,-5.0,-0.00050,12.0562,-7.5,-0.00075,5.63
6,105680,1,0,4.24,0.0,0.0,0.0,0.0,15.0387,85.0,0.08500,12.0538,57.5,0.05750,12.0550,1190.0,0.03606,5.0812,695.0,0.06950,12.0562,225.0,0.02250,12.0538,290.0,0.02900,12.0562,52.5,0.00525,12.0562,-5.0,-0.00050,12.0575,-7.5,-0.00075,12.0538,-7.5,-0.00075,12.0550,-5.0,-0.00050,12.0550,-5.0,-0.00050,12.0550,-5.0,-0.00050,12.0562,-7.5,-0.00075,5.98
6,106036,1,0,4.54,0.0,0.0,0.0,0.0,15.0387,85.0,0.08500,12.0538,60.0,0.06000,12.0550,1190.0,0.03606,5.0812,695.0,0.06950,12.0562,225.0,0.02250,12.0538,290.0,0.02900,12.0562,52.5,0.00525,12.0562,-5.0,-0.00050,12.0575,-7.5,-0.00075,12.0538,-7.5,-0.00075,12.0550,-5.0,-0.00050,12.0550,-5.0,-0.00050,12.0550,-5.0,-0.00050,12.0562,-7.5,-0.00075,6.32
6,106373,1,0,4.82,0.0,0.0,0.0,0.0,15.0387,85.0,0.08500,12.0538,57.5,0.05750,12.0550,1190.0,0.03606,5.0812,695.0,0.06950,12.0562,225.0,0.02250,12.0538,290.0,0.02900,12.0562,52.5,0.00525,12.0562,-5.0,-0.00050,12.0575,-7.5,-0.00075,12.0538,-7.5,-0.00075,12.0550,-5.0,-0.00050,12.0550,-5.0,-0.00050,12.0550,-5.0,-0.00050,12.0562,-7.5,-0.00075,6.66
6,106709,1,0,5.10,0.0,0.0,0.0,0.0,15.0387,82.5,0.08250,12.0538,57.5,0.05750,12.0550,1190.0,0.03606,5.0812,695.0,0.06950,12.0562,222.5,0.02225,12.0538,287.5,0.02875,12.0562,50.0,0.00500,12.0562,-5.0,-0.00050,12.0575,-7.5,-0.00075,12.0538,-7.5,-0.00075,12.0550,-5.0,-0.00050,12.0550,-5.0,-0.00050,12.0550,-5.0,-0.00050,12.0562,-7.5,-0.00075,7.00
6,107044,1,0,5.38,0.0,0.0,0.0,0.0,15.0387,82.5,0.08250,12.0538,57.5,0.05750,12.0550,1192.5,0.03614,5.0812,695.0,0.06950,12.0562,222.5,0.02225,12.0538,287.5,0.02875,12.0562,50.0,0.00500,12.0562,-5.0,-0.00050,12.0575,-7.5,-0.00075,12.0538,-7.5,-0.00075,12.0550,-5.0,-0.00050,12.0550,-5.0,-0.00050,12.0550,-5.0,-0.00050,12.0562,-7.5,-0.00075,7.32
6,107379,1,0,5.66,0.0,0.0,0.0,0.0,15.0387,82.5,0.08250,12.0550,57.5,0.05750,12.0550,1192.5,0.03614,5.0812,695.0,0.06950,12.0562,222.5,0.02225,12.0538,287.5,0.02875,12.0562,50.0,0.00500,12.0562,-5.0,-0.00050,12.0575,-7.5,-0.00075,12.0538,-7.5,-0.00075,12.0550,-5.0,-0.00050,12.0550,-5.0,-0.00050,12.0550,-5.0,-0.00050,12.0562,-7.5,-0.00075,7.66
6,107715,1,0,5.94,0.0,0.0,0.0,0.0,14.9000,1107.5,1.10750,12.0387,1272.5,1.27250,12.0400,1192.5,0.03614,5.0812,695.0,0.06950,12.0287,4777.5,0.47775,12.0250,5932.5,0.59325,12.0350,1180.0,0.11800,12.0363,-5.0,-0.00050,12.0387,-7.5,-0.00075,12.0363,-7.5,-0.00075,12.0375,-5.0,-0.00050,12.0387,-5.0,-0.00050,12.0400,-5.0,-0.00050,12.0412,-7.5,-0.00075,8.02
6,108072,1,0,6.24,0.0,0.0,0.0,0.0,14.9375,837.5,0.83750,12.0575,965.0,0.96500,12.0625,1187.5,0.03598,5.0812,695.0,0.06950,12.0538,3530.0,0.35300,12.0525,4647.5,0.46475,12.0588,872.5,0.08725,12.0600,-5.0,-0.00050,12.0612,-7.5,-0.00075,12.0538,-7.5,-0.00075,12.0562,-5.0,-0.00050,12.0562,-5.0,-0.00050,12.0562,-5.0,-0.00050,12.0575,-7.5,-0.00075,8.36
6,108408,1,0,6.52,322.2,467.0,309.8,0.0,14.9850,477.5,0.47750,12.0512,540.0,0.54000,12.0525,1190.0,0.03606,5.0812,697.5,0.06975,12.0487,1990.0,0.19900,12.0475,2502.5,0.25025,12.0512,510.0,0.05100,12.0525,-5.0,-0.00050,12.0538,-7.5,-0.00075,12.0500,-7.5,-0.00075,12.0500,-5.0,-0.00050,12.0512,-5.0,-0.00050,12.0512,-5.0,-0.00050,12.0525,-7.5,-0.00075,8.70
6,108744,1,0,6.80,525.3,393.1,393.3,0.0,14.9875,447.5,0.44750,12.0512,500.0,0.50000,12.0525,1190.0,0.03606,5.0812,697.5,0.06975,12.0500,1865.0,0.18650,12.0462,2312.5,0.23125,12.0512,485.0,0.04850,12.0525,-5.0,-0.00050,12.0525,-7.5,-0.00075,12.0487,-7.5,-0.00075,12.0512,-5.0,-0.00050,12.0500,-5.0,-0.00050,12.0512,-5.0,-0.00050,12.0512,-7.5,-0.00075,9.04
6,109081,1,0,7.08,529.8,565.4,565.8,0.0,14.9925,415.0,0.41500,12.0512,462.5,0.46250,12.0538,1190.0,0.03606,5.0812,697.5,0.06975,12.0500,1730.0,0.17300,12.0475,2160.0,0.21600,12.0525,447.5,0.04475,12.0525,-5.0,-0.00050,12.0538,-7.5,-0.00075,12.0500,-7.5,-0.00075,12.0512,-5.0,-0.00050,12.0512,-5.0,-0.00050,12.0512,-5.0,-0.00050,12.0525,-7.5,-0.00075,9.38
6,109417,1,0,7.36,512.6,506.4,629.0,0.0,14.9975,377.5,0.37750,12.0512,417.5,0.41750,12.0525,1195.0,0.03621,5.0812,697.5,0.06975,12.0487,1570.0,0.15700,12.0462,1932.5,0.19325,12.0512,410.0,0.04100,12.0512,-5.0,-0.00050,12.0525,-7.5,-0.00075,12.0487,-7.5,-0.00075,12.0500,-5.0,-0.00050,12.0512,-5.0,-0.00050,12.0512,-5.0,-0.00050,12.0525,-7.5,-0.00075,9.70
6,109753,1,0,7.64,661.6,658.5,607.3,0.0,15.0025,342.5,0.34250,12.0512,370.0,0.37000,12.0525,1192.5,0.03614,5.0812,697.5,0.06975,12.0500,1385.0,0.13850,12.0475,1740.0,0.17400,12.0512,360.0,0.03600,12.0512,-5.0,-0.00050,12.0525,-7.5,-0.00075,12.0500,-7.5,-0.00075,12.0512,-5.0,-0.00050,12.0512,-5.0,-0.00050,12.0512,-5.0,-0.00050,12.0525,-7.5,-0.00075,10.06
6,110110,1,0,7.93,705.0,702.2,583.0,0.0,15.0062,305.0,0.30500,12.0512,327.5,0.32750,12.0525,1195.0,0.03621,5.0812,697.5,0.06975,12.0500,1227.5,0.12275,12.0487,1512.5,0.15125,12.0525,315.0,0.03150,12.0525,-5.0,-0.00050,12.0538,-7.5,-0.00075,12.0500,-7.5,-0.00075,12.0512,-5.0,-0.00050,12.0512,-5.0,-0.00050,12.0525,-5.0,-0.00050,12.0538,-7.5,-0.00075,10.40
6,110447,1,0,8.21,613.3,773.8,856.7,0.0,15.0112,272.5,0.27250,12.0512,287.5,0.28750,12.0525,1195.0,0.03621,5.0812,697.5,0.06975,12.0512,1082.5,0.10825,12.0487,1337.5,0.13375,12.0525,277.5,0.02775,12.0525,-5.0,-0.00050,12.0538,-7.5,-0.00075,12.0500,-7.5,-0.00075,12.0512,-5.0,-0.00050,12.0512,-5.0,-0.00050,12.0512,-5.0,-0.00050,12.0525,-7.5,-0.00075,10.73
6,110783,1,0,8.49,629.8,749.4,801.6,0.0,15.0150,245.0,0.24500,12.0512,252.5,0.25250,12.0525,1192.5,0.03614,5.0812,697.5,0.06975,12.0512,957.5,0.09575,12.0487,1192.5,0.11925,12.0525,242.5,0.02425,12.0525,-5.0,-0.00050,12.0538,-7.5,-0.00075,12.0500,-7.5,-0.00075,12.0512,-5.0,-0.00050,12.0525,-5.0,-0.00050,12.0525,-5.0,-0.00050,12.0538,-7.5,-0.00075,11.08
6,111119,1,0,8.77,769.8,1018.7,641.3,0.0,15.0187,222.5,0.22250,12.0512,225.0,0.22500,12.0525,1192.5,0.03614,5.0812,697.5,0.06975,12.0525,855.0,0.08550,12.0500,1060.0,0.10600,12.0525,220.0,0.02200,12.0525,-5.0,-0.00050,12.0538,-7.5,-0.00075,12.0512,-7.5,-0.00075,12.0525,-5.0,-0.00050,12.0525,-5.0,-0.00050,12.0525,-5.0,-0.00050,12.0538,-7.5,-0.00075,11.41
6,111455,1,0,9.05,646.3,964.2,645.6,0.0,15.0225,200.0,0.20000,12.0512,200.0,0.20000,12.0525,1192.5,0.03614,5.0812,697.5,0.06975,12.0525,765.0,0.07650,12.0500,947.5,0.09475,12.0538,195.0,0.01950,12.0538,-5.0,-0.00050,12.0538,-7.5,-0.00075,12.0512,-7.5,-0.00075,12.0525,-5.0,-0.00050,12.0525,-5.0,-0.00050,12.0525,-5.0,-0.00050,12.0538,-7.5,-0.00075,11.74
6,111792,1,0,9.34,778.0,772.4,863.6,0.0,15.0250,180.0,0.18000,12.0525,175.0,0.17500,12.0525,1192.5,0.03614,5.0812,697.5,0.06975,12.0525,665.0,0.06650,12.0500,827.5,0.08275,12.0538,170.0,0.01700,12.0538,-5.0,-0.00050,12.0550,-7.5,-0.00075,12.0512,-7.5,-0.00075,12.0525,-5.0,-0.00050,12.0525,-5.0,-0.00050,12.0525,-5.0,-0.00050,12.0538,-7.5,-0.00075,12.10
6,112149,1,0,9.63,819.5,768.8,644.8,0.0,15.0262,165.0,0.16500,12.0525,157.5,0.15750,12.0525,1190.0,0.03606,5.0812,697.5,0.06975,12.0525,597.5,0.05975,12.0500,752.5,0.07525,12.0538,152.5,0.01525,12.0538,-5.0,-0.00050,12.0550,-7.5,-0.00075,12.0512,-7.5,-0.00075,12.0525,-5.0,-0.00050,12.0525,-5.0,-0.00050,12.0525,-5.0,-0.00050,12.0538,-7.5,-0.00075,12.44
6,112485,1,0,9.91,764.5,845.3,849.6,0.0,15.0275,155.0,0.15500,12.0525,145.0,0.14500,12.0525,1192.5,0.03614,5.0812,697.5,0.06975,12.0538,542.5,0.05425,12.0512,685.0,0.06850,12.0538,137.5,0.01375,12.0538,-5.0,-0.00050,12.0550,-7.5,-0.00075,12.0512,-7.5,-0.00075,12.0525,-5.0,-0.00050,12.0525,-5.0,-0.00050,12.0525,-5.0,-0.00050,12.0538,-7.5,-0.00075,12.77
6,112821,1,0,10.19,629.2,625.6,628.1,0.0,15.0287,147.5,0.14750,12.0525,135.0,0.13500,12.0525,1192.5,0.03614,5.0812,697.5,0.06975,12.0538,510.0,0.05100,12.0512,647.5,0.06475,12.0550,127.5,0.01275,12.0550,-5.0,-0.00050,12.0550,-7.5,-0.00075,12.0512,-7.5,-0.00075,12.0538,-5.0,-0.00050,12.0538,-5.0,-0.00050,12.0538,-5.0,-0.00050,12.0550,-7.5,-0.00075,13.12
6,113158,1,0,10.47,618.7,738.6,617.7,0.0,15.0287,142.5,0.14250,12.0525,127.5,0.12750,12.0525,1190.0,0.03606,5.0812,697.5,0.06975,12.0538,485.0,0.04850,12.0512,617.5,0.06175,12.0550,120.0,0.01200,12.0550,-5.0,-0.00050,12.0550,-7.5,-0.00075,12.0512,-7.5,-0.00075,12.0538,-5.0,-0.00050,12.0538,-5.0,-0.00050,12.0538,-5.0,-0.00050,12.0550,-7.5,-0.00075,13.45
6,113494,1,0,10.75,609.1,849.4,608.4,0.0,15.0287,140.0,0.14000,12.0525,127.5,0.12750,12.0525,1192.5,0.03614,5.0812,697.5,0.06975,12.0538,485.0,0.04850,12.0512,605.0,0.06050,12.0538,117.5,0.01175,12.0538,-5.0,-0.00050,12.0550,-7.5,-0.00075,12.0512,-7.5,-0.00075,12.0525,-5.0,-0.00050,12.0538,-5.0,-0.00050,12.0538,-5.0,-0.00050,12.0550,-7.5,-0.00075,13.78
6,113830,1,0,11.03,653.0,715.3,834.7,0.0,15.0287,137.5,0.13750,12.0525,125.0,0.12500,12.0525,1195.0,0.03621,5.0812,697.5,0.06975,12.0538,472.5,0.04725,12.0512,597.5,0.05975,12.0550,117.5,0.01175,12.0538,-5.0,-0.00050,12.0550,-7.5,-0.00075,12.0512,-7.5,-0.00075,12.0538,-5.0,-0.00050,12.0538,-5.0,-0.00050,12.0538,-5.0,-0.00050,12.0550,-7.5,-0.00075,14.14
6,114187,1,0,11.33,589.1,704.7,587.8,0.0,15.0287,140.0,0.14000,12.0525,127.5,0.12750,12.0525,1190.0,0.03606,5.0812,697.5,0.06975,12.0538,492.5,0.04925,12.0512,612.5,0.06125,12.0550,117.5,0.01175,12.0538,-5.0,-0.00050,12.0550,-7.5,-0.00075,12.0512,-7.5,-0.00075,12.0525,-5.0,-0.00050,12.0538,-5.0,-0.00050,12.0538,-5.0,-0.00050,12.0538,-7.5,-0.00075,14.49
6,114524,1,0,11.61,726.4,694.6,576.6,0.0,15.0287,142.5,0.14250,12.0525,130.0,0.13000,12.0525,1195.0,0.03621,5.0812,697.5,0.06975,12.0538,502.5,0.05025,12.0512,625.0,0.06250,12.0538,120.0,0.01200,12.0538,-5.0,-0.00050,12.0550,-7.5,-0.00075,12.0512,-7.5,-0.00075,12.0525,-5.0,-0.00050,12.0538,-5.0,-0.00050,12.0538,-5.0,-0.00050,12.0550,-7.5,-0.00075,14.81
6,114860,1,0,11.89,689.0,802.0,683.5,0.0,15.0287,147.5,0.14750,12.0525,137.5,0.13750,12.0525,1192.5,0.03614,5.0812,697.5,0.06975,12.0538,525.0,0.05250,12.0512,652.5,0.06525,12.0538,125.0,0.01250,12.0538,-5.0,-0.00050,12.0550,-7.5,-0.00075,12.0512,-7.5,-0.00075,12.0525,-5.0,-0.00050,12.0525,-5.0,-0.00050,12.0538,-5.0,-0.00050,12.0538,-7.5,-0.00075,15.15
6,115196,1,0,12.17,854.1,568.2,706.7,0.0,15.0275,152.5,0.15250,12.0525,142.5,0.14250,12.0525,1195.0,0.03621,5.0812,697.5,0.06975,12.0538,545.0,0.05450,12.0512,682.5,0.06825,12.0538,135.0,0.01350,12.0538,-5.0,-0.00050,12.0550,-7.5,-0.00075,12.0512,-7.5,-0.00075,12.0525,-5.0,-0.00050,12.0538,-5.0,-0.00050,12.0538,-5.0,-0.00050,12.0538,-7.5,-0.00075,15.49
6,115532,1,0,12.45,880.5,790.6,562.5,0.0,15.0287,155.0,0.15500,12.0525,147.5,0.14750,12.0525,1190.0,0.03606,5.0812,697.5,0.06975,12.0538,555.0,0.05550,12.0512,695.0,0.06950,12.0538,137.5,0.01375,12.0538,-5.0,-0.00050,12.0550,-7.5,-0.00075,12.0512,-7.5,-0.00075,12.0525,-5.0,-0.00050,12.0525,-5.0,-0.00050,12.0525,-5.0,-0.00050,12.0538,-7.5,-0.00075,15.82
6,115869,1,0,12.73,563.7,562.6,560.3,0.0,15.0275,162.5,0.16250,12.0525,152.5,0.15250,12.0525,1192.5,0.03614,5.0812,697.5,0.06975,12.0538,580.0,0.05800,12.0500,732.5,0.07325,12.0538,140.0,0.01400,12.0538,-5.0,-0.00050,12.0550,-7.5,-0.00075,12.0512,-7.5,-0.00075,12.0525,-5.0,-0.00050,12.0525,-5.0,-0.00050,12.0538,-5.0,-0.00050,12.0538,-7.5,-0.00075,16.18
6,116226,1,0,13.03,625.3,786.7,558.4,0.0,15.0262,167.5,0.16750,12.0525,162.5,0.16250,12.0525,1192.5,0.03614,5.0812,697.5,0.06975,12.0525,620.0,0.06200,12.0512,767.5,0.07675,12.0538,147.5,0.01475,12.0538,-5.0,-0.00050,12.0550,-7.5,-0.00075,12.0512,-7.5,-0.00075,12.0525,-5.0,-0.00050,12.0525,-5.0,-0.00050,12.0525,-5.0,-0.00050,12.0538,-7.5,-0.00075,16.51
6,116562,1,0,13.31,677.2,676.0,558.5,0.0,15.0262,175.0,0.17500,12.0525,167.5,0.16750,12.0525,1195.0,0.03621,5.0812,697.5,0.06975,12.0525,642.5,0.06425,12.0500,810.0,0.08100,12.0538,160.0,0.01600,12.0538,-5.0,-0.00050,12.0550,-7.5,-0.00075,12.0512,-7.5,-0.00075,12.0525,-5.0,-0.00050,12.0525,-5.0,-0.00050,12.0525,-5.0,-0.00050,12.0538,-7.5,-0.00075,16.86
6,116898,1,0,13.59,630.6,707.4,702.5,0.0,15.0250,177.5,0.17750,12.0512,172.5,0.17250,12.0525,1192.5,0.03614,5.0812,697.5,0.06975,12.0525,660.0,0.06600,12.0500,825.0,0.08250,12.0538,162.5,0.01625,12.0525,-5.0,-0.00050,12.0538,-7.5,-0.00075,12.0512,-7.5,-0.00075,12.0512,-5.0,-0.00050,12.0525,-5.0,-0.00050,12.0525,-5.0,-0.00050,12.0538,-7.5,-0.00075,17.19
6,117235,1,0,13.87,570.9,911.1,753.4,0.0,15.0237,182.5,0.18250,12.0512,180.0,0.18000,12.0525,1190.0,0.03606,5.0812,697.5,0.06975,12.0525,685.0,0.06850,12.0500,845.0,0.08450,12.0538,167.5,0.01675,12.0538,-5.0,-0.00050,12.0538,-7.5,-0.00075,12.0512,-7.5,-0.00075,12.0525,-5.0,-0.00050,12.0525,-5.0,-0.00050,12.0525,-5.0,-0.00050,12.0538,-7.5,-0.00075,17.53
6,117571,1,0,14.15,575.2,729.9,571.1,0.0,15.0237,187.5,0.18750,12.0512,185.0,0.18500,12.0525,1192.5,0.03614,5.0812,697.5,0.06975,12.0525,705.0,0.07050,12.0500,880.0,0.08800,12.0538,177.5,0.01775,12.0525,-5.0,-0.00050,12.0538,-7.5,-0.00075,12.0512,-7.5,-0.00075,12.0525,-5.0,-0.00050,12.0525,-5.0,-0.00050,12.0525,-5.0,-0.00050,12.0538,-7.5,-0.00075,17.87
6,117907,1,0,14.43,580.1,694.7,575.3,0.0,15.0225,192.5,0.19250,12.0512,192.5,0.19250,12.0525,1192.5,0.03614,5.0812,697.5,0.06975,12.0525,727.5,0.07275,12.0500,910.0,0.09100,12.0525,187.5,0.01875,12.0525,-5.0,-0.00050,12.0538,-7.5,-0.00075,12.0500,-7.5,-0.00075,12.0512,-5.0,-0.00050,12.0525,-5.0,-0.00050,12.0525,-5.0,-0.00050,12.0538,-7.5,-0.00075,18.20
6,118264,1,0,14.73,586.5,744.6,697.0,0.0,15.0225,195.0,0.19500,12.0512,195.0,0.19500,12.0525,1192.5,0.03614,5.0812,697.5,0.06975,12.0525,737.5,0.07375,12.0500,915.0,0.09150,12.0538,182.5,0.01825,12.0538,-5.0,-0.00050,12.0550,-7.5,-0.00075,12.0512,-7.5,-0.00075,12.0512,-5.0,-0.00050,12.0525,-5.0,-0.00050,12.0525,-5.0,-0.00050,12.0538,-7.5,-0.00075,18.56
6,118601,1,0,15.01,592.9,591.0,707.1,0.0,15.0212,200.0,0.20000,12.0512,200.0,0.20000,12.0525,1190.0,0.03606,5.0812,697.5,0.06975,12.0512,760.0,0.07600,12.0500,947.5,0.09475,12.0525,190.0,0.01900,12.0525,-5.0,-0.00050,12.0538,-7.5,-0.00075,12.0512,-7.5,-0.00075,12.0525,-5.0,-0.00050,12.0525,-5.0,-0.00050,12.0525,-5.0,-0.00050,12.0538,-7.5,-0.00075,18.90
6,118937,1,0,15.29,762.4,717.3,713.2,0.0,15.0200,200.0,0.20000,12.0512,197.5,0.19750,12.0525,1190.0,0.03606,5.0812,697.5,0.06975,12.0525,745.0,0.07450,12.0500,942.5,0.09425,12.0538,190.0,0.01900,12.0525,-5.0,-0.00050,12.0538,-7.5,-0.00075,12.0500,-7.5,-0.00075,12.0525,-5.0,-0.00050,12.0525,-5.0,-0.00050,12.0525,-5.0,-0.00050,12.0538,-7.5,-0.00075,19.23
6,119273,1,0,15.57,727.5,725.4,655.5,0.0,15.0200,202.5,0.20250,12.0512,205.0,0.20500,12.0525,1192.5,0.03614,5.0812,697.5,0.06975,12.0512,787.5,0.07875,12.0500,967.5,0.09675,12.0525,192.5,0.01925,12.0525,-5.0,-0.00050,12.0538,-7.5,-0.00075,12.0500,-7.5,-0.00075,12.0512,-5.0,-0.00050,12.0512,-5.0,-0.00050,12.0525,-5.0,-0.00050,12.0538,-7.5,-0.00075,19.57
6,119609,1,0,15.85,612.4,665.7,851.0,0.0,15.0200,205.0,0.20500,12.0512,205.0,0.20500,12.0525,1195.0,0.03621,5.0812,697.5,0.06975,12.0525,775.0,0.07750,12.0500,972.5,0.09725,12.0538,190.0,0.01900,12.0538,-5.0,-0.00050,12.0538,-7.5,-0.00075,12.0500,-7.5,-0.00075,12.0525,-5.0,-0.00050,12.0512,-5.0,-0.00050,12.0525,-5.0,-0.00050,12.0525,-7.5,-0.00075,19.90
6,119946,1,0,16.13,741.8,739.4,667.9,0.0,15.0187,210.0,0.21000,12.0512,210.0,0.21000,12.0512,1192.5,0.03614,5.0812,697.5,0.06975,12.0512,780.0,0.07800,12.0487,997.5,0.09975,12.0525,202.5,0.02025,12.0525,-5.0,-0.00050,12.0538,-7.5,-0.00075,12.0500,-7.5,-0.00075,12.0512,-5.0,-0.00050,12.0512,-5.0,-0.00050,12.0525,-5.0,-0.00050,12.0525,-7.5,-0.00075,20.24
6,120303,1,0,16.43,750.6,747.8,869.9,0.0,15.0187,207.5,0.20750,12.0512,207.5,0.20750,12.0512,1190.0,0.03606,5.0812,697.5,0.06975,12.0512,785.0,0.07850,12.0487,992.5,0.09925,12.0525,207.5,0.02075,12.0525,-5.0,-0.00050,12.0538,-7.5,-0.00075,12.0500,-7.5,-0.00075,12.0512,-5.0,-0.00050,12.0512,-5.0,-0.00050,12.0525,-5.0,-0.00050,12.0538,-7.5,-0.00075,20.59
6,120639,1,0,16.71,689.4,755.9,625.3,0.0,15.0187,210.0,0.21000,12.0512,212.5,0.21250,12.0512,1192.5,0.03614,5.0812,697.5,0.06975,12.0512,807.5,0.08075,12.0487,1012.5,0.10125,12.0525,202.5,0.02025,12.0525,-5.0,-0.00050,12.0538,-7.5,-0.00075,12.0500,-7.5,-0.00075,12.0512,-5.0,-0.00050,12.0512,-5.0,-0.00050,12.0525,-5.0,-0.00050,12.0525,-7.5,-0.00075,20.93
6,120975,1,0,16.99,638.6,635.9,760.1,0.0,15.0187,212.5,0.21250,12.0512,215.0,0.21500,12.0512,1192.5,0.03614,5.0812,697.5,0.06975,12.0512,810.0,0.08100,12.0487,1022.5,0.10225,12.0525,207.5,0.02075,12.0525,-5.0,-0.00050,12.0538,-7.5,-0.00075,12.0500,-7.5,-0.00075,12.0512,-5.0,-0.00050,12.0525,-5.0,-0.00050,12.0525,-5.0,-0.00050,12.0525,-7.5,-0.00075,21.26
6,121312,1,0,17.27,645.3,935.0,812.5,0.0,15.0187,215.0,0.21500,12.0512,217.5,0.21750,12.0512,1192.5,0.03614,5.0812,697.5,0.06975,12.0512,815.0,0.08150,12.0487,1020.0,0.10200,12.0525,212.5,0.02125,12.0525,-5.0,-0.00050,12.0538,-7.5,-0.00075,12.0500,-7.5,-0.00075,12.0512,-5.0,-0.00050,12.0512,-5.0,-0.00050,12.0512,-5.0,-0.00050,12.0525,-7.5,-0.00075,21.59
6,121648,1,0,17.55,759.6,648.0,861.0,0.0,15.0187,212.5,0.21250,12.0512,215.0,0.21500,12.0525,1195.0,0.03621,5.0812,697.5,0.06975,12.0512,817.5,0.08175,12.0487,1025.0,0.10250,12.0525,212.5,0.02125,12.0525,-5.0,-0.00050,12.0538,-7.5,-0.00075,12.0512,-7.5,-0.00075,12.0525,-5.0,-0.00050,12.0525,-5.0,-0.00050,12.0525,-5.0,-0.00050,12.0538,-7.5,-0.00075,21.93
6,121984,1,0,17.83,954.3,653.8,652.9,0.0,15.0187,212.5,0.21250,12.0512,215.0,0.21500,12.0512,1192.5,0.03614,5.0812,697.5,0.06975,12.0512,815.0,0.08150,12.0487,1015.0,0.10150,12.0525,210.0,0.02100,12.0525,-5.0,-0.00050,12.0538,-7.5,-0.00075,12.0500,-7.5,-0.00075,12.0512,-5.0,-0.00050,12.0512,-5.0,-0.00050,12.0512,-5.0,-0.00050,12.0525,-7.5,-0.00075,22.28
6,122341,1,0,18.13,661.5,658.9,876.9,0.0,15.0187,215.0,0.21500,12.0512,217.5,0.21750,12.0525,1192.5,0.03614,5.0812,697.5,0.06975,12.0525,810.0,0.08100,12.0487,1025.0,0.10250,12.0525,215.0,0.02150,12.0525,-5.0,-0.00050,12.0538,-7.5,-0.00075,12.0500,-7.5,-0.00075,12.0512,-5.0,-0.00050,12.0512,-5.0,-0.00050,12.0525,-5.0,-0.00050,12.0525,-7.5,-0.00075,22.63
6,122678,1,0,18.41,667.4,930.2,662.2,0.0,15.0187,217.5,0.21750,12.0512,220.0,0.22000,12.0525,1195.0,0.03621,5.0812,697.5,0.06975,12.0512,822.5,0.08225,12.0487,1037.5,0.10375,12.0525,215.0,0.02150,12.0525,-5.0,-0.00050,12.0538,-7.5,-0.00075,12.0500,-7.5,-0.00075,12.0525,-5.0,-0.00050,12.0512,-5.0,-0.00050,12.0525,-5.0,-0.00050,12.0525,-7.5,-0.00075,22.97
6,123014,1,0,18.69,672.1,824.4,668.7,0.0,15.0187,222.5,0.22250,12.0512,225.0,0.22500,12.0512,1192.5,0.03614,5.0812,697.5,0.06975,12.0512,842.5,0.08425,12.0487,1067.5,0.10675,12.0525,222.5,0.02225,12.0525,-5.0,-0.00050,12.0538,-7.5,-0.00075,12.0500,-7.5,-0.00075,12.0512,-5.0,-0.00050,12.0512,-5.0,-0.00050,12.0525,-5.0,-0.00050,12.0525,-7.5,-0.00075,23.30
6,123350,1,0,18.97,677.5,787.8,811.0,0.0,15.0187,222.5,0.22250,12.0512,225.0,0.22500,12.0512,1190.0,0.03606,5.0812,697.5,0.06975,12.0512,842.5,0.08425,12.0487,1057.5,0.10575,12.0525,225.0,0.02250,12.0525,-5.0,-0.00050,12.0538,-7.5,-0.00075,12.0500,-7.5,-0.00075,12.0512,-5.0,-0.00050,12.0512,-5.0,-0.00050,12.0525,-5.0,-0.00050,12.0525,-7.5,-0.00075,23.65
6,123686,1,0,19.25,797.3,795.1,794.0,0.0,15.0187,227.5,0.22750,12.0512,232.5,0.23250,12.0525,1190.0,0.03606,5.0812,697.5,0.06975,12.0512,880.0,0.08800,12.0487,1085.0,0.10850,12.0525,225.0,0.02250,12.0525,-5.0,-0.00050,12.0538,-7.5,-0.00075,12.0500,-7.5,-0.00075,12.0512,-5.0,-0.00050,12.0512,-5.0,-0.00050,12.0525,-5.0,-0.00050,12.0525,-7.5,-0.00075,23.98
6,124023,1,0,19.53,690.1,825.8,686.7,0.0,15.0187,227.5,0.22750,12.0512,232.5,0.23250,12.0512,1192.5,0.03614,5.0812,697.5,0.06975,12.0512,885.0,0.08850,12.0487,1107.5,0.11075,12.0525,220.0,0.02200,12.0525,-5.0,-0.00050,12.0538,-7.5,-0.00075,12.0500,-7.5,-0.00075,12.0512,-5.0,-0.00050,12.0512,-5.0,-0.00050,12.0525,-5.0,-0.00050,12.0525,-7.5,-0.00075,24.32
6,124380,1,0,19.83,696.5,810.3,692.6,0.0,15.0175,232.5,0.23250,12.0512,240.0,0.24000,12.0525,1192.5,0.03614,5.0812,697.5,0.06975,12.0512,897.5,0.08975,12.0487,1117.5,0.11175,12.0525,235.0,0.02350,12.0525,-5.0,-0.00050,12.0538,-7.5,-0.00075,12.0500,-7.5,-0.00075,12.0512,-5.0,-0.00050,12.0512,-5.0,-0.00050,12.0512,-5.0,-0.00050,12.0525,-7.5,-0.00075,24.67
6,124716,1,0,20.11,820.0,1050.9,932.4,0.0,15.0187,230.0,0.23000,12.0512,237.5,0.23750,12.0525,1195.0,0.03621,5.0812,697.5,0.06975,12.0512,890.0,0.08900,12.0487,1120.0,0.11200,12.0525,232.5,0.02325,12.0525,-5.0,-0.00050,12.0538,-7.5,-0.00075,12.0500,-7.5,-0.00075,12.0512,-5.0,-0.00050,12.0512,-5.0,-0.00050,12.0525,-5.0,-0.00050,12.0525,-7.5,-0.00075,25.01
6,125052,1,0,20.39,709.3,847.7,705.7,0.0,15.0175,237.5,0.23750,12.0512,245.0,0.24500,12.0512,1192.5,0.03614,5.0812,697.5,0.06975,12.0512,932.5,0.09325,12.0487,1152.5,0.11525,12.0525,235.0,0.02350,12.0525,-5.0,-0.00050,12.0538,-7.5,-0.00075,12.0500,-7.5,-0.00075,12.0512,-5.0,-0.00050,12.0512,-5.0,-0.00050,12.0525,-5.0,-0.00050,12.0525,-7.5,-0.00075,25.33
6,125389,1,0,20.67,835.0,949.7,948.6,0.0,15.0187,232.5,0.23250,12.0512,240.0,0.24000,12.0512,1192.5,0.03614,5.0812,697.5,0.06975,12.0512,905.0,0.09050,12.0487,1130.0,0.11300,12.0525,235.0,0.02350,12.0525,-5.0,-0.00050,12.0538,-7.5,-0.00075,12.0500,-7.5,-0.00075,12.0512,-5.0,-0.00050,12.0512,-5.0,-0.00050,12.0525,-5.0,-0.00050,12.0538,-7.5,-0.00075,25.69
6,125725,1,0,20.95,842.1,717.9,836.6,0.0,15.0175,240.0,0.24000,12.0512,245.0,0.24500,12.0512,1190.0,0.03606,5.0812,697.5,0.06975,12.0512,937.5,0.09375,12.0487,1160.0,0.11600,12.0525,230.0,0.02300,12.0525,-5.0,-0.00050,12.0538,-7.5,-0.00075,12.0500,-7.5,-0.00075,12.0512,-5.0,-0.00050,12.0512,-5.0,-0.00050,12.0512,-5.0,-0.00050,12.0525,-7.5,-0.00075,26.02
6,126061,1,0,21.23,727.9,827.7,842.1,0.0,15.0175,240.0,0.24000,12.0512,247.5,0.24750,12.0525,1192.5,0.03614,5.0812,697.5,0.06975,12.0512,932.5,0.09325,12.0487,1165.0,0.11650,12.0525,235.0,0.02350,12.0525,-5.0,-0.00050,12.0538,-7.5,-0.00075,12.0500,-7.5,-0.00075,12.0512,-5.0,-0.00050,12.0512,-5.0,-0.00050,12.0525,-5.0,-0.00050,12.0525,-7.5,-0.00075,26.36
6,126418,1,0,21.52,978.7,730.6,849.0,0.0,15.0175,242.5,0.24250,12.0512,252.5,0.25250,12.0512,1190.0,0.03606,5.0812,697.5,0.06975,12.0512,947.5,0.09475,12.0487,1177.5,0.11775,12.0525,255.0,0.02550,12.0525,-5.0,-0.00050,12.0538,-7.5,-0.00075,12.0500,-7.5,-0.00075,12.0512,-5.0,-0.00050,12.0512,-5.0,-0.00050,12.0512,-5.0,-0.00050,12.0525,-7.5,-0.00075,26.70
6,126755,1,0,21.80,862.9,947.3,733.4,0.0,15.0175,242.5,0.24250,12.0512,250.0,0.25000,12.0512,1195.0,0.03621,5.0812,697.5,0.06975,12.0512,947.5,0.09475,12.0487,1180.0,0.11800,12.0525,245.0,0.02450,12.0525,-5.0,-0.00050,12.0538,-7.5,-0.00075,12.0500,-7.5,-0.00075,12.0512,-5.0,-0.00050,12.0512,-5.0,-0.00050,12.0512,-5.0,-0.00050,12.0525,-7.5,-0.00075,27.04
6,127091,1,0,22.08,850.5,989.8,863.6,0.0,15.0175,240.0,0.24000,12.0512,247.5,0.24750,12.0525,1192.5,0.03614,5.0812,697.5,0.06975,12.0512,940.0,0.09400,12.0487,1172.5,0.11725,12.0525,242.5,0.02425,12.0525,-5.0,-0.00050,12.0538,-7.5,-0.00075,12.0500,-7.5,-0.00075,12.0512,-5.0,-0.00050,12.0525,-5.0,-0.00050,12.0525,-5.0,-0.00050,12.0525,-7.5,-0.00075,27.38
6,127427,1,0,22.36,748.7,870.8,914.9,0.0,15.0187,235.0,0.23500,12.0512,242.5,0.24250,12.0525,1195.0,0.03621,5.0812,697.5,0.06975,12.0512,910.0,0.09100,12.0487,1145.0,0.11450,12.0525,240.0,0.02400,12.0525,-5.0,-0.00050,12.0538,-7.5,-0.00075,12.0500,-7.5,-0.00075,12.0512,-5.0,-0.00050,12.0512,-5.0,-0.00050,12.0525,-5.0,-0.00050,12.0525,-7.5,-0.00075,27.71
6,127763,1,0,22.64,1001.4,856.0,748.5,0.0,15.0187,230.0,0.23000,12.0512,235.0,0.23500,12.0525,1195.0,0.03621,5.0812,697.5,0.06975,12.0512,885.0,0.08850,12.0487,1112.5,0.11125,12.0525,237.5,0.02375,12.0525,-5.0,-0.00050,12.0538,-7.5,-0.00075,12.0500,-7.5,-0.00075,12.0512,-5.0,-0.00050,12.0525,-5.0,-0.00050,12.0525,-5.0,-0.00050,12.0538,-7.5,-0.00075,28.06
6,128100,1,0,22.93,753.6,876.4,875.9,0.0,15.0187,232.5,0.23250,12.0512,240.0,0.24000,12.0525,1195.0,0.03621,5.0812,697.5,0.06975,12.0512,900.0,0.09000,12.0487,1127.5,0.11275,12.0525,240.0,0.02400,12.0525,-5.0,-0.00050,12.0538,-7.5,-0.00075,12.0500,-7.5,-0.00075,12.0512,-5.0,-0.00050,12.0512,-5.0,-0.00050,12.0525,-5.0,-0.00050,12.0525,-7.5,-0.00075,28.40
6,128457,1,0,23.22,756.9,929.3,928.3,0.0,15.0175,242.5,0.24250,12.0512,250.0,0.25000,12.0512,1195.0,0.03621,5.0812,697.5,0.06975,12.0512,955.0,0.09550,12.0487,1180.0,0.11800,12.0525,237.5,0.02375,12.0525,-5.0,-0.00050,12.0538,-7.5,-0.00075,12.0500,-7.5,-0.00075,12.0512,-5.0,-0.00050,12.0512,-5.0,-0.00050,12.0512,-5.0,-0.00050,12.0525,-7.5,-0.00075,28.74
6,128793,1,0,23.50,889.1,759.6,883.6,0.0,15.0175,245.0,0.24500,12.0512,255.0,0.25500,12.0525,1192.5,0.03614,5.0812,700.0,0.07000,12.0512,962.5,0.09625,12.0487,1195.0,0.11950,12.0525,245.0,0.02450,12.0525,-5.0,-0.00050,12.0538,-7.5,-0.00075,12.0500,-7.5,-0.00075,12.0512,-5.0,-0.00050,12.0512,-5.0,-0.00050,12.0525,-5.0,-0.00050,12.0525,-7.5,-0.00075,29.09
6,129129,1,0,23.78,876.6,764.2,979.9,0.0,15.0162,247.5,0.24750,12.0512,255.0,0.25500,12.0512,1195.0,0.03621,5.0812,697.5,0.06975,12.0512,962.5,0.09625,12.0487,1205.0,0.12050,12.0525,245.0,0.02450,12.0525,-5.0,-0.00050,12.0538,-7.5,-0.00075,12.0500,-7.5,-0.00075,12.0512,-5.0,-0.00050,12.0512,-5.0,-0.00050,12.0525,-5.0,-0.00050,12.0525,-7.5,-0.00075,29.42
6,129466,1,0,24.06,771.9,879.2,766.2,0.0,15.0150,255.0,0.25500,12.0512,265.0,0.26500,12.0512,1192.5,0.03614,5.0812,697.5,0.06975,12.0512,990.0,0.09900,12.0487,1247.5,0.12475,12.0525,262.5,0.02625,12.0525,-5.0,-0.00050,12.0538,-7.5,-0.00075,12.0500,-7.5,-0.00075,12.0512,-5.0,-0.00050,12.0512,-5.0,-0.00050,12.0512,-5.0,-0.00050,12.0525,-7.5,-0.00075,29.76
6,129802,1,0,24.34,777.2,1032.4,772.8,0.0,15.0150,255.0,0.25500,12.0512,267.5,0.26750,12.0525,1195.0,0.03621,5.0812,700.0,0.07000,12.0512,997.5,0.09975,12.0487,1255.0,0.12550,12.0525,265.0,0.02650,12.0525,-5.0,-0.00050,12.0538,-7.5,-0.00075,12.0500,-7.5,-0.00075,12.0512,-5.0,-0.00050,12.0512,-5.0,-0.00050,12.0512,-5.0,-0.00050,12.0525,-7.5,-0.00075,30.10
6,130138,1,0,24.62,783.4,936.7,890.8,0.0,15.0138,265.0,0.26500,12.0512,280.0,0.28000,12.0512,1195.0,0.03621,5.0812,697.5,0.06975,12.0500,1055.0,0.10550,12.0487,1312.5,0.13125,12.0525,275.0,0.02750,12.0525,-5.0,-0.00050,12.0538,-7.5,-0.00075,12.0500,-7.5,-0.00075,12.0512,-5.0,-0.00050,12.0512,-5.0,-0.00050,12.0512,-5.0,-0.00050,12.0525,-7.5,-0.00075,30.44
6,130495,1,0,24.92,790.7,919.2,965.6,0.0,15.0138,270.0,0.27000,12.0512,282.5,0.28250,12.0525,1192.5,0.03614,5.0812,697.5,0.06975,12.0512,1065.0,0.10650,12.0487,1332.5,0.13325,12.0525,280.0,0.02800,12.0525,-5.0,-0.00050,12.0538,-7.5,-0.00075,12.0500,-7.5,-0.00075,12.0512,-5.0,-0.00050,12.0512,-5.0,-0.00050,12.0525,-5.0,-0.00050,12.0525,-7.5,-0.00075,30.79
6,130832,1,0,25.20,930.3,926.9,905.3,0.0,15.0125,275.0,0.27500,12.0500,292.5,0.29250,12.0512,1192.5,0.03614,5.0812,697.5,0.06975,12.0512,1082.5,0.10825,12.0475,1372.5,0.13725,12.0525,282.5,0.02825,12.0525,-5.0,-0.00050,12.0525,-7.5,-0.00075,12.0500,-7.5,-0.00075,12.0512,-5.0,-0.00050,12.0512,-5.0,-0.00050,12.0512,-5.0,-0.00050,12.0525,-7.5,-0.00075,31.13
6,131168,1,0,25.48,804.1,1109.2,798.9,0.0,15.0138,275.0,0.27500,12.0512,292.5,0.29250,12.0512,1195.0,0.03621,5.0812,697.5,0.06975,12.0512,1082.5,0.10825,12.0475,1370.0,0.13700,12.0525,287.5,0.02875,12.0525,-5.0,-0.00050,12.0525,-7.5,-0.00075,12.0500,-7.5,-0.00075,12.0512,-5.0,-0.00050,12.0512,-5.0,-0.00050,12.0512,-5.0,-0.00050,12.0525,-7.5,-0.00075,31.46
6,131504,1,0,25.76,1042.6,807.2,921.0,0.0,15.0125,282.5,0.28250,12.0512,300.0,0.30000,12.0512,1192.5,0.03614,5.0812,700.0,0.07000,12.0512,1125.0,0.11250,12.0475,1405.0,0.14050,12.0525,287.5,0.02875,12.0525,-5.0,-0.00050,12.0525,-7.5,-0.00075,12.0500,-7.5,-0.00075,12.0512,-5.0,-0.00050,12.0512,-5.0,-0.00050,12.0512,-5.0,-0.00050,12.0525,-7.5,-0.00075,31.79
6,131840,1,0,26.04,1168.3,976.5,865.6,0.0,15.0138,277.5,0.27750,12.0512,292.5,0.29250,12.0525,1195.0,0.03621,5.0812,700.0,0.07000,12.0500,1100.0,0.11000,12.0475,1382.5,0.13825,12.0525,290.0,0.02900,12.0525,-5.0,-0.00050,12.0525,-7.5,-0.00075,12.0500,-7.5,-0.00075,12.0512,-5.0,-0.00050,12.0512,-5.0,-0.00050,12.0512,-5.0,-0.00050,12.0525,-7.5,-0.00075,32.13
6,132177,1,0,26.32,823.9,874.2,1051.5,0.0,15.0125,285.0,0.28500,12.0512,302.5,0.30250,12.0512,1192.5,0.03614,5.0812,700.0,0.07000,12.0500,1137.5,0.11375,12.0475,1415.0,0.14150,12.0512,292.5,0.02925,12.0512,-5.0,-0.00050,12.0525,-7.5,-0.00075,12.0500,-7.5,-0.00075,12.0512,-5.0,-0.00050,12.0512,-5.0,-0.00050,12.0512,-5.0,-0.00050,12.0525,-7.5,-0.00075,32.48
6,132534,1,0,26.62,1068.6,930.4,824.3,0.0,15.0125,285.0,0.28500,12.0512,302.5,0.30250,12.0525,1195.0,0.03621,5.0812,697.5,0.06975,12.0500,1130.0,0.11300,12.0475,1412.5,0.14125,12.0525,302.5,0.03025,12.0525,-5.0,-0.00050,12.0538,-7.5,-0.00075,12.0500,-7.5,-0.00075,12.0512,-5.0,-0.00050,12.0512,-5.0,-0.00050,12.0512,-5.0,-0.00050,12.0525,-7.5,-0.00075,32.83
6,132870,1,0,26.90,956.4,1071.7,948.8,0.0,15.0138,282.5,0.28250,12.0512,302.5,0.30250,12.0512,1197.5,0.03629,5.0812,697.5,0.06975,12.0512,1120.0,0.11200,12.0475,1415.0,0.14150,12.0525,302.5,0.03025,12.0525,-5.0,-0.00050,12.0538,-7.5,-0.00075,12.0500,-7.5,-0.00075,12.0512,-5.0,-0.00050,12.0512,-5.0,-0.00050,12.0512,-5.0,-0.00050,12.0525,-7.5,-0.00075,33.16
6,133206,1,0,27.18,842.3,958.1,956.4,0.0,15.0125,287.5,0.28750,12.0512,305.0,0.30500,12.0525,1197.5,0.03629,5.0812,700.0,0.07000,12.0500,1142.5,0.11425,12.0487,1442.5,0.14425,12.0525,315.0,0.03150,12.0525,-5.0,-0.00050,12.0538,-7.5,-0.00075,12.0500,-7.5,-0.00075,12.0512,-5.0,-0.00050,12.0512,-5.0,-0.00050,12.0512,-5.0,-0.00050,12.0525,-7.5,-0.00075,33.50
6,133543,1,0,27.46,1061.2,1055.9,843.7,0.0,15.0125,295.0,0.29500,12.0512,315.0,0.31500,12.0525,1195.0,0.03621,5.0812,700.0,0.07000,12.0500,1195.0,0.11950,12.0487,1485.0,0.14850,12.0525,307.5,0.03075,12.0525,-5.0,-0.00050,12.0538,-7.5,-0.00075,12.0500,-7.5,-0.00075,12.0512,-5.0,-0.00050,12.0512,-5.0,-0.00050,12.0512,-5.0,-0.00050,12.0525,-7.5,-0.00075,33.83
6,133879,1,0,27.74,1177.1,908.7,1093.6,0.0,15.0112,297.5,0.29750,12.0512,317.5,0.31750,12.0525,1192.5,0.03614,5.0812,700.0,0.07000,12.0500,1182.5,0.11825,12.0487,1500.0,0.15000,12.0525,317.5,0.03175,12.0525,-5.0,-0.00050,12.0538,-7.5,-0.00075,12.0500,-7.5,-0.00075,12.0512,-5.0,-0.00050,12.0512,-5.0,-0.00050,12.0512,-5.0,-0.00050,12.0525,-7.5,-0.00075,34.17
6,134215,1,0,28.02,919.5,965.6,914.2,0.0,15.0125,297.5,0.29750,12.0512,317.5,0.31750,12.0525,1192.5,0.03614,5.0812,700.0,0.07000,12.0512,1177.5,0.11775,12.0487,1490.0,0.14900,12.0525,322.5,0.03225,12.0525,-5.0,-0.00050,12.0538,-7.5,-0.00075,12.0500,-7.5,-0.00075,12.0512,-5.0,-0.00050,12.0512,-5.0,-0.00050,12.0512,-5.0,-0.00050,12.0525,-7.5,-0.00075,34.52
6,134572,1,0,28.32,868.3,1111.7,1296.1,0.0,15.0112,300.0,0.30000,12.0512,322.5,0.32250,12.0512,1195.0,0.03621,5.0812,697.5,0.06975,12.0500,1202.5,0.12025,12.0475,1505.0,0.15050,12.0512,322.5,0.03225,12.0525,-5.0,-0.00050,12.0538,-7.5,-0.00075,12.0500,-7.5,-0.00075,12.0512,-5.0,-0.00050,12.0512,-5.0,-0.00050,12.0512,-5.0,-0.00050,12.0525,-7.5,-0.00075,34.87
6,134909,1,0,28.60,1000.0,980.2,870.6,0.0,15.0100,310.0,0.31000,12.0512,335.0,0.33500,12.0512,1192.5,0.03614,5.0812,700.0,0.07000,12.0500,1242.5,0.12425,12.0475,1562.5,0.15625,12.0512,320.0,0.03200,12.0512,-5.0,-0.00050,12.0525,-7.5,-0.00075,12.0487,-7.5,-0.00075,12.0512,-5.0,-0.00050,12.0512,-5.0,-0.00050,12.0512,-5.0,-0.00050,12.0525,-7.5,-0.00075,35.20
6,135245,1,0,28.88,1134.5,989.0,1127.0,0.0,15.0100,312.5,0.31250,12.0512,335.0,0.33500,12.0512,1195.0,0.03621,5.0812,700.0,0.07000,12.0500,1255.0,0.12550,12.0475,1570.0,0.15700,12.0512,335.0,0.03350,12.0512,-5.0,-0.00050,12.0525,-7.5,-0.00075,12.0500,-7.5,-0.00075,12.0512,-5.0,-0.00050,12.0512,-5.0,-0.00050,12.0512,-5.0,-0.00050,12.0525,-7.5,-0.00075,35.54
6,135581,1,0,29.16,889.1,885.9,1008.5,0.0,15.0100,310.0,0.31000,12.0512,332.5,0.33250,12.0525,1197.5,0.03629,5.0812,700.0,0.07000,12.0500,1245.0,0.12450,12.0475,1560.0,0.15600,12.0512,325.0,0.03250,12.0525,-5.0,-0.00050,12.0525,-7.5,-0.00075,12.0500,-7.5,-0.00075,12.0512,-5.0,-0.00050,12.0512,-5.0,-0.00050,12.0512,-5.0,-0.00050,12.0525,-7.5,-0.00075,35.86
6,135917,1,0,29.44,1193.6,892.3,1110.1,0.0,15.0100,315.0,0.31500,12.0512,340.0,0.34000,12.0512,1195.0,0.03621,5.0812,700.0,0.07000,12.0500,1265.0,0.12650,12.0475,1595.0,0.15950,12.0512,337.5,0.03375,12.0512,-5.0,-0.00050,12.0525,-7.5,-0.00075,12.0500,-7.5,-0.00075,12.0512,-5.0,-0.00050,12.0512,-5.0,-0.00050,12.0512,-5.0,-0.00050,12.0525,-7.5,-0.00075,36.20
6,136254,1,0,29.72,900.8,1010.7,1007.1,0.0,15.0100,312.5,0.31250,12.0512,337.5,0.33750,12.0512,1195.0,0.03621,5.0812,700.0,0.07000,12.0500,1245.0,0.12450,12.0475,1582.5,0.15825,12.0512,337.5,0.03375,12.0525,-5.0,-0.00050,12.0538,-7.5,-0.00075,12.0500,-7.5,-0.00075,12.0512,-5.0,-0.00050,12.0512,-5.0,-0.00050,12.0512,-5.0,-0.00050,12.0525,-7.5,-0.00075,36.55
6,136611,1,0,30.02,1019.8,1170.7,1127.2,0.0,15.0087,320.0,0.32000,12.0512,345.0,0.34500,12.0512,1195.0,0.03621,5.0812,700.0,0.07000,12.0500,1287.5,0.12875,12.0475,1617.5,0.16175,12.0512,345.0,0.03450,12.0512,-5.0,-0.00050,12.0525,-7.5,-0.00075,12.0500,-7.5,-0.00075,12.0512,-5.0,-0.00050,12.0512,-5.0,-0.00050,12.0512,-5.0,-0.00050,12.0525,-7.5,-0.00075,36.90
6,136947,1,0,30.30,913.1,1025.0,1247.5,0.0,15.0087,322.5,0.32250,12.0512,350.0,0.35000,12.0525,1192.5,0.03614,5.0812,700.0,0.07000,12.0500,1297.5,0.12975,12.0475,1632.5,0.16325,12.0525,350.0,0.03500,12.0525,-5.0,-0.00050,12.0525,-7.5,-0.00075,12.0500,-7.5,-0.00075,12.0512,-5.0,-0.00050,12.0512,-5.0,-0.00050,12.0512,-5.0,-0.00050,12.0525,-7.5,-0.00075,37.23
6,137283,1,0,30.58,973.6,1187.3,1290.8,0.0,15.0075,330.0,0.33000,12.0512,357.5,0.35750,12.0512,1195.0,0.03621,5.0812,700.0,0.07000,12.0500,1320.0,0.13200,12.0475,1675.0,0.16750,12.0512,362.5,0.03625,12.0512,-5.0,-0.00050,12.0525,-7.5,-0.00075,12.0487,-7.5,-0.00075,12.0512,-5.0,-0.00050,12.0512,-5.0,-0.00050,12.0512,-5.0,-0.00050,12.0525,-7.5,-0.00075,37.57
6,137620,1,0,30.86,925.8,1153.9,1036.1,0.0,15.0075,327.5,0.32750,12.0512,355.0,0.35500,12.0512,1197.5,0.03629,5.0812,700.0,0.07000,12.0500,1322.5,0.13225,12.0475,1660.0,0.16600,12.0512,360.0,0.03600,12.0512,-5.0,-0.00050,12.0525,-7.5,-0.00075,12.0500,-7.5,-0.00075,12.0512,-5.0,-0.00050,12.0512,-5.0,-0.00050,12.0512,-5.0,-0.00050,12.0525,-7.5,-0.00075,37.91
6,137956,1,0,31.14,1139.7,929.7,1199.0,0.0,15.0062,337.5,0.33750,12.0500,367.5,0.36750,12.0512,1197.5,0.03629,5.0812,700.0,0.07000,12.0487,1367.5,0.13675,12.0475,1702.5,0.17025,12.0512,360.0,0.03600,12.0512,-5.0,-0.00050,12.0525,-7.5,-0.00075,12.0487,-7.5,-0.00075,12.0500,-5.0,-0.00050,12.0512,-5.0,-0.00050,12.0512,-5.0,-0.00050,12.0525,-7.5,-0.00075,38.25
6,138292,1,0,31.42,939.4,1052.9,1166.1,0.0,15.0075,332.5,0.33250,12.0512,360.0,0.36000,12.0525,1192.5,0.03614,5.0812,700.0,0.07000,12.0500,1330.0,0.13300,12.0475,1685.0,0.16850,12.0512,372.5,0.03725,12.0525,-5.0,-0.00050,12.0525,-7.5,-0.00075,12.0500,-7.5,-0.00075,12.0512,-5.0,-0.00050,12.0512,-5.0,-0.00050,12.0512,-5.0,-0.00050,12.0525,-7.5,-0.00075,38.60
6,138649,1,0,31.72,1300.0,941.3,1252.5,0.0,15.0062,340.0,0.34000,12.0500,370.0,0.37000,12.0512,1195.0,0.03621,5.0812,700.0,0.07000,12.0500,1380.0,0.13800,12.0475,1727.5,0.17275,12.0512,360.0,0.03600,12.0512,-5.0,-0.00050,12.0525,-7.5,-0.00075,12.0487,-7.5,-0.00075,12.0500,-5.0,-0.00050,12.0512,-5.0,-0.00050,12.0512,-5.0,-0.00050,12.0512,-7.5,-0.00075,38.93
6,138986,1,0,32.00,1070.8,1184.8,1063.3,0.0,15.0062,345.0,0.34500,12.0512,375.0,0.37500,12.0512,1197.5,0.03629,5.0812,700.0,0.07000,12.0500,1387.5,0.13875,12.0462,1750.0,0.17500,12.0512,375.0,0.03750,12.0512,-5.0,-0.00050,12.0525,-7.5,-0.00075,12.0500,-7.5,-0.00075,12.0512,-5.0,-0.00050,12.0512,-5.0,-0.00050,12.0512,-5.0,-0.00050,12.0525,-7.5,-0.00075,39.27
6,139322,1,0,32.28,1064.0,953.2,1070.9,0.0,15.0062,342.5,0.34250,12.0512,370.0,0.37000,12.0525,1195.0,0.03621,5.0812,700.0,0.07000,12.0500,1375.0,0.13750,12.0475,1722.5,0.17225,12.0512,382.5,0.03825,12.0525,-5.0,-0.00050,12.0525,-7.5,-0.00075,12.0500,-7.5,-0.00075,12.0512,-5.0,-0.00050,12.0512,-5.0,-0.00050,12.0512,-5.0,-0.00050,12.0525,-7.5,-0.00075,39.61
6,139658,1,0,32.56,1070.5,958.9,1171.3,0.0,15.0050,347.5,0.34750,12.0500,380.0,0.38000,12.0512,1195.0,0.03621,5.0812,700.0,0.07000,12.0500,1402.5,0.14025,12.0462,1780.0,0.17800,12.0512,390.0,0.03900,12.0512,-5.0,-0.00050,12.0525,-7.5,-0.00075,12.0487,-7.5,-0.00075,12.0500,-5.0,-0.00050,12.0500,-5.0,-0.00050,12.0500,-5.0,-0.00050,12.0512,-7.5,-0.00075,39.94
6,139994,1,0,32.84,969.9,1179.2,1206.0,0.0,15.0050,355.0,0.35500,12.0512,387.5,0.38750,12.0512,1195.0,0.03621,5.0812,700.0,0.07000,12.0500,1437.5,0.14375,12.0475,1797.5,0.17975,12.0512,392.5,0.03925,12.0512,-5.0,-0.00050,12.0525,-7.5,-0.00075,12.0500,-7.5,-0.00075,12.0512,-5.0,-0.00050,12.0512,-5.0,-0.00050,12.0512,-5.0,-0.00050,12.0525,-7.5,-0.00075,40.28
6,140331,1,0,33.12,1034.4,1215.1,971.4,0.0,15.0037,362.5,0.36250,12.0512,395.0,0.39500,12.0512,1197.5,0.03629,5.0812,700.0,0.07000,12.0487,1477.5,0.14775,12.0462,1845.0,0.18450,12.0512,407.5,0.04075,12.0512,-5.0,-0.00050,12.0525,-7.5,-0.00075,12.0487,-7.5,-0.00075,12.0500,-5.0,-0.00050,12.0500,-5.0,-0.00050,12.0512,-5.0,-0.00050,12.0525,-7.5,-0.00075,40.63
6,140688,1,0,33.42,1201.8,1196.7,1087.8,0.0,15.0037,362.5,0.36250,12.0500,397.5,0.39750,12.0512,1195.0,0.03621,5.0812,700.0,0.07000,12.0487,1462.5,0.14625,12.0462,1837.5,0.18375,12.0512,405.0,0.04050,12.0512,-5.0,-0.00050,12.0525,-7.5,-0.00075,12.0487,-7.5,-0.00075,12.0512,-5.0,-0.00050,12.0512,-5.0,-0.00050,12.0512,-5.0,-0.00050,12.0525,-7.5,-0.00075,40.97
6,141024,1,0,33.70,989.8,1314.5,1094.7,0.0,15.0025,370.0,0.37000,12.0500,410.0,0.41000,12.0512,1197.5,0.03629,5.0812,700.0,0.07000,12.0487,1502.5,0.15025,12.0462,1902.5,0.19025,12.0500,412.5,0.04125,12.0512,-5.0,-0.00050,12.0525,-7.5,-0.00075,12.0487,-7.5,-0.00075,12.0500,-5.0,-0.00050,12.0500,-5.0,-0.00050,12.0512,-5.0,-0.00050,12.0512,-7.5,-0.00075,41.31
6,141360,1,0,33.98,1121.8,1213.6,1212.0,0.0,15.0025,372.5,0.37250,12.0500,407.5,0.40750,12.0512,1192.5,0.03614,5.0812,700.0,0.07000,12.0500,1500.0,0.15000,12.0462,1907.5,0.19075,12.0512,405.0,0.04050,12.0512,-5.0,-0.00050,12.0525,-7.5,-0.00075,12.0487,-7.5,-0.00075,12.0512,-5.0,-0.00050,12.0512,-5.0,-0.00050,12.0512,-5.0,-0.00050,12.0525,-7.5,-0.00075,41.65
6,141697,1,0,34.26,1161.9,1367.6,1328.3,0.0,15.0025,375.0,0.37500,12.0500,412.5,0.41250,12.0512,1195.0,0.03621,5.0812,700.0,0.07000,12.0487,1540.0,0.15400,12.0462,1917.5,0.19175,12.0512,402.5,0.04025,12.0512,-5.0,-0.00050,12.0525,-7.5,-0.00075,12.0487,-7.5,-0.00075,12.0500,-5.0,-0.00050,12.0500,-5.0,-0.00050,12.0512,-5.0,-0.00050,12.0512,-7.5,-0.00075,41.98
6,142033,1,0,34.54,1010.3,1165.6,1002.5,0.0,15.0025,372.5,0.37250,12.0500,412.5,0.41250,12.0512,1197.5,0.03629,5.0812,700.0,0.07000,12.0487,1520.0,0.15200,12.0462,1925.0,0.19250,12.0512,417.5,0.04175,12.0512,-5.0,-0.00050,12.0525,-7.5,-0.00075,12.0487,-7.5,-0.00075,12.0500,-5.0,-0.00050,12.0500,-5.0,-0.00050,12.0512,-5.0,-0.00050,12.0512,-7.5,-0.00075,42.32
6,142369,1,0,34.82,1241.9,1237.8,1273.3,0.0,15.0025,382.5,0.38250,12.0500,420.0,0.42000,12.0512,1197.5,0.03629,5.0812,700.0,0.07000,12.0487,1542.5,0.15425,12.0462,1945.0,0.19450,12.0512,425.0,0.04250,12.0512,-5.0,-0.00050,12.0525,-7.5,-0.00075,12.0487,-7.5,-0.00075,12.0500,-5.0,-0.00050,12.0512,-5.0,-0.00050,12.0512,-5.0,-0.00050,12.0525,-7.5,-0.00075,42.67
6,142726,1,0,35.11,1135.8,1245.0,1354.2,0.0,15.0025,380.0,0.38000,12.0500,417.5,0.41750,12.0512,1195.0,0.03621,5.0812,700.0,0.07000,12.0487,1552.5,0.15525,12.0462,1927.5,0.19275,12.0512,430.0,0.04300,12.0512,-5.0,-0.00050,12.0525,-7.5,-0.00075,12.0487,-7.5,-0.00075,12.0500,-5.0,-0.00050,12.0512,-5.0,-0.00050,12.0512,-5.0,-0.00050,12.0525,-7.5,-0.00075,43.01
6,143063,1,0,35.39,1142.8,1185.6,1248.6,0.0,15.0012,390.0,0.39000,12.0500,430.0,0.43000,12.0512,1195.0,0.03621,5.0812,700.0,0.07000,12.0475,1612.5,0.16125,12.0462,1990.0,0.19900,12.0500,430.0,0.04300,12.0512,-5.0,-0.00050,12.0525,-7.5,-0.00075,12.0487,-7.5,-0.00075,12.0500,-5.0,-0.00050,12.0500,-5.0,-0.00050,12.0512,-5.0,-0.00050,12.0525,-7.5,-0.00075,43.35
6,143399,1,0,35.67,1138.7,1145.1,1369.8,0.0,15.0012,390.0,0.39000,12.0500,432.5,0.43250,12.0512,1197.5,0.03629,5.0812,700.0,0.07000,12.0487,1612.5,0.16125,12.0462,2002.5,0.20025,12.0500,440.0,0.04400,12.0512,-5.0,-0.00050,12.0525,-7.5,-0.00075,12.0487,-7.5,-0.00075,12.0500,-5.0,-0.00050,12.0512,-5.0,-0.00050,12.0512,-5.0,-0.00050,12.0525,-7.5,-0.00075,43.68
6,143735,1,0,35.95,1388.6,1348.0,1416.0,0.0,15.0000,400.0,0.40000,12.0500,442.5,0.44250,12.0512,1197.5,0.03629,5.0812,700.0,0.07000,12.0487,1625.0,0.16250,12.0462,2042.5,0.20425,12.0512,460.0,0.04600,12.0512,-5.0,-0.00050,12.0525,-7.5,-0.00075,12.0487,-7.5,-0.00075,12.0500,-5.0,-0.00050,12.0500,-5.0,-0.00050,12.0512,-5.0,-0.00050,12.0512,-7.5,-0.00075,44.02
6,144071,1,0,36.23,1048.1,1428.2,1316.9,0.0,15.0000,397.5,0.39750,12.0512,440.0,0.44000,12.0512,1195.0,0.03621,5.0812,700.0,0.07000,12.0487,1625.0,0.16250,12.0462,2037.5,0.20375,12.0512,457.5,0.04575,12.0512,-5.0,-0.00050,12.0525,-7.5,-0.00075,12.0487,-7.5,-0.00075,12.0500,-5.0,-0.00050,12.0500,-5.0,-0.00050,12.0512,-5.0,-0.00050,12.0525,-7.5,-0.00075,44.36
6,144408,1,0,36.52,1159.4,1049.9,1165.2,0.0,14.9987,410.0,0.41000,12.0512,452.5,0.45250,12.0512,1195.0,0.03621,5.0812,700.0,0.07000,12.0487,1672.5,0.16725,12.0462,2105.0,0.21050,12.0512,462.5,0.04625,12.0512,-5.0,-0.00050,12.0525,-7.5,-0.00075,12.0487,-7.5,-0.00075,12.0500,-5.0,-0.00050,12.0500,-5.0,-0.00050,12.0512,-5.0,-0.00050,12.0525,-7.5,-0.00075,44.71
6,144765,1,0,36.81,1061.7,1374.5,1055.2,0.0,14.9987,412.5,0.41250,12.0512,457.5,0.45750,12.0525,1195.0,0.03621,5.0812,700.0,0.07000,12.0487,1690.0,0.16900,12.0462,2112.5,0.21125,12.0512,482.5,0.04825,12.0512,-5.0,-0.00050,12.0525,-7.5,-0.00075,12.0487,-7.5,-0.00075,12.0500,-5.0,-0.00050,12.0512,-5.0,-0.00050,12.0512,-5.0,-0.00050,12.0525,-7.5,-0.00075,45.05
6,145101,1,0,37.09,1461.5,1276.7,1062.0,0.0,14.9987,410.0,0.41000,12.0512,452.5,0.45250,12.0525,1192.5,0.03614,5.0812,700.0,0.07000,12.0487,1672.5,0.16725,12.0462,2087.5,0.20875,12.0512,462.5,0.04625,12.0512,-5.0,-0.00050,12.0525,-7.5,-0.00075,12.0487,-7.5,-0.00075,12.0500,-5.0,-0.00050,12.0512,-5.0,-0.00050,12.0512,-5.0,-0.00050,12.0525,-7.5,-0.00075,45.39
6,145437,1,0,37.37,1130.4,1176.9,1186.4,0.0,14.9975,415.0,0.41500,12.0500,460.0,0.46000,12.0512,1195.0,0.03621,5.0812,700.0,0.07000,12.0487,1705.0,0.17050,12.0462,2132.5,0.21325,12.0512,482.5,0.04825,12.0512,-5.0,-0.00050,12.0525,-7.5,-0.00075,12.0487,-7.5,-0.00075,12.0500,-5.0,-0.00050,12.0500,-5.0,-0.00050,12.0512,-5.0,-0.00050,12.0525,-7.5,-0.00075,45.72
6,145774,1,0,37.65,1363.2,1290.6,1244.1,0.0,14.9987,415.0,0.41500,12.0500,462.5,0.46250,12.0512,1195.0,0.03621,5.0812,700.0,0.07000,12.0487,1710.0,0.17100,12.0462,2127.5,0.21275,12.0500,485.0,0.04850,12.0512,-5.0,-0.00050,12.0525,-7.5,-0.00075,12.0487,-7.5,-0.00075,12.0500,-5.0,-0.00050,12.0500,-5.0,-0.00050,12.0512,-5.0,-0.00050,12.0525,-7.5,-0.00075,46.07
6,146110,1,0,37.93,1302.7,1081.4,1319.1,0.0,14.9962,427.5,0.42750,12.0500,477.5,0.47750,12.0512,1197.5,0.03629,5.0812,700.0,0.07000,12.0475,1762.5,0.17625,12.0450,2200.0,0.22000,12.0500,497.5,0.04975,12.0500,-5.0,-0.00050,12.0525,-7.5,-0.00075,12.0487,-7.5,-0.00075,12.0500,-5.0,-0.00050,12.0500,-5.0,-0.00050,12.0500,-5.0,-0.00050,12.0512,-7.5,-0.00075,46.40
6,146446,1,0,38.21,1310.6,1196.9,1302.8,0.0,14.9962,430.0,0.43000,12.0500,477.5,0.47750,12.0512,1197.5,0.03629,5.0812,700.0,0.07000,12.0487,1757.5,0.17575,12.0462,2217.5,0.22175,12.0512,497.5,0.04975,12.0512,-5.0,-0.00050,12.0525,-7.5,-0.00075,12.0487,-7.5,-0.00075,12.0500,-5.0,-0.00050,12.0500,-5.0,-0.00050,12.0500,-5.0,-0.00050,12.0512,-7.5,-0.00075,46.75
6,146803,1,0,38.51,1428.2,1094.7,1092.4,0.0,14.9950,437.5,0.43750,12.0500,487.5,0.48750,12.0512,1197.5,0.03629,5.0812,700.0,0.07000,12.0487,1785.0,0.17850,12.0462,2252.5,0.22525,12.0500,522.5,0.05225,12.0512,-5.0,-0.00050,12.0525,-7.5,-0.00075,12.0487,-7.5,-0.00075,12.0500,-5.0,-0.00050,12.0500,-5.0,-0.00050,12.0512,-5.0,-0.00050,12.0525,-7.5,-0.00075,47.09
6,147140,1,0,38.79,1350.2,1345.4,1099.3,0.0,14.9950,435.0,0.43500,12.0512,485.0,0.48500,12.0512,1197.5,0.03629,5.0812,700.0,0.07000,12.0487,1792.5,0.17925,12.0450,2245.0,0.22450,12.0500,515.0,0.05150,12.0512,-5.0,-0.00050,12.0525,-7.5,-0.00075,12.0487,-7.5,-0.00075,12.0500,-5.0,-0.00050,12.0500,-5.0,-0.00050,12.0512,-5.0,-0.00050,12.0512,-7.5,-0.00075,47.42
6,147476,1,0,39.07,1333.4,1660.2,1326.4,0.0,14.9937,450.0,0.45000,12.0500,500.0,0.50000,12.0512,1197.5,0.03629,5.0812,700.0,0.07000,12.0475,1835.0,0.18350,12.0450,2320.0,0.23200,12.0500,517.5,0.05175,12.0500,-5.0,-0.00050,12.0525,-7.5,-0.00075,12.0487,-7.5,-0.00075,12.0500,-5.0,-0.00050,12.0500,-5.0,-0.00050,12.0500,-5.0,-0.00050,12.0512,-7.5,-0.00075,47.76
6,147812,1,0,39.35,1229.9,1224.7,1223.4,0.0,14.9937,450.0,0.45000,12.0500,502.5,0.50250,12.0512,1197.5,0.03629,5.0812,700.0,0.07000,12.0487,1837.5,0.18375,12.0450,2325.0,0.23250,12.0500,525.0,0.05250,12.0512,-5.0,-0.00050,12.0525,-7.5,-0.00075,12.0487,-7.5,-0.00075,12.0500,-5.0,-0.00050,12.0500,-5.0,-0.00050,12.0512,-5.0,-0.00050,12.0525,-7.5,-0.00075,48.09
6,148148,1,0,39.63,1237.6,1232.4,1229.4,0.0,14.9937,452.5,0.45250,12.0500,505.0,0.50500,12.0512,1197.5,0.03629,5.0812,700.0,0.07000,12.0475,1872.5,0.18725,12.0450,2352.5,0.23525,12.0500,525.0,0.05250,12.0512,-5.0,-0.00050,12.0512,-7.5,-0.00075,12.0487,-7.5,-0.00075,12.0500,-5.0,-0.00050,12.0500,-5.0,-0.00050,12.0512,-5.0,-0.00050,12.0525,-7.5,-0.00075,48.43
6,148485,1,0,39.91,1471.3,1464.6,1123.3,0.0,14.9937,452.5,0.45250,12.0500,505.0,0.50500,12.0512,1197.5,0.03629,5.0812,700.0,0.07000,12.0487,1847.5,0.18475,12.0462,2340.0,0.23400,12.0512,527.5,0.05275,12.0512,-5.0,-0.00050,12.0525,-7.5,-0.00075,12.0487,-7.5,-0.00075,12.0500,-5.0,-0.00050,12.0512,-5.0,-0.00050,12.0512,-5.0,-0.00050,12.0525,-7.5,-0.00075,48.78
6,148842,1,0,40.21,1251.9,1360.0,1242.7,0.0,14.9925,460.0,0.46000,12.0512,512.5,0.51250,12.0512,1197.5,0.03629,5.0812,700.0,0.07000,12.0487,1870.0,0.18700,12.0450,2387.5,0.23875,12.0500,550.0,0.05500,12.0512,-5.0,-0.00050,12.0512,-7.5,-0.00075,12.0487,-7.5,-0.00075,12.0500,-5.0,-0.00050,12.0500,-5.0,-0.00050,12.0512,-5.0,-0.00050,12.0525,-7.5,-0.00075,49.14
6,149178,1,0,40.49,1307.1,1242.7,1364.1,0.0,14.9925,460.0,0.46000,12.0500,517.5,0.51750,12.0512,1197.5,0.03629,5.0812,700.0,0.07000,12.0475,1880.0,0.18800,12.0450,2380.0,0.23800,12.0500,557.5,0.05575,12.0500,-5.0,-0.00050,12.0525,-7.5,-0.00075,12.0487,-7.5,-0.00075,12.0500,-5.0,-0.00050,12.0500,-5.0,-0.00050,12.0500,-5.0,-0.00050,12.0512,-7.5,-0.00075,49.47
6,149514,1,0,40.77,1379.9,1527.2,1486.2,0.0,14.9913,475.0,0.47500,12.0512,530.0,0.53000,12.0512,1197.5,0.03629,5.0812,700.0,0.07000,12.0475,1965.0,0.19650,12.0450,2477.5,0.24775,12.0500,557.5,0.05575,12.0500,-5.0,-0.00050,12.0525,-7.5,-0.00075,12.0487,-7.5,-0.00075,12.0500,-5.0,-0.00050,12.0500,-5.0,-0.00050,12.0500,-5.0,-0.00050,12.0512,-7.5,-0.00075,49.80
6,149851,1,0,41.05,1156.5,1729.1,1254.3,0.0,14.9900,480.0,0.48000,12.0500,535.0,0.53500,12.0525,1197.5,0.03629,5.0812,700.0,0.07000,12.0475,1955.0,0.19550,12.0450,2490.0,0.24900,12.0500,570.0,0.05700,12.0512,-5.0,-0.00050,12.0525,-7.5,-0.00075,12.0487,-7.5,-0.00075,12.0500,-5.0,-0.00050,12.0500,-5.0,-0.00050,12.0500,-5.0,-0.00050,12.0512,-7.5,-0.00075,50.14
6,150187,1,0,41.33,1267.9,1506.1,1156.9,0.0,14.9900,480.0,0.48000,12.0500,535.0,0.53500,12.0512,1195.0,0.03621,5.0812,700.0,0.07000,12.0475,1952.5,0.19525,12.0450,2487.5,0.24875,12.0500,577.5,0.05775,12.0512,-5.0,-0.00050,12.0525,-7.5,-0.00075,12.0487,-7.5,-0.00075,12.0500,-5.0,-0.00050,12.0500,-5.0,-0.00050,12.0512,-5.0,-0.00050,12.0525,-7.5,-0.00075,50.48
6,150523,1,0,41.61,1168.0,1280.4,1375.8,0.0,14.9900,485.0,0.48500,12.0500,542.5,0.54250,12.0512,1197.5,0.03629,5.0812,700.0,0.07000,12.0475,1970.0,0.19700,12.0450,2527.5,0.25275,12.0500,585.0,0.05850,12.0512,-5.0,-0.00050,12.0525,-7.5,-0.00075,12.0487,-7.5,-0.00075,12.0500,-5.0,-0.00050,12.0500,-5.0,-0.00050,12.0512,-5.0,-0.00050,12.0512,-7.5,-0.00075,50.82
6,150880,1,0,41.91,1282.0,1226.8,1171.2,0.0,14.9875,495.0,0.49500,12.0500,557.5,0.55750,12.0512,1195.0,0.03621,5.0812,700.0,0.07000,12.0475,2047.5,0.20475,12.0450,2600.0,0.26000,12.0500,590.0,0.05900,12.0500,-5.0,-0.00050,12.0512,-7.5,-0.00075,12.0487,-7.5,-0.00075,12.0500,-5.0,-0.00050,12.0500,-5.0,-0.00050,12.0500,-5.0,-0.00050,12.0512,-7.5,-0.00075,51.17
6,151217,1,0,42.19,1301.2,1500.3,1498.0,0.0,14.9875,500.0,0.50000,12.0500,560.0,0.56000,12.0512,1197.5,0.03629,5.0812,700.0,0.07000,12.0475,2040.0,0.20400,12.0450,2595.0,0.25950,12.0500,595.0,0.05950,12.0512,-5.0,-0.00050,12.0512,-7.5,-0.00075,12.0487,-7.5,-0.00075,12.0500,-5.0,-0.00050,12.0500,-5.0,-0.00050,12.0512,-5.0,-0.00050,12.0512,-7.5,-0.00075,51.50
6,151553,1,0,42.47,1307.9,1400.0,1578.1,0.0,14.9887,492.5,0.49250,12.0500,555.0,0.55500,12.0512,1200.0,0.03636,5.0812,700.0,0.07000,12.0475,2032.5,0.20325,12.0450,2572.5,0.25725,12.0500,585.0,0.05850,12.0500,-5.0,-0.00050,12.0512,-7.5,-0.00075,12.0487,-7.5,-0.00075,12.0500,-5.0,-0.00050,12.0500,-5.0,-0.00050,12.0500,-5.0,-0.00050,12.0512,-7.5,-0.00075,51.84
6,151889,1,0,42.75,1194.8,1298.3,1307.0,0.0,14.9875,500.0,0.50000,12.0500,565.0,0.56500,12.0512,1197.5,0.03629,5.0812,700.0,0.07000,12.0475,2070.0,0.20700,12.0437,2602.5,0.26025,12.0500,607.5,0.06075,12.0500,-5.0,-0.00050,12.0512,-7.5,-0.00075,12.0475,-7.5,-0.00075,12.0500,-5.0,-0.00050,12.0500,-5.0,-0.00050,12.0500,-5.0,-0.00050,12.0512,-7.5,-0.00075,52.17
6,152225,1,0,43.03,1320.5,1195.7,1412.0,0.0,14.9875,500.0,0.50000,12.0500,560.0,0.56000,12.0512,1195.0,0.03621,5.0812,700.0,0.07000,12.0475,2047.5,0.20475,12.0450,2597.5,0.25975,12.0500,602.5,0.06025,12.0500,-5.0,-0.00050,12.0512,-7.5,-0.00075,12.0487,-7.5,-0.00075,12.0487,-5.0,-0.00050,12.0500,-5.0,-0.00050,12.0500,-5.0,-0.00050,12.0512,-7.5,-0.00075,52.51
6,152562,1,0,43.31,1206.4,1638.1,1561.0,0.0,14.9862,512.5,0.51250,12.0500,577.5,0.57750,12.0512,1197.5,0.03629,5.0812,700.0,0.07000,12.0462,2125.0,0.21250,12.0437,2660.0,0.26600,12.0500,610.0,0.06100,12.0500,-5.0,-0.00050,12.0512,-7.5,-0.00075,12.0475,-7.5,-0.00075,12.0487,-5.0,-0.00050,12.0500,-5.0,-0.00050,12.0500,-5.0,-0.00050,12.0512,-7.5,-0.00075,52.86
6,152919,1,0,43.61,1213.3,1726.7,1364.8,0.0,14.9850,512.5,0.51250,12.0500,580.0,0.58000,12.0512,1200.0,0.03636,5.0812,700.0,0.07000,12.0475,2130.0,0.21300,12.0450,2652.5,0.26525,12.0500,625.0,0.06250,12.0500,-5.0,-0.00050,12.0512,-7.5,-0.00075,12.0487,-7.5,-0.00075,12.0500,-5.0,-0.00050,12.0500,-5.0,-0.00050,12.0500,-5.0,-0.00050,12.0512,-7.5,-0.00075,53.20
6,153255,1,0,43.89,1219.6,1325.9,1653.8,0.0,14.9837,522.5,0.52250,12.0500,590.0,0.59000,12.0512,1197.5,0.03629,5.0812,700.0,0.07000,12.0475,2172.5,0.21725,12.0437,2700.0,0.27000,12.0500,642.5,0.06425,12.0500,-5.0,-0.00050,12.0512,-7.5,-0.00075,12.0475,-7.5,-0.00075,12.0500,-5.0,-0.00050,12.0500,-5.0,-0.00050,12.0500,-5.0,-0.00050,12.0512,-7.5,-0.00075,53.54
6,153591,1,0,44.17,1226.2,1777.0,1331.2,0.0,14.9850,522.5,0.52250,12.0500,590.0,0.59000,12.0512,1197.5,0.03629,5.0812,700.0,0.07000,12.0475,2167.5,0.21675,12.0437,2707.5,0.27075,12.0500,640.0,0.06400,12.0500,-5.0,-0.00050,12.0512,-7.5,-0.00075,12.0487,-7.5,-0.00075,12.0500,-5.0,-0.00050,12.0500,-5.0,-0.00050,12.0500,-5.0,-0.00050,12.0512,-7.5,-0.00075,53.87
6,153928,1,0,44.45,1568.5,1338.5,1227.1,0.0,14.9825,537.5,0.53750,12.0500,607.5,0.60750,12.0512,1195.0,0.03621,5.0812,700.0,0.07000,12.0462,2245.0,0.22450,12.0437,2790.0,0.27900,12.0487,647.5,0.06475,12.0500,-5.0,-0.00050,12.0512,-7.5,-0.00075,12.0475,-7.5,-0.00075,12.0487,-5.0,-0.00050,12.0500,-5.0,-0.00050,12.0500,-5.0,-0.00050,12.0512,-7.5,-0.00075,54.21
6,154264,1,0,44.73,1465.5,1346.4,1568.8,0.0,14.9812,542.5,0.54250,12.0500,615.0,0.61500,12.0512,1200.0,0.03636,5.0812,700.0,0.07000,12.0462,2275.0,0.22750,12.0437,2847.5,0.28475,12.0487,650.0,0.06500,12.0500,-5.0,-0.00050,12.0512,-7.5,-0.00075,12.0475,-7.5,-0.00075,12.0487,-5.0,-0.00050,12.0500,-5.0,-0.00050,12.0500,-5.0,-0.00050,12.0512,-7.5,-0.00075,54.57
6,154600,1,0,45.01,1247.1,1578.8,1238.3,0.0,14.9812,550.0,0.55000,12.0500,622.5,0.62250,12.0512,1197.5,0.03629,5.0812,700.0,0.07000,12.0462,2295.0,0.22950,12.0437,2847.5,0.28475,12.0487,655.0,0.06550,12.0500,-5.0,-0.00050,12.0512,-7.5,-0.00075,12.0475,-7.5,-0.00075,12.0487,-5.0,-0.00050,12.0500,-5.0,-0.00050,12.0500,-5.0,-0.00050,12.0512,-7.5,-0.00075,54.90
6,154957,1,0,45.31,1526.6,1360.9,1244.6,0.0,14.9800,550.0,0.55000,12.0500,625.0,0.62500,12.0512,1195.0,0.03621,5.0812,700.0,0.07000,12.0462,2255.0,0.22550,12.0437,2907.5,0.29075,12.0500,677.5,0.06775,12.0500,-5.0,-0.00050,12.0512,-7.5,-0.00075,12.0475,-7.5,-0.00075,12.0487,-5.0,-0.00050,12.0500,-5.0,-0.00050,12.0500,-5.0,-0.00050,12.0512,-7.5,-0.00075,55.24
6,155294,1,0,45.59,1373.7,1635.5,1251.7,0.0,14.9812,547.5,0.54750,12.0500,622.5,0.62250,12.0512,1195.0,0.03621,5.0812,700.0,0.07000,12.0462,2247.5,0.22475,12.0437,2882.5,0.28825,12.0487,677.5,0.06775,12.0500,-5.0,-0.00050,12.0512,-7.5,-0.00075,12.0475,-7.5,-0.00075,12.0487,-5.0,-0.00050,12.0500,-5.0,-0.00050,12.0500,-5.0,-0.00050,12.0512,-7.5,-0.00075,55.58
6,155630,1,0,45.87,1474.9,1602.3,1486.6,0.0,14.9800,555.0,0.55500,12.0500,635.0,0.63500,12.0512,1197.5,0.03629,5.0812,700.0,0.07000,12.0462,2290.0,0.22900,12.0437,2927.5,0.29275,12.0487,685.0,0.06850,12.0500,-5.0,-0.00050,12.0512,-7.5,-0.00075,12.0475,-7.5,-0.00075,12.0487,-5.0,-0.00050,12.0487,-5.0,-0.00050,12.0500,-5.0,-0.00050,12.0512,-7.5,-0.00075,55.91
6,155966,1,0,46.15,1269.8,1649.6,1723.6,0.0,14.9775,572.5,0.57250,12.0500,652.5,0.65250,12.0512,1200.0,0.03636,5.0812,700.0,0.07000,12.0462,2377.5,0.23775,12.0437,3025.0,0.30250,12.0487,680.0,0.06800,12.0500,-5.0,-0.00050,12.0512,-7.5,-0.00075,12.0475,-7.5,-0.00075,12.0487,-5.0,-0.00050,12.0500,-5.0,-0.00050,12.0500,-5.0,-0.00050,12.0512,-7.5,-0.00075,56.25
6,156302,1,0,46.43,1393.3,1377.3,1481.8,0.0,14.9762,577.5,0.57750,12.0500,657.5,0.65750,12.0525,1197.5,0.03629,5.0812,700.0,0.07000,12.0462,2385.0,0.23850,12.0437,3032.5,0.30325,12.0500,722.5,0.07225,12.0500,-5.0,-0.00050,12.0512,-7.5,-0.00075,12.0475,-7.5,-0.00075,12.0500,-5.0,-0.00050,12.0500,-5.0,-0.00050,12.0500,-5.0,-0.00050,12.0512,-7.5,-0.00075,56.59
6,156639,1,0,46.71,1400.4,1703.4,1596.2,0.0,14.9762,580.0,0.58000,12.0500,660.0,0.66000,12.0525,1200.0,0.03636,5.0812,700.0,0.07000,12.0462,2387.5,0.23875,12.0437,3085.0,0.30850,12.0500,705.0,0.07050,12.0500,-5.0,-0.00050,12.0512,-7.5,-0.00075,12.0487,-7.5,-0.00075,12.0500,-5.0,-0.00050,12.0500,-5.0,-0.00050,12.0500,-5.0,-0.00050,12.0512,-7.5,-0.00075,56.94
6,156996,1,0,47.01,1397.5,1451.8,1634.6,0.0,14.9762,582.5,0.58250,12.0500,665.0,0.66500,12.0512,1195.0,0.03621,5.0812,700.0,0.07000,12.0462,2410.0,0.24100,12.0437,3045.0,0.30450,12.0487,727.5,0.07275,12.0500,-5.0,-0.00050,12.0512,-7.5,-0.00075,12.0475,-7.5,-0.00075,12.0500,-5.0,-0.00050,12.0500,-5.0,-0.00050,12.0500,-5.0,-0.00050,12.0512,-7.5,-0.00075,57.28
6,157332,1,0,47.29,1414.7,1721.5,1721.3,0.0,14.9738,597.5,0.59750,12.0500,685.0,0.68500,12.0512,1197.5,0.03629,5.0812,700.0,0.07000,12.0450,2492.5,0.24925,12.0437,3132.5,0.31325,12.0487,727.5,0.07275,12.0500,-5.0,-0.00050,12.0512,-7.5,-0.00075,12.0475,-7.5,-0.00075,12.0487,-5.0,-0.00050,12.0487,-5.0,-0.00050,12.0500,-5.0,-0.00050,12.0500,-7.5,-0.00075,57.62
6,157668,1,0,47.57,1303.8,1514.1,1580.2,0.0,14.9738,600.0,0.60000,12.0500,690.0,0.69000,12.0512,1200.0,0.03636,5.0812,700.0,0.07000,12.0462,2500.0,0.25000,12.0437,3162.5,0.31625,12.0487,740.0,0.07400,12.0500,-5.0,-0.00050,12.0512,-7.5,-0.00075,12.0475,-7.5,-0.00075,12.0487,-5.0,-0.00050,12.0500,-5.0,-0.00050,12.0500,-5.0,-0.00050,12.0512,-7.5,-0.00075,57.95
6,158005,1,0,47.85,1528.6,1413.5,1738.9,0.0,14.9750,597.5,0.59750,12.0512,677.5,0.67750,12.0512,1195.0,0.03621,5.0812,700.0,0.07000,12.0462,2470.0,0.24700,12.0437,3130.0,0.31300,12.0500,722.5,0.07225,12.0500,-5.0,-0.00050,12.0512,-7.5,-0.00075,12.0487,-7.5,-0.00075,12.0500,-5.0,-0.00050,12.0500,-5.0,-0.00050,12.0500,-5.0,-0.00050,12.0512,-7.5,-0.00075,58.29
6,158341,1,0,48.13,1487.1,1906.8,1419.2,0.0,14.9738,600.0,0.60000,12.0500,687.5,0.68750,12.0512,1197.5,0.03629,5.0812,700.0,0.07000,12.0462,2507.5,0.25075,12.0425,3160.0,0.31600,12.0487,752.5,0.07525,12.0500,-5.0,-0.00050,12.0512,-7.5,-0.00075,12.0475,-7.5,-0.00075,12.0487,-5.0,-0.00050,12.0487,-5.0,-0.00050,12.0500,-5.0,-0.00050,12.0500,-7.5,-0.00075,58.63
6,158677,1,0,48.41,1321.4,1755.4,1535.3,0.0,14.9738,600.0,0.60000,12.0500,687.5,0.68750,12.0512,1197.5,0.03629,5.0812,700.0,0.07000,12.0462,2490.0,0.24900,12.0437,3160.0,0.31600,12.0487,747.5,0.07475,12.0500,-5.0,-0.00050,12.0512,-7.5,-0.00075,12.0475,-7.5,-0.00075,12.0487,-5.0,-0.00050,12.0500,-5.0,-0.00050,12.0500,-5.0,-0.00050,12.0512,-7.5,-0.00075,58.98
6,159034,1,0,48.70,1549.6,1874.6,1543.0,0.0,14.9712,617.5,0.61750,12.0500,707.5,0.70750,12.0512,1195.0,0.03621,5.0812,700.0,0.07000,12.0450,2582.5,0.25825,12.0425,3267.5,0.32675,12.0475,745.0,0.07450,12.0487,-5.0,-0.00050,12.0500,-7.5,-0.00075,12.0462,-7.5,-0.00075,12.0487,-5.0,-0.00050,12.0487,-5.0,-0.00050,12.0487,-5.0,-0.00050,12.0500,-7.5,-0.00075,59.32
6,159371,1,0,48.98,1668.5,1773.6,1438.0,0.0,14.9712,622.5,0.62250,12.0500,712.5,0.71250,12.0512,1200.0,0.03636,5.0812,700.0,0.07000,12.0462,2602.5,0.26025,12.0437,3295.0,0.32950,12.0487,757.5,0.07575,12.0500,-5.0,-0.00050,12.0512,-7.5,-0.00075,12.0475,-7.5,-0.00075,12.0487,-5.0,-0.00050,12.0500,-5.0,-0.00050,12.0500,-5.0,-0.00050,12.0512,-7.5,-0.00075,59.67
6,159707,1,0,49.26,1502.3,1559.4,1444.8,0.0,14.9687,635.0,0.63500,12.0500,730.0,0.73000,12.0512,1195.0,0.03621,5.0812,700.0,0.07000,12.0450,2657.5,0.26575,12.0425,3350.0,0.33500,12.0487,792.5,0.07925,12.0500,-5.0,-0.00050,12.0512,-7.5,-0.00075,12.0475,-7.5,-0.00075,12.0487,-5.0,-0.00050,12.0487,-5.0,-0.00050,12.0487,-5.0,-0.00050,12.0500,-7.5,-0.00075,60.00
6,160043,1,0,49.54,1460.6,1396.2,1899.6,0.0,14.9687,635.0,0.63500,12.0500,727.5,0.72750,12.0525,1197.5,0.03629,5.0812,700.0,0.07000,12.0462,2645.0,0.26450,12.0425,3347.5,0.33475,12.0487,800.0,0.08000,12.0500,-5.0,-0.00050,12.0512,-7.5,-0.00075,12.0475,-7.5,-0.00075,12.0487,-5.0,-0.00050,12.0500,-5.0,-0.00050,12.0500,-5.0,-0.00050,12.0512,-7.5,-0.00075,60.34
6,160379,1,0,49.82,1467.7,1574.6,1459.7,0.0,14.9675,650.0,0.65000,12.0500,745.0,0.74500,12.0512,1200.0,0.03636,5.0812,700.0,0.07000,12.0450,2717.5,0.27175,12.0425,3440.0,0.34400,12.0487,790.0,0.07900,12.0487,-5.0,-0.00050,12.0500,-7.5,-0.00075,12.0475,-7.5,-0.00075,12.0487,-5.0,-0.00050,12.0487,-5.0,-0.00050,12.0487,-5.0,-0.00050,12.0500,-7.5,-0.00075,60.67
6,160716,1,0,50.11,1466.8,1583.2,1692.0,0.0,14.9675,650.0,0.65000,12.0500,747.5,0.74750,12.0512,1197.5,0.03629,5.0812,700.0,0.07000,12.0450,2735.0,0.27350,12.0425,3435.0,0.34350,12.0487,800.0,0.08000,12.0500,-5.0,-0.00050,12.0512,-7.5,-0.00075,12.0475,-7.5,-0.00075,12.0487,-5.0,-0.00050,12.0487,-5.0,-0.00050,12.0500,-5.0,-0.00050,12.0512,-7.5,-0.00075,61.03
6,161073,1,0,50.40,1579.1,1477.0,1474.2,0.0,14.9662,660.0,0.66000,12.0500,755.0,0.75500,12.0512,1197.5,0.03629,5.0812,700.0,0.07000,12.0450,2745.0,0.27450,12.0425,3492.5,0.34925,12.0487,815.0,0.08150,12.0500,-5.0,-0.00050,12.0500,-7.5,-0.00075,12.0475,-7.5,-0.00075,12.0487,-5.0,-0.00050,12.0487,-5.0,-0.00050,12.0500,-5.0,-0.00050,12.0512,-7.5,-0.00075,61.37
6,161409,1,0,50.68,1489.1,1474.5,1473.0,0.0,14.9662,660.0,0.66000,12.0500,760.0,0.76000,12.0512,1197.5,0.03629,5.0812,700.0,0.07000,12.0450,2745.0,0.27450,12.0425,3505.0,0.35050,12.0475,832.5,0.08325,12.0487,-5.0,-0.00050,12.0500,-7.5,-0.00075,12.0475,-7.5,-0.00075,12.0487,-5.0,-0.00050,12.0487,-5.0,-0.00050,12.0500,-5.0,-0.00050,12.0512,-7.5,-0.00075,61.70
6,161745,1,0,50.96,1485.8,1602.7,1538.2,0.0,14.9662,655.0,0.65500,12.0500,755.0,0.75500,12.0512,1197.5,0.03629,5.0812,700.0,0.07000,12.0450,2737.5,0.27375,12.0425,3477.5,0.34775,12.0487,812.5,0.08125,12.0500,-5.0,-0.00050,12.0512,-7.5,-0.00075,12.0475,-7.5,-0.00075,12.0487,-5.0,-0.00050,12.0487,-5.0,-0.00050,12.0487,-5.0,-0.00050,12.0500,-7.5,-0.00075,62.04
6,162082,1,0,51.24,1385.2,1484.7,1592.0,0.0,14.9637,672.5,0.67250,12.0500,775.0,0.77500,12.0512,1200.0,0.03636,5.0812,700.0,0.07000,12.0450,2825.0,0.28250,12.0425,3555.0,0.35550,12.0475,820.0,0.08200,12.0487,-5.0,-0.00050,12.0500,-7.5,-0.00075,12.0462,-7.5,-0.00075,12.0487,-5.0,-0.00050,12.0487,-5.0,-0.00050,12.0487,-5.0,-0.00050,12.0500,-7.5,-0.00075,62.38
6,162418,1,0,51.52,1499.5,1731.7,1491.8,0.0,14.9625,685.0,0.68500,12.0500,787.5,0.78750,12.0512,1200.0,0.03636,5.0812,700.0,0.07000,12.0450,2877.5,0.28775,12.0425,3612.5,0.36125,12.0487,825.0,0.08250,12.0487,-5.0,-0.00050,12.0500,-7.5,-0.00075,12.0475,-7.5,-0.00075,12.0487,-5.0,-0.00050,12.0487,-5.0,-0.00050,12.0487,-5.0,-0.00050,12.0500,-7.5,-0.00075,62.71
6,162754,1,0,51.80,1516.1,1820.9,1712.6,0.0,14.9612,690.0,0.69000,12.0500,792.5,0.79250,12.0512,1197.5,0.03629,5.0812,702.5,0.07025,12.0450,2885.0,0.28850,12.0412,3645.0,0.36450,12.0475,860.0,0.08600,12.0487,-5.0,-0.00050,12.0500,-7.5,-0.00075,12.0475,-7.5,-0.00075,12.0487,-5.0,-0.00050,12.0487,-5.0,-0.00050,12.0487,-5.0,-0.00050,12.0500,-7.5,-0.00075,63.06
6,163111,1,0,52.10,1513.7,1679.3,1567.4,0.0,14.9625,687.5,0.68750,12.0500,790.0,0.79000,12.0512,1200.0,0.03636,5.0812,700.0,0.07000,12.0450,2880.0,0.28800,12.0425,3642.5,0.36425,12.0475,862.5,0.08625,12.0487,-5.0,-0.00050,12.0500,-7.5,-0.00075,12.0475,-7.5,-0.00075,12.0487,-5.0,-0.00050,12.0487,-5.0,-0.00050,12.0487,-5.0,-0.00050,12.0500,-7.5,-0.00075,63.40
6,163448,1,0,52.38,1463.3,1622.4,1620.7,0.0,14.9600,705.0,0.70500,12.0500,812.5,0.81250,12.0512,1200.0,0.03636,5.0812,700.0,0.07000,12.0437,2952.5,0.29525,12.0412,3732.5,0.37325,12.0475,877.5,0.08775,12.0487,-5.0,-0.00050,12.0500,-7.5,-0.00075,12.0462,-7.5,-0.00075,12.0475,-5.0,-0.00050,12.0487,-5.0,-0.00050,12.0487,-5.0,-0.00050,12.0500,-7.5,-0.00075,63.73
6,163784,1,0,52.66,1636.4,1675.9,1736.8,0.0,14.9587,712.5,0.71250,12.0500,820.0,0.82000,12.0512,1202.5,0.03644,5.0812,700.0,0.07000,12.0450,2970.0,0.29700,12.0412,3787.5,0.37875,12.0475,885.0,0.08850,12.0487,-5.0,-0.00050,12.0500,-7.5,-0.00075,12.0475,-7.5,-0.00075,12.0487,-5.0,-0.00050,12.0487,-5.0,-0.00050,12.0487,-5.0,-0.00050,12.0500,-7.5,-0.00075,64.07
6,164120,1,0,52.94,1424.9,1639.8,1678.4,0.0,14.9575,725.0,0.72500,12.0500,837.5,0.83750,12.0512,1200.0,0.03636,5.0812,702.5,0.07025,12.0437,3017.5,0.30175,12.0412,3860.0,0.38600,12.0475,930.0,0.09300,12.0487,-5.0,-0.00050,12.0500,-7.5,-0.00075,12.0462,-7.5,-0.00075,12.0475,-5.0,-0.00050,12.0487,-5.0,-0.00050,12.0487,-5.0,-0.00050,12.0500,-7.5,-0.00075,64.40
6,164456,1,0,53.22,1541.7,1646.5,1534.0,0.0,14.9575,720.0,0.72000,12.0500,830.0,0.83000,12.0525,1195.0,0.03621,5.0812,700.0,0.07000,12.0450,3002.5,0.30025,12.0412,3825.0,0.38250,12.0487,910.0,0.09100,12.0487,-5.0,-0.00050,12.0500,-7.5,-0.00075,12.0475,-7.5,-0.00075,12.0487,-5.0,-0.00050,12.0487,-5.0,-0.00050,12.0487,-5.0,-0.00050,12.0500,-7.5,-0.00075,64.74
6,164793,1,0,53.50,1548.5,1762.8,1760.9,0.0,14.9575,725.0,0.72500,12.0500,837.5,0.83750,12.0512,1197.5,0.03629,5.0812,700.0,0.07000,12.0437,3030.0,0.30300,12.0412,3845.0,0.38450,12.0475,937.5,0.09375,12.0487,-5.0,-0.00050,12.0500,-7.5,-0.00075,12.0462,-7.5,-0.00075,12.0475,-5.0,-0.00050,12.0475,-5.0,-0.00050,12.0487,-5.0,-0.00050,12.0500,-7.5,-0.00075,65.10
6,165150,1,0,53.80,1666.3,1658.6,1880.9,0.0,14.9575,725.0,0.72500,12.0500,835.0,0.83500,12.0512,1202.5,0.03644,5.0812,702.5,0.07025,12.0437,3030.0,0.30300,12.0412,3842.5,0.38425,12.0475,932.5,0.09325,12.0487,-5.0,-0.00050,12.0500,-7.5,-0.00075,12.0475,-7.5,-0.00075,12.0487,-5.0,-0.00050,12.0487,-5.0,-0.00050,12.0487,-5.0,-0.00050,12.0500,-7.5,-0.00075,65.43
6,165486,1,0,54.08,1449.3,1886.2,1666.0,0.0,14.9550,740.0,0.74000,12.0487,857.5,0.85750,12.0512,1197.5,0.03629,5.0812,700.0,0.07000,12.0437,3115.0,0.31150,12.0412,3935.0,0.39350,12.0475,917.5,0.09175,12.0487,-5.0,-0.00050,12.0500,-7.5,-0.00075,12.0462,-7.5,-0.00075,12.0475,-5.0,-0.00050,12.0487,-5.0,-0.00050,12.0487,-5.0,-0.00050,12.0500,-7.5,-0.00075,65.77
6,165822,1,0,54.36,1568.4,1782.5,1895.3,0.0,14.9537,747.5,0.74750,12.0500,862.5,0.86250,12.0512,1197.5,0.03629,5.0812,702.5,0.07025,12.0437,3130.0,0.31300,12.0412,3982.5,0.39825,12.0475,942.5,0.09425,12.0487,-5.0,-0.00050,12.0500,-7.5,-0.00075,12.0462,-7.5,-0.00075,12.0475,-5.0,-0.00050,12.0487,-5.0,-0.00050,12.0487,-5.0,-0.00050,12.0500,-7.5,-0.00075,66.10
6,166159,1,0,54.64,1687.8,1679.2,1664.2,0.0,14.9525,760.0,0.76000,12.0500,877.5,0.87750,12.0512,1197.5,0.03629,5.0812,702.5,0.07025,12.0437,3187.5,0.31875,12.0412,4035.0,0.40350,12.0475,960.0,0.09600,12.0487,-5.0,-0.00050,12.0500,-7.5,-0.00075,12.0462,-7.5,-0.00075,12.0475,-5.0,-0.00050,12.0487,-5.0,-0.00050,12.0487,-5.0,-0.00050,12.0500,-7.5,-0.00075,66.45
6,166495,1,0,54.92,1573.8,1575.0,1688.5,0.0,14.9525,760.0,0.76000,12.0500,880.0,0.88000,12.0512,1200.0,0.03636,5.0812,702.5,0.07025,12.0437,3162.5,0.31625,12.0412,4060.0,0.40600,12.0475,960.0,0.09600,12.0487,-5.0,-0.00050,12.0500,-7.5,-0.00075,12.0462,-7.5,-0.00075,12.0475,-5.0,-0.00050,12.0487,-5.0,-0.00050,12.0487,-5.0,-0.00050,12.0500,-7.5,-0.00075,66.78
6,166831,1,0,55.20,2002.5,1888.9,1742.4,0.0,14.9500,775.0,0.77500,12.0500,897.5,0.89750,12.0512,1200.0,0.03636,5.0812,702.5,0.07025,12.0437,3242.5,0.32425,12.0400,4170.0,0.41700,12.0475,960.0,0.09600,12.0487,-5.0,-0.00050,12.0500,-7.5,-0.00075,12.0462,-7.5,-0.00075,12.0475,-5.0,-0.00050,12.0475,-5.0,-0.00050,12.0487,-5.0,-0.00050,12.0500,-7.5,-0.00075,67.14
6,167188,1,0,55.50,1483.1,1476.9,1589.3,0.0,14.9487,782.5,0.78250,12.0500,905.0,0.90500,12.0512,1200.0,0.03636,5.0812,700.0,0.07000,12.0437,3252.5,0.32525,12.0400,4195.0,0.41950,12.0475,975.0,0.09750,12.0487,-5.0,-0.00050,12.0500,-7.5,-0.00075,12.0462,-7.5,-0.00075,12.0475,-5.0,-0.00050,12.0487,-5.0,-0.00050,12.0487,-5.0,-0.00050,12.0500,-7.5,-0.00075,67.48
6,167525,1,0,55.78,1489.3,1695.1,1694.2,0.0,14.9500,780.0,0.78000,12.0500,902.5,0.90250,12.0512,1197.5,0.03629,5.0812,700.0,0.07000,12.0437,3247.5,0.32475,12.0412,4190.0,0.41900,12.0475,977.5,0.09775,12.0487,-5.0,-0.00050,12.0500,-7.5,-0.00075,12.0475,-7.5,-0.00075,12.0487,-5.0,-0.00050,12.0487,-5.0,-0.00050,12.0487,-5.0,-0.00050,12.0500,-7.5,-0.00075,67.81
6,167861,1,0,56.06,1609.4,1745.9,1717.7,0.0,14.9487,787.5,0.78750,12.0500,912.5,0.91250,12.0512,1197.5,0.03629,5.0812,702.5,0.07025,12.0437,3272.5,0.32725,12.0400,4245.0,0.42450,12.0475,1007.5,0.10075,12.0487,-5.0,-0.00050,12.0500,-7.5,-0.00075,12.0462,-7.5,-0.00075,12.0475,-5.0,-0.00050,12.0487,-5.0,-0.00050,12.0487,-5.0,-0.00050,12.0500,-7.5,-0.00075,68.15
6,168197,1,0,56.34,1499.8,1954.5,1922.1,0.0,14.9487,790.0,0.79000,12.0500,912.5,0.91250,12.0512,1197.5,0.03629,5.0812,702.5,0.07025,12.0437,3285.0,0.32850,12.0400,4212.5,0.42125,12.0475,995.0,0.09950,12.0487,-5.0,-0.00050,12.0500,-7.5,-0.00075,12.0475,-7.5,-0.00075,12.0487,-5.0,-0.00050,12.0487,-5.0,-0.00050,12.0487,-5.0,-0.00050,12.0500,-7.5,-0.00075,68.48
6,168533,1,0,56.62,1613.1,2172.5,1608.2,0.0,14.9450,807.5,0.80750,12.0500,935.0,0.93500,12.0512,1200.0,0.03636,5.0812,702.5,0.07025,12.0425,3370.0,0.33700,12.0400,4370.0,0.43700,12.0462,1010.0,0.10100,12.0475,-5.0,-0.00050,12.0487,-7.5,-0.00075,12.0462,-7.5,-0.00075,12.0475,-5.0,-0.00050,12.0475,-5.0,-0.00050,12.0487,-5.0,-0.00050,12.0500,-7.5,-0.00075,68.82
6,168870,1,0,56.90,1620.5,1721.4,1937.9,0.0,14.9437,820.0,0.82000,12.0500,950.0,0.95000,12.0512,1197.5,0.03629,5.0812,702.5,0.07025,12.0425,3427.5,0.34275,12.0400,4395.0,0.43950,12.0475,1025.0,0.10250,12.0487,-5.0,-0.00050,12.0500,-7.5,-0.00075,12.0462,-7.5,-0.00075,12.0475,-5.0,-0.00050,12.0487,-5.0,-0.00050,12.0487,-5.0,-0.00050,12.0500,-7.5,-0.00075,69.17
6,169227,1,0,57.20,1628.3,1837.5,1671.1,0.0,14.9425,830.0,0.83000,12.0500,962.5,0.96250,12.0512,1197.5,0.03629,5.0812,700.0,0.07000,12.0425,3470.0,0.34700,12.0400,4430.0,0.44300,12.0475,1047.5,0.10475,12.0487,-5.0,-0.00050,12.0500,-7.5,-0.00075,12.0462,-7.5,-0.00075,12.0475,-5.0,-0.00050,12.0487,-5.0,-0.00050,12.0487,-5.0,-0.00050,12.0500,-7.5,-0.00075,69.51
6,169563,1,0,57.48,1854.1,1954.0,1520.4,0.0,14.9425,825.0,0.82500,12.0500,957.5,0.95750,12.0512,1197.5,0.03629,5.0812,700.0,0.07000,12.0437,3457.5,0.34575,12.0400,4425.0,0.44250,12.0475,1052.5,0.10525,12.0487,-5.0,-0.00050,12.0500,-7.5,-0.00075,12.0462,-7.5,-0.00075,12.0475,-5.0,-0.00050,12.0487,-5.0,-0.00050,12.0487,-5.0,-0.00050,12.0500,-7.5,-0.00075,69.85
6,169899,1,0,57.76,1797.7,1962.5,1635.5,0.0,14.9412,842.5,0.84250,12.0487,980.0,0.98000,12.0512,1197.5,0.03629,5.0812,702.5,0.07025,12.0425,3550.0,0.35500,12.0400,4507.5,0.45075,12.0462,1062.5,0.10625,12.0475,-5.0,-0.00050,12.0487,-7.5,-0.00075,12.0462,-7.5,-0.00075,12.0475,-5.0,-0.00050,12.0475,-5.0,-0.00050,12.0487,-5.0,-0.00050,12.0500,-7.5,-0.00075,70.18
6,170236,1,0,58.04,1539.8,1798.1,1971.1,0.0,14.9412,845.0,0.84500,12.0500,980.0,0.98000,12.0512,1197.5,0.03629,5.0812,702.5,0.07025,12.0425,3542.5,0.35425,12.0400,4517.5,0.45175,12.0475,1042.5,0.10425,12.0487,-5.0,-0.00050,12.0500,-7.5,-0.00075,12.0462,-7.5,-0.00075,12.0475,-5.0,-0.00050,12.0487,-5.0,-0.00050,12.0487,-5.0,-0.00050,12.0500,-7.5,-0.00075,70.52
6,170572,1,0,58.32,1988.3,1869.8,1910.9,0.0,14.9387,857.5,0.85750,12.0500,992.5,0.99250,12.0525,1197.5,0.03629,5.0812,702.5,0.07025,12.0425,3607.5,0.36075,12.0400,4580.0,0.45800,12.0462,1090.0,0.10900,12.0487,-5.0,-0.00050,12.0500,-7.5,-0.00075,12.0462,-7.5,-0.00075,12.0475,-5.0,-0.00050,12.0475,-5.0,-0.00050,12.0487,-5.0,-0.00050,12.0500,-7.5,-0.00075,70.86
6,170908,1,0,58.60,1663.7,1877.0,1854.7,0.0,14.9387,855.0,0.85500,12.0500,995.0,0.99500,12.0512,1197.5,0.03629,5.0812,702.5,0.07025,12.0425,3602.5,0.36025,12.0400,4565.0,0.45650,12.0475,1080.0,0.10800,12.0487,-5.0,-0.00050,12.0500,-7.5,-0.00075,12.0462,-7.5,-0.00075,12.0475,-5.0,-0.00050,12.0487,-5.0,-0.00050,12.0487,-5.0,-0.00050,12.0500,-7.5,-0.00075,71.21
6,171265,1,0,58.90,1893.7,1773.4,2106.5,0.0,14.9375,872.5,0.87250,12.0500,1012.5,1.01250,12.0512,1197.5,0.03629,5.0812,702.5,0.07025,12.0425,3680.0,0.36800,12.0387,4660.0,0.46600,12.0462,1100.0,0.11000,12.0475,-5.0,-0.00050,12.0487,-7.5,-0.00075,12.0462,-7.5,-0.00075,12.0475,-5.0,-0.00050,12.0475,-5.0,-0.00050,12.0487,-5.0,-0.00050,12.0500,-7.5,-0.00075,71.55
6,171602,1,0,59.18,1676.9,1892.5,1662.4,0.0,14.9387,862.5,0.86250,12.0500,1002.5,1.00250,12.0512,1200.0,0.03636,5.0812,702.5,0.07025,12.0425,3640.0,0.36400,12.0387,4615.0,0.46150,12.0462,1105.0,0.11050,12.0487,-5.0,-0.00050,12.0500,-7.5,-0.00075,12.0462,-7.5,-0.00075,12.0475,-5.0,-0.00050,12.0475,-5.0,-0.00050,12.0487,-5.0,-0.00050,12.0500,-7.5,-0.00075,71.88
6,171938,1,0,59.46,1570.7,2050.3,1675.7,0.0,14.9362,877.5,0.87750,12.0500,1020.0,1.02000,12.0512,1197.5,0.03629,5.0812,702.5,0.07025,12.0425,3710.0,0.37100,12.0387,4692.5,0.46925,12.0462,1100.0,0.11000,12.0475,-5.0,-0.00050,12.0487,-7.5,-0.00075,12.0450,-7.5,-0.00075,12.0475,-5.0,-0.00050,12.0475,-5.0,-0.00050,12.0487,-5.0,-0.00050,12.0487,-7.5,-0.00075,72.22
6,172274,1,0,59.74,1787.5,1908.3,1569.9,0.0,14.9350,885.0,0.88500,12.0500,1027.5,1.02750,12.0525,1200.0,0.03636,5.0812,702.5,0.07025,12.0425,3697.5,0.36975,12.0387,4745.0,0.47450,12.0475,1127.5,0.11275,12.0487,-5.0,-0.00050,12.0500,-7.5,-0.00075,12.0462,-7.5,-0.00075,12.0475,-5.0,-0.00050,12.0487,-5.0,-0.00050,12.0487,-5.0,-0.00050,12.0500,-7.5,-0.00075,72.56
6,172610,1,0,60.02,1696.1,1787.4,2026.9,0.0,14.9350,887.5,0.88750,12.0500,1032.5,1.03250,12.0512,1200.0,0.03636,5.0812,702.5,0.07025,12.0425,3725.0,0.37250,12.0387,4762.5,0.47625,12.0462,1140.0,0.11400,12.0487,-5.0,-0.00050,12.0487,-7.5,-0.00075,12.0462,-7.5,-0.00075,12.0475,-5.0,-0.00050,12.0475,-5.0,-0.00050,12.0487,-5.0,-0.00050,12.0500,-7.5,-0.00075,72.89
6,172947,1,0,60.30,1815.2,1582.0,1696.0,0.0,14.9337,895.0,0.89500,12.0500,1040.0,1.04000,12.0512,1200.0,0.03636,5.0812,702.5,0.07025,12.0425,3737.5,0.37375,12.0387,4810.0,0.48100,12.0462,1130.0,0.11300,12.0475,-5.0,-0.00050,12.0487,-7.5,-0.00075,12.0462,-7.5,-0.00075,12.0475,-5.0,-0.00050,12.0475,-5.0,-0.00050,12.0487,-5.0,-0.00050,12.0500,-7.5,-0.00075,73.24
6,173304,1,0,60.59,1822.9,1862.3,2013.4,0.0,14.9312,912.5,0.91250,12.0500,1065.0,1.06500,12.0512,1200.0,0.03636,5.0812,702.5,0.07025,12.0412,3862.5,0.38625,12.0387,4910.0,0.49100,12.0462,1130.0,0.11300,12.0475,-5.0,-0.00050,12.0487,-7.5,-0.00075,12.0450,-7.5,-0.00075,12.0475,-5.0,-0.00050,12.0475,-5.0,-0.00050,12.0487,-5.0,-0.00050,12.0487,-7.5,-0.00075,73.60
6,173640,1,0,60.87,1709.2,2280.5,1915.6,0.0,14.9288,935.0,0.93500,12.0500,1087.5,1.08750,12.0512,1200.0,0.03636,5.0812,702.5,0.07025,12.0412,3930.0,0.39300,12.0387,5022.5,0.50225,12.0462,1187.5,0.11875,12.0475,-5.0,-0.00050,12.0487,-7.5,-0.00075,12.0450,-7.5,-0.00075,12.0475,-5.0,-0.00050,12.0475,-5.0,-0.00050,12.0487,-5.0,-0.00050,12.0487,-7.5,-0.00075,73.92
6,173976,1,0,61.15,1869.3,2138.1,1923.7,0.0,14.9288,932.5,0.93250,12.0500,1085.0,1.08500,12.0525,1200.0,0.03636,5.0812,702.5,0.07025,12.0425,3935.0,0.39350,12.0387,5002.5,0.50025,12.0462,1182.5,0.11825,12.0475,-5.0,-0.00050,12.0500,-7.5,-0.00075,12.0462,-7.5,-0.00075,12.0475,-5.0,-0.00050,12.0475,-5.0,-0.00050,12.0487,-5.0,-0.00050,12.0500,-7.5,-0.00075,74.26
6,174313,1,0,61.44,1615.9,1716.5,1931.2,0.0,14.9275,940.0,0.94000,12.0500,1092.5,1.09250,12.0512,1200.0,0.03636,5.0812,702.5,0.07025,12.0412,3962.5,0.39625,12.0387,5042.5,0.50425,12.0462,1200.0,0.12000,12.0475,-5.0,-0.00050,12.0487,-7.5,-0.00075,12.0462,-7.5,-0.00075,12.0475,-5.0,-0.00050,12.0475,-5.0,-0.00050,12.0487,-5.0,-0.00050,12.0500,-7.5,-0.00075,74.60
6,174649,1,0,61.72,1969.5,2187.2,1722.7,0.0,14.9275,940.0,0.94000,12.0500,1095.0,1.09500,12.0512,1200.0,0.03636,5.0812,702.5,0.07025,12.0412,3935.0,0.39350,12.0387,5050.0,0.50500,12.0462,1205.0,0.12050,12.0475,-5.0,-0.00050,12.0487,-7.5,-0.00075,12.0462,-7.5,-0.00075,12.0475,-5.0,-0.00050,12.0475,-5.0,-0.00050,12.0487,-5.0,-0.00050,12.0500,-7.5,-0.00075,74.93
6,174985,1,0,62.00,1952.7,2010.9,1837.1,0.0,14.9250,962.5,0.96250,12.0487,1120.0,1.12000,12.0512,1200.0,0.03636,5.0812,702.5,0.07025,12.0412,4045.0,0.40450,12.0375,5185.0,0.51850,12.0462,1217.5,0.12175,12.0475,-5.0,-0.00050,12.0487,-7.5,-0.00075,12.0450,-7.5,-0.00075,12.0462,-5.0,-0.00050,12.0475,-5.0,-0.00050,12.0475,-5.0,-0.00050,12.0487,-7.5,-0.00075,75.28
6,175342,1,0,62.29,1897.7,2170.1,2021.0,0.0,14.9237,967.5,0.96750,12.0500,1127.5,1.12750,12.0512,1197.5,0.03629,5.0812,702.5,0.07025,12.0412,4045.0,0.40450,12.0387,5212.5,0.52125,12.0462,1217.5,0.12175,12.0475,-5.0,-0.00050,12.0487,-7.5,-0.00075,12.0462,-7.5,-0.00075,12.0475,-5.0,-0.00050,12.0475,-5.0,-0.00050,12.0487,-5.0,-0.00050,12.0500,-7.5,-0.00075,75.63
6,175679,1,0,62.57,1968.1,2003.3,1960.5,0.0,14.9225,982.5,0.98250,12.0487,1142.5,1.14250,12.0512,1200.0,0.03636,5.0812,702.5,0.07025,12.0412,4077.5,0.40775,12.0375,5312.5,0.53125,12.0450,1265.0,0.12650,12.0475,-5.0,-0.00050,12.0487,-7.5,-0.00075,12.0450,-7.5,-0.00075,12.0462,-5.0,-0.00050,12.0475,-5.0,-0.00050,12.0475,-5.0,-0.00050,12.0487,-7.5,-0.00075,75.96
6,176015,1,0,62.85,2124.5,1859.1,1749.3,0.0,14.9225,980.0,0.98000,12.0500,1142.5,1.14250,12.0512,1197.5,0.03629,5.0812,702.5,0.07025,12.0412,4095.0,0.40950,12.0375,5295.0,0.52950,12.0462,1257.5,0.12575,12.0475,-5.0,-0.00050,12.0487,-7.5,-0.00075,12.0450,-7.5,-0.00075,12.0462,-5.0,-0.00050,12.0475,-5.0,-0.00050,12.0487,-5.0,-0.00050,12.0500,-7.5,-0.00075,76.30
6,176351,1,0,63.13,1983.3,2124.2,1756.4,0.0,14.9187,1002.5,1.00250,12.0487,1170.0,1.17000,12.0500,1197.5,0.03629,5.0812,702.5,0.07025,12.0400,4200.0,0.42000,12.0363,5425.0,0.54250,12.0437,1280.0,0.12800,12.0462,-5.0,-0.00050,12.0475,-7.5,-0.00075,12.0437,-7.5,-0.00075,12.0450,-5.0,-0.00050,12.0462,-5.0,-0.00050,12.0475,-5.0,-0.00050,12.0487,-7.5,-0.00075,76.64
6,176687,1,0,63.41,1659.9,1872.9,1653.2,0.0,14.9187,1007.5,1.00750,12.0487,1175.0,1.17500,12.0512,1200.0,0.03636,5.0812,702.5,0.07025,12.0400,4222.5,0.42225,12.0363,5447.5,0.54475,12.0450,1282.5,0.12825,12.0462,-5.0,-0.00050,12.0475,-7.5,-0.00075,12.0450,-7.5,-0.00075,12.0462,-5.0,-0.00050,12.0475,-5.0,-0.00050,12.0475,-5.0,-0.00050,12.0487,-7.5,-0.00075,76.97
6,177024,1,0,63.69,1979.4,1928.0,1659.6,0.0,14.9175,1017.5,1.01750,12.0487,1187.5,1.18750,12.0512,1200.0,0.03636,5.0812,702.5,0.07025,12.0400,4285.0,0.42850,12.0375,5477.5,0.54775,12.0450,1305.0,0.13050,12.0475,-5.0,-0.00050,12.0487,-7.5,-0.00075,12.0450,-7.5,-0.00075,12.0462,-5.0,-0.00050,12.0475,-5.0,-0.00050,12.0475,-5.0,-0.00050,12.0487,-7.5,-0.00075,77.32
6,177381,1,0,63.99,1883.7,2112.8,1874.8,0.0,14.9175,1015.0,1.01500,12.0500,1185.0,1.18500,12.0512,1200.0,0.03636,5.0812,702.5,0.07025,12.0400,4282.5,0.42825,12.0375,5437.5,0.54375,12.0450,1322.5,0.13225,12.0475,-5.0,-0.00050,12.0487,-7.5,-0.00075,12.0450,-7.5,-0.00075,12.0462,-5.0,-0.00050,12.0475,-5.0,-0.00050,12.0475,-5.0,-0.00050,12.0487,-7.5,-0.00075,77.66
6,177717,1,0,64.27,1905.1,2093.5,1833.9,0.0,14.9150,1030.0,1.03000,12.0487,1200.0,1.20000,12.0512,1197.5,0.03629,5.0812,702.5,0.07025,12.0400,4330.0,0.43300,12.0363,5525.0,0.55250,12.0450,1322.5,0.13225,12.0462,-5.0,-0.00050,12.0475,-7.5,-0.00075,12.0450,-7.5,-0.00075,12.0462,-5.0,-0.00050,12.0462,-5.0,-0.00050,12.0475,-5.0,-0.00050,12.0487,-7.5,-0.00075,78.00
6,178053,1,0,64.55,1912.5,1792.6,2014.3,0.0,14.9162,1027.5,1.02750,12.0487,1200.0,1.20000,12.0512,1200.0,0.03636,5.0812,702.5,0.07025,12.0400,4337.5,0.43375,12.0363,5500.0,0.55000,12.0450,1332.5,0.13325,12.0462,-5.0,-0.00050,12.0487,-7.5,-0.00075,12.0450,-7.5,-0.00075,12.0462,-5.0,-0.00050,12.0475,-5.0,-0.00050,12.0475,-5.0,-0.00050,12.0487,-7.5,-0.00075,78.34
6,178390,1,0,64.83,1806.2,1910.1,1796.5,0.0,14.9125,1047.5,1.04750,12.0487,1222.5,1.22250,12.0500,1202.5,0.03644,5.0812,702.5,0.07025,12.0387,4432.5,0.44325,12.0350,5612.5,0.56125,12.0437,1350.0,0.13500,12.0450,-5.0,-0.00050,12.0475,-7.5,-0.00075,12.0437,-7.5,-0.00075,12.0450,-5.0,-0.00050,12.0462,-5.0,-0.00050,12.0462,-5.0,-0.00050,12.0475,-7.5,-0.00075,78.68
6,178726,1,0,65.11,1813.1,1855.4,2113.0,0.0,14.9125,1055.0,1.05500,12.0487,1230.0,1.23000,12.0512,1200.0,0.03636,5.0812,702.5,0.07025,12.0400,4445.0,0.44450,12.0363,5650.0,0.56500,12.0450,1390.0,0.13900,12.0462,-5.0,-0.00050,12.0475,-7.5,-0.00075,12.0450,-7.5,-0.00075,12.0462,-5.0,-0.00050,12.0462,-5.0,-0.00050,12.0475,-5.0,-0.00050,12.0487,-7.5,-0.00075,79.01
6,179062,1,0,65.39,1963.7,2081.5,2120.8,0.0,14.9125,1055.0,1.05500,12.0487,1230.0,1.23000,12.0512,1200.0,0.03636,5.0812,702.5,0.07025,12.0400,4452.5,0.44525,12.0363,5622.5,0.56225,12.0450,1395.0,0.13950,12.0462,-5.0,-0.00050,12.0475,-7.5,-0.00075,12.0437,-7.5,-0.00075,12.0462,-5.0,-0.00050,12.0462,-5.0,-0.00050,12.0475,-5.0,-0.00050,12.0487,-7.5,-0.00075,79.36
6,179419,1,0,65.69,1924.7,2024.2,2271.4,0.0,14.9100,1072.5,1.07250,12.0487,1250.0,1.25000,12.0512,1200.0,0.03636,5.0812,702.5,0.07025,12.0387,4517.5,0.45175,12.0363,5722.5,0.57225,12.0437,1387.5,0.13875,12.0462,-5.0,-0.00050,12.0475,-7.5,-0.00075,12.0437,-7.5,-0.00075,12.0450,-5.0,-0.00050,12.0462,-5.0,-0.00050,12.0462,-5.0,-0.00050,12.0475,-7.5,-0.00075,79.71
6,179756,1,0,65.97,1932.5,2032.8,1936.7,0.0,14.9075,1085.0,1.08500,12.0487,1270.0,1.27000,12.0512,1202.5,0.03644,5.0812,702.5,0.07025,12.0387,4625.0,0.46250,12.0350,5807.5,0.58075,12.0437,1420.0,0.14200,12.0462,-5.0,-0.00050,12.0475,-7.5,-0.00075,12.0437,-7.5,-0.00075,12.0450,-5.0,-0.00050,12.0462,-5.0,-0.00050,12.0462,-5.0,-0.00050,12.0487,-7.5,-0.00075,80.04
6,180092,1,0,66.25,1840.2,1826.3,1822.6,0.0,14.9062,1095.0,1.09500,12.0487,1280.0,1.28000,12.0512,1200.0,0.03636,5.0812,702.5,0.07025,12.0387,4615.0,0.46150,12.0350,5840.0,0.58400,12.0437,1447.5,0.14475,12.0462,-5.0,-0.00050,12.0475,-7.5,-0.00075,12.0437,-7.5,-0.00075,12.0462,-5.0,-0.00050,12.0462,-5.0,-0.00050,12.0462,-5.0,-0.00050,12.0475,-7.5,-0.00075,80.38
6,180428,1,0,66.53,2055.7,1839.1,1937.7,0.0,14.9075,1092.5,1.09250,12.0487,1275.0,1.27500,12.0512,1200.0,0.03636,5.0812,702.5,0.07025,12.0400,4582.5,0.45825,12.0363,5827.5,0.58275,12.0437,1452.5,0.14525,12.0462,-5.0,-0.00050,12.0475,-7.5,-0.00075,12.0437,-7.5,-0.00075,12.0462,-5.0,-0.00050,12.0462,-5.0,-0.00050,12.0475,-5.0,-0.00050,12.0487,-7.5,-0.00075,80.72
6,180764,1,0,66.81,2062.1,2160.7,2053.9,0.0,14.9062,1100.0,1.10000,12.0487,1285.0,1.28500,12.0500,1200.0,0.03636,5.0812,702.5,0.07025,12.0387,4632.5,0.46325,12.0350,5880.0,0.58800,12.0437,1472.5,0.14725,12.0462,-5.0,-0.00050,12.0475,-7.5,-0.00075,12.0450,-7.5,-0.00075,12.0450,-5.0,-0.00050,12.0462,-5.0,-0.00050,12.0475,-5.0,-0.00050,12.0487,-7.5,-0.00075,81.06
6,181101,1,0,67.09,1959.7,2101.5,1954.1,0.0,14.9050,1105.0,1.10500,12.0487,1295.0,1.29500,12.0512,1200.0,0.03636,5.0812,702.5,0.07025,12.0387,4632.5,0.46325,12.0350,5930.0,0.59300,12.0437,1472.5,0.14725,12.0462,-5.0,-0.00050,12.0475,-7.5,-0.00075,12.0437,-7.5,-0.00075,12.0450,-5.0,-0.00050,12.0462,-5.0,-0.00050,12.0462,-5.0,-0.00050,12.0487,-7.5,-0.00075,81.41
6,181458,1,0,67.39,1966.2,2109.8,1851.2,0.0,14.9025,1127.5,1.12750,12.0487,1317.5,1.31750,12.0500,1197.5,0.03629,5.0812,702.5,0.07025,12.0387,4745.0,0.47450,12.0350,6042.5,0.60425,12.0437,1465.0,0.14650,12.0450,-5.0,-0.00050,12.0462,-7.5,-0.00075,12.0437,-7.5,-0.00075,12.0450,-5.0,-0.00050,12.0462,-5.0,-0.00050,12.0462,-5.0,-0.00050,12.0475,-7.5,-0.00075,81.74
6,181794,1,0,67.67,2192.8,2074.4,2011.9,0.0,14.9012,1135.0,1.13500,12.0487,1330.0,1.33000,12.0500,1200.0,0.03636,5.0812,702.5,0.07025,12.0387,4782.5,0.47825,12.0350,6102.5,0.61025,12.0437,1477.5,0.14775,12.0450,-5.0,-0.00050,12.0462,-7.5,-0.00075,12.0437,-7.5,-0.00075,12.0450,-5.0,-0.00050,12.0462,-5.0,-0.00050,12.0462,-5.0,-0.00050,12.0475,-7.5,-0.00075,82.09
6,182130,1,0,67.95,2201.2,1863.4,2520.2,0.0,14.8987,1155.0,1.15500,12.0475,1357.5,1.35750,12.0500,1200.0,0.03636,5.0812,702.5,0.07025,12.0375,4855.0,0.48550,12.0337,6227.5,0.62275,12.0425,1500.0,0.15000,12.0450,-5.0,-0.00050,12.0462,-7.5,-0.00075,12.0437,-7.5,-0.00075,12.0450,-5.0,-0.00050,12.0450,-5.0,-0.00050,12.0462,-5.0,-0.00050,12.0475,-7.5,-0.00075,82.42
6,182467,1,0,68.23,1988.0,2201.2,2025.8,0.0,14.8987,1157.5,1.15750,12.0487,1350.0,1.35000,12.0512,1202.5,0.03644,5.0812,702.5,0.07025,12.0387,4837.5,0.48375,12.0350,6215.0,0.62150,12.0425,1545.0,0.15450,12.0450,-5.0,-0.00050,12.0462,-7.5,-0.00075,12.0437,-7.5,-0.00075,12.0437,-5.0,-0.00050,12.0450,-5.0,-0.00050,12.0462,-5.0,-0.00050,12.0475,-7.5,-0.00075,82.76
6,182803,1,0,68.51,1877.5,2079.4,1820.2,0.0,14.8962,1177.5,1.17750,12.0475,1385.0,1.38500,12.0500,1200.0,0.03636,5.0812,702.5,0.07025,12.0363,4965.0,0.49650,12.0337,6337.5,0.63375,12.0425,1552.5,0.15525,12.0450,-5.0,-0.00050,12.0462,-7.5,-0.00075,12.0425,-7.5,-0.00075,12.0450,-5.0,-0.00050,12.0450,-5.0,-0.00050,12.0450,-5.0,-0.00050,12.0475,-7.5,-0.00075,83.10
6,183139,1,0,68.79,1885.9,1984.8,2442.1,0.0,14.8937,1190.0,1.19000,12.0487,1395.0,1.39500,12.0512,1200.0,0.03636,5.0812,702.5,0.07025,12.0375,4990.0,0.49900,12.0337,6407.5,0.64075,12.0425,1585.0,0.15850,12.0450,-5.0,-0.00050,12.0462,-7.5,-0.00075,12.0425,-7.5,-0.00075,12.0450,-5.0,-0.00050,12.0450,-5.0,-0.00050,12.0450,-5.0,-0.00050,12.0462,-7.5,-0.00075,83.45
6,183496,1,0,69.09,1894.2,1992.4,2118.1,0.0,14.8925,1202.5,1.20250,12.0475,1407.5,1.40750,12.0500,1202.5,0.03644,5.0812,702.5,0.07025,12.0363,5102.5,0.51025,12.0325,6410.0,0.64100,12.0425,1595.0,0.15950,12.0450,-5.0,-0.00050,12.0462,-7.5,-0.00075,12.0437,-7.5,-0.00075,12.0450,-5.0,-0.00050,12.0450,-5.0,-0.00050,12.0462,-5.0,-0.00050,12.0475,-7.5,-0.00075,83.78
6,183833,1,0,69.37,1796.4,2209.6,2171.2,0.0,14.8925,1202.5,1.20250,12.0487,1405.0,1.40500,12.0500,1202.5,0.03644,5.0812,702.5,0.07025,12.0375,5062.5,0.50625,12.0337,6415.0,0.64150,12.0425,1585.0,0.15850,12.0450,-5.0,-0.00050,12.0462,-7.5,-0.00075,12.0437,-7.5,-0.00075,12.0450,-5.0,-0.00050,12.0462,-5.0,-0.00050,12.0462,-5.0,-0.00050,12.0475,-7.5,-0.00075,84.12
6,184169,1,0,69.65,2295.3,2429.0,1902.4,0.0,14.8900,1217.5,1.21750,12.0475,1427.5,1.42750,12.0500,1202.5,0.03644,5.0812,702.5,0.07025,12.0375,5157.5,0.51575,12.0337,6500.0,0.65000,12.0425,1577.5,0.15775,12.0450,-5.0,-0.00050,12.0462,-7.5,-0.00075,12.0425,-7.5,-0.00075,12.0450,-5.0,-0.00050,12.0450,-5.0,-0.00050,12.0462,-5.0,-0.00050,12.0475,-7.5,-0.00075,84.47
6,184505,1,0,69.93,1810.3,2027.0,2120.0,0.0,14.8900,1222.5,1.22250,12.0487,1430.0,1.43000,12.0512,1202.5,0.03644,5.0812,702.5,0.07025,12.0375,5155.0,0.51550,12.0325,6562.5,0.65625,12.0425,1575.0,0.15750,12.0450,-5.0,-0.00050,12.0462,-7.5,-0.00075,12.0425,-7.5,-0.00075,12.0450,-5.0,-0.00050,12.0450,-5.0,-0.00050,12.0462,-5.0,-0.00050,12.0475,-7.5,-0.00075,84.80
6,184841,1,0,70.21,2135.8,2145.9,2126.4,0.0,14.8888,1232.5,1.23250,12.0475,1442.5,1.44250,12.0500,1200.0,0.03636,5.0812,702.5,0.07025,12.0363,5197.5,0.51975,12.0325,6637.5,0.66375,12.0425,1630.0,0.16300,12.0450,-5.0,-0.00050,12.0462,-7.5,-0.00075,12.0425,-7.5,-0.00075,12.0437,-5.0,-0.00050,12.0450,-5.0,-0.00050,12.0450,-5.0,-0.00050,12.0462,-7.5,-0.00075,85.14
6,185178,1,0,70.49,2048.5,1920.1,2088.3,0.0,14.8875,1235.0,1.23500,12.0475,1450.0,1.45000,12.0512,1200.0,0.03636,5.0812,702.5,0.07025,12.0363,5190.0,0.51900,12.0337,6662.5,0.66625,12.0425,1625.0,0.16250,12.0450,-5.0,-0.00050,12.0462,-7.5,-0.00075,12.0425,-7.5,-0.00075,12.0450,-5.0,-0.00050,12.0450,-5.0,-0.00050,12.0450,-5.0,-0.00050,12.0475,-7.5,-0.00075,85.48
6,185535,1,0,70.79,1934.0,2094.4,2141.5,0.0,14.8888,1235.0,1.23500,12.0487,1442.5,1.44250,12.0512,1200.0,0.03636,5.0812,702.5,0.07025,12.0375,5190.0,0.51900,12.0337,6635.0,0.66350,12.0425,1632.5,0.16325,12.0450,-5.0,-0.00050,12.0475,-7.5,-0.00075,12.0437,-7.5,-0.00075,12.0450,-5.0,-0.00050,12.0450,-5.0,-0.00050,12.0462,-5.0,-0.00050,12.0475,-7.5,-0.00075,85.82
6,185871,1,0,71.07,2047.4,2145.3,1939.8,0.0,14.8837,1262.5,1.26250,12.0462,1485.0,1.48500,12.0500,1200.0,0.03636,5.0812,702.5,0.07025,12.0350,5317.5,0.53175,12.0313,6835.0,0.68350,12.0412,1657.5,0.16575,12.0437,-5.0,-0.00050,12.0450,-7.5,-0.00075,12.0425,-7.5,-0.00075,12.0437,-5.0,-0.00050,12.0437,-5.0,-0.00050,12.0450,-5.0,-0.00050,12.0462,-7.5,-0.00075,86.16
6,186207,1,0,71.35,1945.6,2475.7,2154.1,0.0,14.8837,1270.0,1.27000,12.0475,1492.5,1.49250,12.0500,1200.0,0.03636,5.0812,702.5,0.07025,12.0350,5360.0,0.53600,12.0313,6907.5,0.69075,12.0412,1655.0,0.16550,12.0437,-5.0,-0.00050,12.0450,-7.5,-0.00075,12.0425,-7.5,-0.00075,12.0437,-5.0,-0.00050,12.0437,-5.0,-0.00050,12.0450,-5.0,-0.00050,12.0462,-7.5,-0.00075,86.50
6,186544,1,0,71.63,1843.6,2203.2,2269.0,0.0,14.8800,1295.0,1.29500,12.0475,1517.5,1.51750,12.0487,1200.0,0.03636,5.0812,702.5,0.07025,12.0350,5437.5,0.54375,12.0313,7012.5,0.70125,12.0412,1677.5,0.16775,12.0437,-5.0,-0.00050,12.0450,-7.5,-0.00075,12.0425,-7.5,-0.00075,12.0437,-5.0,-0.00050,12.0437,-5.0,-0.00050,12.0450,-5.0,-0.00050,12.0462,-7.5,-0.00075,86.84
6,186880,1,0,71.91,2285.6,2167.9,2060.1,0.0,14.8800,1297.5,1.29750,12.0475,1522.5,1.52250,12.0500,1200.0,0.03636,5.0812,702.5,0.07025,12.0363,5447.5,0.54475,12.0325,7007.5,0.70075,12.0412,1687.5,0.16875,12.0437,-5.0,-0.00050,12.0462,-7.5,-0.00075,12.0425,-7.5,-0.00075,12.0437,-5.0,-0.00050,12.0450,-5.0,-0.00050,12.0450,-5.0,-0.00050,12.0462,-7.5,-0.00075,87.18
6,187216,1,0,72.19,1966.1,2066.8,2176.3,0.0,14.8775,1310.0,1.31000,12.0475,1535.0,1.53500,12.0500,1200.0,0.03636,5.0812,702.5,0.07025,12.0350,5492.5,0.54925,12.0313,7080.0,0.70800,12.0412,1737.5,0.17375,12.0437,-5.0,-0.00050,12.0450,-7.5,-0.00075,12.0425,-7.5,-0.00075,12.0425,-5.0,-0.00050,12.0437,-5.0,-0.00050,12.0450,-5.0,-0.00050,12.0462,-7.5,-0.00075,87.52
6,187573,1,0,72.49,2174.7,1965.0,2227.7,0.0,14.8762,1322.5,1.32250,12.0475,1550.0,1.55000,12.0500,1200.0,0.03636,5.0812,702.5,0.07025,12.0350,5540.0,0.55400,12.0313,7155.0,0.71550,12.0400,1747.5,0.17475,12.0425,-5.0,-0.00050,12.0450,-7.5,-0.00075,12.0412,-7.5,-0.00075,12.0425,-5.0,-0.00050,12.0437,-5.0,-0.00050,12.0450,-5.0,-0.00050,12.0462,-7.5,-0.00075,87.87
6,187910,1,0,72.77,2182.9,2082.0,2082.5,0.0,14.8737,1342.5,1.34250,12.0475,1570.0,1.57000,12.0487,1197.5,0.03629,5.0812,702.5,0.07025,12.0350,5622.5,0.56225,12.0300,7260.0,0.72600,12.0400,1760.0,0.17600,12.0425,-5.0,-0.00050,12.0437,-7.5,-0.00075,12.0412,-7.5,-0.00075,12.0425,-5.0,-0.00050,12.0437,-5.0,-0.00050,12.0450,-5.0,-0.00050,12.0462,-7.5,-0.00075,88.20
6,188246,1,0,73.05,2087.0,2456.8,2456.5,0.0,14.8725,1352.5,1.35250,12.0475,1580.0,1.58000,12.0500,1200.0,0.03636,5.0812,702.5,0.07025,12.0350,5645.0,0.56450,12.0313,7295.0,0.72950,12.0412,1772.5,0.17725,12.0437,-5.0,-0.00050,12.0450,-7.5,-0.00075,12.0412,-7.5,-0.00075,12.0425,-5.0,-0.00050,12.0437,-5.0,-0.00050,12.0450,-5.0,-0.00050,12.0462,-7.5,-0.00075,88.53
6,188582,1,0,73.33,1989.3,2096.5,1986.8,0.0,14.8712,1365.0,1.36500,12.0475,1597.5,1.59750,12.0500,1200.0,0.03636,5.0812,702.5,0.07025,12.0350,5692.5,0.56925,12.0300,7375.0,0.73750,12.0400,1792.5,0.17925,12.0425,-5.0,-0.00050,12.0450,-7.5,-0.00075,12.0412,-7.5,-0.00075,12.0425,-5.0,-0.00050,12.0437,-5.0,-0.00050,12.0437,-5.0,-0.00050,12.0450,-7.5,-0.00075,88.87
6,188918,1,0,73.61,1890.6,2325.3,1994.5,0.0,14.8700,1367.5,1.36750,12.0475,1602.5,1.60250,12.0500,1202.5,0.03644,5.0812,702.5,0.07025,12.0350,5712.5,0.57125,12.0313,7395.0,0.73950,12.0412,1812.5,0.18125,12.0437,-5.0,-0.00050,12.0450,-7.5,-0.00075,12.0425,-7.5,-0.00075,12.0437,-5.0,-0.00050,12.0437,-5.0,-0.00050,12.0450,-5.0,-0.00050,12.0462,-7.5,-0.00075,89.20
6,189255,1,0,73.89,2230.5,2332.4,2000.9,0.0,14.8675,1385.0,1.38500,12.0462,1625.0,1.62500,12.0487,1202.5,0.03644,5.0812,702.5,0.07025,12.0337,5810.0,0.58100,12.0300,7470.0,0.74700,12.0400,1800.0,0.18000,12.0425,-5.0,-0.00050,12.0437,-7.5,-0.00075,12.0412,-7.5,-0.00075,12.0425,-5.0,-0.00050,12.0437,-5.0,-0.00050,12.0437,-5.0,-0.00050,12.0450,-7.5,-0.00075,89.55
6,189612,1,0,74.18,2220.3,2165.2,2001.6,0.0,14.8675,1392.5,1.39250,12.0475,1635.0,1.63500,12.0500,1202.5,0.03644,5.0812,702.5,0.07025,12.0337,5832.5,0.58325,12.0300,7485.0,0.74850,12.0412,1820.0,0.18200,12.0425,-5.0,-0.00050,12.0450,-7.5,-0.00075,12.0412,-7.5,-0.00075,12.0425,-5.0,-0.00050,12.0437,-5.0,-0.00050,12.0437,-5.0,-0.00050,12.0450,-7.5,-0.00075,89.90
6,189948,1,0,74.46,2246.2,2348.0,2056.4,0.0,14.8650,1410.0,1.41000,12.0475,1652.5,1.65250,12.0500,1202.5,0.03644,5.0812,702.5,0.07025,12.0337,5900.0,0.59000,12.0287,7687.5,0.76875,12.0400,1850.0,0.18500,12.0425,-5.0,-0.00050,12.0437,-7.5,-0.00075,12.0412,-7.5,-0.00075,12.0425,-5.0,-0.00050,12.0437,-5.0,-0.00050,12.0450,-5.0,-0.00050,12.0462,-7.5,-0.00075,90.23
6,190284,1,0,74.74,2128.6,2436.2,2073.6,0.0,14.8637,1415.0,1.41500,12.0475,1660.0,1.66000,12.0500,1202.5,0.03644,5.0812,702.5,0.07025,12.0337,5892.5,0.58925,12.0300,7677.5,0.76775,12.0400,1867.5,0.18675,12.0425,-5.0,-0.00050,12.0450,-7.5,-0.00075,12.0412,-7.5,-0.00075,12.0425,-5.0,-0.00050,12.0437,-5.0,-0.00050,12.0437,-5.0,-0.00050,12.0450,-7.5,-0.00075,90.57
6,190621,1,0,75.03,2242.0,2231.3,1915.2,0.0,14.8612,1440.0,1.44000,12.0462,1692.5,1.69250,12.0487,1202.5,0.03644,5.0812,702.5,0.07025,12.0325,5997.5,0.59975,12.0287,7850.0,0.78500,12.0400,1882.5,0.18825,12.0425,-5.0,-0.00050,12.0437,-7.5,-0.00075,12.0400,-7.5,-0.00075,12.0425,-5.0,-0.00050,12.0425,-5.0,-0.00050,12.0437,-5.0,-0.00050,12.0450,-7.5,-0.00075,90.90
6,190957,1,0,75.31,2143.8,2240.6,2147.7,0.0,14.8600,1447.5,1.44750,12.0462,1700.0,1.70000,12.0500,1202.5,0.03644,5.0812,702.5,0.07025,12.0325,6045.0,0.60450,12.0287,7887.5,0.78875,12.0400,1880.0,0.18800,12.0425,-5.0,-0.00050,12.0437,-7.5,-0.00075,12.0412,-7.5,-0.00075,12.0425,-5.0,-0.00050,12.0425,-5.0,-0.00050,12.0437,-5.0,-0.00050,12.0450,-7.5,-0.00075,91.24
6,191293,1,0,75.59,2043.4,2033.9,2034.5,0.0,14.8612,1442.5,1.44250,12.0475,1692.5,1.69250,12.0500,1202.5,0.03644,5.0812,702.5,0.07025,12.0337,6037.5,0.60375,12.0300,7840.0,0.78400,12.0400,1892.5,0.18925,12.0425,-5.0,-0.00050,12.0437,-7.5,-0.00075,12.0412,-7.5,-0.00075,12.0425,-5.0,-0.00050,12.0437,-5.0,-0.00050,12.0437,-5.0,-0.00050,12.0450,-7.5,-0.00075,91.60
6,191650,1,0,75.88,2048.9,1932.5,2255.3,0.0,14.8600,1450.0,1.45000,12.0462,1705.0,1.70500,12.0487,1200.0,0.03636,5.0812,702.5,0.07025,12.0325,6077.5,0.60775,12.0287,7862.5,0.78625,12.0400,1912.5,0.19125,12.0425,-5.0,-0.00050,12.0437,-7.5,-0.00075,12.0400,-7.5,-0.00075,12.0425,-5.0,-0.00050,12.0425,-5.0,-0.00050,12.0437,-5.0,-0.00050,12.0450,-7.5,-0.00075,91.93
6,191987,1,0,76.16,2054.2,2153.8,2262.7,0.0,14.8587,1452.5,1.45250,12.0462,1705.0,1.70500,12.0500,1200.0,0.03636,5.0812,702.5,0.07025,12.0325,6062.5,0.60625,12.0287,7862.5,0.78625,12.0400,1920.0,0.19200,12.0425,-5.0,-0.00050,12.0437,-7.5,-0.00075,12.0400,-7.5,-0.00075,12.0425,-5.0,-0.00050,12.0437,-5.0,-0.00050,12.0437,-5.0,-0.00050,12.0450,-7.5,-0.00075,92.27
6,192323,1,0,76.44,2385.8,2206.7,2161.5,0.0,14.8550,1485.0,1.48500,12.0462,1742.5,1.74250,12.0487,1202.5,0.03644,5.0812,702.5,0.07025,12.0325,6230.0,0.62300,12.0275,8050.0,0.80500,12.0387,1940.0,0.19400,12.0412,-5.0,-0.00050,12.0425,-7.5,-0.00075,12.0400,-7.5,-0.00075,12.0412,-5.0,-0.00050,12.0412,-5.0,-0.00050,12.0425,-5.0,-0.00050,12.0437,-7.5,-0.00075,92.61
6,192659,1,0,76.72,2176.8,2384.5,2059.6,0.0,14.8537,1497.5,1.49750,12.0462,1762.5,1.76250,12.0487,1200.0,0.03636,5.0812,702.5,0.07025,12.0325,6222.5,0.62225,12.0287,8122.5,0.81225,12.0387,1982.5,0.19825,12.0412,-5.0,-0.00050,12.0437,-7.5,-0.00075,12.0400,-7.5,-0.00075,12.0425,-5.0,-0.00050,12.0425,-5.0,-0.00050,12.0437,-5.0,-0.00050,12.0450,-7.5,-0.00075,92.94
6,192995,1,0,77.00,2622.1,2163.7,2284.7,0.0,14.8488,1527.5,1.52750,12.0462,1797.5,1.79750,12.0487,1202.5,0.03644,5.0812,702.5,0.07025,12.0313,6390.0,0.63900,12.0275,8260.0,0.82600,12.0387,2035.0,0.20350,12.0412,-5.0,-0.00050,12.0425,-7.5,-0.00075,12.0400,-7.5,-0.00075,12.0412,-5.0,-0.00050,12.0425,-5.0,-0.00050,12.0425,-5.0,-0.00050,12.0437,-7.5,-0.00075,93.28
6,193332,1,0,77.28,2240.5,2481.5,2183.8,0.0,14.8475,1537.5,1.53750,12.0462,1800.0,1.80000,12.0487,1200.0,0.03636,5.0812,702.5,0.07025,12.0313,6457.5,0.64575,12.0275,8285.0,0.82850,12.0387,2055.0,0.20550,12.0412,-5.0,-0.00050,12.0437,-7.5,-0.00075,12.0400,-7.5,-0.00075,12.0412,-5.0,-0.00050,12.0425,-5.0,-0.00050,12.0437,-5.0,-0.00050,12.0450,-7.5,-0.00075,93.63
6,193689,1,0,77.58,2420.7,2410.6,2081.6,0.0,14.8450,1555.0,1.55500,12.0462,1820.0,1.82000,12.0487,1205.0,0.03652,5.0812,702.5,0.07025,12.0313,6535.0,0.65350,12.0262,8390.0,0.83900,12.0375,2045.0,0.20450,12.0412,-5.0,-0.00050,12.0425,-7.5,-0.00075,12.0387,-7.5,-0.00075,12.0412,-5.0,-0.00050,12.0412,-5.0,-0.00050,12.0425,-5.0,-0.00050,12.0437,-7.5,-0.00075,93.98
6,194025,1,0,77.86,2148.0,2199.5,2565.5,0.0,14.8450,1557.5,1.55750,12.0462,1827.5,1.82750,12.0487,1202.5,0.03644,5.0812,702.5,0.07025,12.0313,6490.0,0.64900,12.0275,8420.0,0.84200,12.0375,2080.0,0.20800,12.0412,-5.0,-0.00050,12.0425,-7.5,-0.00075,12.0387,-7.5,-0.00075,12.0412,-5.0,-0.00050,12.0425,-5.0,-0.00050,12.0425,-5.0,-0.00050,12.0437,-7.5,-0.00075,94.32
6,194361,1,0,78.14,1993.8,2315.9,2314.5,0.0,14.8437,1567.5,1.56750,12.0462,1840.0,1.84000,12.0487,1200.0,0.03636,5.0812,702.5,0.07025,12.0300,6555.0,0.65550,12.0262,8515.0,0.85150,12.0375,2080.0,0.20800,12.0412,-5.0,-0.00050,12.0425,-7.5,-0.00075,12.0400,-7.5,-0.00075,12.0412,-5.0,-0.00050,12.0425,-5.0,-0.00050,12.0437,-5.0,-0.00050,12.0450,-7.5,-0.00075,94.66
6,194698,1,0,78.42,2111.3,2095.2,2409.7,0.0,14.8437,1570.0,1.57000,12.0462,1845.0,1.84500,12.0487,1202.5,0.03644,5.0812,702.5,0.07025,12.0313,6525.0,0.65250,12.0275,8570.0,0.85700,12.0387,2107.5,0.21075,12.0412,-5.0,-0.00050,12.0425,-7.5,-0.00075,12.0400,-7.5,-0.00075,12.0412,-5.0,-0.00050,12.0412,-5.0,-0.00050,12.0425,-5.0,-0.00050,12.0437,-7.5,-0.00075,94.99
6,195034,1,0,78.70,2383.9,2521.4,2151.5,0.0,14.8437,1572.5,1.57250,12.0462,1847.5,1.84750,12.0487,1200.0,0.03636,5.0812,702.5,0.07025,12.0313,6510.0,0.65100,12.0262,8535.0,0.85350,12.0375,2122.5,0.21225,12.0412,-5.0,-0.00050,12.0425,-7.5,-0.00075,12.0400,-7.5,-0.00075,12.0412,-5.0,-0.00050,12.0425,-5.0,-0.00050,12.0425,-5.0,-0.00050,12.0437,-7.5,-0.00075,95.32
6,195370,1,0,78.98,2219.1,2156.2,2337.0,0.0,14.8425,1580.0,1.58000,12.0462,1852.5,1.85250,12.0487,1202.5,0.03644,5.0812,702.5,0.07025,12.0300,6560.0,0.65600,12.0262,8572.5,0.85725,12.0375,2130.0,0.21300,12.0412,-5.0,-0.00050,12.0425,-7.5,-0.00075,12.0387,-7.5,-0.00075,12.0412,-5.0,-0.00050,12.0412,-5.0,-0.00050,12.0425,-5.0,-0.00050,12.0437,-7.5,-0.00075,95.68
6,195727,1,0,79.28,2120.1,2676.0,2608.2,0.0,14.8387,1600.0,1.60000,12.0462,1877.5,1.87750,12.0487,1202.5,0.03644,5.0812,702.5,0.07025,12.0300,6720.0,0.67200,12.0262,8632.5,0.86325,12.0375,2120.0,0.21200,12.0400,-5.0,-0.00050,12.0412,-7.5,-0.00075,12.0387,-7.5,-0.00075,12.0400,-5.0,-0.00050,12.0412,-5.0,-0.00050,12.0425,-5.0,-0.00050,12.0437,-7.5,-0.00075,96.02
6,196064,1,0,79.56,2128.6,2478.4,2545.7,0.0,14.8362,1620.0,1.62000,12.0450,1905.0,1.90500,12.0487,1197.5,0.03629,5.0812,702.5,0.07025,12.0300,6775.0,0.67750,12.0262,8735.0,0.87350,12.0375,2185.0,0.21850,12.0400,-5.0,-0.00050,12.0425,-7.5,-0.00075,12.0387,-7.5,-0.00075,12.0400,-5.0,-0.00050,12.0412,-5.0,-0.00050,12.0425,-5.0,-0.00050,12.0437,-7.5,-0.00075,96.35
6,196400,1,0,79.84,2140.8,2339.6,2234.8,0.0,14.8350,1630.0,1.63000,12.0462,1915.0,1.91500,12.0487,1197.5,0.03629,5.0812,702.5,0.07025,12.0300,6822.5,0.68225,12.0262,8797.5,0.87975,12.0375,2200.0,0.22000,12.0400,-5.0,-0.00050,12.0425,-7.5,-0.00075,12.0387,-7.5,-0.00075,12.0400,-5.0,-0.00050,12.0412,-5.0,-0.00050,12.0425,-5.0,-0.00050,12.0437,-7.5,-0.00075,96.69
6,196736,1,0,80.12,2356.4,2239.4,2141.4,0.0,14.8312,1660.0,1.66000,12.0450,1950.0,1.95000,12.0475,1202.5,0.03644,5.0812,702.5,0.07025,12.0287,6922.5,0.69225,12.0250,8992.5,0.89925,12.0363,2187.5,0.21875,12.0400,-5.0,-0.00050,12.0412,-7.5,-0.00075,12.0387,-7.5,-0.00075,12.0400,-5.0,-0.00050,12.0412,-5.0,-0.00050,12.0412,-5.0,-0.00050,12.0425,-7.5,-0.00075,97.02
6,197072,1,0,80.40,2258.6,2399.8,2296.7,0.0,14.8287,1682.5,1.68250,12.0450,1975.0,1.97500,12.0487,1202.5,0.03644,5.0812,702.5,0.07025,12.0287,7020.0,0.70200,12.0250,9107.5,0.91075,12.0363,2227.5,0.22275,12.0400,-5.0,-0.00050,12.0412,-7.5,-0.00075,12.0375,-7.5,-0.00075,12.0387,-5.0,-0.00050,12.0400,-5.0,-0.00050,12.0412,-5.0,-0.00050,12.0425,-7.5,-0.00075,97.36
6,197409,1,0,80.68,2267.7,2579.2,2258.4,0.0,14.8263,1702.5,1.70250,12.0450,2000.0,2.00000,12.0475,1202.5,0.03644,5.0812,702.5,0.07025,12.0287,7107.5,0.71075,12.0250,9192.5,0.91925,12.0363,2262.5,0.22625,12.0400,-5.0,-0.00050,12.0412,-7.5,-0.00075,12.0387,-7.5,-0.00075,12.0400,-5.0,-0.00050,12.0412,-5.0,-0.00050,12.0412,-5.0,-0.00050,12.0425,-7.5,-0.00075,97.72
6,197766,1,0,80.98,2264.3,2372.2,2264.3,0.0,14.8263,1697.5,1.69750,12.0462,1992.5,1.99250,12.0487,1202.5,0.03644,5.0812,702.5,0.07025,12.0287,7135.0,0.71350,12.0237,9217.5,0.92175,12.0363,2237.5,0.22375,12.0400,-5.0,-0.00050,12.0425,-7.5,-0.00075,12.0387,-7.5,-0.00075,12.0400,-5.0,-0.00050,12.0412,-5.0,-0.00050,12.0425,-5.0,-0.00050,12.0437,-7.5,-0.00075,98.06
6,198102,1,0,81.26,2167.9,2596.0,2269.0,0.0,14.8250,1707.5,1.70750,12.0450,2005.0,2.00500,12.0487,1200.0,0.03636,5.0812,702.5,0.07025,12.0275,7100.0,0.71000,12.0237,9307.5,0.93075,12.0363,2292.5,0.22925,12.0400,-5.0,-0.00050,12.0412,-7.5,-0.00075,12.0375,-7.5,-0.00075,12.0387,-5.0,-0.00050,12.0400,-5.0,-0.00050,12.0412,-5.0,-0.00050,12.0425,-7.5,-0.00075,98.40
6,198438,1,0,81.54,2179.0,2266.2,2677.1,0.0,14.8250,1707.5,1.70750,12.0462,2002.5,2.00250,12.0487,1202.5,0.03644,5.0812,702.5,0.07025,12.0287,7037.5,0.70375,12.0237,9320.0,0.93200,12.0363,2307.5,0.23075,12.0400,-5.0,-0.00050,12.0412,-7.5,-0.00075,12.0387,-7.5,-0.00075,12.0400,-5.0,-0.00050,12.0412,-5.0,-0.00050,12.0425,-5.0,-0.00050,12.0437,-7.5,-0.00075,98.73
6,198775,1,0,81.82,2620.5,2282.7,2331.2,0.0,14.8225,1727.5,1.72750,12.0450,2037.5,2.03750,12.0475,1202.5,0.03644,5.0812,702.5,0.07025,12.0287,7102.5,0.71025,12.0237,9415.0,0.94150,12.0363,2332.5,0.23325,12.0387,-5.0,-0.00050,12.0412,-7.5,-0.00075,12.0375,-7.5,-0.00075,12.0400,-5.0,-0.00050,12.0400,-5.0,-0.00050,12.0412,-5.0,-0.00050,12.0425,-7.5,-0.00075,99.06
6,199111,1,0,82.10,2299.5,2617.7,2293.8,0.0,14.8212,1735.0,1.73500,12.0462,2037.5,2.03750,12.0487,1202.5,0.03644,5.0812,702.5,0.07025,12.0287,7135.0,0.71350,12.0237,9472.5,0.94725,12.0363,2320.0,0.23200,12.0400,-5.0,-0.00050,12.0412,-7.5,-0.00075,12.0387,-7.5,-0.00075,12.0400,-5.0,-0.00050,12.0412,-5.0,-0.00050,12.0412,-5.0,-0.00050,12.0437,-7.5,-0.00075,99.40
6,199447,1,0,82.38,2400.2,2877.4,2410.1,0.0,14.8200,1747.5,1.74750,12.0450,2055.0,2.05500,12.0475,1205.0,0.03652,5.0812,702.5,0.07025,12.0275,7222.5,0.72225,12.0225,9520.0,0.95200,12.0350,2355.0,0.23550,12.0387,-5.0,-0.00050,12.0400,-7.5,-0.00075,12.0375,-7.5,-0.00075,12.0387,-5.0,-0.00050,12.0400,-5.0,-0.00050,12.0412,-5.0,-0.00050,12.0425,-7.5,-0.00075,99.75
6,199804,1,0,82.68,2408.1,2521.9,2088.3,0.0,14.8187,1757.5,1.75750,12.0450,2062.5,2.06250,12.0487,1197.5,0.03629,5.0812,702.5,0.07025,12.0287,7277.5,0.72775,12.0237,9577.5,0.95775,12.0363,2357.5,0.23575,12.0400,-5.0,-0.00050,12.0412,-7.5,-0.00075,12.0387,-7.5,-0.00075,12.0400,-5.0,-0.00050,12.0412,-5.0,-0.00050,12.0412,-5.0,-0.00050,12.0425,-7.5,-0.00075,100.10
6,200141,1,0,82.96,2210.9,2640.9,2302.8,0.0,14.8150,1785.0,1.78500,12.0450,2095.0,2.09500,12.0475,1205.0,0.03652,5.0812,702.5,0.07025,12.0262,7467.5,0.74675,12.0225,9682.5,0.96825,12.0350,2377.5,0.23775,12.0387,-5.0,-0.00050,12.0400,-7.5,-0.00075,12.0375,-7.5,-0.00075,12.0387,-5.0,-0.00050,12.0400,-5.0,-0.00050,12.0400,-5.0,-0.00050,12.0425,-7.5,-0.00075,100.43
6,200477,1,0,83.24,2318.2,2624.8,2651.1,0.0,14.8125,1802.5,1.80250,12.0450,2115.0,2.11500,12.0487,1202.5,0.03644,5.0812,702.5,0.07025,12.0262,7547.5,0.75475,12.0225,9765.0,0.97650,12.0350,2417.5,0.24175,12.0387,-5.0,-0.00050,12.0412,-7.5,-0.00075,12.0375,-7.5,-0.00075,12.0387,-5.0,-0.00050,12.0400,-5.0,-0.00050,12.0412,-5.0,-0.00050,12.0425,-7.5,-0.00075,100.77
6,200813,1,0,83.52,2323.6,2317.1,2420.8,0.0,14.8100,1820.0,1.82000,12.0450,2137.5,2.13750,12.0475,1202.5,0.03644,5.0812,702.5,0.07025,12.0262,7595.0,0.75950,12.0225,9832.5,0.98325,12.0350,2440.0,0.24400,12.0387,-5.0,-0.00050,12.0412,-7.5,-0.00075,12.0375,-7.5,-0.00075,12.0387,-5.0,-0.00050,12.0400,-5.0,-0.00050,12.0412,-5.0,-0.00050,12.0425,-7.5,-0.00075,101.10
6,201149,1,0,83.80,2451.8,2889.2,2490.9,0.0,14.8087,1827.5,1.82750,12.0437,2152.5,2.15250,12.0475,1202.5,0.03644,5.0812,702.5,0.07025,12.0275,7610.0,0.76100,12.0225,9847.5,0.98475,12.0350,2450.0,0.24500,12.0387,-5.0,-0.00050,12.0400,-7.5,-0.00075,12.0375,-7.5,-0.00075,12.0387,-5.0,-0.00050,12.0387,-5.0,-0.00050,12.0400,-5.0,-0.00050,12.0412,-7.5,-0.00075,101.44
6,201486,1,0,84.08,2279.1,2433.9,2330.8,0.0,14.8100,1825.0,1.82500,12.0450,2147.5,2.14750,12.0475,1202.5,0.03644,5.0812,702.5,0.07025,12.0262,7650.0,0.76500,12.0225,9850.0,0.98500,12.0350,2455.0,0.24550,12.0387,-5.0,-0.00050,12.0400,-7.5,-0.00075,12.0375,-7.5,-0.00075,12.0387,-5.0,-0.00050,12.0400,-5.0,-0.00050,12.0412,-5.0,-0.00050,12.0425,-7.5,-0.00075,101.79
6,201843,1,0,84.38,2241.9,2456.4,2124.1,0.0,14.8062,1852.5,1.85250,12.0450,2167.5,2.16750,12.0475,1202.5,0.03644,5.0812,702.5,0.07025,12.0262,7760.0,0.77600,12.0212,9987.5,0.99875,12.0350,2462.5,0.24625,12.0387,-5.0,-0.00050,12.0400,-7.5,-0.00075,12.0363,-7.5,-0.00075,12.0375,-5.0,-0.00050,12.0387,-5.0,-0.00050,12.0400,-5.0,-0.00050,12.0412,-7.5,-0.00075,102.13
6,202179,1,0,84.66,2363.0,2234.6,2556.6,0.0,14.8025,1877.5,1.87750,12.0437,2210.0,2.21000,12.0475,1202.5,0.03644,5.0812,702.5,0.07025,12.0250,7922.5,0.79225,12.0212,10092.5,1.00925,12.0337,2525.0,0.25250,12.0375,-5.0,-0.00050,12.0400,-7.5,-0.00075,12.0363,-7.5,-0.00075,12.0387,-5.0,-0.00050,12.0387,-5.0,-0.00050,12.0400,-5.0,-0.00050,12.0412,-7.5,-0.00075,102.46
6,202515,1,0,84.94,2303.4,2349.2,2564.4,0.0,14.7987,1910.0,1.91000,12.0450,2240.0,2.24000,12.0475,1200.0,0.03636,5.0812,702.5,0.07025,12.0250,8002.5,0.80025,12.0200,10285.0,1.02850,12.0337,2590.0,0.25900,12.0375,-5.0,-0.00050,12.0400,-7.5,-0.00075,12.0363,-7.5,-0.00075,12.0375,-5.0,-0.00050,12.0387,-5.0,-0.00050,12.0400,-5.0,-0.00050,12.0412,-7.5,-0.00075,102.80
6,202852,1,0,85.22,2582.7,2248.1,2574.1,0.0,14.7987,1912.5,1.91250,12.0450,2245.0,2.24500,12.0487,1202.5,0.03644,5.0812,702.5,0.07025,12.0262,7990.0,0.79900,12.0212,10285.0,1.02850,12.0350,2580.0,0.25800,12.0375,-5.0,-0.00050,12.0400,-7.5,-0.00075,12.0363,-7.5,-0.00075,12.0387,-5.0,-0.00050,12.0387,-5.0,-0.00050,12.0400,-5.0,-0.00050,12.0412,-7.5,-0.00075,103.14
6,203188,1,0,85.50,2419.9,2304.7,2691.5,0.0,14.7950,1940.0,1.94000,12.0437,2272.5,2.27250,12.0475,1200.0,0.03636,5.0812,702.5,0.07025,12.0250,8130.0,0.81300,12.0200,10460.0,1.04600,12.0337,2567.5,0.25675,12.0375,-5.0,-0.00050,12.0387,-7.5,-0.00075,12.0350,-7.5,-0.00075,12.0375,-5.0,-0.00050,12.0375,-5.0,-0.00050,12.0387,-5.0,-0.00050,12.0412,-7.5,-0.00075,103.47
6,203524,1,0,85.78,2381.9,2479.3,2375.5,0.0,14.7912,1962.5,1.96250,12.0437,2310.0,2.31000,12.0475,1202.5,0.03644,5.0812,705.0,0.07050,12.0237,8200.0,0.82000,12.0200,10627.5,1.06275,12.0325,2587.5,0.25875,12.0363,-5.0,-0.00050,12.0387,-7.5,-0.00075,12.0350,-7.5,-0.00075,12.0375,-5.0,-0.00050,12.0375,-5.0,-0.00050,12.0387,-5.0,-0.00050,12.0400,-7.5,-0.00075,103.82
6,203881,1,0,86.08,2499.7,2429.6,2925.0,0.0,14.7912,1965.0,1.96500,12.0450,2297.5,2.29750,12.0487,1200.0,0.03636,5.0812,702.5,0.07025,12.0250,8232.5,0.82325,12.0200,10710.0,1.07100,12.0337,2565.0,0.25650,12.0375,-5.0,-0.00050,12.0387,-7.5,-0.00075,12.0363,-7.5,-0.00075,12.0375,-5.0,-0.00050,12.0387,-5.0,-0.00050,12.0400,-5.0,-0.00050,12.0412,-7.5,-0.00075,104.17
6,204218,1,0,86.36,2286.9,2753.5,2496.8,0.0,14.7925,1952.5,1.95250,12.0450,2302.5,2.30250,12.0487,1205.0,0.03652,5.0812,702.5,0.07025,12.0250,8200.0,0.82000,12.0212,10517.5,1.05175,12.0350,2550.0,0.25500,12.0375,-5.0,-0.00050,12.0400,-7.5,-0.00075,12.0363,-7.5,-0.00075,12.0375,-5.0,-0.00050,12.0387,-5.0,-0.00050,12.0400,-5.0,-0.00050,12.0412,-7.5,-0.00075,104.50
6,204554,1,0,86.64,2391.4,2692.5,2391.8,0.0,14.7912,1967.5,1.96750,12.0437,2307.5,2.30750,12.0475,1202.5,0.03644,5.0812,705.0,0.07050,12.0237,8297.5,0.82975,12.0188,10637.5,1.06375,12.0325,2620.0,0.26200,12.0363,-5.0,-0.00050,12.0387,-7.5,-0.00075,12.0350,-7.5,-0.00075,12.0375,-5.0,-0.00050,12.0387,-5.0,-0.00050,12.0400,-5.0,-0.00050,12.0412,-7.5,-0.00075,104.84
6,204890,1,0,86.92,2409.1,2507.3,2282.7,0.0,14.7912,1970.0,1.97000,12.0450,2297.5,2.29750,12.0487,1202.5,0.03644,5.0812,702.5,0.07025,12.0250,8240.0,0.82400,12.0200,10642.5,1.06425,12.0337,2642.5,0.26425,12.0375,-5.0,-0.00050,12.0400,-7.5,-0.00075,12.0363,-7.5,-0.00075,12.0375,-5.0,-0.00050,12.0387,-5.0,-0.00050,12.0400,-5.0,-0.00050,12.0412,-7.5,-0.00075,105.19
6,205226,1,0,87.20,2299.7,2394.3,2402.1,0.0,14.7875,1997.5,1.99750,12.0437,2340.0,2.34000,12.0475,1205.0,0.03652,5.0812,702.5,0.07025,12.0237,8350.0,0.83500,12.0188,10807.5,1.08075,12.0337,2662.5,0.26625,12.0375,-5.0,-0.00050,12.0387,-7.5,-0.00075,12.0350,-7.5,-0.00075,12.0363,-5.0,-0.00050,12.0375,-5.0,-0.00050,12.0387,-5.0,-0.00050,12.0412,-7.5,-0.00075,105.52
6,205563,1,0,87.48,2410.4,2192.5,2815.2,0.0,14.7837,2025.0,2.02500,12.0437,2377.5,2.37750,12.0475,1202.5,0.03644,5.0812,705.0,0.07050,12.0237,8397.5,0.83975,12.0188,10937.5,1.09375,12.0325,2727.5,0.27275,12.0363,-5.0,-0.00050,12.0387,-7.5,-0.00075,12.0337,-7.5,-0.00075,12.0363,-5.0,-0.00050,12.0375,-5.0,-0.00050,12.0387,-5.0,-0.00050,12.0387,-7.5,-0.00075,105.87
6,205920,1,0,87.77,2418.4,2419.0,2616.8,0.0,14.7812,2047.5,2.04750,12.0437,2402.5,2.40250,12.0475,1202.5,0.03644,5.0812,702.5,0.07025,12.0225,8510.0,0.85100,12.0188,11065.0,1.10650,12.0313,2790.0,0.27900,12.0363,-5.0,-0.00050,12.0375,-7.5,-0.00075,12.0350,-7.5,-0.00075,12.0363,-5.0,-0.00050,12.0363,-5.0,-0.00050,12.0375,-5.0,-0.00050,12.0400,-7.5,-0.00075,106.21
6,206256,1,0,88.05,2320.4,2581.5,2536.9,0.0,14.7812,2047.5,2.04750,12.0437,2402.5,2.40250,12.0475,1202.5,0.03644,5.0812,702.5,0.07025,12.0237,8485.0,0.84850,12.0188,11102.5,1.11025,12.0325,2802.5,0.28025,12.0363,-5.0,-0.00050,12.0387,-7.5,-0.00075,12.0363,-7.5,-0.00075,12.0375,-5.0,-0.00050,12.0387,-5.0,-0.00050,12.0400,-5.0,-0.00050,12.0412,-7.5,-0.00075,106.54
6,206592,1,0,88.33,2537.9,2315.2,2435.3,0.0,14.7787,2065.0,2.06500,12.0425,2425.0,2.42500,12.0462,1202.5,0.03644,5.0812,702.5,0.07025,12.0225,8587.5,0.85875,12.0175,11110.0,1.11100,12.0313,2855.0,0.28550,12.0363,-5.0,-0.00050,12.0375,-7.5,-0.00075,12.0350,-7.5,-0.00075,12.0363,-5.0,-0.00050,12.0375,-5.0,-0.00050,12.0375,-5.0,-0.00050,12.0400,-7.5,-0.00075,106.88
6,206929,1,0,88.62,2227.2,2535.8,2646.0,0.0,14.7750,2090.0,2.09000,12.0425,2455.0,2.45500,12.0462,1205.0,0.03652,5.0812,702.5,0.07025,12.0225,8685.0,0.86850,12.0175,11247.5,1.12475,12.0313,2880.0,0.28800,12.0350,-5.0,-0.00050,12.0375,-7.5,-0.00075,12.0350,-7.5,-0.00075,12.0363,-5.0,-0.00050,12.0375,-5.0,-0.00050,12.0387,-5.0,-0.00050,12.0400,-7.5,-0.00075,107.21
6,207265,1,0,88.90,2447.3,2438.9,2761.1,0.0,14.7725,2110.0,2.11000,12.0425,2475.0,2.47500,12.0462,1202.5,0.03644,5.0812,702.5,0.07025,12.0212,8815.0,0.88150,12.0162,11320.0,1.13200,12.0313,2917.5,0.29175,12.0350,-5.0,-0.00050,12.0375,-7.5,-0.00075,12.0337,-7.5,-0.00075,12.0363,-5.0,-0.00050,12.0375,-5.0,-0.00050,12.0387,-5.0,-0.00050,12.0400,-7.5,-0.00075,107.55
6,207601,1,0,89.18,2454.0,2596.6,2450.5,0.0,14.7725,2117.5,2.11750,12.0437,2482.5,2.48250,12.0475,1205.0,0.03652,5.0812,702.5,0.07025,12.0225,8872.5,0.88725,12.0175,11362.5,1.13625,12.0313,2892.5,0.28925,12.0350,-5.0,-0.00050,12.0375,-7.5,-0.00075,12.0350,-7.5,-0.00075,12.0363,-5.0,-0.00050,12.0375,-5.0,-0.00050,12.0387,-5.0,-0.00050,12.0400,-7.5,-0.00075,107.90
6,207958,1,0,89.47,2460.6,3087.6,2397.0,0.0,14.7725,2112.5,2.11250,12.0425,2485.0,2.48500,12.0462,1202.5,0.03644,5.0812,705.0,0.07050,12.0212,8862.5,0.88625,12.0175,11337.5,1.13375,12.0313,2867.5,0.28675,12.0350,-5.0,-0.00050,12.0375,-7.5,-0.00075,12.0350,-7.5,-0.00075,12.0363,-5.0,-0.00050,12.0375,-5.0,-0.00050,12.0387,-5.0,-0.00050,12.0400,-7.5,-0.00075,108.25
6,208295,1,0,89.75,2466.9,3133.4,2779.9,0.0,14.7675,2152.5,2.15250,12.0425,2525.0,2.52500,12.0462,1202.5,0.03644,5.0812,705.0,0.07050,12.0200,8952.5,0.89525,12.0150,11597.5,1.15975,12.0300,2910.0,0.29100,12.0350,-5.0,-0.00050,12.0363,-7.5,-0.00075,12.0337,-7.5,-0.00075,12.0350,-5.0,-0.00050,12.0363,-5.0,-0.00050,12.0375,-5.0,-0.00050,12.0387,-7.5,-0.00075,108.59
6,208631,1,0,90.03,2366.8,2245.1,2465.6,0.0,14.7650,2172.5,2.17250,12.0425,2552.5,2.55250,12.0462,1205.0,0.03652,5.0812,705.0,0.07050,12.0212,9025.0,0.90250,12.0162,11720.0,1.17200,12.0300,2955.0,0.29550,12.0350,-5.0,-0.00050,12.0363,-7.5,-0.00075,12.0337,-7.5,-0.00075,12.0350,-5.0,-0.00050,12.0363,-5.0,-0.00050,12.0375,-5.0,-0.00050,12.0387,-7.5,-0.00075,108.93
6,208967,1,0,90.31,2481.6,2468.8,2794.6,0.0,14.7612,2200.0,2.20000,12.0425,2580.0,2.58000,12.0462,1200.0,0.03636,5.0812,702.5,0.07025,12.0200,9055.0,0.90550,12.0150,11912.5,1.19125,12.0300,2972.5,0.29725,12.0350,-5.0,-0.00050,12.0363,-7.5,-0.00075,12.0325,-7.5,-0.00075,12.0350,-5.0,-0.00050,12.0363,-5.0,-0.00050,12.0375,-5.0,-0.00050,12.0387,-7.5,-0.00075,109.26
6,209303,1,0,90.59,2489.0,2261.7,2263.1,0.0,14.7600,2212.5,2.21250,12.0425,2595.0,2.59500,12.0462,1202.5,0.03644,5.0812,705.0,0.07050,12.0212,9157.5,0.91575,12.0162,12030.0,1.20300,12.0300,2980.0,0.29800,12.0350,-5.0,-0.00050,12.0363,-7.5,-0.00075,12.0337,-7.5,-0.00075,12.0350,-5.0,-0.00050,12.0363,-5.0,-0.00050,12.0375,-5.0,-0.00050,12.0387,-7.5,-0.00075,109.60
6,209640,1,0,90.87,2495.5,2579.2,2426.5,0.0,14.7550,2250.0,2.25000,12.0425,2640.0,2.64000,12.0462,1205.0,0.03652,5.0812,702.5,0.07025,12.0188,9285.0,0.92850,12.0138,12232.5,1.22325,12.0287,3032.5,0.30325,12.0337,-5.0,-0.00050,12.0350,-7.5,-0.00075,12.0325,-7.5,-0.00075,12.0337,-5.0,-0.00050,12.0350,-5.0,-0.00050,12.0363,-5.0,-0.00050,12.0387,-7.5,-0.00075,109.95
6,209997,1,0,91.17,2702.3,2485.1,2816.2,0.0,14.7537,2260.0,2.26000,12.0425,2655.0,2.65500,12.0475,1200.0,0.03636,5.0812,705.0,0.07050,12.0200,9327.5,0.93275,12.0150,12217.5,1.22175,12.0300,3067.5,0.30675,12.0350,-5.0,-0.00050,12.0363,-7.5,-0.00075,12.0337,-7.5,-0.00075,12.0350,-5.0,-0.00050,12.0363,-5.0,-0.00050,12.0375,-5.0,-0.00050,12.0387,-7.5,-0.00075,110.29
6,210333,1,0,91.45,2451.8,2827.8,2825.6,0.0,14.7512,2275.0,2.27500,12.0425,2677.5,2.67750,12.0462,1202.5,0.03644,5.0812,702.5,0.07025,12.0200,9437.5,0.94375,12.0150,12175.0,1.21750,12.0300,3125.0,0.31250,12.0337,-5.0,-0.00050,12.0363,-7.5,-0.00075,12.0337,-7.5,-0.00075,12.0350,-5.0,-0.00050,12.0363,-5.0,-0.00050,12.0375,-5.0,-0.00050,12.0387,-7.5,-0.00075,110.63
6,210669,1,0,91.73,2517.1,2939.2,2602.6,0.0,14.7512,2280.0,2.28000,12.0425,2672.5,2.67250,12.0462,1200.0,0.03636,5.0812,702.5,0.07025,12.0200,9480.0,0.94800,12.0150,12180.0,1.21800,12.0300,3140.0,0.31400,12.0350,-5.0,-0.00050,12.0363,-7.5,-0.00075,12.0337,-7.5,-0.00075,12.0350,-5.0,-0.00050,12.0363,-5.0,-0.00050,12.0375,-5.0,-0.00050,12.0387,-7.5,-0.00075,110.96
6,211006,1,0,92.01,2513.6,2811.3,2516.3,0.0,14.7475,2307.5,2.30750,12.0425,2705.0,2.70500,12.0462,1202.5,0.03644,5.0812,705.0,0.07050,12.0175,9587.5,0.95875,12.0138,12480.0,1.24800,12.0287,3130.0,0.31300,12.0337,-5.0,-0.00050,12.0350,-7.5,-0.00075,12.0325,-7.5,-0.00075,12.0337,-5.0,-0.00050,12.0350,-5.0,-0.00050,12.0363,-5.0,-0.00050,12.0375,-7.5,-0.00075,111.30
6,211342,1,0,92.29,2623.4,2734.1,2786.3,0.0,14.7475,2312.5,2.31250,12.0425,2715.0,2.71500,12.0462,1202.5,0.03644,5.0812,702.5,0.07025,12.0188,9535.0,0.95350,12.0138,12515.0,1.25150,12.0287,3160.0,0.31600,12.0337,-5.0,-0.00050,12.0350,-7.5,-0.00075,12.0325,-7.5,-0.00075,12.0350,-5.0,-0.00050,12.0350,-5.0,-0.00050,12.0375,-5.0,-0.00050,12.0387,-7.5,-0.00075,111.62
6,211678,1,0,92.57,2314.3,2522.1,2748.4,0.0,14.7437,2340.0,2.34000,12.0412,2745.0,2.74500,12.0462,1205.0,0.03652,5.0812,702.5,0.07025,12.0175,9707.5,0.97075,12.0125,12612.5,1.26125,12.0287,3177.5,0.31775,12.0337,-5.0,-0.00050,12.0350,-7.5,-0.00075,12.0325,-7.5,-0.00075,12.0337,-5.0,-0.00050,12.0350,-5.0,-0.00050,12.0363,-5.0,-0.00050,12.0375,-7.5,-0.00075,111.99
6,212035,1,0,92.87,2322.5,2731.2,2631.3,0.0,14.7387,2377.5,2.37750,12.0412,2790.0,2.79000,12.0462,1205.0,0.03652,5.0812,705.0,0.07050,12.0175,9797.5,0.97975,12.0125,12877.5,1.28775,12.0275,3247.5,0.32475,12.0337,-5.0,-0.00050,12.0350,-7.5,-0.00075,12.0313,-7.5,-0.00075,12.0337,-5.0,-0.00050,12.0350,-5.0,-0.00050,12.0363,-5.0,-0.00050,12.0375,-7.5,-0.00075,112.33
6,212372,1,0,93.15,3252.2,2530.3,2744.6,0.0,14.7337,2412.5,2.41250,12.0412,2832.5,2.83250,12.0450,1202.5,0.03644,5.0812,702.5,0.07025,12.0162,9852.5,0.98525,12.0112,13185.0,1.31850,12.0275,3310.0,0.33100,12.0325,-5.0,-0.00050,12.0350,-7.5,-0.00075,12.0313,-7.5,-0.00075,12.0337,-5.0,-0.00050,12.0350,-5.0,-0.00050,12.0363,-5.0,-0.00050,12.0375,-7.5,-0.00075,112.67
6,212708,1,0,93.43,2656.0,2482.7,2542.1,0.0,14.7325,2425.0,2.42500,12.0425,2845.0,2.84500,12.0462,1205.0,0.03652,5.0812,705.0,0.07050,12.0175,9835.0,0.98350,12.0112,13370.0,1.33700,12.0275,3287.5,0.32875,12.0325,-5.0,-0.00050,12.0350,-7.5,-0.00075,12.0325,-7.5,-0.00075,12.0337,-5.0,-0.00050,12.0350,-5.0,-0.00050,12.0363,-5.0,-0.00050,12.0375,-7.5,-0.00075,112.99
6,213044,1,0,93.71,2556.0,2970.9,2548.9,0.0,14.7287,2455.0,2.45500,12.0412,2880.0,2.88000,12.0450,1202.5,0.03644,5.0812,705.0,0.07050,12.0162,9992.5,0.99925,12.0112,13377.5,1.33775,12.0275,3300.0,0.33000,12.0325,-5.0,-0.00050,12.0337,-7.5,-0.00075,12.0313,-7.5,-0.00075,12.0325,-5.0,-0.00050,12.0337,-5.0,-0.00050,12.0350,-5.0,-0.00050,12.0375,-7.5,-0.00075,113.33
6,213380,1,0,93.99,2671.5,2979.1,2555.6,0.0,14.7262,2467.5,2.46750,12.0425,2885.0,2.88500,12.0462,1205.0,0.03652,5.0812,705.0,0.07050,12.0162,10037.5,1.00375,12.0112,13467.5,1.34675,12.0275,3365.0,0.33650,12.0325,-5.0,-0.00050,12.0337,-7.5,-0.00075,12.0313,-7.5,-0.00075,12.0325,-5.0,-0.00050,12.0337,-5.0,-0.00050,12.0363,-5.0,-0.00050,12.0375,-7.5,-0.00075,113.66
6,213717,1,0,94.27,2465.1,3165.2,2455.6,0.0,14.7275,2460.0,2.46000,12.0412,2890.0,2.89000,12.0462,1205.0,0.03652,5.0812,705.0,0.07050,12.0175,10017.5,1.00175,12.0112,13457.5,1.34575,12.0275,3315.0,0.33150,12.0325,-5.0,-0.00050,12.0350,-7.5,-0.00075,12.0325,-7.5,-0.00075,12.0337,-5.0,-0.00050,12.0350,-5.0,-0.00050,12.0363,-5.0,-0.00050,12.0375,-7.5,-0.00075,114.02
6,214074,1,0,94.57,2575.6,2566.4,2995.8,0.0,14.7262,2470.0,2.47000,12.0412,2892.5,2.89250,12.0450,1202.5,0.03644,5.0812,705.0,0.07050,12.0162,10140.0,1.01400,12.0100,13410.0,1.34100,12.0262,3322.5,0.33225,12.0313,-5.0,-0.00050,12.0337,-7.5,-0.00075,12.0313,-7.5,-0.00075,12.0325,-5.0,-0.00050,12.0337,-5.0,-0.00050,12.0350,-5.0,-0.00050,12.0375,-7.5,-0.00075,114.37
6,214410,1,0,94.85,2687.0,2828.2,2680.0,0.0,14.7262,2477.5,2.47750,12.0412,2907.5,2.90750,12.0462,1205.0,0.03652,5.0812,705.0,0.07050,12.0162,10212.5,1.02125,12.0112,13430.0,1.34300,12.0275,3342.5,0.33425,12.0325,-5.0,-0.00050,12.0337,-7.5,-0.00075,12.0313,-7.5,-0.00075,12.0325,-5.0,-0.00050,12.0337,-5.0,-0.00050,12.0350,-5.0,-0.00050,12.0363,-7.5,-0.00075,114.70
6,214746,1,0,95.13,2477.6,2790.5,2685.3,0.0,14.7212,2517.5,2.51750,12.0400,2950.0,2.95000,12.0450,1205.0,0.03652,5.0812,705.0,0.07050,12.0150,10342.5,1.03425,12.0100,13642.5,1.36425,12.0262,3425.0,0.34250,12.0313,-5.0,-0.00050,12.0325,-7.5,-0.00075,12.0300,-7.5,-0.00075,12.0313,-5.0,-0.00050,12.0325,-5.0,-0.00050,12.0337,-5.0,-0.00050,12.0363,-7.5,-0.00075,115.04
6,215083,1,0,95.41,2480.6,3156.6,2844.1,0.0,14.7188,2527.5,2.52750,12.0412,2960.0,2.96000,12.0450,1202.5,0.03644,5.0812,705.0,0.07050,12.0150,10400.0,1.04000,12.0100,13680.0,1.36800,12.0262,3470.0,0.34700,12.0313,-5.0,-0.00050,12.0337,-7.5,-0.00075,12.0313,-7.5,-0.00075,12.0325,-5.0,-0.00050,12.0337,-5.0,-0.00050,12.0350,-5.0,-0.00050,12.0375,-7.5,-0.00075,115.38
6,215419,1,0,95.69,2817.0,2698.1,2583.0,0.0,14.7150,2560.0,2.56000,12.0412,2997.5,2.99750,12.0450,1205.0,0.03652,5.0812,705.0,0.07050,12.0150,10500.0,1.05000,12.0087,13860.0,1.38600,12.0250,3530.0,0.35300,12.0313,-5.0,-0.00050,12.0325,-7.5,-0.00075,12.0300,-7.5,-0.00075,12.0313,-5.0,-0.00050,12.0337,-5.0,-0.00050,12.0350,-5.0,-0.00050,12.0363,-7.5,-0.00075,115.71
6,215755,1,0,95.97,2934.5,2707.8,5704.6,0.0,14.7125,2585.0,2.58500,12.0400,3032.5,3.03250,12.0450,1212.5,0.03674,5.0812,710.0,0.07100,12.0150,10605.0,1.06050,12.0087,14052.5,1.40525,12.0262,3532.5,0.35325,12.0313,-5.0,-0.00050,12.0337,-7.5,-0.00075,12.0300,-7.5,-0.00075,12.0313,-5.0,-0.00050,12.0325,-5.0,-0.00050,12.0337,-5.0,-0.00050,12.0363,-7.5,-0.00075,116.06
6,216112,1,0,96.27,2400.0,2909.0,9687.7,0.0,14.7062,2625.0,2.62500,12.0400,3070.0,3.07000,12.0437,1220.0,0.03697,5.0812,715.0,0.07150,12.0125,10792.5,1.07925,12.0075,14215.0,1.42150,12.0237,3562.5,0.35625,12.0300,-5.0,-0.00050,12.0325,-7.5,-0.00075,12.0287,-7.5,-0.00075,12.0300,-5.0,-0.00050,12.0325,-5.0,-0.00050,12.0337,-5.0,-0.00050,12.0350,-7.5,-0.00075,116.40
6,216450,1,0,96.55,2825.6,2830.7,9611.4,0.0,14.7050,2635.0,2.63500,12.0412,3085.0,3.08500,12.0450,1217.5,0.03689,5.0812,712.5,0.07125,12.0138,10857.5,1.08575,12.0087,14252.5,1.42525,12.0250,3537.5,0.35375,12.0313,-5.0,-0.00050,12.0325,-7.5,-0.00075,12.0300,-7.5,-0.00075,12.0325,-5.0,-0.00050,12.0325,-5.0,-0.00050,12.0337,-5.0,-0.00050,12.0363,-7.5,-0.00075,116.74
6,216785,1,0,96.83,2623.4,2619.0,8830.9,0.0,14.7013,2670.0,2.67000,12.0400,3130.0,3.13000,12.0450,1210.0,0.03667,5.0812,707.5,0.07075,12.0125,11027.5,1.10275,12.0062,14447.5,1.44475,12.0237,3612.5,0.36125,12.0300,-5.0,-0.00050,12.0313,-7.5,-0.00075,12.0287,-7.5,-0.00075,12.0300,-5.0,-0.00050,12.0313,-5.0,-0.00050,12.0325,-5.0,-0.00050,12.0350,-7.5,-0.00075,117.08
6,217121,1,0,97.11,2525.3,2953.8,6703.9,0.0,14.7000,2677.5,2.67750,12.0412,3135.0,3.13500,12.0450,1207.5,0.03659,5.0812,705.0,0.07050,12.0138,11030.0,1.10300,12.0075,14455.0,1.44550,12.0250,3592.5,0.35925,12.0313,-5.0,-0.00050,12.0325,-7.5,-0.00075,12.0300,-7.5,-0.00075,12.0313,-5.0,-0.00050,12.0325,-5.0,-0.00050,12.0337,-5.0,-0.00050,12.0350,-7.5,-0.00075,117.40
6,217457,1,0,97.39,2635.7,2852.2,3154.1,0.0,14.6987,2687.5,2.68750,12.0400,3142.5,3.14250,12.0450,1205.0,0.03652,5.0812,705.0,0.07050,12.0125,11027.5,1.10275,12.0075,14582.5,1.45825,12.0237,3622.5,0.36225,12.0300,-5.0,-0.00050,12.0313,-7.5,-0.00075,12.0287,-7.5,-0.00075,12.0300,-5.0,-0.00050,12.0313,-5.0,-0.00050,12.0325,-5.0,-0.00050,12.0350,-7.5,-0.00075,117.74
6,217794,1,0,97.67,2852.2,2528.3,2900.3,0.0,14.6975,2697.5,2.69750,12.0400,3157.5,3.15750,12.0450,1205.0,0.03652,5.0812,705.0,0.07050,12.0125,11045.0,1.10450,12.0062,14665.0,1.46650,12.0250,3642.5,0.36425,12.0300,-5.0,-0.00050,12.0325,-7.5,-0.00075,12.0287,-7.5,-0.00075,12.0313,-5.0,-0.00050,12.0325,-5.0,-0.00050,12.0337,-5.0,-0.00050,12.0350,-7.5,-0.00075,118.09
6,218151,1,0,97.97,3006.9,2653.2,2789.5,0.0,14.6962,2710.0,2.71000,12.0400,3170.0,3.17000,12.0450,1202.5,0.03644,5.0812,705.0,0.07050,12.0125,11177.5,1.11775,12.0062,14665.0,1.46650,12.0237,3667.5,0.36675,12.0300,-5.0,-0.00050,12.0313,-7.5,-0.00075,12.0287,-7.5,-0.00075,12.0300,-5.0,-0.00050,12.0325,-5.0,-0.00050,12.0337,-5.0,-0.00050,12.0350,-7.5,-0.00075,118.43
6,218487,1,0,98.25,2778.0,2802.6,3101.4,0.0,14.6950,2722.5,2.72250,12.0400,3195.0,3.19500,12.0450,1205.0,0.03652,5.0812,705.0,0.07050,12.0125,11200.0,1.12000,12.0062,14762.5,1.47625,12.0237,3690.0,0.36900,12.0300,-5.0,-0.00050,12.0325,-7.5,-0.00075,12.0287,-7.5,-0.00075,12.0313,-5.0,-0.00050,12.0313,-5.0,-0.00050,12.0337,-5.0,-0.00050,12.0350,-7.5,-0.00075,118.77
6,218823,1,0,98.53,3236.6,2549.5,3080.1,0.0,14.6900,2757.5,2.75750,12.0387,3225.0,3.22500,12.0437,1205.0,0.03652,5.0812,705.0,0.07050,12.0112,11402.5,1.14025,12.0050,14855.0,1.48550,12.0225,3720.0,0.37200,12.0287,-5.0,-0.00050,12.0313,-7.5,-0.00075,12.0275,-7.5,-0.00075,12.0300,-5.0,-0.00050,12.0313,-5.0,-0.00050,12.0325,-5.0,-0.00050,12.0337,-7.5,-0.00075,119.11
6,219160,1,0,98.81,2675.0,2766.0,2917.8,0.0,14.6850,2790.0,2.79000,12.0400,3265.0,3.26500,12.0437,1205.0,0.03652,5.0812,705.0,0.07050,12.0112,11477.5,1.14775,12.0050,15102.5,1.51025,12.0225,3740.0,0.37400,12.0287,-5.0,-0.00050,12.0313,-7.5,-0.00075,12.0287,-7.5,-0.00075,12.0300,-5.0,-0.00050,12.0313,-5.0,-0.00050,12.0325,-5.0,-0.00050,12.0337,-7.5,-0.00075,119.44
6,219496,1,0,99.09,2575.2,2772.2,2668.1,0.0,14.6812,2827.5,2.82750,12.0387,3307.5,3.30750,12.0437,1207.5,0.03659,5.0812,705.0,0.07050,12.0100,11672.5,1.16725,12.0037,15375.0,1.53750,12.0225,3700.0,0.37000,12.0275,-5.0,-0.00050,12.0300,-7.5,-0.00075,12.0275,-7.5,-0.00075,12.0300,-5.0,-0.00050,12.0313,-5.0,-0.00050,12.0325,-5.0,-0.00050,12.0337,-7.5,-0.00075,119.78
6,219832,1,0,99.37,2581.9,2887.5,2718.1,0.0,14.6837,2807.5,2.80750,12.0412,3280.0,3.28000,12.0450,1207.5,0.03659,5.0812,702.5,0.07025,12.0112,11597.5,1.15975,12.0062,15277.5,1.52775,12.0237,3687.5,0.36875,12.0300,-5.0,-0.00050,12.0313,-7.5,-0.00075,12.0287,-7.5,-0.00075,12.0300,-5.0,-0.00050,12.0325,-5.0,-0.00050,12.0337,-5.0,-0.00050,12.0350,-7.5,-0.00075,120.13
6,220189,1,0,99.67,2691.7,2569.7,2895.0,0.0,14.6912,2750.0,2.75000,12.0412,3207.5,3.20750,12.0462,1202.5,0.03644,5.0812,705.0,0.07050,12.0138,11180.0,1.11800,12.0075,14975.0,1.49750,12.0250,3715.0,0.37150,12.0300,-5.0,-0.00050,12.0325,-7.5,-0.00075,12.0300,-7.5,-0.00075,12.0313,-5.0,-0.00050,12.0325,-5.0,-0.00050,12.0350,-5.0,-0.00050,12.0363,-7.5,-0.00075,120.47
6,220526,1,0,99.95,3013.0,3000.1,2812.3,0.0,14.6987,2690.0,2.69000,12.0412,3152.5,3.15250,12.0462,1205.0,0.03652,5.0812,702.5,0.07025,12.0138,10932.5,1.09325,12.0087,14630.0,1.46300,12.0262,3672.5,0.36725,12.0325,-5.0,-0.00050,12.0337,-7.5,-0.00075,12.0313,-7.5,-0.00075,12.0325,-5.0,-0.00050,12.0337,-5.0,-0.00050,12.0350,-5.0,-0.00050,12.0363,-7.5,-0.00075,120.81
6,220872,1,0,100.00,2473.1,2678.4,2458.8,0.0,14.7050,2645.0,2.64500,12.0412,3097.5,3.09750,12.0462,1202.5,0.03644,5.0812,702.5,0.07025,12.0138,10810.0,1.08100,12.0087,14287.5,1.42875,12.0262,3677.5,0.36775,12.0313,-5.0,-0.00050,12.0337,-7.5,-0.00075,12.0300,-7.5,-0.00075,12.0325,-5.0,-0.00050,12.0337,-5.0,-0.00050,12.0350,-5.0,-0.00050,12.0363,-7.5,-0.00075,121.16
6,221208,1,0,99.71,2944.2,2888.6,3033.0,0.0,14.7075,2625.0,2.62500,12.0412,3075.0,3.07500,12.0462,1202.5,0.03644,5.0812,705.0,0.07050,12.0138,10775.0,1.07750,12.0087,14142.5,1.41425,12.0262,3677.5,0.36775,12.0313,-5.0,-0.00050,12.0337,-7.5,-0.00075,12.0300,-7.5,-0.00075,12.0325,-5.0,-0.00050,12.0337,-5.0,-0.00050,12.0350,-5.0,-0.00050,12.0363,-7.5,-0.00075,121.49
6,221544,1,0,99.43,2731.6,2670.9,2904.9,0.0,14.7062,2637.5,2.63750,12.0412,3085.0,3.08500,12.0450,1205.0,0.03652,5.0812,702.5,0.07025,12.0138,10850.0,1.08500,12.0087,14205.0,1.42050,12.0250,3672.5,0.36725,12.0313,-5.0,-0.00050,12.0325,-7.5,-0.00075,12.0300,-7.5,-0.00075,12.0313,-5.0,-0.00050,12.0337,-5.0,-0.00050,12.0337,-5.0,-0.00050,12.0363,-7.5,-0.00075,121.83
6,221881,1,0,99.15,2895.6,2821.8,2930.4,0.0,14.7025,2672.5,2.67250,12.0400,3132.5,3.13250,12.0450,1205.0,0.03652,5.0812,705.0,0.07050,12.0138,11007.5,1.10075,12.0075,14370.0,1.43700,12.0237,3672.5,0.36725,12.0300,-5.0,-0.00050,12.0325,-7.5,-0.00075,12.0287,-7.5,-0.00075,12.0313,-5.0,-0.00050,12.0313,-5.0,-0.00050,12.0325,-5.0,-0.00050,12.0350,-7.5,-0.00075,122.18
6,222238,1,0,98.85,2682.4,2776.4,2891.8,0.0,14.7050,2650.0,2.65000,12.0412,3105.0,3.10500,12.0450,1205.0,0.03652,5.0812,705.0,0.07050,12.0138,11027.5,1.10275,12.0087,14180.0,1.41800,12.0262,3645.0,0.36450,12.0313,-5.0,-0.00050,12.0337,-7.5,-0.00075,12.0300,-7.5,-0.00075,12.0325,-5.0,-0.00050,12.0337,-5.0,-0.00050,12.0350,-5.0,-0.00050,12.0363,-7.5,-0.00075,122.52
6,222574,1,0,98.57,2788.9,2715.0,3026.0,0.0,14.7112,2602.5,2.60250,12.0412,3050.0,3.05000,12.0462,1202.5,0.03644,5.0812,705.0,0.07050,12.0150,10735.0,1.07350,12.0100,13957.5,1.39575,12.0262,3582.5,0.35825,12.0325,-5.0,-0.00050,12.0337,-7.5,-0.00075,12.0313,-7.5,-0.00075,12.0325,-5.0,-0.00050,12.0337,-5.0,-0.00050,12.0363,-5.0,-0.00050,12.0375,-7.5,-0.00075,122.87
6,222910,1,0,98.29,2677.5,3089.0,2773.6,0.0,14.7200,2532.5,2.53250,12.0425,2967.5,2.96750,12.0475,1202.5,0.03644,5.0812,705.0,0.07050,12.0175,10352.5,1.03525,12.0112,13722.5,1.37225,12.0287,3487.5,0.34875,12.0337,-5.0,-0.00050,12.0350,-7.5,-0.00075,12.0325,-7.5,-0.00075,12.0337,-5.0,-0.00050,12.0350,-5.0,-0.00050,12.0363,-5.0,-0.00050,12.0387,-7.5,-0.00075,123.20
6,223247,1,0,98.01,2669.0,3187.8,2702.5,0.0,14.7287,2475.0,2.47500,12.0425,2897.5,2.89750,12.0475,1202.5,0.03644,5.0812,705.0,0.07050,12.0175,10080.0,1.00800,12.0125,13450.0,1.34500,12.0287,3417.5,0.34175,12.0337,-5.0,-0.00050,12.0350,-7.5,-0.00075,12.0325,-7.5,-0.00075,12.0337,-5.0,-0.00050,12.0350,-5.0,-0.00050,12.0375,-5.0,-0.00050,12.0387,-7.5,-0.00075,123.54
6,223583,1,0,97.73,2870.1,3176.7,3523.4,0.0,14.7362,2417.5,2.41750,12.0425,2840.0,2.84000,12.0462,1205.0,0.03652,5.0812,705.0,0.07050,12.0188,9765.0,0.97650,12.0125,13190.0,1.31900,12.0287,3427.5,0.34275,12.0337,-5.0,-0.00050,12.0363,-7.5,-0.00075,12.0325,-7.5,-0.00075,12.0350,-5.0,-0.00050,12.0363,-5.0,-0.00050,12.0375,-5.0,-0.00050,12.0387,-7.5,-0.00075,123.87
6,223919,1,0,97.45,2645.5,2531.0,3275.1,0.0,14.7375,2407.5,2.40750,12.0425,2822.5,2.82250,12.0462,1202.5,0.03644,5.0812,705.0,0.07050,12.0188,9760.0,0.97600,12.0125,13087.5,1.30875,12.0287,3417.5,0.34175,12.0337,-5.0,-0.00050,12.0350,-7.5,-0.00075,12.0313,-7.5,-0.00075,12.0337,-5.0,-0.00050,12.0350,-5.0,-0.00050,12.0363,-5.0,-0.00050,12.0375,-7.5,-0.00075,124.23
6,224276,1,0,97.16,2533.2,2624.7,4794.5,0.0,14.7400,2392.5,2.39250,12.0425,2800.0,2.80000,12.0462,1205.0,0.03652,5.0812,705.0,0.07050,12.0175,9762.5,0.97625,12.0138,12940.0,1.29400,12.0287,3402.5,0.34025,12.0337,-5.0,-0.00050,12.0350,-7.5,-0.00075,12.0325,-7.5,-0.00075,12.0337,-5.0,-0.00050,12.0363,-5.0,-0.00050,12.0375,-5.0,-0.00050,12.0387,-7.5,-0.00075,124.57
6,224613,1,0,96.87,2728.2,2828.9,8088.9,0.0,14.7375,2405.0,2.40500,12.0412,2822.5,2.82250,12.0462,1210.0,0.03667,5.0812,707.5,0.07075,12.0175,9995.0,0.99950,12.0125,12892.5,1.28925,12.0287,3380.0,0.33800,12.0337,-5.0,-0.00050,12.0350,-7.5,-0.00075,12.0313,-7.5,-0.00075,12.0337,-5.0,-0.00050,12.0350,-5.0,-0.00050,12.0363,-5.0,-0.00050,12.0375,-7.5,-0.00075,124.90
6,224949,1,0,96.59,2930.2,2926.9,9607.4,0.0,14.7387,2397.5,2.39750,12.0425,2810.0,2.81000,12.0475,1217.5,0.03689,5.0812,712.5,0.07125,12.0175,10035.0,1.00350,12.0138,12777.5,1.27775,12.0287,3360.0,0.33600,12.0337,-5.0,-0.00050,12.0363,-7.5,-0.00075,12.0325,-7.5,-0.00075,12.0350,-5.0,-0.00050,12.0363,-5.0,-0.00050,12.0375,-5.0,-0.00050,12.0387,-7.5,-0.00075,125.24
6,225285,1,0,96.31,2513.2,3051.1,9642.0,0.0,14.7400,2390.0,2.39000,12.0425,2800.0,2.80000,12.0462,1222.5,0.03705,5.0812,715.0,0.07150,12.0188,9985.0,0.99850,12.0138,12725.0,1.27250,12.0287,3347.5,0.33475,12.0337,-5.0,-0.00050,12.0350,-7.5,-0.00075,12.0325,-7.5,-0.00075,12.0337,-5.0,-0.00050,12.0363,-5.0,-0.00050,12.0375,-5.0,-0.00050,12.0387,-7.5,-0.00075,125.57
6,225621,1,0,96.03,2728.4,2716.9,9171.7,0.0,14.7437,2362.5,2.36250,12.0425,2772.5,2.77250,12.0475,1220.0,0.03697,5.0812,712.5,0.07125,12.0188,9847.5,0.98475,12.0138,12657.5,1.26575,12.0300,3235.0,0.32350,12.0350,-5.0,-0.00050,12.0363,-7.5,-0.00075,12.0337,-7.5,-0.00075,12.0350,-5.0,-0.00050,12.0363,-5.0,-0.00050,12.0375,-5.0,-0.00050,12.0387,-7.5,-0.00075,125.92
6,225959,1,0,95.75,2876.1,2706.6,2931.0,0.0,14.7437,2362.5,2.36250,12.0425,2765.0,2.76500,12.0462,1205.0,0.03652,5.0812,705.0,0.07050,12.0188,9770.0,0.97700,12.0138,12752.5,1.27525,12.0287,3230.0,0.32300,12.0337,-5.0,-0.00050,12.0350,-7.5,-0.00075,12.0325,-7.5,-0.00075,12.0337,-5.0,-0.00050,12.0350,-5.0,-0.00050,12.0375,-5.0,-0.00050,12.0387,-7.5,-0.00075,126.27
6,226315,1,0,95.46,2597.8,3483.1,2597.5,0.0,14.7487,2322.5,2.32250,12.0425,2732.5,2.73250,12.0475,1202.5,0.03644,5.0812,705.0,0.07050,12.0200,9580.0,0.95800,12.0150,12512.5,1.25125,12.0300,3232.5,0.32325,12.0350,-5.0,-0.00050,12.0375,-7.5,-0.00075,12.0337,-7.5,-0.00075,12.0363,-5.0,-0.00050,12.0363,-5.0,-0.00050,12.0375,-5.0,-0.00050,12.0387,-7.5,-0.00075,126.61
6,226651,1,0,95.18,2599.9,2691.2,2531.4,0.0,14.7512,2302.5,2.30250,12.0425,2707.5,2.70750,12.0462,1202.5,0.03644,5.0812,705.0,0.07050,12.0212,9422.5,0.94225,12.0150,12430.0,1.24300,12.0300,3185.0,0.31850,12.0350,-5.0,-0.00050,12.0363,-7.5,-0.00075,12.0337,-7.5,-0.00075,12.0350,-5.0,-0.00050,12.0363,-5.0,-0.00050,12.0375,-5.0,-0.00050,12.0387,-7.5,-0.00075,126.94
6,226987,1,0,94.90,2642.6,3007.6,2473.5,0.0,14.7525,2295.0,2.29500,12.0425,2695.0,2.69500,12.0462,1202.5,0.03644,5.0812,705.0,0.07050,12.0200,9362.5,0.93625,12.0150,12410.0,1.24100,12.0300,3212.5,0.32125,12.0337,-5.0,-0.00050,12.0363,-7.5,-0.00075,12.0325,-7.5,-0.00075,12.0350,-5.0,-0.00050,12.0350,-5.0,-0.00050,12.0363,-5.0,-0.00050,12.0387,-7.5,-0.00075,127.27
6,227324,1,0,94.62,2480.5,3040.7,3005.3,0.0,14.7550,2277.5,2.27750,12.0437,2670.0,2.67000,12.0475,1202.5,0.03644,5.0812,702.5,0.07025,12.0212,9255.0,0.92550,12.0150,12327.5,1.23275,12.0300,3232.5,0.32325,12.0350,-5.0,-0.00050,12.0363,-7.5,-0.00075,12.0337,-7.5,-0.00075,12.0350,-5.0,-0.00050,12.0363,-5.0,-0.00050,12.0375,-5.0,-0.00050,12.0400,-7.5,-0.00075,127.62
6,227660,1,0,94.34,2793.9,2779.5,2463.2,0.0,14.7600,2245.0,2.24500,12.0437,2635.0,2.63500,12.0475,1202.5,0.03644,5.0812,702.5,0.07025,12.0212,9195.0,0.91950,12.0162,12052.5,1.20525,12.0313,3192.5,0.31925,12.0363,-5.0,-0.00050,12.0375,-7.5,-0.00075,12.0337,-7.5,-0.00075,12.0363,-5.0,-0.00050,12.0375,-5.0,-0.00050,12.0375,-5.0,-0.00050,12.0400,-7.5,-0.00075,127.95
6,227996,1,0,94.06,2676.9,2986.5,2457.2,0.0,14.7625,2215.0,2.21500,12.0437,2602.5,2.60250,12.0475,1202.5,0.03644,5.0812,702.5,0.07025,12.0212,9097.5,0.90975,12.0162,11912.5,1.19125,12.0313,3132.5,0.31325,12.0363,-5.0,-0.00050,12.0375,-7.5,-0.00075,12.0350,-7.5,-0.00075,12.0363,-5.0,-0.00050,12.0375,-5.0,-0.00050,12.0387,-5.0,-0.00050,12.0400,-7.5,-0.00075,128.30
6,228353,1,0,93.76,2669.4,2663.4,2664.6,0.0,14.7650,2200.0,2.20000,12.0437,2582.5,2.58250,12.0475,1202.5,0.03644,5.0812,702.5,0.07025,12.0212,9042.5,0.90425,12.0162,11860.0,1.18600,12.0313,3107.5,0.31075,12.0363,-5.0,-0.00050,12.0375,-7.5,-0.00075,12.0337,-7.5,-0.00075,12.0363,-5.0,-0.00050,12.0375,-5.0,-0.00050,12.0387,-5.0,-0.00050,12.0400,-7.5,-0.00075,128.65
6,228690,1,0,93.48,2449.5,2979.1,2657.8,0.0,14.7700,2167.5,2.16750,12.0437,2550.0,2.55000,12.0475,1207.5,0.03659,5.0812,702.5,0.07025,12.0225,8932.5,0.89325,12.0175,11622.5,1.16225,12.0313,3085.0,0.30850,12.0363,-5.0,-0.00050,12.0375,-7.5,-0.00075,12.0350,-7.5,-0.00075,12.0375,-5.0,-0.00050,12.0375,-5.0,-0.00050,12.0387,-5.0,-0.00050,12.0400,-7.5,-0.00075,128.98
6,229026,1,0,93.20,2442.1,2861.4,2544.6,0.0,14.7700,2162.5,2.16250,12.0437,2537.5,2.53750,12.0475,1202.5,0.03644,5.0812,702.5,0.07025,12.0225,8880.0,0.88800,12.0175,11630.0,1.16300,12.0313,3037.5,0.30375,12.0363,-5.0,-0.00050,12.0375,-7.5,-0.00075,12.0350,-7.5,-0.00075,12.0363,-5.0,-0.00050,12.0375,-5.0,-0.00050,12.0387,-5.0,-0.00050,12.0400,-7.5,-0.00075,129.31
6,229362,1,0,92.92,2541.8,2851.3,2855.8,0.0,14.7712,2152.5,2.15250,12.0437,2522.5,2.52250,12.0475,1205.0,0.03652,5.0812,702.5,0.07025,12.0225,8870.0,0.88700,12.0175,11632.5,1.16325,12.0313,2987.5,0.29875,12.0363,-5.0,-0.00050,12.0375,-7.5,-0.00075,12.0350,-7.5,-0.00075,12.0363,-5.0,-0.00050,12.0375,-5.0,-0.00050,12.0387,-5.0,-0.00050,12.0400,-7.5,-0.00075,129.66
6,229698,1,0,92.64,2747.1,2524.2,2741.3,0.0,14.7712,2155.0,2.15500,12.0437,2527.5,2.52750,12.0475,1202.5,0.03644,5.0812,702.5,0.07025,12.0212,8895.0,0.88950,12.0162,11682.5,1.16825,12.0313,2967.5,0.29675,12.0350,-5.0,-0.00050,12.0375,-7.5,-0.00075,12.0337,-7.5,-0.00075,12.0363,-5.0,-0.00050,12.0375,-5.0,-0.00050,12.0387,-5.0,-0.00050,12.0400,-7.5,-0.00075,129.99
6,230035,1,0,92.36,2428.2,2619.8,2837.5,0.0,14.7712,2150.0,2.15000,12.0437,2522.5,2.52250,12.0475,1202.5,0.03644,5.0812,702.5,0.07025,12.0225,8927.5,0.89275,12.0175,11637.5,1.16375,12.0313,2955.0,0.29550,12.0363,-5.0,-0.00050,12.0387,-7.5,-0.00075,12.0350,-7.5,-0.00075,12.0363,-5.0,-0.00050,12.0375,-5.0,-0.00050,12.0387,-5.0,-0.00050,12.0400,-7.5,-0.00075,130.34
6,230392,1,0,92.06,2838.5,2403.1,2789.0,0.0,14.7712,2155.0,2.15500,12.0437,2532.5,2.53250,12.0475,1202.5,0.03644,5.0812,705.0,0.07050,12.0212,8982.5,0.89825,12.0175,11647.5,1.16475,12.0313,2972.5,0.29725,12.0350,-5.0,-0.00050,12.0375,-7.5,-0.00075,12.0337,-7.5,-0.00075,12.0363,-5.0,-0.00050,12.0375,-5.0,-0.00050,12.0387,-5.0,-0.00050,12.0400,-7.5,-0.00075,130.68
6,230728,1,0,91.78,2516.6,2397.3,2629.3,0.0,14.7750,2132.5,2.13250,12.0437,2500.0,2.50000,12.0487,1205.0,0.03652,5.0812,702.5,0.07025,12.0237,8817.5,0.88175,12.0188,11497.5,1.14975,12.0325,2902.5,0.29025,12.0375,-5.0,-0.00050,12.0387,-7.5,-0.00075,12.0350,-7.5,-0.00075,12.0375,-5.0,-0.00050,12.0375,-5.0,-0.00050,12.0387,-5.0,-0.00050,12.0400,-7.5,-0.00075,131.02
6,231064,1,0,91.50,2846.4,2724.3,2605.9,0.0,14.7762,2122.5,2.12250,12.0437,2495.0,2.49500,12.0475,1202.5,0.03644,5.0812,705.0,0.07050,12.0225,8785.0,0.87850,12.0175,11470.0,1.14700,12.0325,2947.5,0.29475,12.0363,-5.0,-0.00050,12.0375,-7.5,-0.00075,12.0350,-7.5,-0.00075,12.0375,-5.0,-0.00050,12.0375,-5.0,-0.00050,12.0387,-5.0,-0.00050,12.0412,-7.5,-0.00075,131.36
6,231401,1,0,91.22,2770.9,2443.5,2495.6,0.0,14.7800,2087.5,2.08750,12.0450,2447.5,2.44750,12.0487,1200.0,0.03636,5.0812,702.5,0.07025,12.0237,8652.5,0.86525,12.0188,11240.0,1.12400,12.0325,2857.5,0.28575,12.0375,-5.0,-0.00050,12.0387,-7.5,-0.00075,12.0363,-7.5,-0.00075,12.0375,-5.0,-0.00050,12.0387,-5.0,-0.00050,12.0400,-5.0,-0.00050,12.0412,-7.5,-0.00075,131.70
6,231737,1,0,90.94,2698.8,2712.6,2441.3,0.0,14.7837,2062.5,2.06250,12.0437,2422.5,2.42250,12.0487,1200.0,0.03636,5.0812,702.5,0.07025,12.0237,8547.5,0.85475,12.0188,11165.0,1.11650,12.0325,2827.5,0.28275,12.0375,-5.0,-0.00050,12.0387,-7.5,-0.00075,12.0350,-7.5,-0.00075,12.0375,-5.0,-0.00050,12.0387,-5.0,-0.00050,12.0400,-5.0,-0.00050,12.0412,-7.5,-0.00075,132.03
6,232073,1,0,90.66,2691.0,2596.1,2688.9,0.0,14.7875,2032.5,2.03250,12.0450,2390.0,2.39000,12.0487,1205.0,0.03652,5.0812,702.5,0.07025,12.0250,8495.0,0.84950,12.0200,11005.0,1.10050,12.0337,2757.5,0.27575,12.0375,-5.0,-0.00050,12.0400,-7.5,-0.00075,12.0363,-7.5,-0.00075,12.0375,-5.0,-0.00050,12.0400,-5.0,-0.00050,12.0400,-5.0,-0.00050,12.0412,-7.5,-0.00075,132.38
6,232430,1,0,90.36,2486.2,2370.6,2988.8,0.0,14.7875,2032.5,2.03250,12.0437,2395.0,2.39500,12.0475,1202.5,0.03644,5.0812,702.5,0.07025,12.0237,8370.0,0.83700,12.0188,11022.5,1.10225,12.0325,2755.0,0.27550,12.0375,-5.0,-0.00050,12.0387,-7.5,-0.00075,12.0363,-7.5,-0.00075,12.0375,-5.0,-0.00050,12.0387,-5.0,-0.00050,12.0400,-5.0,-0.00050,12.0412,-7.5,-0.00075,132.72
6,232767,1,0,90.08,2527.4,2684.9,2797.4,0.0,14.7900,2022.5,2.02250,12.0437,2377.5,2.37750,12.0487,1200.0,0.03636,5.0812,702.5,0.07025,12.0237,8362.5,0.83625,12.0188,10972.5,1.09725,12.0337,2730.0,0.27300,12.0375,-5.0,-0.00050,12.0400,-7.5,-0.00075,12.0363,-7.5,-0.00075,12.0375,-5.0,-0.00050,12.0387,-5.0,-0.00050,12.0400,-5.0,-0.00050,12.0412,-7.5,-0.00075,133.05
6,233103,1,0,89.80,2474.0,2675.9,2682.3,0.0,14.7912,2012.5,2.01250,12.0450,2360.0,2.36000,12.0475,1200.0,0.03636,5.0812,702.5,0.07025,12.0237,8337.5,0.83375,12.0200,10915.0,1.09150,12.0337,2745.0,0.27450,12.0375,-5.0,-0.00050,12.0387,-7.5,-0.00075,12.0363,-7.5,-0.00075,12.0375,-5.0,-0.00050,12.0387,-5.0,-0.00050,12.0400,-5.0,-0.00050,12.0412,-7.5,-0.00075,133.39
6,233439,1,0,89.52,2791.3,2563.5,2824.5,0.0,14.7925,1997.5,1.99750,12.0437,2347.5,2.34750,12.0475,1202.5,0.03644,5.0812,702.5,0.07025,12.0250,8230.0,0.82300,12.0200,10740.0,1.07400,12.0325,2765.0,0.27650,12.0375,-5.0,-0.00050,12.0387,-7.5,-0.00075,12.0363,-7.5,-0.00075,12.0387,-5.0,-0.00050,12.0387,-5.0,-0.00050,12.0400,-5.0,-0.00050,12.0412,-7.5,-0.00075,133.72
6,233775,1,0,89.24,2571.6,2350.6,2457.9,0.0,14.7975,1960.0,1.96000,12.0450,2307.5,2.30750,12.0487,1202.5,0.03644,5.0812,702.5,0.07025,12.0250,8160.0,0.81600,12.0212,10567.5,1.05675,12.0337,2715.0,0.27150,12.0387,-5.0,-0.00050,12.0400,-7.5,-0.00075,12.0375,-7.5,-0.00075,12.0387,-5.0,-0.00050,12.0400,-5.0,-0.00050,12.0412,-5.0,-0.00050,12.0425,-7.5,-0.00075,134.06
6,234112,1,0,88.96,2565.3,2870.2,2877.7,0.0,14.7975,1957.5,1.95750,12.0450,2292.5,2.29250,12.0487,1202.5,0.03644,5.0812,702.5,0.07025,12.0250,8062.5,0.80625,12.0200,10572.5,1.05725,12.0337,2715.0,0.27150,12.0375,-5.0,-0.00050,12.0387,-7.5,-0.00075,12.0363,-7.5,-0.00075,12.0375,-5.0,-0.00050,12.0387,-5.0,-0.00050,12.0400,-5.0,-0.00050,12.0412,-7.5,-0.00075,134.41
6,234469,1,0,88.66,2665.3,2755.5,2337.5,0.0,14.8000,1942.5,1.94250,12.0450,2280.0,2.28000,12.0487,1202.5,0.03644,5.0812,702.5,0.07025,12.0262,7940.0,0.79400,12.0212,10575.0,1.05750,12.0350,2675.0,0.26750,12.0387,-5.0,-0.00050,12.0400,-7.5,-0.00075,12.0363,-7.5,-0.00075,12.0387,-5.0,-0.00050,12.0387,-5.0,-0.00050,12.0400,-5.0,-0.00050,12.0425,-7.5,-0.00075,134.76
6,234805,1,0,88.38,2338.0,2536.7,2753.2,0.0,14.8012,1930.0,1.93000,12.0450,2267.5,2.26750,12.0487,1205.0,0.03652,5.0812,702.5,0.07025,12.0262,7880.0,0.78800,12.0212,10520.0,1.05200,12.0337,2682.5,0.26825,12.0375,-5.0,-0.00050,12.0400,-7.5,-0.00075,12.0375,-7.5,-0.00075,12.0387,-5.0,-0.00050,12.0400,-5.0,-0.00050,12.0412,-5.0,-0.00050,12.0425,-7.5,-0.00075,135.10
6,235141,1,0,88.10,2541.3,2531.0,2533.8,0.0,14.8075,1890.0,1.89000,12.0450,2220.0,2.22000,12.0500,1202.5,0.03644,5.0812,702.5,0.07025,12.0275,7717.5,0.77175,12.0225,10312.5,1.03125,12.0350,2610.0,0.26100,12.0387,-5.0,-0.00050,12.0412,-7.5,-0.00075,12.0375,-7.5,-0.00075,12.0387,-5.0,-0.00050,12.0400,-5.0,-0.00050,12.0412,-5.0,-0.00050,12.0425,-7.5,-0.00075,135.43
6,235478,1,0,87.82,2425.8,2839.2,2316.2,0.0,14.8087,1877.5,1.87750,12.0450,2205.0,2.20500,12.0487,1200.0,0.03636,5.0812,702.5,0.07025,12.0262,7735.0,0.77350,12.0225,10172.5,1.01725,12.0350,2602.5,0.26025,12.0387,-5.0,-0.00050,12.0412,-7.5,-0.00075,12.0375,-7.5,-0.00075,12.0387,-5.0,-0.00050,12.0400,-5.0,-0.00050,12.0412,-5.0,-0.00050,12.0425,-7.5,-0.00075,135.77
6,235814,1,0,87.54,2627.8,2751.6,2564.4,0.0,14.8112,1860.0,1.86000,12.0450,2185.0,2.18500,12.0487,1205.0,0.03652,5.0812,702.5,0.07025,12.0275,7732.5,0.77325,12.0225,9990.0,0.99900,12.0350,2562.5,0.25625,12.0387,-5.0,-0.00050,12.0412,-7.5,-0.00075,12.0375,-7.5,-0.00075,12.0400,-5.0,-0.00050,12.0400,-5.0,-0.00050,12.0412,-5.0,-0.00050,12.0425,-7.5,-0.00075,136.11
6,236150,1,0,87.26,2791.8,2717.6,2306.3,0.0,14.8112,1865.0,1.86500,12.0450,2192.5,2.19250,12.0487,1202.5,0.03644,5.0812,702.5,0.07025,12.0275,7795.0,0.77950,12.0225,10012.5,1.00125,12.0350,2550.0,0.25500,12.0387,-5.0,-0.00050,12.0400,-7.5,-0.00075,12.0375,-7.5,-0.00075,12.0387,-5.0,-0.00050,12.0400,-5.0,-0.00050,12.0400,-5.0,-0.00050,12.0425,-7.5,-0.00075,136.45
6,236507,1,0,86.96,2405.1,2189.0,2626.8,0.0,14.8137,1842.5,1.84250,12.0450,2162.5,2.16250,12.0487,1200.0,0.03636,5.0812,702.5,0.07025,12.0275,7650.0,0.76500,12.0225,9942.5,0.99425,12.0350,2545.0,0.25450,12.0387,-5.0,-0.00050,12.0400,-7.5,-0.00075,12.0375,-7.5,-0.00075,12.0400,-5.0,-0.00050,12.0400,-5.0,-0.00050,12.0412,-5.0,-0.00050,12.0425,-7.5,-0.00075,136.80
6,236844,1,0,86.68,2848.0,2181.5,2494.2,0.0,14.8137,1842.5,1.84250,12.0450,2172.5,2.17250,12.0475,1200.0,0.03636,5.0812,702.5,0.07025,12.0262,7585.0,0.75850,12.0225,9987.5,0.99875,12.0350,2575.0,0.25750,12.0387,-5.0,-0.00050,12.0400,-7.5,-0.00075,12.0375,-7.5,-0.00075,12.0387,-5.0,-0.00050,12.0400,-5.0,-0.00050,12.0412,-5.0,-0.00050,12.0425,-7.5,-0.00075,137.14
6,237180,1,0,86.40,2186.2,2279.1,2396.2,0.0,14.8175,1815.0,1.81500,12.0462,2122.5,2.12250,12.0500,1200.0,0.03636,5.0812,702.5,0.07025,12.0287,7432.5,0.74325,12.0237,9857.5,0.98575,12.0363,2545.0,0.25450,12.0400,-5.0,-0.00050,12.0412,-7.5,-0.00075,12.0387,-7.5,-0.00075,12.0400,-5.0,-0.00050,12.0412,-5.0,-0.00050,12.0425,-5.0,-0.00050,12.0437,-7.5,-0.00075,137.47
6,237516,1,0,86.12,2289.3,2538.7,2608.3,0.0,14.8187,1805.0,1.80500,12.0462,2110.0,2.11000,12.0487,1202.5,0.03644,5.0812,702.5,0.07025,12.0275,7387.5,0.73875,12.0225,9817.5,0.98175,12.0363,2495.0,0.24950,12.0400,-5.0,-0.00050,12.0412,-7.5,-0.00075,12.0375,-7.5,-0.00075,12.0387,-5.0,-0.00050,12.0400,-5.0,-0.00050,12.0412,-5.0,-0.00050,12.0425,-7.5,-0.00075,137.80
6,237852,1,0,85.84,2500.0,2486.5,2384.8,0.0,14.8187,1797.5,1.79750,12.0450,2115.0,2.11500,12.0487,1202.5,0.03644,5.0812,702.5,0.07025,12.0287,7390.0,0.73900,12.0237,9755.0,0.97550,12.0363,2487.5,0.24875,12.0400,-5.0,-0.00050,12.0412,-7.5,-0.00075,12.0387,-7.5,-0.00075,12.0400,-5.0,-0.00050,12.0400,-5.0,-0.00050,12.0412,-5.0,-0.00050,12.0425,-7.5,-0.00075,138.15
6,238189,1,0,85.56,2276.1,2588.6,2740.7,0.0,14.8225,1777.5,1.77750,12.0462,2092.5,2.09250,12.0487,1200.0,0.03636,5.0812,702.5,0.07025,12.0287,7282.5,0.72825,12.0237,9662.5,0.96625,12.0363,2470.0,0.24700,12.0400,-5.0,-0.00050,12.0425,-7.5,-0.00075,12.0387,-7.5,-0.00075,12.0400,-5.0,-0.00050,12.0412,-5.0,-0.00050,12.0425,-5.0,-0.00050,12.0437,-7.5,-0.00075,138.50
6,238546,1,0,85.26,2571.7,2729.0,3017.7,0.0,14.8263,1747.5,1.74750,12.0462,2052.5,2.05250,12.0500,1197.5,0.03629,5.0812,702.5,0.07025,12.0300,7242.5,0.72425,12.0250,9405.0,0.94050,12.0375,2410.0,0.24100,12.0400,-5.0,-0.00050,12.0425,-7.5,-0.00075,12.0387,-7.5,-0.00075,12.0412,-5.0,-0.00050,12.0412,-5.0,-0.00050,12.0425,-5.0,-0.00050,12.0437,-7.5,-0.00075,138.83
6,238882,1,0,84.98,2414.3,2358.8,2724.7,0.0,14.8287,1730.0,1.73000,12.0462,2032.5,2.03250,12.0487,1202.5,0.03644,5.0812,702.5,0.07025,12.0287,7190.0,0.71900,12.0250,9317.5,0.93175,12.0363,2395.0,0.23950,12.0400,-5.0,-0.00050,12.0412,-7.5,-0.00075,12.0387,-7.5,-0.00075,12.0400,-5.0,-0.00050,12.0412,-5.0,-0.00050,12.0412,-5.0,-0.00050,12.0437,-7.5,-0.00075,139.17
6,239218,1,0,84.70,2465.9,2672.2,2784.0,0.0,14.8275,1735.0,1.73500,12.0462,2035.0,2.03500,12.0487,1200.0,0.03636,5.0812,702.5,0.07025,12.0287,7190.0,0.71900,12.0237,9372.5,0.93725,12.0363,2392.5,0.23925,12.0400,-5.0,-0.00050,12.0412,-7.5,-0.00075,12.0375,-7.5,-0.00075,12.0400,-5.0,-0.00050,12.0412,-5.0,-0.00050,12.0412,-5.0,-0.00050,12.0425,-7.5,-0.00075,139.51
6,239555,1,0,84.42,2246.5,2599.6,2394.7,0.0,14.8300,1722.5,1.72250,12.0462,2017.5,2.01750,12.0500,1202.5,0.03644,5.0812,702.5,0.07025,12.0300,7062.5,0.70625,12.0250,9355.0,0.93550,12.0363,2387.5,0.23875,12.0400,-5.0,-0.00050,12.0425,-7.5,-0.00075,12.0387,-7.5,-0.00075,12.0400,-5.0,-0.00050,12.0412,-5.0,-0.00050,12.0425,-5.0,-0.00050,12.0437,-7.5,-0.00075,139.85
6,239891,1,0,84.14,2454.0,2445.2,2448.2,0.0,14.8300,1720.0,1.72000,12.0450,2020.0,2.02000,12.0487,1202.5,0.03644,5.0812,702.5,0.07025,12.0287,7065.0,0.70650,12.0250,9317.5,0.93175,12.0363,2382.5,0.23825,12.0400,-5.0,-0.00050,12.0412,-7.5,-0.00075,12.0387,-7.5,-0.00075,12.0400,-5.0,-0.00050,12.0412,-5.0,-0.00050,12.0425,-5.0,-0.00050,12.0437,-7.5,-0.00075,140.17
6,240227,1,0,83.86,2509.6,2440.3,2759.7,0.0,14.8337,1687.5,1.68750,12.0475,1980.0,1.98000,12.0500,1202.5,0.03644,5.0812,702.5,0.07025,12.0300,6932.5,0.69325,12.0262,9210.0,0.92100,12.0375,2307.5,0.23075,12.0412,-5.0,-0.00050,12.0425,-7.5,-0.00075,12.0400,-7.5,-0.00075,12.0412,-5.0,-0.00050,12.0425,-5.0,-0.00050,12.0437,-5.0,-0.00050,12.0450,-7.5,-0.00075,140.53
6,240584,1,0,83.57,2651.8,2433.0,2539.6,0.0,14.8350,1677.5,1.67750,12.0450,1977.5,1.97750,12.0487,1202.5,0.03644,5.0812,702.5,0.07025,12.0300,6935.0,0.69350,12.0250,9067.5,0.90675,12.0363,2320.0,0.23200,12.0400,-5.0,-0.00050,12.0425,-7.5,-0.00075,12.0387,-7.5,-0.00075,12.0400,-5.0,-0.00050,12.0412,-5.0,-0.00050,12.0425,-5.0,-0.00050,12.0437,-7.5,-0.00075,140.87
6,240921,1,0,83.28,2450.5,2442.7,2109.3,0.0,14.8387,1652.5,1.65250,12.0462,1937.5,1.93750,12.0500,1200.0,0.03636,5.0812,702.5,0.07025,12.0300,6917.5,0.69175,12.0262,8872.5,0.88725,12.0375,2270.0,0.22700,12.0412,-5.0,-0.00050,12.0425,-7.5,-0.00075,12.0400,-7.5,-0.00075,12.0412,-5.0,-0.00050,12.0412,-5.0,-0.00050,12.0425,-5.0,-0.00050,12.0450,-7.5,-0.00075,141.21
6,241257,1,0,83.00,2215.6,2415.4,2313.2,0.0,14.8425,1630.0,1.63000,12.0462,1915.0,1.91500,12.0500,1202.5,0.03644,5.0812,702.5,0.07025,12.0313,6877.5,0.68775,12.0262,8677.5,0.86775,12.0375,2272.5,0.22725,12.0412,-5.0,-0.00050,12.0425,-7.5,-0.00075,12.0400,-7.5,-0.00075,12.0412,-5.0,-0.00050,12.0425,-5.0,-0.00050,12.0437,-5.0,-0.00050,12.0450,-7.5,-0.00075,141.54
6,241593,1,0,82.72,3048.2,2642.5,2471.3,0.0,14.8475,1587.5,1.58750,12.0475,1865.0,1.86500,12.0500,1202.5,0.03644,5.0812,702.5,0.07025,12.0325,6682.5,0.66825,12.0275,8405.0,0.84050,12.0387,2237.5,0.22375,12.0425,-5.0,-0.00050,12.0437,-7.5,-0.00075,12.0412,-7.5,-0.00075,12.0425,-5.0,-0.00050,12.0437,-5.0,-0.00050,12.0437,-5.0,-0.00050,12.0450,-7.5,-0.00075,141.88
6,241929,1,0,82.44,2420.1,2188.3,2402.8,0.0,14.8488,1582.5,1.58250,12.0462,1857.5,1.85750,12.0487,1202.5,0.03644,5.0812,702.5,0.07025,12.0313,6607.5,0.66075,12.0275,8450.0,0.84500,12.0375,2232.5,0.22325,12.0412,-5.0,-0.00050,12.0437,-7.5,-0.00075,12.0387,-7.5,-0.00075,12.0412,-5.0,-0.00050,12.0425,-5.0,-0.00050,12.0425,-5.0,-0.00050,12.0437,-7.5,-0.00075,142.21
6,242266,1,0,82.16,2192.3,2623.8,2523.3,0.0,14.8488,1580.0,1.58000,12.0462,1852.5,1.85250,12.0500,1200.0,0.03636,5.0812,702.5,0.07025,12.0313,6590.0,0.65900,12.0275,8460.0,0.84600,12.0387,2200.0,0.22000,12.0425,-5.0,-0.00050,12.0437,-7.5,-0.00075,12.0400,-7.5,-0.00075,12.0412,-5.0,-0.00050,12.0425,-5.0,-0.00050,12.0437,-5.0,-0.00050,12.0450,-7.5,-0.00075,142.56
6,242623,1,0,81.87,2343.7,2396.1,2297.8,0.0,14.8488,1575.0,1.57500,12.0462,1855.0,1.85500,12.0487,1200.0,0.03636,5.0812,702.5,0.07025,12.0313,6587.5,0.65875,12.0275,8475.0,0.84750,12.0387,2155.0,0.21550,12.0412,-5.0,-0.00050,12.0425,-7.5,-0.00075,12.0400,-7.5,-0.00075,12.0425,-5.0,-0.00050,12.0425,-5.0,-0.00050,12.0437,-5.0,-0.00050,12.0450,-7.5,-0.00075,142.90
6,242959,1,0,81.59,2291.6,2175.5,2292.7,0.0,14.8500,1572.5,1.57250,12.0462,1845.0,1.84500,12.0500,1200.0,0.03636,5.0812,702.5,0.07025,12.0313,6602.5,0.66025,12.0275,8442.5,0.84425,12.0387,2145.0,0.21450,12.0412,-5.0,-0.00050,12.0437,-7.5,-0.00075,12.0400,-7.5,-0.00075,12.0412,-5.0,-0.00050,12.0425,-5.0,-0.00050,12.0425,-5.0,-0.00050,12.0450,-7.5,-0.00075,143.24
6,243295,1,0,81.31,2280.1,2607.3,2394.0,0.0,14.8512,1560.0,1.56000,12.0475,1827.5,1.82750,12.0500,1200.0,0.03636,5.0812,702.5,0.07025,12.0313,6555.0,0.65550,12.0275,8402.5,0.84025,12.0387,2102.5,0.21025,12.0412,-5.0,-0.00050,12.0437,-7.5,-0.00075,12.0400,-7.5,-0.00075,12.0412,-5.0,-0.00050,12.0425,-5.0,-0.00050,12.0437,-5.0,-0.00050,12.0450,-7.5,-0.00075,143.58
6,243632,1,0,81.03,2399.0,2383.8,2059.5,0.0,14.8562,1525.0,1.52500,12.0475,1792.5,1.79250,12.0512,1200.0,0.03636,5.0812,702.5,0.07025,12.0325,6382.5,0.63825,12.0287,8245.0,0.82450,12.0400,2072.5,0.20725,12.0425,-5.0,-0.00050,12.0450,-7.5,-0.00075,12.0412,-7.5,-0.00075,12.0425,-5.0,-0.00050,12.0437,-5.0,-0.00050,12.0450,-5.0,-0.00050,12.0450,-7.5,-0.00075,143.92
6,243968,1,0,80.75,2284.1,2267.3,2049.7,0.0,14.8575,1510.0,1.51000,12.0475,1772.5,1.77250,12.0500,1202.5,0.03644,5.0812,702.5,0.07025,12.0325,6227.5,0.62275,12.0275,8230.0,0.82300,12.0387,2082.5,0.20825,12.0425,-5.0,-0.00050,12.0437,-7.5,-0.00075,12.0412,-7.5,-0.00075,12.0425,-5.0,-0.00050,12.0437,-5.0,-0.00050,12.0450,-5.0,-0.00050,12.0462,-7.5,-0.00075,144.25
6,244304,1,0,80.47,2167.3,2367.0,2687.5,0.0,14.8600,1500.0,1.50000,12.0462,1762.5,1.76250,12.0500,1200.0,0.03636,5.0812,702.5,0.07025,12.0325,6155.0,0.61550,12.0287,8157.5,0.81575,12.0400,2102.5,0.21025,12.0425,-5.0,-0.00050,12.0437,-7.5,-0.00075,12.0412,-7.5,-0.00075,12.0425,-5.0,-0.00050,12.0425,-5.0,-0.00050,12.0437,-5.0,-0.00050,12.0450,-7.5,-0.00075,144.60
6,244661,1,0,80.17,2157.2,2788.3,2088.8,0.0,14.8612,1487.5,1.48750,12.0475,1745.0,1.74500,12.0500,1197.5,0.03629,5.0812,702.5,0.07025,12.0337,6050.0,0.60500,12.0300,8037.5,0.80375,12.0387,2095.0,0.20950,12.0425,-5.0,-0.00050,12.0437,-7.5,-0.00075,12.0400,-7.5,-0.00075,12.0412,-5.0,-0.00050,12.0425,-5.0,-0.00050,12.0437,-5.0,-0.00050,12.0450,-7.5,-0.00075,144.95
6,244998,1,0,79.89,2605.8,2459.8,2459.6,0.0,14.8650,1462.5,1.46250,12.0475,1712.5,1.71250,12.0500,1197.5,0.03629,5.0812,702.5,0.07025,12.0337,5982.5,0.59825,12.0300,7870.0,0.78700,12.0400,2065.0,0.20650,12.0437,-5.0,-0.00050,12.0450,-7.5,-0.00075,12.0412,-7.5,-0.00075,12.0425,-5.0,-0.00050,12.0437,-5.0,-0.00050,12.0450,-5.0,-0.00050,12.0462,-7.5,-0.00075,145.29
6,245334,1,0,79.61,2030.0,2556.8,2346.0,0.0,14.8663,1452.5,1.45250,12.0475,1702.5,1.70250,12.0500,1202.5,0.03644,5.0812,702.5,0.07025,12.0337,5987.5,0.59875,12.0287,7837.5,0.78375,12.0400,2067.5,0.20675,12.0425,-5.0,-0.00050,12.0437,-7.5,-0.00075,12.0412,-7.5,-0.00075,12.0425,-5.0,-0.00050,12.0437,-5.0,-0.00050,12.0437,-5.0,-0.00050,12.0450,-7.5,-0.00075,145.63
6,245670,1,0,79.33,2128.7,2466.3,2279.7,0.0,14.8663,1455.0,1.45500,12.0475,1707.5,1.70750,12.0500,1202.5,0.03644,5.0812,702.5,0.07025,12.0325,6017.5,0.60175,12.0287,7815.0,0.78150,12.0387,2072.5,0.20725,12.0425,-5.0,-0.00050,12.0437,-7.5,-0.00075,12.0400,-7.5,-0.00075,12.0425,-5.0,-0.00050,12.0437,-5.0,-0.00050,12.0437,-5.0,-0.00050,12.0450,-7.5,-0.00075,145.95
6,246006,1,0,79.05,2127.6,2329.3,2726.9,0.0,14.8675,1437.5,1.43750,12.0475,1690.0,1.69000,12.0500,1200.0,0.03636,5.0812,702.5,0.07025,12.0337,5995.0,0.59950,12.0300,7702.5,0.77025,12.0400,2010.0,0.20100,12.0437,-5.0,-0.00050,12.0450,-7.5,-0.00075,12.0412,-7.5,-0.00075,12.0437,-5.0,-0.00050,12.0437,-5.0,-0.00050,12.0450,-5.0,-0.00050,12.0462,-7.5,-0.00075,146.29
6,246343,1,0,78.77,2221.4,2275.0,2858.6,0.0,14.8675,1435.0,1.43500,12.0462,1690.0,1.69000,12.0500,1200.0,0.03636,5.0812,702.5,0.07025,12.0337,5992.5,0.59925,12.0300,7687.5,0.76875,12.0400,1972.5,0.19725,12.0425,-5.0,-0.00050,12.0437,-7.5,-0.00075,12.0412,-7.5,-0.00075,12.0425,-5.0,-0.00050,12.0437,-5.0,-0.00050,12.0437,-5.0,-0.00050,12.0450,-7.5,-0.00075,146.65
6,246700,1,0,78.47,2215.4,2662.6,2426.8,0.0,14.8712,1412.5,1.41250,12.0475,1657.5,1.65750,12.0500,1197.5,0.03629,5.0812,702.5,0.07025,12.0337,5935.0,0.59350,12.0300,7600.0,0.76000,12.0400,1895.0,0.18950,12.0437,-5.0,-0.00050,12.0450,-7.5,-0.00075,12.0412,-7.5,-0.00075,12.0437,-5.0,-0.00050,12.0437,-5.0,-0.00050,12.0450,-5.0,-0.00050,12.0462,-7.5,-0.00075,146.98
6,247036,1,0,78.19,2443.6,2408.4,2662.4,0.0,14.8712,1412.5,1.41250,12.0475,1657.5,1.65750,12.0500,1200.0,0.03636,5.0812,702.5,0.07025,12.0337,5897.5,0.58975,12.0300,7617.5,0.76175,12.0400,1905.0,0.19050,12.0425,-5.0,-0.00050,12.0437,-7.5,-0.00075,12.0412,-7.5,-0.00075,12.0425,-5.0,-0.00050,12.0437,-5.0,-0.00050,12.0437,-5.0,-0.00050,12.0450,-7.5,-0.00075,147.33
6,247372,1,0,77.91,2099.6,2191.5,2209.8,0.0,14.8737,1392.5,1.39250,12.0475,1637.5,1.63750,12.0500,1200.0,0.03636,5.0812,702.5,0.07025,12.0337,5862.5,0.58625,12.0313,7477.5,0.74775,12.0412,1887.5,0.18875,12.0437,-5.0,-0.00050,12.0450,-7.5,-0.00075,12.0425,-7.5,-0.00075,12.0437,-5.0,-0.00050,12.0437,-5.0,-0.00050,12.0450,-5.0,-0.00050,12.0462,-7.5,-0.00075,147.66
6,247709,1,0,77.63,2100.2,2636.1,2502.1,0.0,14.8737,1392.5,1.39250,12.0475,1630.0,1.63000,12.0500,1200.0,0.03636,5.0812,702.5,0.07025,12.0337,5812.5,0.58125,12.0300,7480.0,0.74800,12.0400,1895.0,0.18950,12.0437,-5.0,-0.00050,12.0450,-7.5,-0.00075,12.0412,-7.5,-0.00075,12.0425,-5.0,-0.00050,12.0437,-5.0,-0.00050,12.0450,-5.0,-0.00050,12.0462,-7.5,-0.00075,147.99
6,248045,1,0,77.35,2204.9,2301.2,2181.5,0.0,14.8775,1370.0,1.37000,12.0475,1607.5,1.60750,12.0500,1200.0,0.03636,5.0812,702.5,0.07025,12.0350,5710.0,0.57100,12.0313,7380.0,0.73800,12.0412,1867.5,0.18675,12.0437,-5.0,-0.00050,12.0450,-7.5,-0.00075,12.0425,-7.5,-0.00075,12.0437,-5.0,-0.00050,12.0437,-5.0,-0.00050,12.0450,-5.0,-0.00050,12.0462,-7.5,-0.00075,148.33
6,248381,1,0,77.07,2030.8,2075.2,2339.3,0.0,14.8787,1357.5,1.35750,12.0475,1592.5,1.59250,12.0500,1200.0,0.03636,5.0812,702.5,0.07025,12.0350,5617.5,0.56175,12.0313,7337.5,0.73375,12.0412,1860.0,0.18600,12.0437,-5.0,-0.00050,12.0450,-7.5,-0.00075,12.0412,-7.5,-0.00075,12.0437,-5.0,-0.00050,12.0437,-5.0,-0.00050,12.0450,-5.0,-0.00050,12.0462,-7.5,-0.00075,148.68
6,248738,1,0,76.77,2297.2,2178.2,2579.0,0.0,14.8812,1337.5,1.33750,12.0475,1567.5,1.56750,12.0500,1200.0,0.03636,5.0812,702.5,0.07025,12.0350,5502.5,0.55025,12.0313,7242.5,0.72425,12.0412,1860.0,0.18600,12.0437,-5.0,-0.00050,12.0462,-7.5,-0.00075,12.0425,-7.5,-0.00075,12.0437,-5.0,-0.00050,12.0450,-5.0,-0.00050,12.0450,-5.0,-0.00050,12.0462,-7.5,-0.00075,149.02
6,249075,1,0,76.49,2069.6,2498.5,2218.4,0.0,14.8812,1335.0,1.33500,12.0475,1565.0,1.56500,12.0500,1200.0,0.03636,5.0812,702.5,0.07025,12.0350,5512.5,0.55125,12.0313,7207.5,0.72075,12.0412,1857.5,0.18575,12.0437,-5.0,-0.00050,12.0450,-7.5,-0.00075,12.0425,-7.5,-0.00075,12.0437,-5.0,-0.00050,12.0437,-5.0,-0.00050,12.0450,-5.0,-0.00050,12.0462,-7.5,-0.00075,149.36
6,249411,1,0,76.21,2217.8,2275.2,2599.5,0.0,14.8812,1335.0,1.33500,12.0475,1565.0,1.56500,12.0500,1197.5,0.03629,5.0812,702.5,0.07025,12.0350,5525.0,0.55250,12.0313,7165.0,0.71650,12.0412,1852.5,0.18525,12.0437,-5.0,-0.00050,12.0450,-7.5,-0.00075,12.0412,-7.5,-0.00075,12.0437,-5.0,-0.00050,12.0437,-5.0,-0.00050,12.0450,-5.0,-0.00050,12.0462,-7.5,-0.00075,149.70
6,249747,1,0,75.93,2050.5,2251.3,2160.0,0.0,14.8825,1327.5,1.32750,12.0475,1557.5,1.55750,12.0500,1200.0,0.03636,5.0812,702.5,0.07025,12.0350,5542.5,0.55425,12.0313,7145.0,0.71450,12.0412,1827.5,0.18275,12.0437,-5.0,-0.00050,12.0450,-7.5,-0.00075,12.0425,-7.5,-0.00075,12.0437,-5.0,-0.00050,12.0437,-5.0,-0.00050,12.0450,-5.0,-0.00050,12.0462,-7.5,-0.00075,150.03
6,250083,1,0,75.65,2157.5,2477.5,2477.8,0.0,14.8850,1307.5,1.30750,12.0475,1532.5,1.53250,12.0512,1197.5,0.03629,5.0812,702.5,0.07025,12.0363,5472.5,0.54725,12.0325,6957.5,0.69575,12.0425,1802.5,0.18025,12.0450,-5.0,-0.00050,12.0462,-7.5,-0.00075,12.0425,-7.5,-0.00075,12.0437,-5.0,-0.00050,12.0450,-5.0,-0.00050,12.0450,-5.0,-0.00050,12.0462,-7.5,-0.00075,150.37
6,250420,1,0,75.37,2149.7,2427.6,2147.4,0.0,14.8862,1297.5,1.29750,12.0475,1522.5,1.52250,12.0500,1197.5,0.03629,5.0812,702.5,0.07025,12.0363,5455.0,0.54550,12.0313,6935.0,0.69350,12.0412,1787.5,0.17875,12.0450,-5.0,-0.00050,12.0462,-7.5,-0.00075,12.0425,-7.5,-0.00075,12.0437,-5.0,-0.00050,12.0450,-5.0,-0.00050,12.0450,-5.0,-0.00050,12.0462,-7.5,-0.00075,150.72
6,250777,1,0,75.07,2250.3,2601.2,2140.0,0.0,14.8875,1295.0,1.29500,12.0475,1522.5,1.52250,12.0500,1197.5,0.03629,5.0812,702.5,0.07025,12.0350,5467.5,0.54675,12.0325,6912.5,0.69125,12.0412,1790.0,0.17900,12.0437,-5.0,-0.00050,12.0450,-7.5,-0.00075,12.0425,-7.5,-0.00075,12.0437,-5.0,-0.00050,12.0450,-5.0,-0.00050,12.0450,-5.0,-0.00050,12.0462,-7.5,-0.00075,151.06
6,251113,1,0,74.79,2031.7,2128.6,2239.9,0.0,14.8912,1265.0,1.26500,12.0487,1487.5,1.48750,12.0512,1200.0,0.03636,5.0812,702.5,0.07025,12.0363,5322.5,0.53225,12.0337,6770.0,0.67700,12.0425,1725.0,0.17250,12.0450,-5.0,-0.00050,12.0462,-7.5,-0.00075,12.0425,-7.5,-0.00075,12.0450,-5.0,-0.00050,12.0450,-5.0,-0.00050,12.0462,-5.0,-0.00050,12.0475,-7.5,-0.00075,151.40
6,251449,1,0,74.51,2769.6,2226.5,2378.7,0.0,14.8925,1252.5,1.25250,12.0475,1467.5,1.46750,12.0500,1200.0,0.03636,5.0812,702.5,0.07025,12.0363,5227.5,0.52275,12.0325,6732.5,0.67325,12.0412,1720.0,0.17200,12.0437,-5.0,-0.00050,12.0462,-7.5,-0.00075,12.0425,-7.5,-0.00075,12.0437,-5.0,-0.00050,12.0450,-5.0,-0.00050,12.0462,-5.0,-0.00050,12.0475,-7.5,-0.00075,151.73
6,251786,1,0,74.23,2074.7,2113.3,2018.9,0.0,14.8950,1237.5,1.23750,12.0487,1450.0,1.45000,12.0512,1200.0,0.03636,5.0812,702.5,0.07025,12.0363,5155.0,0.51550,12.0325,6690.0,0.66900,12.0425,1702.5,0.17025,12.0450,-5.0,-0.00050,12.0462,-7.5,-0.00075,12.0425,-7.5,-0.00075,12.0437,-5.0,-0.00050,12.0450,-5.0,-0.00050,12.0462,-5.0,-0.00050,12.0475,-7.5,-0.00075,152.07
6,252122,1,0,73.95,2117.5,2527.7,2111.5,0.0,14.8937,1242.5,1.24250,12.0475,1455.0,1.45500,12.0500,1200.0,0.03636,5.0812,702.5,0.07025,12.0363,5160.0,0.51600,12.0325,6692.5,0.66925,12.0425,1667.5,0.16675,12.0437,-5.0,-0.00050,12.0462,-7.5,-0.00075,12.0425,-7.5,-0.00075,12.0437,-5.0,-0.00050,12.0450,-5.0,-0.00050,12.0450,-5.0,-0.00050,12.0462,-7.5,-0.00075,152.41
6,252458,1,0,73.67,1899.8,1890.1,2210.7,0.0,14.8962,1227.5,1.22750,12.0487,1440.0,1.44000,12.0512,1197.5,0.03629,5.0812,702.5,0.07025,12.0375,5057.5,0.50575,12.0337,6657.5,0.66575,12.0425,1667.5,0.16675,12.0450,-5.0,-0.00050,12.0462,-7.5,-0.00075,12.0437,-7.5,-0.00075,12.0450,-5.0,-0.00050,12.0450,-5.0,-0.00050,12.0462,-5.0,-0.00050,12.0475,-7.5,-0.00075,152.76
6,252815,1,0,73.37,2209.0,2327.8,2111.4,0.0,14.8962,1225.0,1.22500,12.0475,1437.5,1.43750,12.0512,1200.0,0.03636,5.0812,702.5,0.07025,12.0375,5052.5,0.50525,12.0337,6642.5,0.66425,12.0425,1665.0,0.16650,12.0450,-5.0,-0.00050,12.0462,-7.5,-0.00075,12.0425,-7.5,-0.00075,12.0437,-5.0,-0.00050,12.0450,-5.0,-0.00050,12.0450,-5.0,-0.00050,12.0462,-7.5,-0.00075,153.10
6,253152,1,0,73.09,2201.4,2320.9,2196.8,0.0,14.8987,1205.0,1.20500,12.0487,1410.0,1.41000,12.0512,1200.0,0.03636,5.0812,702.5,0.07025,12.0375,5072.5,0.50725,12.0337,6472.5,0.64725,12.0437,1615.0,0.16150,12.0462,-5.0,-0.00050,12.0475,-7.5,-0.00075,12.0437,-7.5,-0.00075,12.0450,-5.0,-0.00050,12.0462,-5.0,-0.00050,12.0475,-5.0,-0.00050,12.0487,-7.5,-0.00075,153.44
6,253488,1,0,72.81,2212.1,2421.7,2500.9,0.0,14.9000,1197.5,1.19750,12.0487,1402.5,1.40250,12.0512,1200.0,0.03636,5.0812,702.5,0.07025,12.0375,5040.0,0.50400,12.0337,6417.5,0.64175,12.0437,1610.0,0.16100,12.0450,-5.0,-0.00050,12.0462,-7.5,-0.00075,12.0437,-7.5,-0.00075,12.0450,-5.0,-0.00050,12.0450,-5.0,-0.00050,12.0462,-5.0,-0.00050,12.0475,-7.5,-0.00075,153.77
6,253824,1,0,72.53,1984.5,2194.0,2075.4,0.0,14.9025,1180.0,1.18000,12.0487,1380.0,1.38000,12.0512,1200.0,0.03636,5.0812,702.5,0.07025,12.0387,4935.0,0.49350,12.0350,6327.5,0.63275,12.0437,1597.5,0.15975,12.0462,-5.0,-0.00050,12.0475,-7.5,-0.00075,12.0437,-7.5,-0.00075,12.0450,-5.0,-0.00050,12.0462,-5.0,-0.00050,12.0475,-5.0,-0.00050,12.0475,-7.5,-0.00075,154.11
6,254160,1,0,72.25,1977.8,2187.2,2232.9,0.0,14.9025,1177.5,1.17750,12.0487,1377.5,1.37750,12.0512,1200.0,0.03636,5.0812,702.5,0.07025,12.0375,4905.0,0.49050,12.0337,6345.0,0.63450,12.0425,1587.5,0.15875,12.0450,-5.0,-0.00050,12.0462,-7.5,-0.00075,12.0437,-7.5,-0.00075,12.0450,-5.0,-0.00050,12.0462,-5.0,-0.00050,12.0462,-5.0,-0.00050,12.0475,-7.5,-0.00075,154.44
6,254497,1,0,71.97,2080.9,2181.4,1961.9,0.0,14.9050,1160.0,1.16000,12.0487,1357.5,1.35750,12.0512,1200.0,0.03636,5.0812,702.5,0.07025,12.0387,4822.5,0.48225,12.0350,6225.0,0.62250,12.0437,1552.5,0.15525,12.0462,-5.0,-0.00050,12.0475,-7.5,-0.00075,12.0437,-7.5,-0.00075,12.0462,-5.0,-0.00050,12.0462,-5.0,-0.00050,12.0475,-5.0,-0.00050,12.0475,-7.5,-0.00075,154.80
6,254854,1,0,71.67,2072.1,2065.5,2063.4,0.0,14.9062,1150.0,1.15000,12.0487,1345.0,1.34500,12.0512,1197.5,0.03629,5.0812,702.5,0.07025,12.0387,4755.0,0.47550,12.0350,6187.5,0.61875,12.0437,1562.5,0.15625,12.0450,-5.0,-0.00050,12.0475,-7.5,-0.00075,12.0437,-7.5,-0.00075,12.0450,-5.0,-0.00050,12.0462,-5.0,-0.00050,12.0462,-5.0,-0.00050,12.0475,-7.5,-0.00075,155.14
6,255190,1,0,71.39,2257.0,2167.0,2166.5,0.0,14.9087,1130.0,1.13000,12.0487,1325.0,1.32500,12.0512,1197.5,0.03629,5.0812,702.5,0.07025,12.0387,4725.0,0.47250,12.0363,6005.0,0.60050,12.0437,1557.5,0.15575,12.0462,-5.0,-0.00050,12.0475,-7.5,-0.00075,12.0437,-7.5,-0.00075,12.0462,-5.0,-0.00050,12.0462,-5.0,-0.00050,12.0475,-5.0,-0.00050,12.0487,-7.5,-0.00075,155.47
6,255526,1,0,71.11,2056.3,1992.1,2485.1,0.0,14.9087,1130.0,1.13000,12.0487,1325.0,1.32500,12.0500,1197.5,0.03629,5.0812,700.0,0.07000,12.0387,4745.0,0.47450,12.0350,6032.5,0.60325,12.0437,1550.0,0.15500,12.0450,-5.0,-0.00050,12.0462,-7.5,-0.00075,12.0437,-7.5,-0.00075,12.0450,-5.0,-0.00050,12.0450,-5.0,-0.00050,12.0462,-5.0,-0.00050,12.0475,-7.5,-0.00075,155.81
6,255863,1,0,70.83,1942.2,1827.4,2047.0,0.0,14.9100,1127.5,1.12750,12.0487,1320.0,1.32000,12.0512,1200.0,0.03636,5.0812,702.5,0.07025,12.0387,4737.5,0.47375,12.0350,6032.5,0.60325,12.0437,1530.0,0.15300,12.0462,-5.0,-0.00050,12.0475,-7.5,-0.00075,12.0437,-7.5,-0.00075,12.0450,-5.0,-0.00050,12.0462,-5.0,-0.00050,12.0475,-5.0,-0.00050,12.0487,-7.5,-0.00075,156.15
6,256199,1,0,70.55,2151.6,2080.1,1940.1,0.0,14.9125,1105.0,1.10500,12.0487,1292.5,1.29250,12.0512,1197.5,0.03629,5.0812,702.5,0.07025,12.0387,4645.0,0.46450,12.0363,5917.5,0.59175,12.0437,1482.5,0.14825,12.0462,-5.0,-0.00050,12.0475,-7.5,-0.00075,12.0450,-7.5,-0.00075,12.0462,-5.0,-0.00050,12.0462,-5.0,-0.00050,12.0475,-5.0,-0.00050,12.0487,-7.5,-0.00075,156.48
6,256535,1,0,70.27,1929.8,2267.7,1818.7,0.0,14.9125,1100.0,1.10000,12.0487,1290.0,1.29000,12.0512,1195.0,0.03621,5.0812,702.5,0.07025,12.0387,4592.5,0.45925,12.0350,5930.0,0.59300,12.0437,1470.0,0.14700,12.0462,-5.0,-0.00050,12.0475,-7.5,-0.00075,12.0437,-7.5,-0.00075,12.0450,-5.0,-0.00050,12.0462,-5.0,-0.00050,12.0462,-5.0,-0.00050,12.0475,-7.5,-0.00075,156.83
6,256892,1,0,69.98,2042.1,1914.8,2037.8,0.0,14.9150,1090.0,1.09000,12.0487,1272.5,1.27250,12.0512,1197.5,0.03629,5.0812,700.0,0.07000,12.0400,4502.5,0.45025,12.0363,5872.5,0.58725,12.0450,1457.5,0.14575,12.0462,-5.0,-0.00050,12.0487,-7.5,-0.00075,12.0450,-7.5,-0.00075,12.0462,-5.0,-0.00050,12.0462,-5.0,-0.00050,12.0475,-5.0,-0.00050,12.0487,-7.5,-0.00075,157.18
6,257229,1,0,69.69,2128.5,1802.3,1910.9,0.0,14.9150,1087.5,1.08750,12.0487,1275.0,1.27500,12.0512,1195.0,0.03621,5.0812,700.0,0.07000,12.0387,4550.0,0.45500,12.0363,5840.0,0.58400,12.0450,1450.0,0.14500,12.0462,-5.0,-0.00050,12.0475,-7.5,-0.00075,12.0437,-7.5,-0.00075,12.0462,-5.0,-0.00050,12.0462,-5.0,-0.00050,12.0462,-5.0,-0.00050,12.0475,-7.5,-0.00075,157.51
6,257565,1,0,69.41,2334.1,1908.4,2221.4,0.0,14.9175,1067.5,1.06750,12.0487,1245.0,1.24500,12.0525,1200.0,0.03636,5.0812,700.0,0.07000,12.0400,4485.0,0.44850,12.0363,5722.5,0.57225,12.0450,1420.0,0.14200,12.0475,-5.0,-0.00050,12.0487,-7.5,-0.00075,12.0450,-7.5,-0.00075,12.0462,-5.0,-0.00050,12.0462,-5.0,-0.00050,12.0475,-5.0,-0.00050,12.0487,-7.5,-0.00075,157.85
6,257901,1,0,69.13,2114.2,2236.1,2003.2,0.0,14.9187,1060.0,1.06000,12.0487,1240.0,1.24000,12.0512,1197.5,0.03629,5.0812,702.5,0.07025,12.0387,4457.5,0.44575,12.0363,5675.0,0.56750,12.0437,1427.5,0.14275,12.0462,-5.0,-0.00050,12.0475,-7.5,-0.00075,12.0450,-7.5,-0.00075,12.0462,-5.0,-0.00050,12.0462,-5.0,-0.00050,12.0475,-5.0,-0.00050,12.0487,-7.5,-0.00075,158.19
6,258237,1,0,68.85,2212.4,2228.6,2206.7,0.0,14.9200,1045.0,1.04500,12.0487,1222.5,1.22250,12.0512,1197.5,0.03629,5.0812,702.5,0.07025,12.0400,4375.0,0.43750,12.0363,5625.0,0.56250,12.0450,1415.0,0.14150,12.0462,-5.0,-0.00050,12.0487,-7.5,-0.00075,12.0450,-7.5,-0.00075,12.0462,-5.0,-0.00050,12.0475,-5.0,-0.00050,12.0475,-5.0,-0.00050,12.0487,-7.5,-0.00075,158.52
6,258574,1,0,68.57,1784.9,1888.7,2094.6,0.0,14.9200,1047.5,1.04750,12.0487,1225.0,1.22500,12.0512,1197.5,0.03629,5.0812,700.0,0.07000,12.0387,4382.5,0.43825,12.0363,5625.0,0.56250,12.0450,1400.0,0.14000,12.0462,-5.0,-0.00050,12.0487,-7.5,-0.00075,12.0450,-7.5,-0.00075,12.0462,-5.0,-0.00050,12.0475,-5.0,-0.00050,12.0475,-5.0,-0.00050,12.0487,-7.5,-0.00075,158.87
6,258931,1,0,68.28,2223.1,2215.5,2106.0,0.0,14.9225,1025.0,1.02500,12.0500,1197.5,1.19750,12.0525,1197.5,0.03629,5.0812,700.0,0.07000,12.0412,4275.0,0.42750,12.0375,5482.5,0.54825,12.0462,1372.5,0.13725,12.0475,-5.0,-0.00050,12.0487,-7.5,-0.00075,12.0450,-7.5,-0.00075,12.0475,-5.0,-0.00050,12.0475,-5.0,-0.00050,12.0487,-5.0,-0.00050,12.0487,-7.5,-0.00075,159.22
6,259267,1,0,68.00,1881.8,2207.7,2078.4,0.0,14.9225,1030.0,1.03000,12.0487,1202.5,1.20250,12.0512,1195.0,0.03621,5.0812,700.0,0.07000,12.0400,4302.5,0.43025,12.0363,5510.0,0.55100,12.0450,1365.0,0.13650,12.0462,-5.0,-0.00050,12.0475,-7.5,-0.00075,12.0450,-7.5,-0.00075,12.0462,-5.0,-0.00050,12.0462,-5.0,-0.00050,12.0475,-5.0,-0.00050,12.0487,-7.5,-0.00075,159.56
6,259603,1,0,67.72,1986.0,2419.8,1870.2,0.0,14.9237,1015.0,1.01500,12.0500,1187.5,1.18750,12.0525,1197.5,0.03629,5.0812,700.0,0.07000,12.0412,4275.0,0.42750,12.0375,5422.5,0.54225,12.0462,1360.0,0.13600,12.0475,-5.0,-0.00050,12.0487,-7.5,-0.00075,12.0450,-7.5,-0.00075,12.0475,-5.0,-0.00050,12.0475,-5.0,-0.00050,12.0487,-5.0,-0.00050,12.0487,-7.5,-0.00075,159.89
6,259940,1,0,67.44,1862.7,2061.1,2080.9,0.0,14.9262,1005.0,1.00500,12.0500,1172.5,1.17250,12.0512,1197.5,0.03629,5.0812,700.0,0.07000,12.0412,4180.0,0.41800,12.0375,5377.5,0.53775,12.0450,1345.0,0.13450,12.0475,-5.0,-0.00050,12.0487,-7.5,-0.00075,12.0450,-7.5,-0.00075,12.0475,-5.0,-0.00050,12.0475,-5.0,-0.00050,12.0475,-5.0,-0.00050,12.0487,-7.5,-0.00075,160.23
6,260276,1,0,67.16,1861.9,2008.1,1964.2,0.0,14.9275,992.5,0.99250,12.0500,1157.5,1.15750,12.0512,1197.5,0.03629,5.0812,700.0,0.07000,12.0412,4112.5,0.41125,12.0375,5300.0,0.53000,12.0462,1347.5,0.13475,12.0475,-5.0,-0.00050,12.0487,-7.5,-0.00075,12.0462,-7.5,-0.00075,12.0475,-5.0,-0.00050,12.0475,-5.0,-0.00050,12.0475,-5.0,-0.00050,12.0487,-7.5,-0.00075,160.57
6,260612,1,0,66.88,1963.6,2280.1,1956.6,0.0,14.9288,985.0,0.98500,12.0487,1147.5,1.14750,12.0512,1197.5,0.03629,5.0812,700.0,0.07000,12.0412,4122.5,0.41225,12.0375,5247.5,0.52475,12.0462,1322.5,0.13225,12.0475,-5.0,-0.00050,12.0487,-7.5,-0.00075,12.0450,-7.5,-0.00075,12.0462,-5.0,-0.00050,12.0462,-5.0,-0.00050,12.0475,-5.0,-0.00050,12.0487,-7.5,-0.00075,160.91
6,260969,1,0,66.58,1907.0,2055.6,1947.8,0.0,14.9312,962.5,0.96250,12.0500,1122.5,1.12250,12.0512,1200.0,0.03636,5.0812,700.0,0.07000,12.0412,4022.5,0.40225,12.0387,5127.5,0.51275,12.0462,1317.5,0.13175,12.0475,-5.0,-0.00050,12.0487,-7.5,-0.00075,12.0462,-7.5,-0.00075,12.0475,-5.0,-0.00050,12.0487,-5.0,-0.00050,12.0487,-5.0,-0.00050,12.0500,-7.5,-0.00075,161.26
6,261306,1,0,66.30,1731.7,2156.0,1941.0,0.0,14.9325,957.5,0.95750,12.0487,1120.0,1.12000,12.0512,1195.0,0.03621,5.0812,700.0,0.07000,12.0412,3932.5,0.39325,12.0375,5165.0,0.51650,12.0450,1317.5,0.13175,12.0475,-5.0,-0.00050,12.0487,-7.5,-0.00075,12.0450,-7.5,-0.00075,12.0475,-5.0,-0.00050,12.0475,-5.0,-0.00050,12.0475,-5.0,-0.00050,12.0500,-7.5,-0.00075,161.59
6,261642,1,0,66.02,1724.8,1934.5,1949.2,0.0,14.9325,960.0,0.96000,12.0500,1117.5,1.11750,12.0512,1197.5,0.03629,5.0812,700.0,0.07000,12.0412,3977.5,0.39775,12.0375,5132.5,0.51325,12.0450,1300.0,0.13000,12.0475,-5.0,-0.00050,12.0487,-7.5,-0.00075,12.0450,-7.5,-0.00075,12.0462,-5.0,-0.00050,12.0475,-5.0,-0.00050,12.0475,-5.0,-0.00050,12.0487,-7.5,-0.00075,161.94
6,261978,1,0,65.74,1826.5,1928.9,1927.8,0.0,14.9325,955.0,0.95500,12.0500,1115.0,1.11500,12.0512,1200.0,0.03636,5.0812,700.0,0.07000,12.0412,3905.0,0.39050,12.0375,5172.5,0.51725,12.0450,1305.0,0.13050,12.0475,-5.0,-0.00050,12.0487,-7.5,-0.00075,12.0450,-7.5,-0.00075,12.0475,-5.0,-0.00050,12.0475,-5.0,-0.00050,12.0487,-5.0,-0.00050,12.0487,-7.5,-0.00075,162.27
6,262314,1,0,65.46,1714.8,1968.4,2029.8,0.0,14.9325,957.5,0.95750,12.0487,1117.5,1.11750,12.0512,1195.0,0.03621,5.0812,700.0,0.07000,12.0412,3960.0,0.39600,12.0375,5110.0,0.51100,12.0462,1310.0,0.13100,12.0475,-5.0,-0.00050,12.0487,-7.5,-0.00075,12.0450,-7.5,-0.00075,12.0475,-5.0,-0.00050,12.0475,-5.0,-0.00050,12.0475,-5.0,-0.00050,12.0487,-7.5,-0.00075,162.60
6,262651,1,0,65.18,1924.0,1816.6,2023.9,0.0,14.9350,935.0,0.93500,12.0500,1087.5,1.08750,12.0512,1197.5,0.03629,5.0812,700.0,0.07000,12.0425,3872.5,0.38725,12.0387,4997.5,0.49975,12.0462,1292.5,0.12925,12.0475,-5.0,-0.00050,12.0487,-7.5,-0.00075,12.0462,-7.5,-0.00075,12.0475,-5.0,-0.00050,12.0475,-5.0,-0.00050,12.0487,-5.0,-0.00050,12.0500,-7.5,-0.00075,162.95
6,263008,1,0,64.88,1816.9,2055.7,1924.8,0.0,14.9362,930.0,0.93000,12.0500,1082.5,1.08250,12.0512,1195.0,0.03621,5.0812,700.0,0.07000,12.0425,3862.5,0.38625,12.0387,4947.5,0.49475,12.0462,1265.0,0.12650,12.0475,-5.0,-0.00050,12.0487,-7.5,-0.00075,12.0462,-7.5,-0.00075,12.0475,-5.0,-0.00050,12.0475,-5.0,-0.00050,12.0487,-5.0,-0.00050,12.0487,-7.5,-0.00075,163.29
6,263344,1,0,64.60,2149.8,2365.8,1918.6,0.0,14.9387,910.0,0.91000,12.0500,1057.5,1.05750,12.0525,1200.0,0.03636,5.0812,700.0,0.07000,12.0425,3780.0,0.37800,12.0400,4830.0,0.48300,12.0462,1240.0,0.12400,12.0487,-5.0,-0.00050,12.0500,-7.5,-0.00075,12.0462,-7.5,-0.00075,12.0475,-5.0,-0.00050,12.0487,-5.0,-0.00050,12.0487,-5.0,-0.00050,12.0500,-7.5,-0.00075,163.63
6,263680,1,0,64.32,1690.6,2020.7,2023.3,0.0,14.9400,900.0,0.90000,12.0500,1045.0,1.04500,12.0512,1197.5,0.03629,5.0812,700.0,0.07000,12.0425,3750.0,0.37500,12.0387,4770.0,0.47700,12.0462,1227.5,0.12275,12.0475,-5.0,-0.00050,12.0487,-7.5,-0.00075,12.0462,-7.5,-0.00075,12.0475,-5.0,-0.00050,12.0475,-5.0,-0.00050,12.0487,-5.0,-0.00050,12.0500,-7.5,-0.00075,163.97
6,264017,1,0,64.04,1796.1,2056.7,2058.5,0.0,14.9425,877.5,0.87750,12.0500,1020.0,1.02000,12.0525,1197.5,0.03629,5.0812,700.0,0.07000,12.0437,3665.0,0.36650,12.0400,4635.0,0.46350,12.0475,1207.5,0.12075,12.0487,-5.0,-0.00050,12.0500,-7.5,-0.00075,12.0462,-7.5,-0.00075,12.0487,-5.0,-0.00050,12.0487,-5.0,-0.00050,12.0487,-5.0,-0.00050,12.0500,-7.5,-0.00075,164.31
6,264353,1,0,63.76,1991.2,2003.1,1984.9,0.0,14.9437,872.5,0.87250,12.0500,1012.5,1.01250,12.0512,1197.5,0.03629,5.0812,700.0,0.07000,12.0425,3630.0,0.36300,12.0400,4582.5,0.45825,12.0462,1210.0,0.12100,12.0475,-5.0,-0.00050,12.0487,-7.5,-0.00075,12.0462,-7.5,-0.00075,12.0475,-5.0,-0.00050,12.0475,-5.0,-0.00050,12.0487,-5.0,-0.00050,12.0500,-7.5,-0.00075,164.65
6,264689,1,0,63.48,2086.3,1662.2,1886.7,0.0,14.9450,860.0,0.86000,12.0500,1000.0,1.00000,12.0512,1197.5,0.03629,5.0812,700.0,0.07000,12.0425,3602.5,0.36025,12.0400,4537.5,0.45375,12.0475,1185.0,0.11850,12.0487,-5.0,-0.00050,12.0500,-7.5,-0.00075,12.0462,-7.5,-0.00075,12.0475,-5.0,-0.00050,12.0487,-5.0,-0.00050,12.0487,-5.0,-0.00050,12.0500,-7.5,-0.00075,164.99
6,265046,1,0,63.18,1993.8,1766.4,1768.1,0.0,14.9450,865.0,0.86500,12.0500,1002.5,1.00250,12.0512,1195.0,0.03621,5.0812,700.0,0.07000,12.0425,3582.5,0.35825,12.0387,4565.0,0.45650,12.0462,1195.0,0.11950,12.0475,-5.0,-0.00050,12.0487,-7.5,-0.00075,12.0450,-7.5,-0.00075,12.0475,-5.0,-0.00050,12.0475,-5.0,-0.00050,12.0487,-5.0,-0.00050,12.0487,-7.5,-0.00075,165.34
6,265383,1,0,62.90,1764.9,1869.4,1962.1,0.0,14.9462,850.0,0.85000,12.0500,987.5,0.98750,12.0525,1197.5,0.03629,5.0812,700.0,0.07000,12.0437,3560.0,0.35600,12.0400,4452.5,0.44525,12.0475,1157.5,0.11575,12.0487,-5.0,-0.00050,12.0500,-7.5,-0.00075,12.0462,-7.5,-0.00075,12.0487,-5.0,-0.00050,12.0487,-5.0,-0.00050,12.0487,-5.0,-0.00050,12.0500,-7.5,-0.00075,165.67
6,265719,1,0,62.62,1648.2,2118.9,1755.8,0.0,14.9462,850.0,0.85000,12.0500,990.0,0.99000,12.0512,1197.5,0.03629,5.0812,700.0,0.07000,12.0425,3575.0,0.35750,12.0400,4495.0,0.44950,12.0462,1137.5,0.11375,12.0475,-5.0,-0.00050,12.0500,-7.5,-0.00075,12.0462,-7.5,-0.00075,12.0475,-5.0,-0.00050,12.0475,-5.0,-0.00050,12.0487,-5.0,-0.00050,12.0500,-7.5,-0.00075,166.01
6,266055,1,0,62.34,1908.2,2181.4,1859.6,0.0,14.9475,840.0,0.84000,12.0500,975.0,0.97500,12.0512,1195.0,0.03621,5.0812,700.0,0.07000,12.0425,3517.5,0.35175,12.0400,4432.5,0.44325,12.0462,1130.0,0.11300,12.0487,-5.0,-0.00050,12.0500,-7.5,-0.00075,12.0462,-7.5,-0.00075,12.0475,-5.0,-0.00050,12.0487,-5.0,-0.00050,12.0487,-5.0,-0.00050,12.0500,-7.5,-0.00075,166.35
6,266391,1,0,62.06,1855.3,1955.0,1634.8,0.0,14.9487,832.5,0.83250,12.0500,967.5,0.96750,12.0512,1200.0,0.03636,5.0812,700.0,0.07000,12.0425,3470.0,0.34700,12.0400,4440.0,0.44400,12.0475,1112.5,0.11125,12.0487,-5.0,-0.00050,12.0500,-7.5,-0.00075,12.0462,-7.5,-0.00075,12.0475,-5.0,-0.00050,12.0487,-5.0,-0.00050,12.0487,-5.0,-0.00050,12.0500,-7.5,-0.00075,166.67
6,266728,1,0,61.78,1747.8,1840.4,1846.5,0.0,14.9487,835.0,0.83500,12.0500,965.0,0.96500,12.0512,1197.5,0.03629,5.0812,700.0,0.07000,12.0437,3445.0,0.34450,12.0400,4422.5,0.44225,12.0475,1092.5,0.10925,12.0475,-5.0,-0.00050,12.0500,-7.5,-0.00075,12.0462,-7.5,-0.00075,12.0475,-5.0,-0.00050,12.0487,-5.0,-0.00050,12.0487,-5.0,-0.00050,12.0500,-7.5,-0.00075,167.02
6,267085,1,0,61.48,1843.6,1834.8,1854.5,0.0,14.9500,825.0,0.82500,12.0500,960.0,0.96000,12.0512,1195.0,0.03621,5.0812,700.0,0.07000,12.0425,3430.0,0.34300,12.0400,4417.5,0.44175,12.0462,1090.0,0.10900,12.0487,-5.0,-0.00050,12.0500,-7.5,-0.00075,12.0462,-7.5,-0.00075,12.0475,-5.0,-0.00050,12.0475,-5.0,-0.00050,12.0487,-5.0,-0.00050,12.0500,-7.5,-0.00075,167.37
6,267421,1,0,61.20,1621.2,1844.1,1962.1,0.0,14.9525,805.0,0.80500,12.0500,930.0,0.93000,12.0525,1195.0,0.03621,5.0812,700.0,0.07000,12.0437,3312.5,0.33125,12.0412,4280.0,0.42800,12.0475,1057.5,0.10575,12.0487,-5.0,-0.00050,12.0500,-7.5,-0.00075,12.0475,-7.5,-0.00075,12.0475,-5.0,-0.00050,12.0487,-5.0,-0.00050,12.0487,-5.0,-0.00050,12.0500,-7.5,-0.00075,167.71
6,267757,1,0,60.92,1828.9,2066.8,1995.7,0.0,14.9537,797.5,0.79750,12.0500,920.0,0.92000,12.0512,1200.0,0.03636,5.0812,700.0,0.07000,12.0437,3290.0,0.32900,12.0400,4247.5,0.42475,12.0475,1052.5,0.10525,12.0487,-5.0,-0.00050,12.0500,-7.5,-0.00075,12.0462,-7.5,-0.00075,12.0475,-5.0,-0.00050,12.0487,-5.0,-0.00050,12.0487,-5.0,-0.00050,12.0500,-7.5,-0.00075,168.04
6,268094,1,0,60.64,1928.1,1715.3,1875.8,0.0,14.9537,792.5,0.79250,12.0500,917.5,0.91750,12.0512,1195.0,0.03621,5.0812,700.0,0.07000,12.0437,3292.5,0.32925,12.0400,4240.0,0.42400,12.0475,1032.5,0.10325,12.0487,-5.0,-0.00050,12.0500,-7.5,-0.00075,12.0462,-7.5,-0.00075,12.0475,-5.0,-0.00050,12.0487,-5.0,-0.00050,12.0487,-5.0,-0.00050,12.0500,-7.5,-0.00075,168.38
6,268430,1,0,60.36,1919.5,1936.1,1706.7,0.0,14.9562,777.5,0.77750,12.0500,900.0,0.90000,12.0525,1200.0,0.03636,5.0812,700.0,0.07000,12.0437,3192.5,0.31925,12.0412,4145.0,0.41450,12.0475,1037.5,0.10375,12.0487,-5.0,-0.00050,12.0500,-7.5,-0.00075,12.0475,-7.5,-0.00075,12.0487,-5.0,-0.00050,12.0487,-5.0,-0.00050,12.0487,-5.0,-0.00050,12.0500,-7.5,-0.00075,168.71
6,268766,1,0,60.08,1698.7,2011.3,1586.8,0.0,14.9562,780.0,0.78000,12.0500,905.0,0.90500,12.0512,1197.5,0.03629,5.0812,700.0,0.07000,12.0437,3217.5,0.32175,12.0400,4172.5,0.41725,12.0462,1025.0,0.10250,12.0475,-5.0,-0.00050,12.0487,-7.5,-0.00075,12.0462,-7.5,-0.00075,12.0475,-5.0,-0.00050,12.0475,-5.0,-0.00050,12.0487,-5.0,-0.00050,12.0500,-7.5,-0.00075,169.06
6,269123,1,0,59.78,1798.5,1791.2,1686.4,0.0,14.9575,767.5,0.76750,12.0500,887.5,0.88750,12.0525,1197.5,0.03629,5.0812,700.0,0.07000,12.0437,3167.5,0.31675,12.0412,4095.0,0.40950,12.0475,1025.0,0.10250,12.0487,-5.0,-0.00050,12.0500,-7.5,-0.00075,12.0475,-7.5,-0.00075,12.0487,-5.0,-0.00050,12.0487,-5.0,-0.00050,12.0487,-5.0,-0.00050,12.0512,-7.5,-0.00075,169.40
6,269460,1,0,59.50,2002.8,1737.0,1680.5,0.0,14.9575,767.5,0.76750,12.0500,885.0,0.88500,12.0512,1197.5,0.03629,5.0812,700.0,0.07000,12.0437,3145.0,0.31450,12.0412,4062.5,0.40625,12.0475,1022.5,0.10225,12.0487,-5.0,-0.00050,12.0500,-7.5,-0.00075,12.0462,-7.5,-0.00075,12.0475,-5.0,-0.00050,12.0487,-5.0,-0.00050,12.0487,-5.0,-0.00050,12.0500,-7.5,-0.00075,169.74
6,269796,1,0,59.22,1688.1,2055.3,1906.7,0.0,14.9587,752.5,0.75250,12.0500,872.5,0.87250,12.0512,1200.0,0.03636,5.0812,700.0,0.07000,12.0437,3122.5,0.31225,12.0412,3975.0,0.39750,12.0475,1015.0,0.10150,12.0487,-5.0,-0.00050,12.0500,-7.5,-0.00075,12.0462,-7.5,-0.00075,12.0487,-5.0,-0.00050,12.0487,-5.0,-0.00050,12.0487,-5.0,-0.00050,12.0500,-7.5,-0.00075,170.08
6,270132,1,0,58.94,1779.4,2084.6,1982.3,0.0,14.9600,750.0,0.75000,12.0500,867.5,0.86750,12.0512,1197.5,0.03629,5.0812,700.0,0.07000,12.0437,3100.0,0.31000,12.0412,3982.5,0.39825,12.0475,997.5,0.09975,12.0487,-5.0,-0.00050,12.0500,-7.5,-0.00075,12.0462,-7.5,-0.00075,12.0475,-5.0,-0.00050,12.0487,-5.0,-0.00050,12.0487,-5.0,-0.00050,12.0500,-7.5,-0.00075,170.42
6,270468,1,0,58.66,1898.9,1780.6,1891.5,0.0,14.9625,727.5,0.72750,12.0500,840.0,0.84000,12.0525,1197.5,0.03629,5.0812,700.0,0.07000,12.0450,2997.5,0.29975,12.0412,3850.0,0.38500,12.0487,960.0,0.09600,12.0500,-5.0,-0.00050,12.0512,-7.5,-0.00075,12.0475,-7.5,-0.00075,12.0487,-5.0,-0.00050,12.0487,-5.0,-0.00050,12.0500,-5.0,-0.00050,12.0512,-7.5,-0.00075,170.75
6,270805,1,0,58.38,2222.7,1883.3,1550.6,0.0,14.9637,722.5,0.72250,12.0500,832.5,0.83250,12.0512,1200.0,0.03636,5.0812,700.0,0.07000,12.0450,2955.0,0.29550,12.0412,3835.0,0.38350,12.0475,952.5,0.09525,12.0487,-5.0,-0.00050,12.0500,-7.5,-0.00075,12.0475,-7.5,-0.00075,12.0487,-5.0,-0.00050,12.0487,-5.0,-0.00050,12.0487,-5.0,-0.00050,12.0500,-7.5,-0.00075,171.10
6,271162,1,0,58.08,1769.8,1653.1,1763.7,0.0,14.9650,707.5,0.70750,12.0500,815.0,0.81500,12.0512,1200.0,0.03636,5.0812,700.0,0.07000,12.0450,2880.0,0.28800,12.0412,3775.0,0.37750,12.0475,937.5,0.09375,12.0487,-5.0,-0.00050,12.0500,-7.5,-0.00075,12.0475,-7.5,-0.00075,12.0487,-5.0,-0.00050,12.0487,-5.0,-0.00050,12.0500,-5.0,-0.00050,12.0500,-7.5,-0.00075,171.45
6,271498,1,0,57.80,1644.3,1800.9,1866.2,0.0,14.9650,707.5,0.70750,12.0500,817.5,0.81750,12.0512,1197.5,0.03629,5.0812,700.0,0.07000,12.0450,2887.5,0.28875,12.0412,3780.0,0.37800,12.0475,945.0,0.09450,12.0487,-5.0,-0.00050,12.0500,-7.5,-0.00075,12.0462,-7.5,-0.00075,12.0487,-5.0,-0.00050,12.0487,-5.0,-0.00050,12.0487,-5.0,-0.00050,12.0500,-7.5,-0.00075,171.78
6,271834,1,0,57.52,1644.0,1965.6,1968.2,0.0,14.9675,692.5,0.69250,12.0500,797.5,0.79750,12.0525,1197.5,0.03629,5.0812,700.0,0.07000,12.0450,2827.5,0.28275,12.0425,3682.5,0.36825,12.0475,932.5,0.09325,12.0487,-5.0,-0.00050,12.0512,-7.5,-0.00075,12.0475,-7.5,-0.00075,12.0487,-5.0,-0.00050,12.0487,-5.0,-0.00050,12.0500,-5.0,-0.00050,12.0512,-7.5,-0.00075,172.12
6,272171,1,0,57.24,1791.6,1630.6,1758.5,0.0,14.9675,692.5,0.69250,12.0500,797.5,0.79750,12.0512,1195.0,0.03621,5.0812,700.0,0.07000,12.0450,2847.5,0.28475,12.0412,3670.0,0.36700,12.0475,907.5,0.09075,12.0487,-5.0,-0.00050,12.0500,-7.5,-0.00075,12.0475,-7.5,-0.00075,12.0487,-5.0,-0.00050,12.0487,-5.0,-0.00050,12.0487,-5.0,-0.00050,12.0500,-7.5,-0.00075,172.45
6,272507,1,0,56.96,1955.6,1623.8,1634.7,0.0,14.9675,687.5,0.68750,12.0500,792.5,0.79250,12.0512,1197.5,0.03629,5.0812,700.0,0.07000,12.0450,2852.5,0.28525,12.0412,3640.0,0.36400,12.0475,897.5,0.08975,12.0487,-5.0,-0.00050,12.0500,-7.5,-0.00075,12.0475,-7.5,-0.00075,12.0487,-5.0,-0.00050,12.0487,-5.0,-0.00050,12.0487,-5.0,-0.00050,12.0500,-7.5,-0.00075,172.79
6,272843,1,0,56.68,1730.7,1941.3,1627.9,0.0,14.9675,690.0,0.69000,12.0500,795.0,0.79500,12.0512,1192.5,0.03614,5.0812,700.0,0.07000,12.0450,2837.5,0.28375,12.0412,3660.0,0.36600,12.0475,902.5,0.09025,12.0487,-5.0,-0.00050,12.0500,-7.5,-0.00075,12.0462,-7.5,-0.00075,12.0475,-5.0,-0.00050,12.0487,-5.0,-0.00050,12.0487,-5.0,-0.00050,12.0500,-7.5,-0.00075,173.14
6,273200,1,0,56.39,1616.4,1934.7,1737.5,0.0,14.9675,692.5,0.69250,12.0500,800.0,0.80000,12.0512,1195.0,0.03621,5.0812,700.0,0.07000,12.0450,2867.5,0.28675,12.0412,3692.5,0.36925,12.0475,887.5,0.08875,12.0487,-5.0,-0.00050,12.0500,-7.5,-0.00075,12.0462,-7.5,-0.00075,12.0475,-5.0,-0.00050,12.0487,-5.0,-0.00050,12.0487,-5.0,-0.00050,12.0500,-7.5,-0.00075,173.48
6,273537,1,0,56.10,1826.6,2035.3,1614.4,0.0,14.9687,680.0,0.68000,12.0500,782.5,0.78250,12.0512,1197.5,0.03629,5.0812,700.0,0.07000,12.0450,2807.5,0.28075,12.0425,3612.5,0.36125,12.0487,877.5,0.08775,12.0500,-5.0,-0.00050,12.0512,-7.5,-0.00075,12.0475,-7.5,-0.00075,12.0487,-5.0,-0.00050,12.0487,-5.0,-0.00050,12.0500,-5.0,-0.00050,12.0512,-7.5,-0.00075,173.82
6,273873,1,0,55.82,2032.5,1493.6,1813.0,0.0,14.9712,662.5,0.66250,12.0500,765.0,0.76500,12.0512,1195.0,0.03621,5.0812,700.0,0.07000,12.0450,2740.0,0.27400,12.0425,3512.5,0.35125,12.0487,865.0,0.08650,12.0487,-5.0,-0.00050,12.0500,-7.5,-0.00075,12.0475,-7.5,-0.00075,12.0487,-5.0,-0.00050,12.0487,-5.0,-0.00050,12.0500,-5.0,-0.00050,12.0500,-7.5,-0.00075,174.16
6,274209,1,0,55.54,1605.9,1944.1,1698.5,0.0,14.9712,660.0,0.66000,12.0500,760.0,0.76000,12.0512,1195.0,0.03621,5.0812,700.0,0.07000,12.0450,2712.5,0.27125,12.0425,3495.0,0.34950,12.0475,847.5,0.08475,12.0487,-5.0,-0.00050,12.0500,-7.5,-0.00075,12.0475,-7.5,-0.00075,12.0487,-5.0,-0.00050,12.0487,-5.0,-0.00050,12.0487,-5.0,-0.00050,12.0500,-7.5,-0.00075,174.49
6,274545,1,0,55.26,2015.7,1585.1,1903.1,0.0,14.9712,660.0,0.66000,12.0500,760.0,0.76000,12.0512,1195.0,0.03621,5.0812,700.0,0.07000,12.0450,2707.5,0.27075,12.0425,3505.0,0.35050,12.0475,862.5,0.08625,12.0487,-5.0,-0.00050,12.0500,-7.5,-0.00075,12.0475,-7.5,-0.00075,12.0487,-5.0,-0.00050,12.0487,-5.0,-0.00050,12.0500,-5.0,-0.00050,12.0500,-7.5,-0.00075,174.83
6,274882,1,0,54.98,1593.1,1926.3,1579.4,0.0,14.9738,645.0,0.64500,12.0500,740.0,0.74000,12.0512,1197.5,0.03629,5.0812,700.0,0.07000,12.0462,2637.5,0.26375,12.0425,3420.0,0.34200,12.0487,855.0,0.08550,12.0500,-5.0,-0.00050,12.0512,-7.5,-0.00075,12.0475,-7.5,-0.00075,12.0487,-5.0,-0.00050,12.0487,-5.0,-0.00050,12.0500,-5.0,-0.00050,12.0512,-7.5,-0.00075,175.18
6,275239,1,0,54.69,1526.5,1578.8,1737.7,0.0,14.9738,642.5,0.64250,12.0500,735.0,0.73500,12.0512,1195.0,0.03621,5.0812,700.0,0.07000,12.0450,2637.5,0.26375,12.0425,3387.5,0.33875,12.0487,847.5,0.08475,12.0500,-5.0,-0.00050,12.0500,-7.5,-0.00075,12.0475,-7.5,-0.00075,12.0487,-5.0,-0.00050,12.0487,-5.0,-0.00050,12.0500,-5.0,-0.00050,12.0500,-7.5,-0.00075,175.53
6,275575,1,0,54.41,1627.7,1909.5,1774.2,0.0,14.9750,632.5,0.63250,12.0500,722.5,0.72250,12.0512,1197.5,0.03629,5.0812,700.0,0.07000,12.0462,2587.5,0.25875,12.0425,3305.0,0.33050,12.0487,825.0,0.08250,12.0500,-5.0,-0.00050,12.0512,-7.5,-0.00075,12.0475,-7.5,-0.00075,12.0487,-5.0,-0.00050,12.0487,-5.0,-0.00050,12.0500,-5.0,-0.00050,12.0512,-7.5,-0.00075,175.86
6,275911,1,0,54.13,1728.8,1902.2,1678.7,0.0,14.9762,627.5,0.62750,12.0500,720.0,0.72000,12.0512,1197.5,0.03629,5.0812,700.0,0.07000,12.0450,2567.5,0.25675,12.0425,3322.5,0.33225,12.0487,820.0,0.08200,12.0500,-5.0,-0.00050,12.0512,-7.5,-0.00075,12.0475,-7.5,-0.00075,12.0487,-5.0,-0.00050,12.0487,-5.0,-0.00050,12.0500,-5.0,-0.00050,12.0500,-7.5,-0.00075,176.20
6,276248,1,0,53.85,1899.5,1716.4,1894.3,0.0,14.9775,617.5,0.61750,12.0500,707.5,0.70750,12.0512,1195.0,0.03621,5.0812,700.0,0.07000,12.0462,2530.0,0.25300,12.0437,3267.5,0.32675,12.0487,805.0,0.08050,12.0500,-5.0,-0.00050,12.0512,-7.5,-0.00075,12.0475,-7.5,-0.00075,12.0487,-5.0,-0.00050,12.0500,-5.0,-0.00050,12.0500,-5.0,-0.00050,12.0512,-7.5,-0.00075,176.53
6,276584,1,0,53.57,1500.6,1709.3,1442.2,0.0,14.9775,617.5,0.61750,12.0500,707.5,0.70750,12.0512,1195.0,0.03621,5.0812,700.0,0.07000,12.0462,2525.0,0.25250,12.0425,3280.0,0.32800,12.0487,812.5,0.08125,12.0500,-5.0,-0.00050,12.0512,-7.5,-0.00075,12.0475,-7.5,-0.00075,12.0487,-5.0,-0.00050,12.0487,-5.0,-0.00050,12.0500,-5.0,-0.00050,12.0500,-7.5,-0.00075,176.87
6,276920,1,0,53.29,1552.0,1877.9,1594.1,0.0,14.9787,605.0,0.60500,12.0500,692.5,0.69250,12.0525,1197.5,0.03629,5.0812,700.0,0.07000,12.0462,2475.0,0.24750,12.0437,3177.5,0.31775,12.0487,797.5,0.07975,12.0500,-5.0,-0.00050,12.0512,-7.5,-0.00075,12.0475,-7.5,-0.00075,12.0487,-5.0,-0.00050,12.0500,-5.0,-0.00050,12.0500,-5.0,-0.00050,12.0512,-7.5,-0.00075,177.22
6,277277,1,0,52.99,1764.6,1648.3,1758.6,0.0,14.9787,605.0,0.60500,12.0500,690.0,0.69000,12.0512,1197.5,0.03629,5.0812,700.0,0.07000,12.0462,2447.5,0.24475,12.0425,3190.0,0.31900,12.0487,800.0,0.08000,12.0500,-5.0,-0.00050,12.0500,-7.5,-0.00075,12.0475,-7.5,-0.00075,12.0487,-5.0,-0.00050,12.0487,-5.0,-0.00050,12.0500,-5.0,-0.00050,12.0500,-7.5,-0.00075,177.57
6,277614,1,0,52.71,1537.2,1968.6,1531.8,0.0,14.9800,595.0,0.59500,12.0500,677.5,0.67750,12.0512,1195.0,0.03621,5.0812,700.0,0.07000,12.0462,2415.0,0.24150,12.0437,3142.5,0.31425,12.0487,772.5,0.07725,12.0500,-5.0,-0.00050,12.0512,-7.5,-0.00075,12.0475,-7.5,-0.00075,12.0487,-5.0,-0.00050,12.0500,-5.0,-0.00050,12.0500,-5.0,-0.00050,12.0512,-7.5,-0.00075,177.89
6,277950,1,0,52.43,1477.9,1851.2,1524.6,0.0,14.9800,595.0,0.59500,12.0500,677.5,0.67750,12.0512,1195.0,0.03621,5.0812,700.0,0.07000,12.0462,2415.0,0.24150,12.0425,3120.0,0.31200,12.0487,795.0,0.07950,12.0487,-5.0,-0.00050,12.0500,-7.5,-0.00075,12.0475,-7.5,-0.00075,12.0487,-5.0,-0.00050,12.0487,-5.0,-0.00050,12.0500,-5.0,-0.00050,12.0512,-7.5,-0.00075,178.23
6,278286,1,0,52.15,1415.6,1626.6,1626.1,0.0,14.9812,582.5,0.58250,12.0500,665.0,0.66500,12.0512,1197.5,0.03629,5.0812,700.0,0.07000,12.0462,2367.5,0.23675,12.0425,3060.0,0.30600,12.0487,770.0,0.07700,12.0500,-5.0,-0.00050,12.0512,-7.5,-0.00075,12.0475,-7.5,-0.00075,12.0487,-5.0,-0.00050,12.0500,-5.0,-0.00050,12.0500,-5.0,-0.00050,12.0512,-7.5,-0.00075,178.57
6,278622,1,0,51.87,1408.8,1521.6,1403.1,0.0,14.9825,577.5,0.57750,12.0500,657.5,0.65750,12.0512,1192.5,0.03614,5.0812,700.0,0.07000,12.0462,2355.0,0.23550,12.0437,3032.5,0.30325,12.0487,775.0,0.07750,12.0487,-5.0,-0.00050,12.0512,-7.5,-0.00075,12.0475,-7.5,-0.00075,12.0487,-5.0,-0.00050,12.0487,-5.0,-0.00050,12.0500,-5.0,-0.00050,12.0512,-7.5,-0.00075,178.91
6,278959,1,0,51.59,1510.2,1506.5,1676.3,0.0,14.9825,580.0,0.58000,12.0500,665.0,0.66500,12.0512,1195.0,0.03621,5.0812,700.0,0.07000,12.0462,2377.5,0.23775,12.0425,3032.5,0.30325,12.0487,772.5,0.07725,12.0500,-5.0,-0.00050,12.0500,-7.5,-0.00075,12.0475,-7.5,-0.00075,12.0487,-5.0,-0.00050,12.0487,-5.0,-0.00050,12.0487,-5.0,-0.00050,12.0500,-7.5,-0.00075,179.27
6,279316,1,0,51.29,1718.6,1607.1,1651.7,0.0,14.9825,577.5,0.57750,12.0500,655.0,0.65500,12.0512,1197.5,0.03629,5.0812,700.0,0.07000,12.0462,2350.0,0.23500,12.0437,3007.5,0.30075,12.0487,762.5,0.07625,12.0500,-5.0,-0.00050,12.0512,-7.5,-0.00075,12.0475,-7.5,-0.00075,12.0487,-5.0,-0.00050,12.0500,-5.0,-0.00050,12.0500,-5.0,-0.00050,12.0512,-7.5,-0.00075,179.61
6,279652,1,0,51.01,1497.9,1618.2,1493.6,0.0,14.9837,570.0,0.57000,12.0500,650.0,0.65000,12.0512,1195.0,0.03621,5.0812,700.0,0.07000,12.0462,2350.0,0.23500,12.0425,2982.5,0.29825,12.0487,737.5,0.07375,12.0500,-5.0,-0.00050,12.0512,-7.5,-0.00075,12.0475,-7.5,-0.00075,12.0487,-5.0,-0.00050,12.0487,-5.0,-0.00050,12.0500,-5.0,-0.00050,12.0500,-7.5,-0.00075,179.93
6,279988,1,0,50.73,1598.1,1486.3,1380.6,0.0,14.9862,555.0,0.55500,12.0500,632.5,0.63250,12.0512,1200.0,0.03636,5.0812,700.0,0.07000,12.0462,2277.5,0.22775,12.0437,2892.5,0.28925,12.0500,720.0,0.07200,12.0500,-5.0,-0.00050,12.0512,-7.5,-0.00075,12.0475,-7.5,-0.00075,12.0487,-5.0,-0.00050,12.0487,-5.0,-0.00050,12.0500,-5.0,-0.00050,12.0512,-7.5,-0.00075,180.27
6,280325,1,0,50.45,1836.7,1645.9,1373.6,0.0,14.9862,547.5,0.54750,12.0500,620.0,0.62000,12.0512,1195.0,0.03621,5.0812,700.0,0.07000,12.0462,2245.0,0.22450,12.0437,2842.5,0.28425,12.0500,705.0,0.07050,12.0500,-5.0,-0.00050,12.0512,-7.5,-0.00075,12.0475,-7.5,-0.00075,12.0500,-5.0,-0.00050,12.0500,-5.0,-0.00050,12.0500,-5.0,-0.00050,12.0512,-7.5,-0.00075,180.61
6,280661,1,0,50.17,1370.9,1820.5,1577.7,0.0,14.9887,535.0,0.53500,12.0500,605.0,0.60500,12.0512,1192.5,0.03614,5.0812,700.0,0.07000,12.0462,2167.5,0.21675,12.0437,2782.5,0.27825,12.0487,700.0,0.07000,12.0500,-5.0,-0.00050,12.0512,-7.5,-0.00075,12.0475,-7.5,-0.00075,12.0487,-5.0,-0.00050,12.0500,-5.0,-0.00050,12.0500,-5.0,-0.00050,12.0512,-7.5,-0.00075,180.94
6,280997,1,0,49.89,1469.0,1777.1,1586.0,0.0,14.9887,532.5,0.53250,12.0500,607.5,0.60750,12.0512,1195.0,0.03621,5.0812,700.0,0.07000,12.0462,2212.5,0.22125,12.0437,2770.0,0.27700,12.0487,692.5,0.06925,12.0500,-5.0,-0.00050,12.0512,-7.5,-0.00075,12.0475,-7.5,-0.00075,12.0487,-5.0,-0.00050,12.0487,-5.0,-0.00050,12.0500,-5.0,-0.00050,12.0500,-7.5,-0.00075,181.29
6,281354,1,0,49.59,1470.8,1802.9,1729.3,0.0,14.9900,525.0,0.52500,12.0500,595.0,0.59500,12.0512,1197.5,0.03629,5.0812,700.0,0.07000,12.0475,2135.0,0.21350,12.0437,2712.5,0.27125,12.0487,692.5,0.06925,12.0500,-5.0,-0.00050,12.0512,-7.5,-0.00075,12.0475,-7.5,-0.00075,12.0487,-5.0,-0.00050,12.0487,-5.0,-0.00050,12.0500,-5.0,-0.00050,12.0512,-7.5,-0.00075,181.64
6,281691,1,0,49.31,1575.7,1681.7,1457.2,0.0,14.9900,527.5,0.52750,12.0500,595.0,0.59500,12.0512,1195.0,0.03621,5.0812,700.0,0.07000,12.0475,2162.5,0.21625,12.0437,2737.5,0.27375,12.0487,690.0,0.06900,12.0500,-5.0,-0.00050,12.0512,-7.5,-0.00075,12.0475,-7.5,-0.00075,12.0487,-5.0,-0.00050,12.0500,-5.0,-0.00050,12.0500,-5.0,-0.00050,12.0512,-7.5,-0.00075,181.97
6,282027,1,0,49.03,1397.9,1451.2,1451.0,0.0,14.9900,522.5,0.52250,12.0500,592.5,0.59250,12.0512,1197.5,0.03629,5.0812,700.0,0.07000,12.0462,2140.0,0.21400,12.0437,2720.0,0.27200,12.0487,690.0,0.06900,12.0500,-5.0,-0.00050,12.0512,-7.5,-0.00075,12.0475,-7.5,-0.00075,12.0487,-5.0,-0.00050,12.0487,-5.0,-0.00050,12.0500,-5.0,-0.00050,12.0512,-7.5,-0.00075,182.31
6,282363,1,0,48.75,1783.5,1556.2,1333.5,0.0,14.9900,522.5,0.52250,12.0500,592.5,0.59250,12.0512,1195.0,0.03621,5.0812,700.0,0.07000,12.0462,2125.0,0.21250,12.0437,2722.5,0.27225,12.0487,690.0,0.06900,12.0500,-5.0,-0.00050,12.0512,-7.5,-0.00075,12.0475,-7.5,-0.00075,12.0487,-5.0,-0.00050,12.0487,-5.0,-0.00050,12.0500,-5.0,-0.00050,12.0512,-7.5,-0.00075,182.64
6,282699,1,0,48.47,1665.3,1805.8,1659.9,0.0,14.9913,515.0,0.51500,12.0500,582.5,0.58250,12.0512,1197.5,0.03629,5.0812,700.0,0.07000,12.0475,2090.0,0.20900,12.0450,2672.5,0.26725,12.0500,665.0,0.06650,12.0500,-5.0,-0.00050,12.0512,-7.5,-0.00075,12.0475,-7.5,-0.00075,12.0487,-5.0,-0.00050,12.0500,-5.0,-0.00050,12.0500,-5.0,-0.00050,12.0512,-7.5,-0.00075,182.98
6,283036,1,0,48.19,1437.1,1431.6,1542.0,0.0,14.9900,517.5,0.51750,12.0500,585.0,0.58500,12.0512,1195.0,0.03621,5.0812,700.0,0.07000,12.0462,2097.5,0.20975,12.0437,2672.5,0.26725,12.0487,670.0,0.06700,12.0500,-5.0,-0.00050,12.0512,-7.5,-0.00075,12.0475,-7.5,-0.00075,12.0487,-5.0,-0.00050,12.0500,-5.0,-0.00050,12.0500,-5.0,-0.00050,12.0512,-7.5,-0.00075,183.33
6,283393,1,0,47.89,1320.5,1578.6,1534.7,0.0,14.9925,505.0,0.50500,12.0500,570.0,0.57000,12.0512,1195.0,0.03621,5.0812,700.0,0.07000,12.0475,2040.0,0.20400,12.0450,2620.0,0.26200,12.0500,665.0,0.06650,12.0500,-5.0,-0.00050,12.0512,-7.5,-0.00075,12.0487,-7.5,-0.00075,12.0500,-5.0,-0.00050,12.0500,-5.0,-0.00050,12.0500,-5.0,-0.00050,12.0512,-7.5,-0.00075,183.68
6,283729,1,0,47.61,1314.5,1417.5,1309.8,0.0,14.9925,502.5,0.50250,12.0500,565.0,0.56500,12.0512,1195.0,0.03621,5.0812,700.0,0.07000,12.0475,2037.5,0.20375,12.0437,2607.5,0.26075,12.0500,662.5,0.06625,12.0500,-5.0,-0.00050,12.0512,-7.5,-0.00075,12.0475,-7.5,-0.00075,12.0487,-5.0,-0.00050,12.0500,-5.0,-0.00050,12.0500,-5.0,-0.00050,12.0512,-7.5,-0.00075,184.01
6,284065,1,0,47.33,1635.7,1358.8,1628.6,0.0,14.9925,500.0,0.50000,12.0500,565.0,0.56500,12.0512,1197.5,0.03629,5.0812,700.0,0.07000,12.0475,2035.0,0.20350,12.0437,2595.0,0.25950,12.0500,630.0,0.06300,12.0500,-5.0,-0.00050,12.0512,-7.5,-0.00075,12.0475,-7.5,-0.00075,12.0487,-5.0,-0.00050,12.0500,-5.0,-0.00050,12.0500,-5.0,-0.00050,12.0512,-7.5,-0.00075,184.34
6,284402,1,0,47.05,1302.0,1621.6,1351.5,0.0,14.9950,487.5,0.48750,12.0500,547.5,0.54750,12.0512,1195.0,0.03621,5.0812,700.0,0.07000,12.0475,1960.0,0.19600,12.0450,2502.5,0.25025,12.0500,632.5,0.06325,12.0500,-5.0,-0.00050,12.0512,-7.5,-0.00075,12.0487,-7.5,-0.00075,12.0500,-5.0,-0.00050,12.0500,-5.0,-0.00050,12.0500,-5.0,-0.00050,12.0512,-7.5,-0.00075,184.69
6,284738,1,0,46.77,1294.4,1682.7,1289.1,0.0,14.9962,477.5,0.47750,12.0500,535.0,0.53500,12.0512,1195.0,0.03621,5.0812,700.0,0.07000,12.0475,1935.0,0.19350,12.0450,2440.0,0.24400,12.0500,625.0,0.06250,12.0500,-5.0,-0.00050,12.0512,-7.5,-0.00075,12.0487,-7.5,-0.00075,12.0500,-5.0,-0.00050,12.0500,-5.0,-0.00050,12.0500,-5.0,-0.00050,12.0512,-7.5,-0.00075,185.02
6,285074,1,0,46.49,1394.0,1710.6,1281.9,0.0,14.9962,472.5,0.47250,12.0500,530.0,0.53000,12.0512,1192.5,0.03614,5.0812,697.5,0.06975,12.0475,1917.5,0.19175,12.0450,2420.0,0.24200,12.0500,622.5,0.06225,12.0500,-5.0,-0.00050,12.0512,-7.5,-0.00075,12.0487,-7.5,-0.00075,12.0500,-5.0,-0.00050,12.0500,-5.0,-0.00050,12.0500,-5.0,-0.00050,12.0512,-7.5,-0.00075,185.37
6,285431,1,0,46.19,1387.0,1624.5,1331.9,0.0,14.9962,472.5,0.47250,12.0500,532.5,0.53250,12.0512,1195.0,0.03621,5.0812,700.0,0.07000,12.0475,1910.0,0.19100,12.0450,2422.5,0.24225,12.0500,617.5,0.06175,12.0500,-5.0,-0.00050,12.0512,-7.5,-0.00075,12.0487,-7.5,-0.00075,12.0500,-5.0,-0.00050,12.0500,-5.0,-0.00050,12.0500,-5.0,-0.00050,12.0512,-7.5,-0.00075,185.71
6,285768,1,0,45.91,1274.7,1617.3,1694.0,0.0,14.9975,465.0,0.46500,12.0500,522.5,0.52250,12.0512,1192.5,0.03614,5.0812,700.0,0.07000,12.0475,1882.5,0.18825,12.0450,2390.0,0.23900,12.0500,617.5,0.06175,12.0500,-5.0,-0.00050,12.0512,-7.5,-0.00075,12.0487,-7.5,-0.00075,12.0500,-5.0,-0.00050,12.0500,-5.0,-0.00050,12.0500,-5.0,-0.00050,12.0512,-7.5,-0.00075,186.05
6,286104,1,0,45.63,1500.4,1380.2,1580.1,0.0,14.9975,465.0,0.46500,12.0500,520.0,0.52000,12.0512,1195.0,0.03621,5.0812,700.0,0.07000,12.0475,1892.5,0.18925,12.0450,2370.0,0.23700,12.0500,595.0,0.05950,12.0500,-5.0,-0.00050,12.0512,-7.5,-0.00075,12.0475,-7.5,-0.00075,12.0500,-5.0,-0.00050,12.0500,-5.0,-0.00050,12.0500,-5.0,-0.00050,12.0512,-7.5,-0.00075,186.39
6,286440,1,0,45.35,1368.9,1678.8,1486.1,0.0,14.9987,452.5,0.45250,12.0500,510.0,0.51000,12.0512,1195.0,0.03621,5.0812,697.5,0.06975,12.0475,1825.0,0.18250,12.0450,2330.0,0.23300,12.0500,590.0,0.05900,12.0512,-5.0,-0.00050,12.0512,-7.5,-0.00075,12.0487,-7.5,-0.00075,12.0500,-5.0,-0.00050,12.0500,-5.0,-0.00050,12.0500,-5.0,-0.00050,12.0512,-7.5,-0.00075,186.72
6,286776,1,0,45.07,1466.8,1461.3,1707.0,0.0,14.9987,455.0,0.45500,12.0500,512.5,0.51250,12.0512,1192.5,0.03614,5.0812,700.0,0.07000,12.0475,1825.0,0.18250,12.0450,2332.5,0.23325,12.0500,595.0,0.05950,12.0500,-5.0,-0.00050,12.0512,-7.5,-0.00075,12.0487,-7.5,-0.00075,12.0500,-5.0,-0.00050,12.0500,-5.0,-0.00050,12.0500,-5.0,-0.00050,12.0512,-7.5,-0.00075,187.06
6,287113,1,0,44.79,1250.9,1557.6,1698.8,0.0,15.0000,445.0,0.44500,12.0500,500.0,0.50000,12.0512,1192.5,0.03614,5.0812,700.0,0.07000,12.0475,1777.5,0.17775,12.0450,2277.5,0.22775,12.0500,577.5,0.05775,12.0500,-5.0,-0.00050,12.0512,-7.5,-0.00075,12.0487,-7.5,-0.00075,12.0500,-5.0,-0.00050,12.0500,-5.0,-0.00050,12.0500,-5.0,-0.00050,12.0512,-7.5,-0.00075,187.41
6,287470,1,0,44.49,1244.4,1803.2,1350.9,0.0,15.0000,445.0,0.44500,12.0500,497.5,0.49750,12.0512,1195.0,0.03621,5.0812,700.0,0.07000,12.0475,1800.0,0.18000,12.0450,2325.0,0.23250,12.0500,565.0,0.05650,12.0500,-5.0,-0.00050,12.0512,-7.5,-0.00075,12.0475,-7.5,-0.00075,12.0487,-5.0,-0.00050,12.0500,-5.0,-0.00050,12.0500,-5.0,-0.00050,12.0512,-7.5,-0.00075,187.75
6,287806,1,0,44.21,1350.9,1345.8,1455.7,0.0,15.0012,432.5,0.43250,12.0500,482.5,0.48250,12.0512,1195.0,0.03621,5.0812,700.0,0.07000,12.0487,1725.0,0.17250,12.0450,2245.0,0.22450,12.0500,562.5,0.05625,12.0500,-5.0,-0.00050,12.0512,-7.5,-0.00075,12.0487,-7.5,-0.00075,12.0500,-5.0,-0.00050,12.0500,-5.0,-0.00050,12.0500,-5.0,-0.00050,12.0512,-7.5,-0.00075,188.09
6,288142,1,0,43.93,1454.6,1449.9,1598.7,0.0,15.0012,435.0,0.43500,12.0500,485.0,0.48500,12.0512,1195.0,0.03621,5.0812,700.0,0.07000,12.0475,1722.5,0.17225,12.0450,2222.5,0.22225,12.0500,570.0,0.05700,12.0512,-5.0,-0.00050,12.0512,-7.5,-0.00075,12.0487,-7.5,-0.00075,12.0500,-5.0,-0.00050,12.0500,-5.0,-0.00050,12.0500,-5.0,-0.00050,12.0512,-7.5,-0.00075,188.43
6,288479,1,0,43.65,1223.7,1331.6,1483.7,0.0,15.0025,427.5,0.42750,12.0500,480.0,0.48000,12.0512,1195.0,0.03621,5.0812,700.0,0.07000,12.0475,1715.0,0.17150,12.0450,2207.5,0.22075,12.0500,555.0,0.05550,12.0500,-5.0,-0.00050,12.0512,-7.5,-0.00075,12.0487,-7.5,-0.00075,12.0500,-5.0,-0.00050,12.0500,-5.0,-0.00050,12.0500,-5.0,-0.00050,12.0512,-7.5,-0.00075,188.77
6,288815,1,0,43.37,1328.0,1325.2,1501.5,0.0,15.0025,430.0,0.43000,12.0500,480.0,0.48000,12.0512,1192.5,0.03614,5.0812,700.0,0.07000,12.0475,1720.0,0.17200,12.0450,2207.5,0.22075,12.0500,565.0,0.05650,12.0500,-5.0,-0.00050,12.0512,-7.5,-0.00075,12.0475,-7.5,-0.00075,12.0500,-5.0,-0.00050,12.0500,-5.0,-0.00050,12.0500,-5.0,-0.00050,12.0512,-7.5,-0.00075,189.11
6,289151,1,0,43.09,1212.1,1428.8,1207.6,0.0,15.0025,427.5,0.42750,12.0500,480.0,0.48000,12.0512,1195.0,0.03621,5.0812,697.5,0.06975,12.0475,1732.5,0.17325,12.0450,2187.5,0.21875,12.0500,547.5,0.05475,12.0500,-5.0,-0.00050,12.0512,-7.5,-0.00075,12.0487,-7.5,-0.00075,12.0500,-5.0,-0.00050,12.0500,-5.0,-0.00050,12.0500,-5.0,-0.00050,12.0512,-7.5,-0.00075,189.46
6,289508,1,0,42.80,1264.0,1640.9,1371.3,0.0,15.0037,417.5,0.41750,12.0500,467.5,0.46750,12.0525,1192.5,0.03614,5.0812,700.0,0.07000,12.0487,1702.5,0.17025,12.0462,2122.5,0.21225,12.0500,537.5,0.05375,12.0512,-5.0,-0.00050,12.0525,-7.5,-0.00075,12.0487,-7.5,-0.00075,12.0500,-5.0,-0.00050,12.0500,-5.0,-0.00050,12.0512,-5.0,-0.00050,12.0512,-7.5,-0.00075,189.79
6,289845,1,0,42.51,1308.8,1631.0,1194.1,0.0,15.0050,407.5,0.40750,12.0500,452.5,0.45250,12.0512,1195.0,0.03621,5.0812,697.5,0.06975,12.0487,1657.5,0.16575,12.0462,2057.5,0.20575,12.0500,525.0,0.05250,12.0512,-5.0,-0.00050,12.0525,-7.5,-0.00075,12.0487,-7.5,-0.00075,12.0500,-5.0,-0.00050,12.0500,-5.0,-0.00050,12.0512,-5.0,-0.00050,12.0512,-7.5,-0.00075,190.14
6,290181,1,0,42.23,1550.4,1296.7,1512.2,0.0,15.0062,402.5,0.40250,12.0500,445.0,0.44500,12.0512,1192.5,0.03614,5.0812,700.0,0.07000,12.0487,1617.5,0.16175,12.0462,2037.5,0.20375,12.0512,530.0,0.05300,12.0512,-5.0,-0.00050,12.0525,-7.5,-0.00075,12.0487,-7.5,-0.00075,12.0500,-5.0,-0.00050,12.0500,-5.0,-0.00050,12.0500,-5.0,-0.00050,12.0512,-7.5,-0.00075,190.47
6,290517,1,0,41.95,1294.2,1300.9,1237.5,0.0,15.0062,402.5,0.40250,12.0500,445.0,0.44500,12.0512,1195.0,0.03621,5.0812,700.0,0.07000,12.0487,1607.5,0.16075,12.0462,2022.5,0.20225,12.0512,520.0,0.05200,12.0512,-5.0,-0.00050,12.0525,-7.5,-0.00075,12.0487,-7.5,-0.00075,12.0500,-5.0,-0.00050,12.0500,-5.0,-0.00050,12.0512,-5.0,-0.00050,12.0512,-7.5,-0.00075,190.80
6,290853,1,0,41.67,1180.2,1411.7,1292.8,0.0,15.0075,392.5,0.39250,12.0500,435.0,0.43500,12.0512,1192.5,0.03614,5.0812,697.5,0.06975,12.0487,1577.5,0.15775,12.0462,1987.5,0.19875,12.0500,507.5,0.05075,12.0512,-5.0,-0.00050,12.0525,-7.5,-0.00075,12.0487,-7.5,-0.00075,12.0500,-5.0,-0.00050,12.0500,-5.0,-0.00050,12.0512,-5.0,-0.00050,12.0525,-7.5,-0.00075,191.15
6,291190,1,0,41.39,1385.9,1336.4,1380.5,0.0,15.0075,387.5,0.38750,12.0500,427.5,0.42750,12.0512,1195.0,0.03621,5.0812,697.5,0.06975,12.0487,1550.0,0.15500,12.0462,1947.5,0.19475,12.0500,512.5,0.05125,12.0512,-5.0,-0.00050,12.0525,-7.5,-0.00075,12.0487,-7.5,-0.00075,12.0500,-5.0,-0.00050,12.0500,-5.0,-0.00050,12.0500,-5.0,-0.00050,12.0512,-7.5,-0.00075,191.50
6,291547,1,0,41.10,1515.2,1278.0,1393.7,0.0,15.0075,390.0,0.39000,12.0500,430.0,0.43000,12.0512,1195.0,0.03621,5.0812,700.0,0.07000,12.0487,1562.5,0.15625,12.0462,1950.0,0.19500,12.0512,505.0,0.05050,12.0512,-5.0,-0.00050,12.0525,-7.5,-0.00075,12.0487,-7.5,-0.00075,12.0500,-5.0,-0.00050,12.0500,-5.0,-0.00050,12.0500,-5.0,-0.00050,12.0512,-7.5,-0.00075,191.84
6,291883,1,0,40.82,1275.6,1210.3,1387.5,0.0,15.0075,395.0,0.39500,12.0500,435.0,0.43500,12.0512,1195.0,0.03621,5.0812,697.5,0.06975,12.0487,1580.0,0.15800,12.0462,1982.5,0.19825,12.0500,505.0,0.05050,12.0512,-5.0,-0.00050,12.0525,-7.5,-0.00075,12.0487,-7.5,-0.00075,12.0500,-5.0,-0.00050,12.0500,-5.0,-0.00050,12.0512,-5.0,-0.00050,12.0512,-7.5,-0.00075,192.18
6,292219,1,0,40.54,1270.0,1265.1,1496.1,0.0,15.0087,385.0,0.38500,12.0500,427.5,0.42750,12.0512,1195.0,0.03621,5.0812,697.5,0.06975,12.0487,1552.5,0.15525,12.0462,1935.0,0.19350,12.0512,490.0,0.04900,12.0512,-5.0,-0.00050,12.0525,-7.5,-0.00075,12.0487,-7.5,-0.00075,12.0500,-5.0,-0.00050,12.0500,-5.0,-0.00050,12.0512,-5.0,-0.00050,12.0512,-7.5,-0.00075,192.51
6,292556,1,0,40.26,1379.6,1373.5,1144.9,0.0,15.0075,387.5,0.38750,12.0500,427.5,0.42750,12.0512,1195.0,0.03621,5.0812,697.5,0.06975,12.0487,1547.5,0.15475,12.0462,1937.5,0.19375,12.0500,492.5,0.04925,12.0512,-5.0,-0.00050,12.0525,-7.5,-0.00075,12.0487,-7.5,-0.00075,12.0500,-5.0,-0.00050,12.0500,-5.0,-0.00050,12.0512,-5.0,-0.00050,12.0512,-7.5,-0.00075,192.85
6,292892,1,0,39.98,1352.6,1252.7,1366.5,0.0,15.0100,372.5,0.37250,12.0512,410.0,0.41000,12.0525,1192.5,0.03614,5.0812,700.0,0.07000,12.0487,1495.0,0.14950,12.0462,1880.0,0.18800,12.0512,485.0,0.04850,12.0512,-5.0,-0.00050,12.0525,-7.5,-0.00075,12.0487,-7.5,-0.00075,12.0500,-5.0,-0.00050,12.0512,-5.0,-0.00050,12.0512,-5.0,-0.00050,12.0525,-7.5,-0.00075,193.18
6,293228,1,0,39.70,1137.7,1132.7,1545.0,0.0,15.0100,372.5,0.37250,12.0500,412.5,0.41250,12.0512,1192.5,0.03614,5.0812,700.0,0.07000,12.0487,1485.0,0.14850,12.0462,1867.5,0.18675,12.0500,485.0,0.04850,12.0512,-5.0,-0.00050,12.0525,-7.5,-0.00075,12.0487,-7.5,-0.00075,12.0500,-5.0,-0.00050,12.0500,-5.0,-0.00050,12.0500,-5.0,-0.00050,12.0512,-7.5,-0.00075,193.53
6,293585,1,0,39.40,1243.7,1351.4,1238.9,0.0,15.0112,365.0,0.36500,12.0512,402.5,0.40250,12.0512,1192.5,0.03614,5.0812,697.5,0.06975,12.0487,1462.5,0.14625,12.0475,1832.5,0.18325,12.0512,465.0,0.04650,12.0512,-5.0,-0.00050,12.0525,-7.5,-0.00075,12.0487,-7.5,-0.00075,12.0500,-5.0,-0.00050,12.0512,-5.0,-0.00050,12.0512,-5.0,-0.00050,12.0525,-7.5,-0.00075,193.87
6,293922,1,0,39.12,1124.7,1244.9,1453.8,0.0,15.0112,367.5,0.36750,12.0500,402.5,0.40250,12.0512,1195.0,0.03621,5.0812,697.5,0.06975,12.0487,1460.0,0.14600,12.0462,1827.5,0.18275,12.0500,470.0,0.04700,12.0512,-5.0,-0.00050,12.0525,-7.5,-0.00075,12.0487,-7.5,-0.00075,12.0500,-5.0,-0.00050,12.0500,-5.0,-0.00050,12.0500,-5.0,-0.00050,12.0512,-7.5,-0.00075,194.21
6,294258,1,0,38.84,1341.2,1225.6,1333.9,0.0,15.0125,357.5,0.35750,12.0512,390.0,0.39000,12.0512,1192.5,0.03614,5.0812,697.5,0.06975,12.0500,1417.5,0.14175,12.0462,1772.5,0.17725,12.0512,462.5,0.04625,12.0512,-5.0,-0.00050,12.0525,-7.5,-0.00075,12.0487,-7.5,-0.00075,12.0500,-5.0,-0.00050,12.0500,-5.0,-0.00050,12.0512,-5.0,-0.00050,12.0525,-7.5,-0.00075,194.54
6,294594,1,0,38.56,1169.2,1281.6,1278.9,0.0,15.0125,355.0,0.35500,12.0500,387.5,0.38750,12.0512,1195.0,0.03621,5.0812,697.5,0.06975,12.0487,1400.0,0.14000,12.0462,1765.0,0.17650,12.0512,455.0,0.04550,12.0512,-5.0,-0.00050,12.0525,-7.5,-0.00075,12.0487,-7.5,-0.00075,12.0500,-5.0,-0.00050,12.0512,-5.0,-0.00050,12.0512,-5.0,-0.00050,12.0525,-7.5,-0.00075,194.88
6,294930,1,0,38.28,1213.9,1100.3,1099.2,0.0,15.0138,347.5,0.34750,12.0500,377.5,0.37750,12.0512,1195.0,0.03621,5.0812,697.5,0.06975,12.0500,1372.5,0.13725,12.0475,1722.5,0.17225,12.0512,445.0,0.04450,12.0512,-5.0,-0.00050,12.0525,-7.5,-0.00075,12.0487,-7.5,-0.00075,12.0500,-5.0,-0.00050,12.0512,-5.0,-0.00050,12.0512,-5.0,-0.00050,12.0525,-7.5,-0.00075,195.21
6,295267,1,0,38.00,1358.1,1422.3,1202.9,0.0,15.0138,345.0,0.34500,12.0500,377.5,0.37750,12.0512,1192.5,0.03614,5.0812,697.5,0.06975,12.0487,1355.0,0.13550,12.0462,1730.0,0.17300,12.0512,462.5,0.04625,12.0512,-5.0,-0.00050,12.0525,-7.5,-0.00075,12.0487,-7.5,-0.00075,12.0500,-5.0,-0.00050,12.0500,-5.0,-0.00050,12.0512,-5.0,-0.00050,12.0512,-7.5,-0.00075,195.56
6,295624,1,0,37.70,1309.7,1196.7,1413.9,0.0,15.0138,347.5,0.34750,12.0500,380.0,0.38000,12.0512,1195.0,0.03621,5.0812,697.5,0.06975,12.0487,1375.0,0.13750,12.0462,1745.0,0.17450,12.0512,445.0,0.04450,12.0512,-5.0,-0.00050,12.0525,-7.5,-0.00075,12.0487,-7.5,-0.00075,12.0500,-5.0,-0.00050,12.0512,-5.0,-0.00050,12.0512,-5.0,-0.00050,12.0512,-7.5,-0.00075,195.91
6,295960,1,0,37.42,1206.5,1082.4,1297.3,0.0,15.0150,337.5,0.33750,12.0512,370.0,0.37000,12.0512,1192.5,0.03614,5.0812,697.5,0.06975,12.0500,1320.0,0.13200,12.0475,1690.0,0.16900,12.0512,437.5,0.04375,12.0512,-5.0,-0.00050,12.0525,-7.5,-0.00075,12.0487,-7.5,-0.00075,12.0512,-5.0,-0.00050,12.0512,-5.0,-0.00050,12.0512,-5.0,-0.00050,12.0525,-7.5,-0.00075,196.24
6,296296,1,0,37.14,1249.8,1194.4,1313.2,0.0,15.0150,332.5,0.33250,12.0500,360.0,0.36000,12.0512,1192.5,0.03614,5.0812,697.5,0.06975,12.0500,1282.5,0.12825,12.0475,1647.5,0.16475,12.0512,430.0,0.04300,12.0512,-5.0,-0.00050,12.0525,-7.5,-0.00075,12.0487,-7.5,-0.00075,12.0500,-5.0,-0.00050,12.0512,-5.0,-0.00050,12.0512,-5.0,-0.00050,12.0525,-7.5,-0.00075,196.58
6,296633,1,0,36.86,1072.6,1124.7,1186.5,0.0,15.0150,332.5,0.33250,12.0500,360.0,0.36000,12.0512,1195.0,0.03621,5.0812,697.5,0.06975,12.0500,1290.0,0.12900,12.0462,1655.0,0.16550,12.0512,437.5,0.04375,12.0512,-5.0,-0.00050,12.0525,-7.5,-0.00075,12.0487,-7.5,-0.00075,12.0500,-5.0,-0.00050,12.0500,-5.0,-0.00050,12.0500,-5.0,-0.00050,12.0512,-7.5,-0.00075,196.92
6,296969,1,0,36.58,1122.7,1297.3,1297.4,0.0,15.0150,330.0,0.33000,12.0500,360.0,0.36000,12.0512,1192.5,0.03614,5.0812,697.5,0.06975,12.0487,1305.0,0.13050,12.0462,1647.5,0.16475,12.0512,420.0,0.04200,12.0512,-5.0,-0.00050,12.0525,-7.5,-0.00075,12.0487,-7.5,-0.00075,12.0500,-5.0,-0.00050,12.0500,-5.0,-0.00050,12.0500,-5.0,-0.00050,12.0512,-7.5,-0.00075,197.25
6,297305,1,0,36.30,1339.0,1372.4,1265.6,0.0,15.0162,322.5,0.32250,12.0512,347.5,0.34750,12.0512,1192.5,0.03614,5.0812,697.5,0.06975,12.0500,1257.5,0.12575,12.0475,1592.5,0.15925,12.0512,412.5,0.04125,12.0512,-5.0,-0.00050,12.0525,-7.5,-0.00075,12.0487,-7.5,-0.00075,12.0500,-5.0,-0.00050,12.0512,-5.0,-0.00050,12.0512,-5.0,-0.00050,12.0525,-7.5,-0.00075,197.60
6,297662,1,0,36.00,1368.7,1514.4,1164.7,0.0,15.0162,322.5,0.32250,12.0500,350.0,0.35000,12.0512,1195.0,0.03621,5.0812,697.5,0.06975,12.0500,1270.0,0.12700,12.0475,1597.5,0.15975,12.0512,415.0,0.04150,12.0512,-5.0,-0.00050,12.0525,-7.5,-0.00075,12.0487,-7.5,-0.00075,12.0500,-5.0,-0.00050,12.0500,-5.0,-0.00050,12.0512,-5.0,-0.00050,12.0512,-7.5,-0.00075,197.94
6,297999,1,0,35.72,1151.2,1157.8,1505.5,0.0,15.0175,317.5,0.31750,12.0500,345.0,0.34500,12.0512,1190.0,0.03606,5.0812,697.5,0.06975,12.0500,1240.0,0.12400,12.0475,1572.5,0.15725,12.0512,412.5,0.04125,12.0512,-5.0,-0.00050,12.0525,-7.5,-0.00075,12.0487,-7.5,-0.00075,12.0512,-5.0,-0.00050,12.0512,-5.0,-0.00050,12.0512,-5.0,-0.00050,12.0525,-7.5,-0.00075,198.28
6,298335,1,0,35.44,1271.5,1450.5,1347.0,0.0,15.0162,320.0,0.32000,12.0500,345.0,0.34500,12.0512,1192.5,0.03614,5.0812,697.5,0.06975,12.0500,1247.5,0.12475,12.0462,1585.0,0.15850,12.0512,412.5,0.04125,12.0512,-5.0,-0.00050,12.0525,-7.5,-0.00075,12.0487,-7.5,-0.00075,12.0500,-5.0,-0.00050,12.0500,-5.0,-0.00050,12.0512,-5.0,-0.00050,12.0512,-7.5,-0.00075,198.62
6,298671,1,0,35.16,1034.8,1145.1,1260.1,0.0,15.0175,315.0,0.31500,12.0500,337.5,0.33750,12.0512,1192.5,0.03614,5.0812,697.5,0.06975,12.0500,1237.5,0.12375,12.0475,1552.5,0.15525,12.0512,395.0,0.03950,12.0512,-5.0,-0.00050,12.0525,-7.5,-0.00075,12.0487,-7.5,-0.00075,12.0500,-5.0,-0.00050,12.0500,-5.0,-0.00050,12.0512,-5.0,-0.00050,12.0525,-7.5,-0.00075,198.95
6,299007,1,0,34.88,1143.9,1138.9,1365.6,0.0,15.0175,315.0,0.31500,12.0500,340.0,0.34000,12.0512,1190.0,0.03606,5.0812,697.5,0.06975,12.0500,1240.0,0.12400,12.0475,1560.0,0.15600,12.0512,400.0,0.04000,12.0512,-5.0,-0.00050,12.0525,-7.5,-0.00075,12.0487,-7.5,-0.00075,12.0500,-5.0,-0.00050,12.0500,-5.0,-0.00050,12.0500,-5.0,-0.00050,12.0512,-7.5,-0.00075,199.29
6,299344,1,0,34.60,1137.3,1359.9,1131.7,0.0,15.0187,305.0,0.30500,12.0512,327.5,0.32750,12.0512,1195.0,0.03621,5.0812,697.5,0.06975,12.0500,1190.0,0.11900,12.0475,1495.0,0.14950,12.0512,392.5,0.03925,12.0525,-5.0,-0.00050,12.0525,-7.5,-0.00075,12.0500,-7.5,-0.00075,12.0512,-5.0,-0.00050,12.0512,-5.0,-0.00050,12.0512,-5.0,-0.00050,12.0525,-7.5,-0.00075,199.64
6,299701,1,0,34.30,1129.2,1238.6,1172.3,0.0,15.0187,305.0,0.30500,12.0500,327.5,0.32750,12.0512,1192.5,0.03614,5.0812,697.5,0.06975,12.0500,1182.5,0.11825,12.0475,1485.0,0.14850,12.0512,392.5,0.03925,12.0512,-5.0,-0.00050,12.0525,-7.5,-0.00075,12.0487,-7.5,-0.00075,12.0500,-5.0,-0.00050,12.0512,-5.0,-0.00050,12.0512,-5.0,-0.00050,12.0525,-7.5,-0.00075,199.98
6,300037,1,0,34.02,1346.4,1132.7,1256.7,0.0,15.0200,295.0,0.29500,12.0500,315.0,0.31500,12.0512,1192.5,0.03614,5.0812,697.5,0.06975,12.0500,1142.5,0.11425,12.0475,1452.5,0.14525,12.0512,372.5,0.03725,12.0512,-5.0,-0.00050,12.0525,-7.5,-0.00075,12.0487,-7.5,-0.00075,12.0512,-5.0,-0.00050,12.0512,-5.0,-0.00050,12.0512,-5.0,-0.00050,12.0525,-7.5,-0.00075,200.32
6,300373,1,0,33.74,1061.8,1111.3,1219.9,0.0,15.0200,295.0,0.29500,12.0500,317.5,0.31750,12.0512,1192.5,0.03614,5.0812,697.5,0.06975,12.0500,1147.5,0.11475,12.0475,1450.0,0.14500,12.0512,377.5,0.03775,12.0512,-5.0,-0.00050,12.0525,-7.5,-0.00075,12.0487,-7.5,-0.00075,12.0500,-5.0,-0.00050,12.0500,-5.0,-0.00050,12.0512,-5.0,-0.00050,12.0525,-7.5,-0.00075,200.66
6,300710,1,0,33.46,1218.2,1103.8,991.6,0.0,15.0212,287.5,0.28750,12.0512,305.0,0.30500,12.0512,1190.0,0.03606,5.0812,697.5,0.06975,12.0500,1102.5,0.11025,12.0475,1397.5,0.13975,12.0512,367.5,0.03675,12.0512,-5.0,-0.00050,12.0525,-7.5,-0.00075,12.0487,-7.5,-0.00075,12.0500,-5.0,-0.00050,12.0512,-5.0,-0.00050,12.0512,-5.0,-0.00050,12.0525,-7.5,-0.00075,200.99
6,301046,1,0,33.18,1209.4,986.4,985.1,0.0,15.0212,287.5,0.28750,12.0500,307.5,0.30750,12.0512,1192.5,0.03614,5.0812,697.5,0.06975,12.0500,1110.0,0.11100,12.0475,1417.5,0.14175,12.0512,367.5,0.03675,12.0512,-5.0,-0.00050,12.0525,-7.5,-0.00075,12.0487,-7.5,-0.00075,12.0500,-5.0,-0.00050,12.0512,-5.0,-0.00050,12.0512,-5.0,-0.00050,12.0525,-7.5,-0.00075,201.33
6,301382,1,0,32.90,982.8,1197.8,978.8,0.0,15.0212,285.0,0.28500,12.0512,302.5,0.30250,12.0525,1195.0,0.03621,5.0812,697.5,0.06975,12.0500,1100.0,0.11000,12.0475,1397.5,0.13975,12.0525,367.5,0.03675,12.0525,-5.0,-0.00050,12.0538,-7.5,-0.00075,12.0500,-7.5,-0.00075,12.0512,-5.0,-0.00050,12.0512,-5.0,-0.00050,12.0512,-5.0,-0.00050,12.0525,-7.5,-0.00075,201.68
6,301739,1,0,32.60,1148.8,973.5,1215.4,0.0,15.0212,287.5,0.28750,12.0500,307.5,0.30750,12.0512,1192.5,0.03614,5.0812,697.5,0.06975,12.0500,1115.0,0.11150,12.0475,1392.5,0.13925,12.0512,365.0,0.03650,12.0525,-5.0,-0.00050,12.0525,-7.5,-0.00075,12.0500,-7.5,-0.00075,12.0512,-5.0,-0.00050,12.0512,-5.0,-0.00050,12.0512,-5.0,-0.00050,12.0525,-7.5,-0.00075,202.02
6,302076,1,0,32.32,1092.6,968.2,1136.7,0.0,15.0212,287.5,0.28750,12.0500,307.5,0.30750,12.0512,1197.5,0.03629,5.0812,697.5,0.06975,12.0500,1130.0,0.11300,12.0475,1410.0,0.14100,12.0512,355.0,0.03550,12.0512,-5.0,-0.00050,12.0525,-7.5,-0.00075,12.0500,-7.5,-0.00075,12.0500,-5.0,-0.00050,12.0512,-5.0,-0.00050,12.0512,-5.0,-0.00050,12.0525,-7.5,-0.00075,202.36
6,302412,1,0,32.04,1136.6,1203.5,1078.9,0.0,15.0225,280.0,0.28000,12.0500,297.5,0.29750,12.0512,1192.5,0.03614,5.0812,697.5,0.06975,12.0500,1067.5,0.10675,12.0475,1370.0,0.13700,12.0512,360.0,0.03600,12.0512,-5.0,-0.00050,12.0525,-7.5,-0.00075,12.0487,-7.5,-0.00075,12.0512,-5.0,-0.00050,12.0512,-5.0,-0.00050,12.0512,-5.0,-0.00050,12.0525,-7.5,-0.00075,202.70
6,302748,1,0,31.76,959.9,1062.7,954.0,0.0,15.0225,280.0,0.28000,12.0500,295.0,0.29500,12.0512,1190.0,0.03606,5.0812,697.5,0.06975,12.0500,1072.5,0.10725,12.0475,1350.0,0.13500,12.0525,362.5,0.03625,12.0525,-5.0,-0.00050,12.0538,-7.5,-0.00075,12.0500,-7.5,-0.00075,12.0512,-5.0,-0.00050,12.0512,-5.0,-0.00050,12.0512,-5.0,-0.00050,12.0525,-7.5,-0.00075,203.03
6,303084,1,0,31.48,954.2,1341.2,1067.2,0.0,15.0237,272.5,0.27250,12.0512,287.5,0.28750,12.0512,1192.5,0.03614,5.0812,697.5,0.06975,12.0500,1042.5,0.10425,12.0487,1315.0,0.13150,12.0525,337.5,0.03375,12.0525,-5.0,-0.00050,12.0525,-7.5,-0.00075,12.0500,-7.5,-0.00075,12.0512,-5.0,-0.00050,12.0512,-5.0,-0.00050,12.0512,-5.0,-0.00050,12.0525,-7.5,-0.00075,203.37
6,303421,1,0,31.20,948.0,1061.5,1177.1,0.0,15.0237,270.0,0.27000,12.0500,287.5,0.28750,12.0512,1192.5,0.03614,5.0812,697.5,0.06975,12.0500,1030.0,0.10300,12.0475,1330.0,0.13300,12.0512,342.5,0.03425,12.0525,-5.0,-0.00050,12.0525,-7.5,-0.00075,12.0500,-7.5,-0.00075,12.0512,-5.0,-0.00050,12.0512,-5.0,-0.00050,12.0512,-5.0,-0.00050,12.0525,-7.5,-0.00075,203.72
6,303778,1,0,30.90,941.4,1053.9,1051.4,0.0,15.0250,262.5,0.26250,12.0512,275.0,0.27500,12.0512,1190.0,0.03606,5.0812,697.5,0.06975,12.0512,995.0,0.09950,12.0487,1265.0,0.12650,12.0525,342.5,0.03425,12.0525,-5.0,-0.00050,12.0538,-7.5,-0.00075,12.0500,-7.5,-0.00075,12.0512,-5.0,-0.00050,12.0512,-5.0,-0.00050,12.0512,-5.0,-0.00050,12.0525,-7.5,-0.00075,204.06
6,304114,1,0,30.62,1050.5,1045.9,984.5,0.0,15.0250,262.5,0.26250,12.0500,277.5,0.27750,12.0512,1192.5,0.03614,5.0812,697.5,0.06975,12.0500,997.5,0.09975,12.0475,1277.5,0.12775,12.0512,345.0,0.03450,12.0512,-5.0,-0.00050,12.0525,-7.5,-0.00075,12.0500,-7.5,-0.00075,12.0512,-5.0,-0.00050,12.0512,-5.0,-0.00050,12.0512,-5.0,-0.00050,12.0525,-7.5,-0.00075,204.40
6,304450,1,0,30.34,927.2,923.3,922.5,0.0,15.0250,257.5,0.25750,12.0512,270.0,0.27000,12.0512,1190.0,0.03606,5.0812,697.5,0.06975,12.0512,987.5,0.09875,12.0487,1237.5,0.12375,12.0525,325.0,0.03250,12.0525,-5.0,-0.00050,12.0538,-7.5,-0.00075,12.0500,-7.5,-0.00075,12.0512,-5.0,-0.00050,12.0512,-5.0,-0.00050,12.0512,-5.0,-0.00050,12.0525,-7.5,-0.00075,204.73
6,304787,1,0,30.06,920.1,1260.7,1374.9,0.0,15.0250,257.5,0.25750,12.0512,270.0,0.27000,12.0512,1192.5,0.03614,5.0812,697.5,0.06975,12.0512,975.0,0.09750,12.0487,1240.0,0.12400,12.0525,332.5,0.03325,12.0525,-5.0,-0.00050,12.0538,-7.5,-0.00075,12.0500,-7.5,-0.00075,12.0512,-5.0,-0.00050,12.0512,-5.0,-0.00050,12.0512,-5.0,-0.00050,12.0525,-7.5,-0.00075,205.07
6,305123,1,0,29.78,1257.2,1024.4,1179.1,0.0,15.0262,252.5,0.25250,12.0512,265.0,0.26500,12.0512,1190.0,0.03606,5.0812,697.5,0.06975,12.0512,960.0,0.09600,12.0487,1215.0,0.12150,12.0525,320.0,0.03200,12.0525,-5.0,-0.00050,12.0538,-7.5,-0.00075,12.0500,-7.5,-0.00075,12.0512,-5.0,-0.00050,12.0512,-5.0,-0.00050,12.0512,-5.0,-0.00050,12.0525,-7.5,-0.00075,205.40
6,305459,1,0,29.50,908.5,1017.8,1064.6,0.0,15.0250,252.5,0.25250,12.0500,267.5,0.26750,12.0512,1195.0,0.03621,5.0812,697.5,0.06975,12.0512,962.5,0.09625,12.0475,1227.5,0.12275,12.0512,317.5,0.03175,12.0525,-5.0,-0.00050,12.0525,-7.5,-0.00075,12.0487,-7.5,-0.00075,12.0512,-5.0,-0.00050,12.0512,-5.0,-0.00050,12.0512,-5.0,-0.00050,12.0525,-7.5,-0.00075,205.76
6,305816,1,0,29.21,902.1,898.8,1010.8,0.0,15.0262,245.0,0.24500,12.0512,255.0,0.25500,12.0512,1190.0,0.03606,5.0812,697.5,0.06975,12.0512,922.5,0.09225,12.0487,1170.0,0.11700,12.0525,312.5,0.03125,12.0525,-5.0,-0.00050,12.0538,-7.5,-0.00075,12.0500,-7.5,-0.00075,12.0512,-5.0,-0.00050,12.0512,-5.0,-0.00050,12.0512,-5.0,-0.00050,12.0525,-7.5,-0.00075,206.10
6,306153,1,0,28.92,1119.1,892.4,1003.7,0.0,15.0262,245.0,0.24500,12.0512,255.0,0.25500,12.0512,1192.5,0.03614,5.0812,697.5,0.06975,12.0500,930.0,0.09300,12.0487,1182.5,0.11825,12.0512,307.5,0.03075,12.0525,-5.0,-0.00050,12.0538,-7.5,-0.00075,12.0500,-7.5,-0.00075,12.0512,-5.0,-0.00050,12.0512,-5.0,-0.00050,12.0512,-5.0,-0.00050,12.0525,-7.5,-0.00075,206.44
6,306489,1,0,28.64,889.2,886.6,1107.1,0.0,15.0275,245.0,0.24500,12.0512,255.0,0.25500,12.0512,1192.5,0.03614,5.0812,697.5,0.06975,12.0512,937.5,0.09375,12.0487,1172.5,0.11725,12.0525,305.0,0.03050,12.0525,-5.0,-0.00050,12.0538,-7.5,-0.00075,12.0500,-7.5,-0.00075,12.0512,-5.0,-0.00050,12.0512,-5.0,-0.00050,12.0512,-5.0,-0.00050,12.0525,-7.5,-0.00075,206.78
6,306825,1,0,28.36,993.6,1131.9,878.4,0.0,15.0275,237.5,0.23750,12.0512,245.0,0.24500,12.0525,1195.0,0.03621,5.0812,697.5,0.06975,12.0512,887.5,0.08875,12.0487,1130.0,0.11300,12.0525,305.0,0.03050,12.0525,-5.0,-0.00050,12.0538,-7.5,-0.00075,12.0500,-7.5,-0.00075,12.0512,-5.0,-0.00050,12.0512,-5.0,-0.00050,12.0512,-5.0,-0.00050,12.0525,-7.5,-0.00075,207.12
6,307161,1,0,28.08,875.9,873.6,871.7,0.0,15.0287,235.0,0.23500,12.0512,240.0,0.24000,12.0512,1192.5,0.03614,5.0812,697.5,0.06975,12.0512,872.5,0.08725,12.0487,1100.0,0.11000,12.0525,292.5,0.02925,12.0525,-5.0,-0.00050,12.0538,-7.5,-0.00075,12.0500,-7.5,-0.00075,12.0512,-5.0,-0.00050,12.0512,-5.0,-0.00050,12.0512,-5.0,-0.00050,12.0525,-7.5,-0.00075,207.45
6,307498,1,0,27.80,1117.3,975.1,865.6,0.0,15.0275,235.0,0.23500,12.0512,242.5,0.24250,12.0512,1192.5,0.03614,5.0812,697.5,0.06975,12.0512,887.5,0.08875,12.0487,1112.5,0.11125,12.0512,300.0,0.03000,12.0525,-5.0,-0.00050,12.0538,-7.5,-0.00075,12.0500,-7.5,-0.00075,12.0512,-5.0,-0.00050,12.0512,-5.0,-0.00050,12.0512,-5.0,-0.00050,12.0525,-7.5,-0.00075,207.81
6,307855,1,0,27.51,1078.5,918.2,1074.0,0.0,15.0287,235.0,0.23500,12.0512,245.0,0.24500,12.0525,1192.5,0.03614,5.0812,697.5,0.06975,12.0512,897.5,0.08975,12.0487,1120.0,0.11200,12.0525,290.0,0.02900,12.0525,-5.0,-0.00050,12.0538,-7.5,-0.00075,12.0500,-7.5,-0.00075,12.0512,-5.0,-0.00050,12.0512,-5.0,-0.00050,12.0512,-5.0,-0.00050,12.0525,-7.5,-0.00075,208.14
6,308191,1,0,27.23,1102.3,962.0,1135.6,0.0,15.0287,232.5,0.23250,12.0512,242.5,0.24250,12.0512,1192.5,0.03614,5.0812,697.5,0.06975,12.0512,882.5,0.08825,12.0487,1112.5,0.11125,12.0525,287.5,0.02875,12.0525,-5.0,-0.00050,12.0538,-7.5,-0.00075,12.0500,-7.5,-0.00075,12.0512,-5.0,-0.00050,12.0512,-5.0,-0.00050,12.0512,-5.0,-0.00050,12.0525,-7.5,-0.00075,208.47
6,308527,1,0,26.95,958.5,1092.6,845.7,0.0,15.0287,232.5,0.23250,12.0512,240.0,0.24000,12.0512,1192.5,0.03614,5.0812,697.5,0.06975,12.0512,882.5,0.08825,12.0487,1112.5,0.11125,12.0525,282.5,0.02825,12.0525,-5.0,-0.00050,12.0538,-7.5,-0.00075,12.0500,-7.5,-0.00075,12.0512,-5.0,-0.00050,12.0512,-5.0,-0.00050,12.0512,-5.0,-0.00050,12.0525,-7.5,-0.00075,208.81
6,308864,1,0,26.67,967.5,1055.7,839.2,0.0,15.0287,227.5,0.22750,12.0512,232.5,0.23250,12.0525,1190.0,0.03606,5.0812,697.5,0.06975,12.0512,847.5,0.08475,12.0487,1075.0,0.10750,12.0525,285.0,0.02850,12.0525,-5.0,-0.00050,12.0538,-7.5,-0.00075,12.0500,-7.5,-0.00075,12.0512,-5.0,-0.00050,12.0512,-5.0,-0.00050,12.0525,-5.0,-0.00050,12.0525,-7.5,-0.00075,209.16
6,309200,1,0,26.39,840.0,837.9,1072.8,0.0,15.0287,227.5,0.22750,12.0512,232.5,0.23250,12.0512,1192.5,0.03614,5.0812,697.5,0.06975,12.0512,852.5,0.08525,12.0487,1067.5,0.10675,12.0525,292.5,0.02925,12.0525,-5.0,-0.00050,12.0538,-7.5,-0.00075,12.0500,-7.5,-0.00075,12.0512,-5.0,-0.00050,12.0512,-5.0,-0.00050,12.0512,-5.0,-0.00050,12.0525,-7.5,-0.00075,209.49
6,309536,1,0,26.11,952.6,950.5,946.3,0.0,15.0300,220.0,0.22000,12.0512,225.0,0.22500,12.0525,1190.0,0.03606,5.0812,697.5,0.06975,12.0512,820.0,0.08200,12.0500,1022.5,0.10225,12.0525,270.0,0.02700,12.0525,-5.0,-0.00050,12.0538,-7.5,-0.00075,12.0500,-7.5,-0.00075,12.0512,-5.0,-0.00050,12.0525,-5.0,-0.00050,12.0525,-5.0,-0.00050,12.0525,-7.5,-0.00075,209.84
6,309893,1,0,25.81,1062.9,824.2,939.9,0.0,15.0300,220.0,0.22000,12.0512,225.0,0.22500,12.0512,1192.5,0.03614,5.0812,697.5,0.06975,12.0512,827.5,0.08275,12.0487,1027.5,0.10275,12.0525,262.5,0.02625,12.0525,-5.0,-0.00050,12.0538,-7.5,-0.00075,12.0500,-7.5,-0.00075,12.0512,-5.0,-0.00050,12.0525,-5.0,-0.00050,12.0525,-5.0,-0.00050,12.0525,-7.5,-0.00075,210.19
6,310230,1,0,25.53,1055.1,818.1,1048.3,0.0,15.0313,212.5,0.21250,12.0512,217.5,0.21750,12.0525,1192.5,0.03614,5.0812,697.5,0.06975,12.0525,785.0,0.07850,12.0487,992.5,0.09925,12.0525,265.0,0.02650,12.0525,-5.0,-0.00050,12.0538,-7.5,-0.00075,12.0500,-7.5,-0.00075,12.0512,-5.0,-0.00050,12.0512,-5.0,-0.00050,12.0525,-5.0,-0.00050,12.0525,-7.5,-0.00075,210.52
6,310566,1,0,25.25,813.3,1042.7,809.1,0.0,15.0313,212.5,0.21250,12.0512,217.5,0.21750,12.0512,1195.0,0.03621,5.0812,697.5,0.06975,12.0512,787.5,0.07875,12.0487,992.5,0.09925,12.0525,267.5,0.02675,12.0525,-5.0,-0.00050,12.0538,-7.5,-0.00075,12.0500,-7.5,-0.00075,12.0512,-5.0,-0.00050,12.0512,-5.0,-0.00050,12.0512,-5.0,-0.00050,12.0525,-7.5,-0.00075,210.85
6,310902,1,0,24.97,922.2,803.8,1033.3,0.0,15.0313,210.0,0.21000,12.0512,212.5,0.21250,12.0525,1190.0,0.03606,5.0812,697.5,0.06975,12.0512,772.5,0.07725,12.0500,967.5,0.09675,12.0525,252.5,0.02525,12.0525,-5.0,-0.00050,12.0538,-7.5,-0.00075,12.0500,-7.5,-0.00075,12.0512,-5.0,-0.00050,12.0525,-5.0,-0.00050,12.0525,-5.0,-0.00050,12.0538,-7.5,-0.00075,211.19
6,311238,1,0,24.69,914.9,858.8,910.8,0.0,15.0313,212.5,0.21250,12.0512,215.0,0.21500,12.0512,1195.0,0.03621,5.0812,697.5,0.06975,12.0512,780.0,0.07800,12.0487,982.5,0.09825,12.0525,257.5,0.02575,12.0525,-5.0,-0.00050,12.0538,-7.5,-0.00075,12.0500,-7.5,-0.00075,12.0512,-5.0,-0.00050,12.0512,-5.0,-0.00050,12.0525,-5.0,-0.00050,12.0525,-7.5,-0.00075,211.53
6,311575,1,0,24.41,908.9,791.7,973.3,0.0,15.0313,212.5,0.21250,12.0512,212.5,0.21250,12.0525,1192.5,0.03614,5.0812,697.5,0.06975,12.0512,790.0,0.07900,12.0487,985.0,0.09850,12.0525,250.0,0.02500,12.0525,-5.0,-0.00050,12.0538,-7.5,-0.00075,12.0500,-7.5,-0.00075,12.0512,-5.0,-0.00050,12.0525,-5.0,-0.00050,12.0525,-5.0,-0.00050,12.0525,-7.5,-0.00075,211.88
6,311932,1,0,24.11,788.8,897.9,784.1,0.0,15.0325,205.0,0.20500,12.0512,205.0,0.20500,12.0525,1190.0,0.03606,5.0812,697.5,0.06975,12.0525,755.0,0.07550,12.0500,947.5,0.09475,12.0525,252.5,0.02525,12.0525,-5.0,-0.00050,12.0538,-7.5,-0.00075,12.0500,-7.5,-0.00075,12.0512,-5.0,-0.00050,12.0525,-5.0,-0.00050,12.0525,-5.0,-0.00050,12.0538,-7.5,-0.00075,212.22
6,312268,1,0,23.83,912.8,779.1,1111.3,0.0,15.0325,202.5,0.20250,12.0512,202.5,0.20250,12.0525,1195.0,0.03621,5.0812,697.5,0.06975,12.0525,735.0,0.07350,12.0487,922.5,0.09225,12.0525,240.0,0.02400,12.0525,-5.0,-0.00050,12.0538,-7.5,-0.00075,12.0500,-7.5,-0.00075,12.0512,-5.0,-0.00050,12.0525,-5.0,-0.00050,12.0525,-5.0,-0.00050,12.0525,-7.5,-0.00075,212.56
6,312604,1,0,23.55,886.7,883.1,771.8,0.0,15.0325,202.5,0.20250,12.0512,202.5,0.20250,12.0525,1190.0,0.03606,5.0812,697.5,0.06975,12.0512,735.0,0.07350,12.0487,935.0,0.09350,12.0525,250.0,0.02500,12.0525,-5.0,-0.00050,12.0538,-7.5,-0.00075,12.0500,-7.5,-0.00075,12.0512,-5.0,-0.00050,12.0512,-5.0,-0.00050,12.0512,-5.0,-0.00050,12.0525,-7.5,-0.00075,212.89
6,312941,1,0,23.27,879.9,766.7,875.3,0.0,15.0325,202.5,0.20250,12.0512,202.5,0.20250,12.0512,1192.5,0.03614,5.0812,697.5,0.06975,12.0512,757.5,0.07575,12.0500,932.5,0.09325,12.0525,240.0,0.02400,12.0525,-5.0,-0.00050,12.0538,-7.5,-0.00075,12.0500,-7.5,-0.00075,12.0512,-5.0,-0.00050,12.0525,-5.0,-0.00050,12.0525,-5.0,-0.00050,12.0538,-7.5,-0.00075,213.23
6,313277,1,0,22.99,891.1,1141.4,933.9,0.0,15.0337,195.0,0.19500,12.0512,195.0,0.19500,12.0525,1192.5,0.03614,5.0812,697.5,0.06975,12.0525,712.5,0.07125,12.0500,892.5,0.08925,12.0525,237.5,0.02375,12.0525,-5.0,-0.00050,12.0538,-7.5,-0.00075,12.0512,-7.5,-0.00075,12.0525,-5.0,-0.00050,12.0525,-5.0,-0.00050,12.0525,-5.0,-0.00050,12.0538,-7.5,-0.00075,213.56
6,313613,1,0,22.71,973.0,754.0,860.5,0.0,15.0337,192.5,0.19250,12.0512,190.0,0.19000,12.0525,1190.0,0.03606,5.0812,697.5,0.06975,12.0525,697.5,0.06975,12.0500,867.5,0.08675,12.0538,230.0,0.02300,12.0538,-5.0,-0.00050,12.0538,-7.5,-0.00075,12.0512,-7.5,-0.00075,12.0525,-5.0,-0.00050,12.0525,-5.0,-0.00050,12.0525,-5.0,-0.00050,12.0538,-7.5,-0.00075,213.91
6,313970,1,0,22.41,749.4,1034.6,959.2,0.0,15.0337,192.5,0.19250,12.0512,192.5,0.19250,12.0525,1192.5,0.03614,5.0812,697.5,0.06975,12.0512,700.0,0.07000,12.0500,885.0,0.08850,12.0525,230.0,0.02300,12.0525,-5.0,-0.00050,12.0538,-7.5,-0.00075,12.0500,-7.5,-0.00075,12.0512,-5.0,-0.00050,12.0525,-5.0,-0.00050,12.0525,-5.0,-0.00050,12.0538,-7.5,-0.00075,214.25
6,314307,1,0,22.13,867.1,864.4,739.1,0.0,15.0337,192.5,0.19250,12.0512,192.5,0.19250,12.0512,1190.0,0.03606,5.0812,697.5,0.06975,12.0525,710.0,0.07100,12.0487,885.0,0.08850,12.0525,220.0,0.02200,12.0525,-5.0,-0.00050,12.0538,-7.5,-0.00075,12.0500,-7.5,-0.00075,12.0512,-5.0,-0.00050,12.0512,-5.0,-0.00050,12.0525,-5.0,-0.00050,12.0525,-7.5,-0.00075,214.59
6,314643,1,0,21.85,860.7,1130.8,902.3,0.0,15.0350,187.5,0.18750,12.0512,185.0,0.18500,12.0525,1192.5,0.03614,5.0812,697.5,0.06975,12.0525,685.0,0.06850,12.0500,850.0,0.08500,12.0538,212.5,0.02125,12.0538,-5.0,-0.00050,12.0538,-7.5,-0.00075,12.0512,-7.5,-0.00075,12.0512,-5.0,-0.00050,12.0525,-5.0,-0.00050,12.0525,-5.0,-0.00050,12.0538,-7.5,-0.00075,214.93
6,314979,1,0,21.57,976.1,729.6,848.5,0.0,15.0337,187.5,0.18750,12.0512,185.0,0.18500,12.0512,1192.5,0.03614,5.0812,697.5,0.06975,12.0512,687.5,0.06875,12.0500,857.5,0.08575,12.0525,222.5,0.02225,12.0525,-5.0,-0.00050,12.0538,-7.5,-0.00075,12.0500,-7.5,-0.00075,12.0512,-5.0,-0.00050,12.0525,-5.0,-0.00050,12.0525,-5.0,-0.00050,12.0538,-7.5,-0.00075,215.27
6,315315,1,0,21.29,829.3,844.3,841.7,0.0,15.0350,182.5,0.18250,12.0512,177.5,0.17750,12.0525,1190.0,0.03606,5.0812,697.5,0.06975,12.0525,657.5,0.06575,12.0500,827.5,0.08275,12.0525,215.0,0.02150,12.0525,-5.0,-0.00050,12.0538,-7.5,-0.00075,12.0512,-7.5,-0.00075,12.0525,-5.0,-0.00050,12.0525,-5.0,-0.00050,12.0525,-5.0,-0.00050,12.0538,-7.5,-0.00075,215.61
6,315652,1,0,21.01,719.2,836.8,954.0,0.0,15.0350,182.5,0.18250,12.0512,180.0,0.18000,12.0525,1190.0,0.03606,5.0812,697.5,0.06975,12.0525,665.0,0.06650,12.0500,825.0,0.08250,12.0525,210.0,0.02100,12.0525,-5.0,-0.00050,12.0538,-7.5,-0.00075,12.0512,-7.5,-0.00075,12.0525,-5.0,-0.00050,12.0525,-5.0,-0.00050,12.0525,-5.0,-0.00050,12.0538,-7.5,-0.00075,215.95
6,316009,1,0,20.71,831.6,1065.1,709.2,0.0,15.0350,180.0,0.18000,12.0512,175.0,0.17500,12.0525,1190.0,0.03606,5.0812,697.5,0.06975,12.0525,650.0,0.06500,12.0500,805.0,0.08050,12.0538,202.5,0.02025,12.0538,-5.0,-0.00050,12.0538,-7.5,-0.00075,12.0512,-7.5,-0.00075,12.0525,-5.0,-0.00050,12.0525,-5.0,-0.00050,12.0525,-5.0,-0.00050,12.0538,-7.5,-0.00075,216.30
6,316345,1,0,20.43,706.7,821.3,819.4,0.0,15.0350,180.0,0.18000,12.0512,175.0,0.17500,12.0525,1190.0,0.03606,5.0812,697.5,0.06975,12.0525,660.0,0.06600,12.0500,802.5,0.08025,12.0525,207.5,0.02075,12.0525,-5.0,-0.00050,12.0538,-7.5,-0.00075,12.0512,-7.5,-0.00075,12.0512,-5.0,-0.00050,12.0525,-5.0,-0.00050,12.0525,-5.0,-0.00050,12.0538,-7.5,-0.00075,216.63
6,316681,1,0,20.15,700.1,697.2,856.8,0.0,15.0363,175.0,0.17500,12.0512,170.0,0.17000,12.0525,1190.0,0.03606,5.0812,697.5,0.06975,12.0525,627.5,0.06275,12.0500,780.0,0.07800,12.0538,202.5,0.02025,12.0538,-5.0,-0.00050,12.0550,-7.5,-0.00075,12.0500,-7.5,-0.00075,12.0525,-5.0,-0.00050,12.0525,-5.0,-0.00050,12.0525,-5.0,-0.00050,12.0538,-7.5,-0.00075,216.97
6,317018,1,0,19.87,808.4,878.7,964.8,0.0,15.0363,172.5,0.17250,12.0525,167.5,0.16750,12.0525,1190.0,0.03606,5.0812,697.5,0.06975,12.0525,622.5,0.06225,12.0500,777.5,0.07775,12.0538,205.0,0.02050,12.0538,-5.0,-0.00050,12.0538,-7.5,-0.00075,12.0512,-7.5,-0.00075,12.0525,-5.0,-0.00050,12.0525,-5.0,-0.00050,12.0525,-5.0,-0.00050,12.0538,-7.5,-0.00075,217.30
6,317354,1,0,19.59,687.3,798.9,912.0,0.0,15.0363,172.5,0.17250,12.0512,167.5,0.16750,12.0525,1190.0,0.03606,5.0812,697.5,0.06975,12.0525,610.0,0.06100,12.0500,765.0,0.07650,12.0538,192.5,0.01925,12.0538,-5.0,-0.00050,12.0538,-7.5,-0.00075,12.0512,-7.5,-0.00075,12.0525,-5.0,-0.00050,12.0525,-5.0,-0.00050,12.0525,-5.0,-0.00050,12.0538,-7.5,-0.00075,217.64
6,317690,1,0,19.31,794.2,904.5,677.4,0.0,15.0363,172.5,0.17250,12.0512,167.5,0.16750,12.0525,1192.5,0.03614,5.0812,697.5,0.06975,12.0525,610.0,0.06100,12.0500,762.5,0.07625,12.0538,192.5,0.01925,12.0538,-5.0,-0.00050,12.0550,-7.5,-0.00075,12.0512,-7.5,-0.00075,12.0525,-5.0,-0.00050,12.0525,-5.0,-0.00050,12.0525,-5.0,-0.00050,12.0538,-7.5,-0.00075,217.99
6,318047,1,0,19.01,673.9,895.4,783.2,0.0,15.0375,167.5,0.16750,12.0525,160.0,0.16000,12.0525,1192.5,0.03614,5.0812,697.5,0.06975,12.0538,587.5,0.05875,12.0512,727.5,0.07275,12.0538,185.0,0.01850,12.0538,-5.0,-0.00050,12.0550,-7.5,-0.00075,12.0512,-7.5,-0.00075,12.0525,-5.0,-0.00050,12.0525,-5.0,-0.00050,12.0525,-5.0,-0.00050,12.0538,-7.5,-0.00075,218.33
6,318384,1,0,18.73,666.5,845.6,847.5,0.0,15.0375,167.5,0.16750,12.0512,160.0,0.16000,12.0525,1192.5,0.03614,5.0812,697.5,0.06975,12.0538,585.0,0.05850,12.0500,735.0,0.07350,12.0538,187.5,0.01875,12.0538,-5.0,-0.00050,12.0550,-7.5,-0.00075,12.0512,-7.5,-0.00075,12.0525,-5.0,-0.00050,12.0525,-5.0,-0.00050,12.0525,-5.0,-0.00050,12.0538,-7.5,-0.00075,218.67
6,318720,1,0,18.45,770.6,658.0,718.7,0.0,15.0375,167.5,0.16750,12.0525,157.5,0.15750,12.0525,1190.0,0.03606,5.0812,697.5,0.06975,12.0538,585.0,0.05850,12.0500,725.0,0.07250,12.0538,180.0,0.01800,12.0538,-5.0,-0.00050,12.0550,-7.5,-0.00075,12.0512,-7.5,-0.00075,12.0525,-5.0,-0.00050,12.0525,-5.0,-0.00050,12.0525,-5.0,-0.00050,12.0538,-7.5,-0.00075,219.00
6,319056,1,0,18.17,916.2,869.4,652.5,0.0,15.0375,165.0,0.16500,12.0512,157.5,0.15750,12.0525,1190.0,0.03606,5.0812,697.5,0.06975,12.0525,592.5,0.05925,12.0512,727.5,0.07275,12.0538,182.5,0.01825,12.0538,-5.0,-0.00050,12.0550,-7.5,-0.00075,12.0512,-7.5,-0.00075,12.0525,-5.0,-0.00050,12.0525,-5.0,-0.00050,12.0538,-5.0,-0.00050,12.0538,-7.5,-0.00075,219.34
6,319392,1,0,17.89,865.0,775.9,905.3,0.0,15.0375,167.5,0.16750,12.0512,160.0,0.16000,12.0525,1190.0,0.03606,5.0812,697.5,0.06975,12.0525,595.0,0.05950,12.0500,742.5,0.07425,12.0538,177.5,0.01775,12.0538,-5.0,-0.00050,12.0550,-7.5,-0.00075,12.0512,-7.5,-0.00075,12.0525,-5.0,-0.00050,12.0525,-5.0,-0.00050,12.0525,-5.0,-0.00050,12.0538,-7.5,-0.00075,219.67
6,319729,1,0,17.61,643.6,640.9,812.5,0.0,15.0375,160.0,0.16000,12.0525,152.5,0.15250,12.0525,1190.0,0.03606,5.0812,697.5,0.06975,12.0525,565.0,0.05650,12.0512,692.5,0.06925,12.0538,175.0,0.01750,12.0538,-5.0,-0.00050,12.0550,-7.5,-0.00075,12.0512,-7.5,-0.00075,12.0525,-5.0,-0.00050,12.0525,-5.0,-0.00050,12.0538,-5.0,-0.00050,12.0538,-7.5,-0.00075,220.03
6,320086,1,0,17.31,764.8,887.5,631.1,0.0,15.0375,160.0,0.16000,12.0512,152.5,0.15250,12.0525,1190.0,0.03606,5.0812,697.5,0.06975,12.0525,572.5,0.05725,12.0500,702.5,0.07025,12.0538,180.0,0.01800,12.0538,-5.0,-0.00050,12.0550,-7.5,-0.00075,12.0512,-7.5,-0.00075,12.0525,-5.0,-0.00050,12.0525,-5.0,-0.00050,12.0525,-5.0,-0.00050,12.0538,-7.5,-0.00075,220.37
6,320422,1,0,17.03,688.1,754.0,627.4,0.0,15.0387,157.5,0.15750,12.0525,150.0,0.15000,12.0525,1187.5,0.03598,5.0812,697.5,0.06975,12.0525,560.0,0.05600,12.0500,690.0,0.06900,12.0538,175.0,0.01750,12.0538,-5.0,-0.00050,12.0550,-7.5,-0.00075,12.0512,-7.5,-0.00075,12.0525,-5.0,-0.00050,12.0525,-5.0,-0.00050,12.0525,-5.0,-0.00050,12.0538,-7.5,-0.00075,220.70
6,320758,1,0,16.75,625.1,905.0,866.7,0.0,15.0387,157.5,0.15750,12.0512,150.0,0.15000,12.0525,1192.5,0.03614,5.0812,697.5,0.06975,12.0525,562.5,0.05625,12.0500,690.0,0.06900,12.0538,167.5,0.01675,12.0538,-5.0,-0.00050,12.0550,-7.5,-0.00075,12.0512,-7.5,-0.00075,12.0525,-5.0,-0.00050,12.0525,-5.0,-0.00050,12.0525,-5.0,-0.00050,12.0538,-7.5,-0.00075,221.04
6,321095,1,0,16.47,618.7,740.1,614.3,0.0,15.0387,155.0,0.15500,12.0512,147.5,0.14750,12.0525,1192.5,0.03614,5.0812,697.5,0.06975,12.0525,550.0,0.05500,12.0500,680.0,0.06800,12.0538,165.0,0.01650,12.0538,-5.0,-0.00050,12.0538,-7.5,-0.00075,12.0512,-7.5,-0.00075,12.0525,-5.0,-0.00050,12.0525,-5.0,-0.00050,12.0525,-5.0,-0.00050,12.0538,-7.5,-0.00075,221.38
6,321431,1,0,16.19,613.4,732.2,663.0,0.0,15.0387,157.5,0.15750,12.0512,147.5,0.14750,12.0525,1195.0,0.03621,5.0812,697.5,0.06975,12.0525,557.5,0.05575,12.0500,685.0,0.06850,12.0538,165.0,0.01650,12.0538,-5.0,-0.00050,12.0550,-7.5,-0.00075,12.0512,-7.5,-0.00075,12.0525,-5.0,-0.00050,12.0525,-5.0,-0.00050,12.0525,-5.0,-0.00050,12.0538,-7.5,-0.00075,221.71
6,321767,1,0,15.91,606.9,847.0,721.6,0.0,15.0387,152.5,0.15250,12.0512,142.5,0.14250,12.0525,1187.5,0.03598,5.0812,697.5,0.06975,12.0525,525.0,0.05250,12.0500,662.5,0.06625,12.0538,167.5,0.01675,12.0538,-5.0,-0.00050,12.0550,-7.5,-0.00075,12.0512,-7.5,-0.00075,12.0525,-5.0,-0.00050,12.0525,-5.0,-0.00050,12.0525,-5.0,-0.00050,12.0538,-7.5,-0.00075,222.06
6,322124,1,0,15.62,720.5,664.2,651.0,0.0,15.0387,152.5,0.15250,12.0512,142.5,0.14250,12.0525,1190.0,0.03606,5.0812,697.5,0.06975,12.0525,532.5,0.05325,12.0500,665.0,0.06650,12.0538,165.0,0.01650,12.0538,-5.0,-0.00050,12.0550,-7.5,-0.00075,12.0512,-7.5,-0.00075,12.0525,-5.0,-0.00050,12.0525,-5.0,-0.00050,12.0525,-5.0,-0.00050,12.0538,-7.5,-0.00075,222.41
6,322461,1,0,15.33,711.4,709.3,590.2,0.0,15.0400,150.0,0.15000,12.0512,140.0,0.14000,12.0525,1192.5,0.03614,5.0812,697.5,0.06975,12.0538,512.5,0.05125,12.0512,652.5,0.06525,12.0538,155.0,0.01550,12.0538,-5.0,-0.00050,12.0550,-7.5,-0.00075,12.0512,-7.5,-0.00075,12.0525,-5.0,-0.00050,12.0525,-5.0,-0.00050,12.0525,-5.0,-0.00050,12.0538,-7.5,-0.00075,222.74
6,322797,1,0,15.05,733.6,744.5,730.6,0.0,15.0387,152.5,0.15250,12.0512,140.0,0.14000,12.0525,1190.0,0.03606,5.0812,697.5,0.06975,12.0525,522.5,0.05225,12.0512,650.0,0.06500,12.0538,155.0,0.01550,12.0538,-5.0,-0.00050,12.0550,-7.5,-0.00075,12.0512,-7.5,-0.00075,12.0525,-5.0,-0.00050,12.0525,-5.0,-0.00050,12.0525,-5.0,-0.00050,12.0538,-7.5,-0.00075,223.08
6,323133,1,0,14.77,581.4,579.0,695.0,0.0,15.0400,147.5,0.14750,12.0512,135.0,0.13500,12.0525,1187.5,0.03598,5.0812,697.5,0.06975,12.0538,502.5,0.05025,12.0512,620.0,0.06200,12.0538,152.5,0.01525,12.0538,-5.0,-0.00050,12.0550,-7.5,-0.00075,12.0512,-7.5,-0.00075,12.0525,-5.0,-0.00050,12.0525,-5.0,-0.00050,12.0538,-5.0,-0.00050,12.0538,-7.5,-0.00075,223.41
6,323469,1,0,14.49,861.5,571.5,857.5,0.0,15.0400,147.5,0.14750,12.0525,135.0,0.13500,12.0525,1190.0,0.03606,5.0812,697.5,0.06975,12.0538,502.5,0.05025,12.0512,630.0,0.06300,12.0538,155.0,0.01550,12.0538,-5.0,-0.00050,12.0550,-7.5,-0.00075,12.0512,-7.5,-0.00075,12.0525,-5.0,-0.00050,12.0525,-5.0,-0.00050,12.0538,-5.0,-0.00050,12.0538,-7.5,-0.00075,223.76
6,323806,1,0,14.21,567.5,679.0,564.7,0.0,15.0400,145.0,0.14500,12.0525,132.5,0.13250,12.0525,1190.0,0.03606,5.0812,697.5,0.06975,12.0538,497.5,0.04975,12.0512,622.5,0.06225,12.0538,150.0,0.01500,12.0538,-5.0,-0.00050,12.0550,-7.5,-0.00075,12.0512,-7.5,-0.00075,12.0525,-5.0,-0.00050,12.0525,-5.0,-0.00050,12.0538,-5.0,-0.00050,12.0538,-7.5,-0.00075,224.11
6,324163,1,0,13.92,560.6,894.3,697.9,0.0,15.0400,142.5,0.14250,12.0525,130.0,0.13000,12.0538,1192.5,0.03614,5.0812,697.5,0.06975,12.0538,472.5,0.04725,12.0512,600.0,0.06000,12.0550,145.0,0.01450,12.0550,-5.0,-0.00050,12.0550,-7.5,-0.00075,12.0512,-7.5,-0.00075,12.0525,-5.0,-0.00050,12.0538,-5.0,-0.00050,12.0538,-5.0,-0.00050,12.0538,-7.5,-0.00075,224.44
6,324499,1,0,13.64,553.7,662.7,552.4,0.0,15.0412,140.0,0.14000,12.0525,127.5,0.12750,12.0525,1187.5,0.03598,5.0812,695.0,0.06950,12.0538,480.0,0.04800,12.0512,595.0,0.05950,12.0538,142.5,0.01425,12.0538,-5.0,-0.00050,12.0550,-7.5,-0.00075,12.0512,-7.5,-0.00075,12.0525,-5.0,-0.00050,12.0538,-5.0,-0.00050,12.0538,-5.0,-0.00050,12.0538,-7.5,-0.00075,224.78
6,324835,1,0,13.36,547.2,545.9,546.0,0.0,15.0412,142.5,0.14250,12.0525,127.5,0.12750,12.0525,1190.0,0.03606,5.0812,697.5,0.06975,12.0538,480.0,0.04800,12.0512,600.0,0.06000,12.0538,147.5,0.01475,12.0538,-5.0,-0.00050,12.0550,-7.5,-0.00075,12.0525,-7.5,-0.00075,12.0538,-5.0,-0.00050,12.0538,-5.0,-0.00050,12.0538,-5.0,-0.00050,12.0550,-7.5,-0.00075,225.12
6,325172,1,0,13.08,811.0,539.4,540.6,0.0,15.0400,142.5,0.14250,12.0525,130.0,0.13000,12.0525,1195.0,0.03621,5.0812,697.5,0.06975,12.0538,480.0,0.04800,12.0512,612.5,0.06125,12.0538,145.0,0.01450,12.0538,-5.0,-0.00050,12.0550,-7.5,-0.00075,12.0512,-7.5,-0.00075,12.0525,-5.0,-0.00050,12.0525,-5.0,-0.00050,12.0538,-5.0,-0.00050,12.0538,-7.5,-0.00075,225.45
6,325508,1,0,12.80,535.1,533.7,534.8,0.0,15.0412,140.0,0.14000,12.0525,125.0,0.12500,12.0525,1190.0,0.03606,5.0812,697.5,0.06975,12.0538,477.5,0.04775,12.0512,597.5,0.05975,12.0538,137.5,0.01375,12.0538,-5.0,-0.00050,12.0550,-7.5,-0.00075,12.0512,-7.5,-0.00075,12.0525,-5.0,-0.00050,12.0525,-5.0,-0.00050,12.0538,-5.0,-0.00050,12.0538,-7.5,-0.00075,225.79
6,325844,1,0,12.52,588.8,660.0,633.6,0.0,15.0412,140.0,0.14000,12.0525,125.0,0.12500,12.0525,1190.0,0.03606,5.0812,697.5,0.06975,12.0538,480.0,0.04800,12.0512,597.5,0.05975,12.0538,132.5,0.01325,12.0538,-5.0,-0.00050,12.0550,-7.5,-0.00075,12.0512,-7.5,-0.00075,12.0525,-5.0,-0.00050,12.0525,-5.0,-0.00050,12.0538,-5.0,-0.00050,12.0538,-7.5,-0.00075,226.14
6,326201,1,0,12.22,523.6,522.1,650.0,0.0,15.0412,137.5,0.13750,12.0525,122.5,0.12250,12.0525,1190.0,0.03606,5.0812,695.0,0.06950,12.0538,457.5,0.04575,12.0512,565.0,0.05650,12.0550,137.5,0.01375,12.0538,-5.0,-0.00050,12.0550,-7.5,-0.00075,12.0512,-7.5,-0.00075,12.0525,-5.0,-0.00050,12.0538,-5.0,-0.00050,12.0538,-5.0,-0.00050,12.0538,-7.5,-0.00075,226.48
6,326538,1,0,11.94,646.3,773.2,770.6,0.0,15.0412,137.5,0.13750,12.0525,122.5,0.12250,12.0525,1190.0,0.03606,5.0812,695.0,0.06950,12.0538,460.0,0.04600,12.0512,587.5,0.05875,12.0538,137.5,0.01375,12.0538,-5.0,-0.00050,12.0550,-7.5,-0.00075,12.0512,-7.5,-0.00075,12.0525,-5.0,-0.00050,12.0525,-5.0,-0.00050,12.0538,-5.0,-0.00050,12.0538,-7.5,-0.00075,226.82
6,326874,1,0,11.66,510.5,636.3,508.9,0.0,15.0412,135.0,0.13500,12.0525,120.0,0.12000,12.0538,1190.0,0.03606,5.0812,695.0,0.06950,12.0538,452.5,0.04525,12.0512,555.0,0.05550,12.0538,132.5,0.01325,12.0538,-5.0,-0.00050,12.0550,-7.5,-0.00075,12.0512,-7.5,-0.00075,12.0525,-5.0,-0.00050,12.0538,-5.0,-0.00050,12.0538,-5.0,-0.00050,12.0538,-7.5,-0.00075,227.15
6,327210,1,0,11.38,561.3,503.8,501.0,0.0,15.0412,135.0,0.13500,12.0525,120.0,0.12000,12.0525,1187.5,0.03598,5.0812,697.5,0.06975,12.0538,455.0,0.04550,12.0512,567.5,0.05675,12.0538,122.5,0.01225,12.0538,-5.0,-0.00050,12.0550,-7.5,-0.00075,12.0512,-7.5,-0.00075,12.0525,-5.0,-0.00050,12.0538,-5.0,-0.00050,12.0538,-5.0,-0.00050,12.0538,-7.5,-0.00075,227.49
6,327546,1,0,11.10,499.3,621.8,495.3,0.0,15.0412,132.5,0.13250,12.0525,117.5,0.11750,12.0525,1190.0,0.03606,5.0812,697.5,0.06975,12.0538,440.0,0.04400,12.0512,557.5,0.05575,12.0538,127.5,0.01275,12.0538,-5.0,-0.00050,12.0550,-7.5,-0.00075,12.0512,-7.5,-0.00075,12.0525,-5.0,-0.00050,12.0538,-5.0,-0.00050,12.0538,-5.0,-0.00050,12.0550,-7.5,-0.00075,227.83
6,327883,1,0,10.82,493.4,492.1,488.2,0.0,15.0425,132.5,0.13250,12.0525,115.0,0.11500,12.0525,1192.5,0.03614,5.0812,697.5,0.06975,12.0538,435.0,0.04350,12.0512,547.5,0.05475,12.0538,130.0,0.01300,12.0538,-5.0,-0.00050,12.0550,-7.5,-0.00075,12.0512,-7.5,-0.00075,12.0525,-5.0,-0.00050,12.0525,-5.0,-0.00050,12.0538,-5.0,-0.00050,12.0538,-7.5,-0.00075,228.18
6,328240,1,0,10.52,540.0,727.9,481.8,0.0,15.0425,130.0,0.13000,12.0525,115.0,0.11500,12.0525,1187.5,0.03598,5.0812,697.5,0.06975,12.0538,425.0,0.04250,12.0512,540.0,0.05400,12.0538,127.5,0.01275,12.0538,-5.0,-0.00050,12.0550,-7.5,-0.00075,12.0512,-7.5,-0.00075,12.0525,-5.0,-0.00050,12.0538,-5.0,-0.00050,12.0538,-5.0,-0.00050,12.0538,-7.5,-0.00075,228.53
6,328576,1,0,10.24,479.1,682.9,595.8,0.0,15.0425,130.0,0.13000,12.0525,115.0,0.11500,12.0525,1187.5,0.03598,5.0812,697.5,0.06975,12.0538,432.5,0.04325,12.0512,547.5,0.05475,12.0538,127.5,0.01275,12.0538,-5.0,-0.00050,12.0550,-7.5,-0.00075,12.0512,-7.5,-0.00075,12.0525,-5.0,-0.00050,12.0538,-5.0,-0.00050,12.0538,-5.0,-0.00050,12.0538,-7.5,-0.00075,228.87
6,328912,1,0,9.96,473.8,473.0,471.2,0.0,15.0425,130.0,0.13000,12.0525,115.0,0.11500,12.0525,1187.5,0.03598,5.0812,695.0,0.06950,12.0538,435.0,0.04350,12.0512,535.0,0.05350,12.0550,125.0,0.01250,12.0538,-5.0,-0.00050,12.0550,-7.5,-0.00075,12.0512,-7.5,-0.00075,12.0525,-5.0,-0.00050,12.0538,-5.0,-0.00050,12.0538,-5.0,-0.00050,12.0550,-7.5,-0.00075,229.19
6,329249,1,0,9.68,624.0,467.6,662.5,0.0,15.0425,127.5,0.12750,12.0525,112.5,0.11250,12.0525,1192.5,0.03614,5.0812,695.0,0.06950,12.0538,417.5,0.04175,12.0512,525.0,0.05250,12.0550,120.0,0.01200,12.0538,-5.0,-0.00050,12.0550,-7.5,-0.00075,12.0512,-7.5,-0.00075,12.0525,-5.0,-0.00050,12.0538,-5.0,-0.00050,12.0538,-5.0,-0.00050,12.0550,-7.5,-0.00075,229.54
6,329585,1,0,9.40,460.5,613.2,457.8,0.0,15.0425,125.0,0.12500,12.0525,107.5,0.10750,12.0538,1192.5,0.03614,5.0812,697.5,0.06975,12.0538,405.0,0.04050,12.0512,502.5,0.05025,12.0550,125.0,0.01250,12.0550,-5.0,-0.00050,12.0562,-7.5,-0.00075,12.0525,-7.5,-0.00075,12.0538,-5.0,-0.00050,12.0538,-5.0,-0.00050,12.0538,-5.0,-0.00050,12.0550,-7.5,-0.00075,229.87
6,329921,1,0,9.12,648.1,453.7,678.2,0.0,15.0425,125.0,0.12500,12.0525,110.0,0.11000,12.0525,1190.0,0.03606,5.0812,697.5,0.06975,12.0538,405.0,0.04050,12.0512,517.5,0.05175,12.0550,125.0,0.01250,12.0538,-5.0,-0.00050,12.0550,-7.5,-0.00075,12.0525,-7.5,-0.00075,12.0525,-5.0,-0.00050,12.0538,-5.0,-0.00050,12.0538,-5.0,-0.00050,12.0550,-7.5,-0.00075,230.23
6,330278,1,0,8.82,559.7,447.2,443.9,0.0,15.0425,125.0,0.12500,12.0525,110.0,0.11000,12.0525,1187.5,0.03598,5.0812,695.0,0.06950,12.0538,415.0,0.04150,12.0512,512.5,0.05125,12.0550,117.5,0.01175,12.0538,-5.0,-0.00050,12.0550,-7.5,-0.00075,12.0512,-7.5,-0.00075,12.0525,-5.0,-0.00050,12.0538,-5.0,-0.00050,12.0538,-5.0,-0.00050,12.0550,-7.5,-0.00075,230.57
6,330615,1,0,8.54,441.9,504.5,439.3,0.0,15.0437,122.5,0.12250,12.0525,105.0,0.10500,12.0525,1190.0,0.03606,5.0812,695.0,0.06950,12.0538,397.5,0.03975,12.0512,495.0,0.04950,12.0550,117.5,0.01175,12.0550,-5.0,-0.00050,12.0550,-7.5,-0.00075,12.0525,-7.5,-0.00075,12.0538,-5.0,-0.00050,12.0538,-5.0,-0.00050,12.0538,-5.0,-0.00050,12.0550,-7.5,-0.00075,230.90
6,330951,1,0,8.26,435.0,434.1,430.6,0.0,15.0437,120.0,0.12000,12.0525,102.5,0.10250,12.0538,1187.5,0.03598,5.0812,695.0,0.06950,12.0538,392.5,0.03925,12.0512,490.0,0.04900,12.0550,115.0,0.01150,12.0550,-5.0,-0.00050,12.0550,-7.5,-0.00075,12.0525,-7.5,-0.00075,12.0538,-5.0,-0.00050,12.0538,-5.0,-0.00050,12.0538,-5.0,-0.00050,12.0550,-7.5,-0.00075,231.24
6,331287,1,0,7.98,429.7,428.0,425.8,0.0,15.0425,125.0,0.12500,12.0525,110.0,0.11000,12.0525,1190.0,0.03606,5.0812,695.0,0.06950,12.0538,407.5,0.04075,12.0512,510.0,0.05100,12.0550,120.0,0.01200,12.0550,-5.0,-0.00050,12.0550,-7.5,-0.00075,12.0512,-7.5,-0.00075,12.0538,-5.0,-0.00050,12.0538,-5.0,-0.00050,12.0538,-5.0,-0.00050,12.0550,-7.5,-0.00075,231.58
6,331623,1,0,7.70,706.6,563.2,423.0,0.0,15.0425,130.0,0.13000,12.0525,112.5,0.11250,12.0525,1187.5,0.03598,5.0812,695.0,0.06950,12.0538,425.0,0.04250,12.0512,537.5,0.05375,12.0538,127.5,0.01275,12.0538,-5.0,-0.00050,12.0550,-7.5,-0.00075,12.0525,-7.5,-0.00075,12.0538,-5.0,-0.00050,12.0538,-5.0,-0.00050,12.0538,-5.0,-0.00050,12.0550,-7.5,-0.00075,231.91
6,331960,1,0,7.42,561.6,719.7,418.0,0.0,15.0425,132.5,0.13250,12.0525,117.5,0.11750,12.0538,1190.0,0.03606,5.0812,695.0,0.06950,12.0538,442.5,0.04425,12.0512,550.0,0.05500,12.0550,125.0,0.01250,12.0550,-5.0,-0.00050,12.0550,-7.5,-0.00075,12.0525,-7.5,-0.00075,12.0538,-5.0,-0.00050,12.0538,-5.0,-0.00050,12.0538,-5.0,-0.00050,12.0550,-7.5,-0.00075,232.26
6,332317,1,0,7.12,558.1,477.1,418.6,0.0,15.0412,135.0,0.13500,12.0525,122.5,0.12250,12.0525,1187.5,0.03598,5.0812,695.0,0.06950,12.0538,455.0,0.04550,12.0512,565.0,0.05650,12.0538,127.5,0.01275,12.0538,-5.0,-0.00050,12.0550,-7.5,-0.00075,12.0512,-7.5,-0.00075,12.0525,-5.0,-0.00050,12.0525,-5.0,-0.00050,12.0538,-5.0,-0.00050,12.0538,-7.5,-0.00075,232.60
6,332653,1,0,6.84,418.5,416.8,415.7,0.0,15.0412,137.5,0.13750,12.0525,122.5,0.12250,12.0525,1187.5,0.03598,5.0812,695.0,0.06950,12.0538,465.0,0.04650,12.0512,570.0,0.05700,12.0538,132.5,0.01325,12.0538,-5.0,-0.00050,12.0550,-7.5,-0.00075,12.0512,-7.5,-0.00075,12.0525,-5.0,-0.00050,12.0525,-5.0,-0.00050,12.0538,-5.0,-0.00050,12.0538,-7.5,-0.00075,232.93
6,332989,1,0,6.56,418.8,555.9,415.7,0.0,15.0412,137.5,0.13750,12.0525,125.0,0.12500,12.0525,1190.0,0.03606,5.0812,695.0,0.06950,12.0538,470.0,0.04700,12.0512,590.0,0.05900,12.0538,135.0,0.01350,12.0538,-5.0,-0.00050,12.0550,-7.5,-0.00075,12.0512,-7.5,-0.00075,12.0525,-5.0,-0.00050,12.0525,-5.0,-0.00050,12.0525,-5.0,-0.00050,12.0538,-7.5,-0.00075,233.28
6,333326,1,0,6.28,557.7,555.4,417.8,0.0,15.0412,140.0,0.14000,12.0512,125.0,0.12500,12.0525,1190.0,0.03606,5.0812,695.0,0.06950,12.0538,475.0,0.04750,12.0512,587.5,0.05875,12.0538,132.5,0.01325,12.0538,-5.0,-0.00050,12.0550,-7.5,-0.00075,12.0512,-7.5,-0.00075,12.0525,-5.0,-0.00050,12.0525,-5.0,-0.00050,12.0525,-5.0,-0.00050,12.0538,-7.5,-0.00075,233.62
6,333662,1,0,6.00,419.3,416.8,415.9,0.0,15.0412,140.0,0.14000,12.0525,125.0,0.12500,12.0525,1187.5,0.03598,5.0812,695.0,0.06950,12.0538,475.0,0.04750,12.0512,590.0,0.05900,12.0538,137.5,0.01375,12.0538,-5.0,-0.00050,12.0550,-7.5,-0.00075,12.0512,-7.5,-0.00075,12.0525,-5.0,-0.00050,12.0525,-5.0,-0.00050,12.0525,-5.0,-0.00050,12.0538,-7.5,-0.00075,233.95
6,333998,1,0,5.72,419.4,477.4,554.7,0.0,15.0412,140.0,0.14000,12.0525,125.0,0.12500,12.0525,1187.5,0.03598,5.0812,695.0,0.06950,12.0538,472.5,0.04725,12.0512,592.5,0.05925,12.0538,137.5,0.01375,12.0538,-5.0,-0.00050,12.0550,-7.5,-0.00075,12.0512,-7.5,-0.00075,12.0525,-5.0,-0.00050,12.0525,-5.0,-0.00050,12.0525,-5.0,-0.00050,12.0538,-7.5,-0.00075,234.31
6,334355,1,0,5.42,418.7,417.6,418.8,0.0,15.0412,140.0,0.14000,12.0525,127.5,0.12750,12.0525,1187.5,0.03598,5.0812,695.0,0.06950,12.0538,470.0,0.04700,12.0512,590.0,0.05900,12.0538,137.5,0.01375,12.0538,-5.0,-0.00050,12.0550,-7.5,-0.00075,12.0512,-7.5,-0.00075,12.0525,-5.0,-0.00050,12.0525,-5.0,-0.00050,12.0525,-5.0,-0.00050,12.0538,-7.5,-0.00075,234.64
6,334692,1,0,5.14,479.5,477.8,417.6,0.0,15.0412,140.0,0.14000,12.0525,125.0,0.12500,12.0525,1192.5,0.03614,5.0812,695.0,0.06950,12.0525,475.0,0.04750,12.0512,597.5,0.05975,12.0538,132.5,0.01325,12.0538,-5.0,-0.00050,12.0550,-7.5,-0.00075,12.0512,-7.5,-0.00075,12.0525,-5.0,-0.00050,12.0525,-5.0,-0.00050,12.0525,-5.0,-0.00050,12.0538,-7.5,-0.00075,234.97
6,335028,1,0,4.86,419.4,418.5,421.2,0.0,15.0412,140.0,0.14000,12.0525,127.5,0.12750,12.0525,1190.0,0.03606,5.0812,695.0,0.06950,12.0538,472.5,0.04725,12.0512,592.5,0.05925,12.0538,137.5,0.01375,12.0538,-5.0,-0.00050,12.0550,-7.5,-0.00075,12.0512,-7.5,-0.00075,12.0525,-5.0,-0.00050,12.0525,-5.0,-0.00050,12.0525,-5.0,-0.00050,12.0538,-7.5,-0.00075,235.31
6,335364,1,0,4.58,419.8,557.8,562.1,0.0,15.0412,137.5,0.13750,12.0525,125.0,0.12500,12.0525,1192.5,0.03614,5.0812,695.0,0.06950,12.0538,470.0,0.04700,12.0512,595.0,0.05950,12.0538,130.0,0.01300,12.0538,-5.0,-0.00050,12.0550,-7.5,-0.00075,12.0512,-7.5,-0.00075,12.0525,-5.0,-0.00050,12.0525,-5.0,-0.00050,12.0525,-5.0,-0.00050,12.0538,-7.5,-0.00075,235.65
6,335700,1,0,4.30,0.0,0.0,0.0,0.0,15.0462,105.0,0.10500,12.0538,82.5,0.08250,12.0538,1187.5,0.03598,5.0812,695.0,0.06950,12.0550,352.5,0.03525,12.0525,402.5,0.04025,12.0562,52.5,0.00525,12.0550,-5.0,-0.00050,12.0562,-7.5,-0.00075,12.0525,-7.5,-0.00075,12.0538,-5.0,-0.00050,12.0550,-5.0,-0.00050,12.0550,-5.0,-0.00050,12.0550,-7.5,-0.00075,235.98
6,336037,1,0,4.02,0.0,0.0,0.0,0.0,15.0487,85.0,0.08500,12.0538,57.5,0.05750,12.0550,1187.5,0.03598,5.0812,695.0,0.06950,12.0562,225.0,0.02250,12.0538,292.5,0.02925,12.0562,52.5,0.00525,12.0562,-5.0,-0.00050,12.0562,-7.5,-0.00075,12.0538,-7.5,-0.00075,12.0550,-5.0,-0.00050,12.0550,-5.0,-0.00050,12.0550,-5.0,-0.00050,12.0562,-7.5,-0.00075,236.33
6,336394,1,0,3.72,0.0,0.0,0.0,0.0,15.0487,85.0,0.08500,12.0538,57.5,0.05750,12.0550,1185.0,0.03591,5.0812,695.0,0.06950,12.0562,225.0,0.02250,12.0538,290.0,0.02900,12.0562,52.5,0.00525,12.0562,-5.0,-0.00050,12.0575,-7.5,-0.00075,12.0538,-7.5,-0.00075,12.0550,-5.0,-0.00050,12.0550,-5.0,-0.00050,12.0550,-5.0,-0.00050,12.0562,-7.5,-0.00075,236.68
6,336730,1,0,3.44,0.0,0.0,0.0,0.0,15.0487,85.0,0.08500,12.0538,57.5,0.05750,12.0550,1187.5,0.03598,5.0812,695.0,0.06950,12.0562,225.0,0.02250,12.0538,290.0,0.02900,12.0562,52.5,0.00525,12.0562,-5.0,-0.00050,12.0562,-7.5,-0.00075,12.0538,-7.5,-0.00075,12.0550,-5.0,-0.00050,12.0550,-5.0,-0.00050,12.0550,-5.0,-0.00050,12.0562,-7.5,-0.00075,237.01
6,337066,1,0,3.16,0.0,0.0,0.0,0.0,15.0487,85.0,0.08500,12.0538,60.0,0.06000,12.0538,1187.5,0.03598,5.0812,695.0,0.06950,12.0562,225.0,0.02250,12.0538,290.0,0.02900,12.0562,52.5,0.00525,12.0562,-5.0,-0.00050,12.0575,-7.5,-0.00075,12.0538,-7.5,-0.00075,12.0550,-5.0,-0.00050,12.0550,-5.0,-0.00050,12.0550,-5.0,-0.00050,12.0562,-7.5,-0.00075,237.35
6,337402,1,0,2.88,0.0,0.0,0.0,0.0,15.0487,85.0,0.08500,12.0538,57.5,0.05750,12.0550,1187.5,0.03598,5.0812,695.0,0.06950,12.0562,225.0,0.02250,12.0538,290.0,0.02900,12.0562,52.5,0.00525,12.0562,-5.0,-0.00050,12.0575,-7.5,-0.00075,12.0538,-7.5,-0.00075,12.0550,-5.0,-0.00050,12.0550,-5.0,-0.00050,12.0550,-5.0,-0.00050,12.0562,-7.5,-0.00075,237.69
6,337738,1,0,2.60,0.0,0.0,0.0,0.0,15.0487,85.0,0.08500,12.0538,60.0,0.06000,12.0538,1185.0,0.03591,5.0812,695.0,0.06950,12.0562,225.0,0.02250,12.0538,290.0,0.02900,12.0562,52.5,0.00525,12.0562,-5.0,-0.00050,12.0575,-7.5,-0.00075,12.0538,-7.5,-0.00075,12.0550,-5.0,-0.00050,12.0550,-5.0,-0.00050,12.0550,-5.0,-0.00050,12.0562,-7.5,-0.00075,238.02
6,338073,1,0,2.32,0.0,0.0,0.0,0.0,15.0487,85.0,0.08500,12.0538,57.5,0.05750,12.0550,1190.0,0.03606,5.0812,695.0,0.06950,12.0562,225.0,0.02250,12.0538,290.0,0.02900,12.0562,52.5,0.00525,12.0562,-5.0,-0.00050,12.0575,-7.5,-0.00075,12.0538,-7.5,-0.00075,12.0550,-5.0,-0.00050,12.0550,-5.0,-0.00050,12.0550,-5.0,-0.00050,12.0562,-7.5,-0.00075,238.37
6,338429,1,0,2.03,0.0,0.0,0.0,0.0,15.0487,85.0,0.08500,12.0538,57.5,0.05750,12.0538,1190.0,0.03606,5.0812,695.0,0.06950,12.0562,225.0,0.02250,12.0538,290.0,0.02900,12.0562,52.5,0.00525,12.0562,-5.0,-0.00050,12.0575,-7.5,-0.00075,12.0538,-7.5,-0.00075,12.0550,-5.0,-0.00050,12.0550,-5.0,-0.00050,12.0550,-5.0,-0.00050,12.0562,-7.5,-0.00075,238.71
6,338766,1,0,1.75,0.0,0.0,0.0,0.0,15.0487,82.5,0.08250,12.0538,60.0,0.06000,12.0538,1185.0,0.03591,5.0812,695.0,0.06950,12.0562,225.0,0.02250,12.0538,290.0,0.02900,12.0562,52.5,0.00525,12.0562,-5.0,-0.00050,12.0575,-7.5,-0.00075,12.0538,-7.5,-0.00075,12.0550,-5.0,-0.00050,12.0550,-5.0,-0.00050,12.0550,-5.0,-0.00050,12.0562,-7.5,-0.00075,239.05
6,339102,1,0,1.47,0.0,0.0,0.0,0.0,15.0487,85.0,0.08500,12.0538,57.5,0.05750,12.0550,1185.0,0.03591,5.0812,695.0,0.06950,12.0562,225.0,0.02250,12.0538,290.0,0.02900,12.0562,52.5,0.00525,12.0562,-5.0,-0.00050,12.0575,-7.5,-0.00075,12.0538,-7.5,-0.00075,12.0550,-5.0,-0.00050,12.0550,-5.0,-0.00050,12.0550,-5.0,-0.00050,12.0562,-7.5,-0.00075,239.38
6,339437,1,0,1.19,0.0,0.0,0.0,0.0,15.0487,85.0,0.08500,12.0538,60.0,0.06000,12.0538,1187.5,0.03598,5.0812,695.0,0.06950,12.0562,225.0,0.02250,12.0538,290.0,0.02900,12.0562,52.5,0.00525,12.0562,-5.0,-0.00050,12.0562,-7.5,-0.00075,12.0538,-7.5,-0.00075,12.0550,-5.0,-0.00050,12.0550,-5.0,-0.00050,12.0550,-5.0,-0.00050,12.0562,-7.5,-0.00075,239.72
6,339772,1,0,0.91,0.0,0.0,0.0,0.0,15.0487,85.0,0.08500,12.0538,60.0,0.06000,12.0550,1187.5,0.03598,5.0812,695.0,0.06950,12.0562,225.0,0.02250,12.0538,290.0,0.02900,12.0562,52.5,0.00525,12.0562,-5.0,-0.00050,12.0575,-7.5,-0.00075,12.0538,-7.5,-0.00075,12.0550,-5.0,-0.00050,12.0550,-5.0,-0.00050,12.0550,-5.0,-0.00050,12.0562,-7.5,-0.00075,240.06
6,340108,1,0,0.63,0.0,0.0,0.0,0.0,15.0487,85.0,0.08500,12.0538,57.5,0.05750,12.0550,1187.5,0.03598,5.0812,695.0,0.06950,12.0562,225.0,0.02250,12.0538,290.0,0.02900,12.0562,52.5,0.00525,12.0562,-5.0,-0.00050,12.0575,-7.5,-0.00075,12.0538,-7.5,-0.00075,12.0550,-5.0,-0.00050,12.0550,-5.0,-0.00050,12.0550,-5.0,-0.00050,12.0562,-7.5,-0.00075,240.40
6,340465,1,0,0.33,0.0,0.0,0.0,0.0,15.0487,85.0,0.08500,12.0538,60.0,0.06000,12.0550,1185.0,0.03591,5.0812,695.0,0.06950,12.0562,225.0,0.02250,12.0538,290.0,0.02900,12.0562,52.5,0.00525,12.0562,-5.0,-0.00050,12.0575,-7.5,-0.00075,12.0538,-7.5,-0.00075,12.0550,-5.0,-0.00050,12.0550,-5.0,-0.00050,12.0550,-5.0,-0.00050,12.0562,-7.5,-0.00075,240.74
6,340801,1,0,0.05,0.0,0.0,0.0,0.0,15.0487,85.0,0.08500,12.0538,60.0,0.06000,12.0538,1187.5,0.03598,5.0812,695.0,0.06950,12.0562,227.5,0.02275,12.0538,292.5,0.02925,12.0562,52.5,0.00525,12.0562,-5.0,-0.00050,12.0575,-7.5,-0.00075,12.0538,-7.5,-0.00075,12.0550,-5.0,-0.00050,12.0550,-5.0,-0.00050,12.0550,-5.0,-0.00050,12.0562,-7.5,-0.00075,241.09
6,341147,1,0,0.00,0.0,0.0,0.0,0.0,15.0487,85.0,0.08500,12.0538,60.0,0.06000,12.0550,1185.0,0.03591,5.0812,695.0,0.06950,12.0562,227.5,0.02275,12.0538,292.5,0.02925,12.0562,52.5,0.00525,12.0562,-5.0,-0.00050,12.0575,-7.5,-0.00075,12.0538,-7.5,-0.00075,12.0550,-5.0,-0.00050,12.0550,-5.0,-0.00050,12.0550,-5.0,-0.00050,12.0562,-7.5,-0.00075,241.43
6,341484,1,0,0.00,0.0,0.0,0.0,0.0,15.0487,85.0,0.08500,12.0538,60.0,0.06000,12.0550,1187.5,0.03598,5.0812,692.5,0.06925,12.0562,227.5,0.02275,12.0538,292.5,0.02925,12.0562,52.5,0.00525,12.0562,-5.0,-0.00050,12.0575,-7.5,-0.00075,12.0538,-7.5,-0.00075,12.0550,-5.0,-0.00050,12.0550,-5.0,-0.00050,12.0550,-5.0,-0.00050,12.0562,-7.5,-0.00075,241.77
6,341820,1,0,0.00,0.0,0.0,0.0,0.0,15.0487,85.0,0.08500,12.0538,60.0,0.06000,12.0538,1185.0,0.03591,5.0812,695.0,0.06950,12.0562,227.5,0.02275,12.0538,292.5,0.02925,12.0562,52.5,0.00525,12.0562,-5.0,-0.00050,12.0575,-7.5,-0.00075,12.0538,-7.5,-0.00075,12.0550,-5.0,-0.00050,12.0550,-5.0,-0.00050,12.0550,-5.0,-0.00050,12.0562,-7.5,-0.00075,242.10
6,342155,1,0,0.00,0.0,0.0,0.0,0.0,15.0487,85.0,0.08500,12.0538,60.0,0.06000,12.0550,1187.5,0.03598,5.0812,695.0,0.06950,12.0562,227.5,0.02275,12.0538,292.5,0.02925,12.0562,52.5,0.00525,12.0562,-5.0,-0.00050,12.0575,-7.5,-0.00075,12.0538,-7.5,-0.00075,12.0550,-5.0,-0.00050,12.0550,-5.0,-0.00050,12.0550,-5.0,-0.00050,12.0562,-7.5,-0.00075,242.45
6,342511,1,0,0.00,0.0,0.0,0.0,0.0,15.0487,85.0,0.08500,12.0538,60.0,0.06000,12.0550,1185.0,0.03591,5.0812,695.0,0.06950,12.0562,227.5,0.02275,12.0538,292.5,0.02925,12.0562,52.5,0.00525,12.0562,-5.0,-0.00050,12.0575,-7.5,-0.00075,12.0538,-7.5,-0.00075,12.0550,-5.0,-0.00050,12.0550,-5.0,-0.00050,12.0550,-5.0,-0.00050,12.0562,-7.5,-0.00075,242.79
6,342848,1,0,0.00,0.0,0.0,0.0,0.0,15.0487,85.0,0.08500,12.0538,60.0,0.06000,12.0550,1185.0,0.03591,5.0812,692.5,0.06925,12.0562,227.5,0.02275,12.0538,292.5,0.02925,12.0562,52.5,0.00525,12.0562,-5.0,-0.00050,12.0575,-7.5,-0.00075,12.0538,-7.5,-0.00075,12.0550,-5.0,-0.00050,12.0550,-5.0,-0.00050,12.0550,-5.0,-0.00050,12.0562,-7.5,-0.00075,243.13
6,343184,1,0,0.00,0.0,0.0,0.0,0.0,15.0487,85.0,0.08500,12.0538,60.0,0.06000,12.0550,1187.5,0.03598,5.0812,695.0,0.06950,12.0562,227.5,0.02275,12.0538,292.5,0.02925,12.0562,52.5,0.00525,12.0562,-5.0,-0.00050,12.0562,-7.5,-0.00075,12.0538,-7.5,-0.00075,12.0550,-5.0,-0.00050,12.0550,-5.0,-0.00050,12.0550,-5.0,-0.00050,12.0562,-7.5,-0.00075,243.46
6,343519,1,0,0.00,0.0,0.0,0.0,0.0,15.0487,85.0,0.08500,12.0538,60.0,0.06000,12.0538,1185.0,0.03591,5.0812,692.5,0.06925,12.0562,227.5,0.02275,12.0538,292.5,0.02925,12.0562,52.5,0.00525,12.0562,-5.0,-0.00050,12.0575,-7.5,-0.00075,12.0538,-7.5,-0.00075,12.0550,-5.0,-0.00050,12.0550,-5.0,-0.00050,12.0550,-5.0,-0.00050,12.0562,-7.5,-0.00075,243.80
6,343854,1,0,0.00,0.0,0.0,0.0,0.0,15.0487,85.0,0.08500,12.0538,60.0,0.06000,12.0538,1185.0,0.03591,5.0812,695.0,0.06950,12.0562,227.5,0.02275,12.0538,292.5,0.02925,12.0562,52.5,0.00525,12.0562,-5.0,-0.00050,12.0575,-7.5,-0.00075,12.0538,-7.5,-0.00075,12.0550,-5.0,-0.00050,12.0550,-5.0,-0.00050,12.0550,-5.0,-0.00050,12.0562,-7.5,-0.00075,244.14
6,344190,1,0,0.00,0.0,0.0,0.0,0.0,15.0487,85.0,0.08500,12.0538,60.0,0.06000,12.0550,1185.0,0.03591,5.0812,692.5,0.06925,12.0562,227.5,0.02275,12.0538,292.5,0.02925,12.0562,52.5,0.00525,12.0562,-5.0,-0.00050,12.0575,-7.5,-0.00075,12.0538,-7.5,-0.00075,12.0550,-5.0,-0.00050,12.0550,-5.0,-0.00050,12.0550,-5.0,-0.00050,12.0562,-7.5,-0.00075,244.48
6,344547,1,0,0.00,0.0,0.0,0.0,0.0,15.0487,85.0,0.08500,12.0538,60.0,0.06000,12.0550,1185.0,0.03591,5.0812,692.5,0.06925,12.0562,227.5,0.02275,12.0538,292.5,0.02925,12.0562,52.5,0.00525,12.0562,-5.0,-0.00050,12.0575,-7.5,-0.00075,12.0538,-7.5,-0.00075,12.0550,-5.0,-0.00050,12.0550,-5.0,-0.00050,12.0550,-5.0,-0.00050,12.0562,-7.5,-0.00075,244.83
6,344882,1,0,0.00,0.0,0.0,0.0,0.0,15.0487,85.0,0.08500,12.0538,60.0,0.06000,12.0550,1185.0,0.03591,5.0812,695.0,0.06950,12.0562,227.5,0.02275,12.0538,292.5,0.02925,12.0562,52.5,0.00525,12.0562,-5.0,-0.00050,12.0575,-7.5,-0.00075,12.0538,-7.5,-0.00075,12.0550,-5.0,-0.00050,12.0550,-5.0,-0.00050,12.0550,-5.0,-0.00050,12.0562,-7.5,-0.00075,245.16
6,345217,1,0,0.00,0.0,0.0,0.0,0.0,15.0487,85.0,0.08500,12.0538,60.0,0.06000,12.0550,1187.5,0.03598,5.0812,692.5,0.06925,12.0562,227.5,0.02275,12.0538,292.5,0.02925,12.0562,52.5,0.00525,12.0562,-5.0,-0.00050,12.0575,-7.5,-0.00075,12.0538,-7.5,-0.00075,12.0550,-5.0,-0.00050,12.0550,-5.0,-0.00050,12.0550,-5.0,-0.00050,12.0562,-7.5,-0.00075,245.50
6,345553,1,0,0.00,0.0,0.0,0.0,0.0,15.0487,85.0,0.08500,12.0538,60.0,0.06000,12.0550,1187.5,0.03598,5.0812,695.0,0.06950,12.0562,227.5,0.02275,12.0538,292.5,0.02925,12.0562,52.5,0.00525,12.0562,-5.0,-0.00050,12.0575,-7.5,-0.00075,12.0538,-7.5,-0.00075,12.0550,-5.0,-0.00050,12.0550,-5.0,-0.00050,12.0550,-5.0,-0.00050,12.0562,-7.5,-0.00075,245.84
6,345889,1,0,0.00,0.0,0.0,0.0,0.0,15.0487,85.0,0.08500,12.0538,60.0,0.06000,12.0550,1185.0,0.03591,5.0812,692.5,0.06925,12.0562,227.5,0.02275,12.0538,292.5,0.02925,12.0562,52.5,0.00525,12.0562,-5.0,-0.00050,12.0575,-7.5,-0.00075,12.0538,-7.5,-0.00075,12.0550,-5.0,-0.00050,12.0550,-5.0,-0.00050,12.0550,-5.0,-0.00050,12.0562,-7.5,-0.00075,246.17
6,346224,1,0,0.00,0.0,0.0,0.0,0.0,15.0487,85.0,0.08500,12.0538,60.0,0.06000,12.0550,1185.0,0.03591,5.0812,692.5,0.06925,12.0562,227.5,0.02275,12.0538,292.5,0.02925,12.0562,52.5,0.00525,12.0562,-5.0,-0.00050,12.0575,-7.5,-0.00075,12.0538,-7.5,-0.00075,12.0550,-5.0,-0.00050,12.0550,-5.0,-0.00050,12.0550,-5.0,-0.00050,12.0562,-7.5,-0.00075,246.52
6,346580,1,0,0.00,0.0,0.0,0.0,0.0,15.0487,85.0,0.08500,12.0538,60.0,0.06000,12.0550,1185.0,0.03591,5.0812,692.5,0.06925,12.0562,227.5,0.02275,12.0538,292.5,0.02925,12.0562,52.5,0.00525,12.0562,-5.0,-0.00050,12.0575,-7.5,-0.00075,12.0538,-7.5,-0.00075,12.0550,-5.0,-0.00050,12.0550,-5.0,-0.00050,12.0550,-5.0,-0.00050,12.0562,-7.5,-0.00075,246.86
