run,t_ms,n,flags,pwm_pct,fan1_rpm,fan2_rpm,fan3_rpm,fan4_rpm,in_V,in_uV,in_A,fan12_V,fan12_uV,fan12_A,b5in_V,b5in_uV,b5in_A,b5out_V,b5out_uV,b5out_A,fan1_V,fan1_uV,fan1_A,fan2_V,fan2_uV,fan2_A,fan3_V,fan3_uV,fan3_A,fan4_V,fan4_uV,fan4_A,fan5_V,fan5_uV,fan5_A,fan6_V,fan6_uV,fan6_A,fan7_V,fan7_uV,fan7_A,fan8_V,fan8_uV,fan8_A,fan9_V,fan9_uV,fan9_A,fan10_V,fan10_uV,fan10_A,pc_time_s
5,897910,1,0,0.00,0.0,0.0,0.0,0.0,9.0175,142.5,0.14250,11.9113,57.5,0.05750,11.9125,1192.5,0.03614,5.0812,695.0,0.06950,11.9137,227.5,0.02275,11.9113,292.5,0.02925,11.9137,52.5,0.00525,11.9137,-5.0,-0.00050,11.9150,-7.5,-0.00075,11.9113,-7.5,-0.00075,11.9125,-5.0,-0.00050,11.9125,-5.0,-0.00050,11.9125,-5.0,-0.00050,11.9137,-7.5,-0.00075,0.44
5,898481,1,0,0.00,0.0,0.0,0.0,0.0,8.9850,142.5,0.14250,11.9137,57.5,0.05750,11.9137,1195.0,0.03621,5.0812,695.0,0.06950,11.9150,227.5,0.02275,11.9125,292.5,0.02925,11.9162,52.5,0.00525,11.9150,-5.0,-0.00050,11.9162,-7.5,-0.00075,11.9125,-7.5,-0.00075,11.9137,-5.0,-0.00050,11.9137,-5.0,-0.00050,11.9137,-5.0,-0.00050,11.9150,-7.5,-0.00075,1.01
5,898816,1,0,0.28,0.0,0.0,0.0,0.0,8.9738,142.5,0.14250,11.9113,55.0,0.05500,11.9113,1195.0,0.03621,5.0812,697.5,0.06975,11.9125,225.0,0.02250,11.9100,290.0,0.02900,11.9125,52.5,0.00525,11.9125,-5.0,-0.00050,11.9137,-7.5,-0.00075,11.9100,-7.5,-0.00075,11.9113,-5.0,-0.00050,11.9125,-5.0,-0.00050,11.9125,-5.0,-0.00050,11.9137,-7.5,-0.00075,1.36
5,899173,1,0,0.58,0.0,0.0,0.0,0.0,8.9513,142.5,0.14250,11.9125,55.0,0.05500,11.9125,1195.0,0.03621,5.0812,697.5,0.06975,11.9137,225.0,0.02250,11.9113,290.0,0.02900,11.9150,52.5,0.00525,11.9137,-5.0,-0.00050,11.9150,-7.5,-0.00075,11.9125,-7.5,-0.00075,11.9137,-5.0,-0.00050,11.9137,-5.0,-0.00050,11.9137,-5.0,-0.00050,11.9150,-7.5,-0.00075,1.71
5,899509,1,0,0.86,0.0,0.0,0.0,0.0,8.9100,145.0,0.14500,11.9125,55.0,0.05500,11.9125,1195.0,0.03621,5.0812,697.5,0.06975,11.9150,225.0,0.02250,11.9125,290.0,0.02900,11.9150,52.5,0.00525,11.9150,-5.0,-0.00050,11.9150,-7.5,-0.00075,11.9125,-7.5,-0.00075,11.9137,-5.0,-0.00050,11.9137,-5.0,-0.00050,11.9137,-5.0,-0.00050,11.9150,-7.5,-0.00075,2.04
5,899971,1,0,1.24,0.0,0.0,0.0,0.0,8.9837,142.5,0.14250,11.9150,57.5,0.05750,11.9150,1195.0,0.03621,5.0812,697.5,0.06975,11.9175,225.0,0.02250,11.9150,290.0,0.02900,11.9175,52.5,0.00525,11.9175,-5.0,-0.00050,11.9187,-7.5,-0.00075,11.9150,-7.5,-0.00075,11.9162,-5.0,-0.00050,11.9162,-5.0,-0.00050,11.9162,-5.0,-0.00050,11.9175,-7.5,-0.00075,2.50
5,900307,1,0,1.52,0.0,0.0,0.0,0.0,8.9637,142.5,0.14250,11.9137,57.5,0.05750,11.9150,1195.0,0.03621,5.0812,695.0,0.06950,11.9162,225.0,0.02250,11.9137,290.0,0.02900,11.9162,52.5,0.00525,11.9162,-5.0,-0.00050,11.9162,-7.5,-0.00075,11.9137,-7.5,-0.00075,11.9150,-5.0,-0.00050,11.9150,-5.0,-0.00050,11.9150,-5.0,-0.00050,11.9162,-7.5,-0.00075,2.84
5,900643,1,0,1.80,0.0,0.0,0.0,0.0,8.8538,145.0,0.14500,11.9137,55.0,0.05500,11.9137,1195.0,0.03621,5.0812,695.0,0.06950,11.9150,225.0,0.02250,11.9137,290.0,0.02900,11.9162,52.5,0.00525,11.9162,-5.0,-0.00050,11.9162,-7.5,-0.00075,11.9137,-7.5,-0.00075,11.9150,-5.0,-0.00050,11.9150,-5.0,-0.00050,11.9150,-5.0,-0.00050,11.9162,-7.5,-0.00075,3.17
5,900978,1,0,2.08,0.0,0.0,0.0,0.0,8.8425,145.0,0.14500,11.9150,55.0,0.05500,11.9150,1195.0,0.03621,5.0812,697.5,0.06975,11.9162,225.0,0.02250,11.9137,290.0,0.02900,11.9162,52.5,0.00525,11.9162,-5.0,-0.00050,11.9175,-7.5,-0.00075,11.9137,-7.5,-0.00075,11.9150,-5.0,-0.00050,11.9150,-5.0,-0.00050,11.9162,-5.0,-0.00050,11.9162,-7.5,-0.00075,3.51
5,901482,1,0,2.50,0.0,0.0,0.0,0.0,8.9900,142.5,0.14250,11.9162,55.0,0.05500,11.9162,1195.0,0.03621,5.0812,697.5,0.06975,11.9175,225.0,0.02250,11.9150,290.0,0.02900,11.9175,52.5,0.00525,11.9175,-5.0,-0.00050,11.9187,-7.5,-0.00075,11.9150,-7.5,-0.00075,11.9162,-5.0,-0.00050,11.9162,-5.0,-0.00050,11.9175,-5.0,-0.00050,11.9175,-7.5,-0.00075,4.01
5,901817,1,0,2.78,0.0,0.0,0.0,0.0,9.0025,142.5,0.14250,11.9150,55.0,0.05500,11.9150,1197.5,0.03629,5.0812,695.0,0.06950,11.9162,225.0,0.02250,11.9150,290.0,0.02900,11.9175,52.5,0.00525,11.9175,-5.0,-0.00050,11.9175,-7.5,-0.00075,11.9150,-7.5,-0.00075,11.9162,-5.0,-0.00050,11.9162,-5.0,-0.00050,11.9162,-5.0,-0.00050,11.9175,-7.5,-0.00075,4.35
5,902153,1,0,3.06,0.0,0.0,0.0,0.0,9.0062,142.5,0.14250,11.9150,55.0,0.05500,11.9150,1200.0,0.03636,5.0812,697.5,0.06975,11.9162,225.0,0.02250,11.9150,290.0,0.02900,11.9175,52.5,0.00525,11.9175,-5.0,-0.00050,11.9175,-7.5,-0.00075,11.9150,-7.5,-0.00075,11.9162,-5.0,-0.00050,11.9162,-5.0,-0.00050,11.9162,-5.0,-0.00050,11.9175,-7.5,-0.00075,4.69
5,902488,1,0,3.34,0.0,0.0,0.0,0.0,9.0037,142.5,0.14250,11.9150,55.0,0.05500,11.9150,1195.0,0.03621,5.0812,695.0,0.06950,11.9162,225.0,0.02250,11.9150,290.0,0.02900,11.9175,52.5,0.00525,11.9175,-5.0,-0.00050,11.9175,-7.5,-0.00075,11.9150,-7.5,-0.00075,11.9162,-5.0,-0.00050,11.9162,-5.0,-0.00050,11.9162,-5.0,-0.00050,11.9175,-7.5,-0.00075,5.02
5,902987,1,0,3.76,0.0,0.0,0.0,0.0,8.9987,142.5,0.14250,11.9162,55.0,0.05500,11.9162,1195.0,0.03621,5.0812,697.5,0.06975,11.9175,225.0,0.02250,11.9150,290.0,0.02900,11.9187,52.5,0.00525,11.9175,-5.0,-0.00050,11.9187,-7.5,-0.00075,11.9150,-7.5,-0.00075,11.9162,-5.0,-0.00050,11.9175,-5.0,-0.00050,11.9175,-5.0,-0.00050,11.9175,-7.5,-0.00075,5.52
5,903323,1,0,4.04,0.0,0.0,0.0,0.0,8.9975,142.5,0.14250,11.9150,55.0,0.05500,11.9162,1195.0,0.03621,5.0812,697.5,0.06975,11.9175,225.0,0.02250,11.9150,290.0,0.02900,11.9175,52.5,0.00525,11.9175,-5.0,-0.00050,11.9187,-7.5,-0.00075,11.9150,-7.5,-0.00075,11.9162,-5.0,-0.00050,11.9162,-5.0,-0.00050,11.9162,-5.0,-0.00050,11.9175,-7.5,-0.00075,5.87
5,903680,1,0,4.33,0.0,0.0,0.0,0.0,8.9937,142.5,0.14250,11.9162,55.0,0.05500,11.9162,1197.5,0.03629,5.0812,697.5,0.06975,11.9175,225.0,0.02250,11.9150,290.0,0.02900,11.9175,52.5,0.00525,11.9175,-5.0,-0.00050,11.9187,-7.5,-0.00075,11.9150,-7.5,-0.00075,11.9162,-5.0,-0.00050,11.9162,-5.0,-0.00050,11.9175,-5.0,-0.00050,11.9175,-7.5,-0.00075,6.21
5,904016,1,0,4.61,0.0,0.0,0.0,0.0,8.9825,142.5,0.14250,11.9150,55.0,0.05500,11.9162,1197.5,0.03629,5.0812,697.5,0.06975,11.9175,225.0,0.02250,11.9150,290.0,0.02900,11.9175,52.5,0.00525,11.9175,-5.0,-0.00050,11.9187,-7.5,-0.00075,11.9150,-7.5,-0.00075,11.9162,-5.0,-0.00050,11.9162,-5.0,-0.00050,11.9162,-5.0,-0.00050,11.9175,-7.5,-0.00075,6.55
5,904517,1,0,5.03,0.0,0.0,0.0,0.0,8.9788,142.5,0.14250,11.9175,55.0,0.05500,11.9175,1197.5,0.03629,5.0812,697.5,0.06975,11.9187,222.5,0.02225,11.9175,287.5,0.02875,11.9200,52.5,0.00525,11.9200,-5.0,-0.00050,11.9200,-7.5,-0.00075,11.9175,-7.5,-0.00075,11.9187,-5.0,-0.00050,11.9187,-5.0,-0.00050,11.9187,-5.0,-0.00050,11.9187,-7.5,-0.00075,7.05
5,904853,1,0,5.31,0.0,0.0,0.0,0.0,8.9750,142.5,0.14250,11.9175,55.0,0.05500,11.9175,1197.5,0.03629,5.0812,697.5,0.06975,11.9187,222.5,0.02225,11.9162,285.0,0.02850,11.9187,50.0,0.00500,11.9187,-5.0,-0.00050,11.9200,-7.5,-0.00075,11.9162,-7.5,-0.00075,11.9175,-5.0,-0.00050,11.9187,-5.0,-0.00050,11.9187,-5.0,-0.00050,11.9187,-7.5,-0.00075,7.39
5,905189,1,0,5.59,0.0,0.0,0.0,0.0,8.9537,142.5,0.14250,11.9175,55.0,0.05500,11.9175,1197.5,0.03629,5.0812,697.5,0.06975,11.9187,222.5,0.02225,11.9162,285.0,0.02850,11.9187,50.0,0.00500,11.9187,-5.0,-0.00050,11.9200,-7.5,-0.00075,11.9162,-7.5,-0.00075,11.9175,-5.0,-0.00050,11.9175,-5.0,-0.00050,11.9175,-5.0,-0.00050,11.9187,-7.5,-0.00075,7.72
5,905524,1,0,5.87,0.0,0.0,0.0,0.0,8.7500,1492.5,1.49250,11.5550,962.5,0.96250,11.5550,1252.5,0.03795,5.0800,697.5,0.06975,11.5462,4572.5,0.45725,11.5437,4627.5,0.46275,11.5538,50.0,0.00500,11.5525,-5.0,-0.00050,11.5550,-7.5,-0.00075,11.5550,-7.5,-0.00075,11.5550,-5.0,-0.00050,11.5562,-5.0,-0.00050,11.5575,-5.0,-0.00050,11.5588,-7.5,-0.00075,8.05
5,906044,1,0,6.30,280.4,279.9,0.0,0.0,8.7925,1085.0,1.08500,11.7300,705.0,0.70500,11.7350,1217.5,0.03689,5.0812,697.5,0.06975,11.7300,2327.5,0.23275,11.7262,3327.5,0.33275,11.7325,1072.5,0.10725,11.7350,-5.0,-0.00050,11.7350,-7.5,-0.00075,11.7275,-7.5,-0.00075,11.7325,-5.0,-0.00050,11.7300,-5.0,-0.00050,11.7300,-5.0,-0.00050,11.7325,-7.5,-0.00075,8.58
5,906380,1,0,6.58,402.9,343.9,382.1,0.0,8.8112,825.0,0.82500,11.8075,525.0,0.52500,11.8075,1215.0,0.03682,5.0812,697.5,0.06975,11.8038,1920.0,0.19200,11.8025,2507.5,0.25075,11.8062,600.0,0.06000,11.8075,-5.0,-0.00050,11.8088,-7.5,-0.00075,11.8088,-7.5,-0.00075,11.8088,-5.0,-0.00050,11.8100,-5.0,-0.00050,11.8112,-5.0,-0.00050,11.8125,-7.5,-0.00075,8.91
5,906716,1,0,6.86,414.2,466.0,343.7,0.0,8.7863,752.5,0.75250,11.8313,475.0,0.47500,11.8313,1210.0,0.03667,5.0812,697.5,0.06975,11.8287,1810.0,0.18100,11.8237,2292.5,0.22925,11.8300,462.5,0.04625,11.8300,-5.0,-0.00050,11.8313,-7.5,-0.00075,11.8287,-7.5,-0.00075,11.8300,-5.0,-0.00050,11.8300,-5.0,-0.00050,11.8313,-5.0,-0.00050,11.8325,-7.5,-0.00075,9.25
5,907052,1,0,7.14,468.0,583.1,398.1,0.0,8.7487,705.0,0.70500,11.8525,437.5,0.43750,11.8525,1202.5,0.03644,5.0812,697.5,0.06975,11.8500,1640.0,0.16400,11.8450,2165.0,0.21650,11.8512,432.5,0.04325,11.8512,-5.0,-0.00050,11.8525,-7.5,-0.00075,11.8512,-7.5,-0.00075,11.8525,-5.0,-0.00050,11.8525,-5.0,-0.00050,11.8525,-5.0,-0.00050,11.8537,-7.5,-0.00075,9.59
5,907554,1,0,7.56,645.8,643.6,486.2,0.0,8.7550,612.5,0.61250,11.8812,375.0,0.37500,11.8825,1205.0,0.03652,5.0812,697.5,0.06975,11.8800,1420.0,0.14200,11.8775,1807.5,0.18075,11.8812,397.5,0.03975,11.8825,-5.0,-0.00050,11.8825,-7.5,-0.00075,11.8800,-7.5,-0.00075,11.8812,-5.0,-0.00050,11.8825,-5.0,-0.00050,11.8825,-5.0,-0.00050,11.8837,-7.5,-0.00075,10.09
5,907889,1,0,7.84,575.9,570.2,667.8,0.0,8.7625,557.5,0.55750,11.8987,337.5,0.33750,11.9000,1202.5,0.03644,5.0812,697.5,0.06975,11.8987,1275.0,0.12750,11.8962,1625.0,0.16250,11.9000,362.5,0.03625,11.9000,-5.0,-0.00050,11.9012,-7.5,-0.00075,11.8975,-7.5,-0.00075,11.9000,-5.0,-0.00050,11.9000,-5.0,-0.00050,11.9000,-5.0,-0.00050,11.9012,-7.5,-0.00075,10.44
5,908246,1,0,8.14,603.0,839.6,802.4,0.0,8.7712,500.0,0.50000,11.9187,297.5,0.29750,11.9187,1200.0,0.03636,5.0812,697.5,0.06975,11.9162,1127.5,0.11275,11.9150,1442.5,0.14425,11.9187,317.5,0.03175,11.9187,-5.0,-0.00050,11.9200,-7.5,-0.00075,11.9187,-7.5,-0.00075,11.9187,-5.0,-0.00050,11.9187,-5.0,-0.00050,11.9200,-5.0,-0.00050,11.9212,-7.5,-0.00075,10.78
5,908582,1,0,8.42,622.5,619.5,721.9,0.0,8.7887,452.5,0.45250,11.9338,265.0,0.26500,11.9338,1200.0,0.03636,5.0812,697.5,0.06975,11.9325,1005.0,0.10050,11.9312,1287.5,0.12875,11.9338,302.5,0.03025,11.9338,-5.0,-0.00050,11.9350,-7.5,-0.00075,11.9325,-7.5,-0.00075,11.9338,-5.0,-0.00050,11.9338,-5.0,-0.00050,11.9350,-5.0,-0.00050,11.9362,-7.5,-0.00075,11.11
5,909073,1,0,8.83,640.9,694.7,686.3,0.0,8.9225,385.0,0.38500,11.9563,222.5,0.22250,11.9563,1195.0,0.03621,5.0812,697.5,0.06975,11.9550,845.0,0.08450,11.9537,1075.0,0.10750,11.9575,252.5,0.02525,11.9575,-5.0,-0.00050,11.9587,-7.5,-0.00075,11.9563,-7.5,-0.00075,11.9563,-5.0,-0.00050,11.9575,-5.0,-0.00050,11.9575,-5.0,-0.00050,11.9587,-7.5,-0.00075,11.60
5,909408,1,0,9.11,645.9,770.9,643.5,0.0,8.8837,350.0,0.35000,11.9637,197.5,0.19750,11.9637,1197.5,0.03629,5.0812,697.5,0.06975,11.9650,742.5,0.07425,11.9612,970.0,0.09700,11.9650,222.5,0.02225,11.9650,-5.0,-0.00050,11.9650,-7.5,-0.00075,11.9625,-7.5,-0.00075,11.9637,-5.0,-0.00050,11.9637,-5.0,-0.00050,11.9637,-5.0,-0.00050,11.9650,-7.5,-0.00075,11.94
5,909744,1,0,9.39,776.7,750.2,777.5,0.0,8.7950,320.0,0.32000,11.9762,175.0,0.17500,11.9775,1195.0,0.03621,5.0812,697.5,0.06975,11.9775,660.0,0.06600,11.9750,857.5,0.08575,11.9787,197.5,0.01975,11.9787,-5.0,-0.00050,11.9800,-7.5,-0.00075,11.9762,-7.5,-0.00075,11.9775,-5.0,-0.00050,11.9775,-5.0,-0.00050,11.9775,-5.0,-0.00050,11.9787,-7.5,-0.00075,12.28
5,910080,1,0,9.67,936.1,895.3,867.9,0.0,8.8375,292.5,0.29250,11.9875,155.0,0.15500,11.9875,1192.5,0.03614,5.0812,697.5,0.06975,11.9875,592.5,0.05925,11.9850,767.5,0.07675,11.9887,177.5,0.01775,11.9887,-5.0,-0.00050,11.9887,-7.5,-0.00075,11.9862,-7.5,-0.00075,11.9875,-5.0,-0.00050,11.9887,-5.0,-0.00050,11.9887,-5.0,-0.00050,11.9900,-7.5,-0.00075,12.61
5,910610,1,0,10.11,738.4,733.5,646.7,0.0,8.9237,257.5,0.25750,11.9950,137.5,0.13750,11.9963,1195.0,0.03621,5.0812,697.5,0.06975,11.9963,520.0,0.05200,11.9937,675.0,0.06750,11.9975,147.5,0.01475,11.9975,-5.0,-0.00050,11.9975,-7.5,-0.00075,11.9950,-7.5,-0.00075,11.9963,-5.0,-0.00050,11.9963,-5.0,-0.00050,11.9963,-5.0,-0.00050,11.9975,-7.5,-0.00075,13.14
5,910946,1,0,10.39,793.5,743.3,637.6,0.0,8.9250,245.0,0.24500,11.9987,127.5,0.12750,11.9987,1192.5,0.03614,5.0812,697.5,0.06975,12.0000,490.0,0.04900,11.9975,635.0,0.06350,12.0012,137.5,0.01375,12.0012,-5.0,-0.00050,12.0012,-7.5,-0.00075,11.9987,-7.5,-0.00075,12.0000,-5.0,-0.00050,12.0000,-5.0,-0.00050,12.0000,-5.0,-0.00050,12.0012,-7.5,-0.00075,13.48
5,911282,1,0,10.67,860.2,854.1,686.5,0.0,8.8725,240.0,0.24000,12.0000,125.0,0.12500,12.0000,1192.5,0.03614,5.0812,697.5,0.06975,12.0000,487.5,0.04875,11.9975,620.0,0.06200,12.0000,127.5,0.01275,12.0000,-5.0,-0.00050,12.0012,-7.5,-0.00075,11.9987,-7.5,-0.00075,12.0000,-5.0,-0.00050,12.0000,-5.0,-0.00050,12.0000,-5.0,-0.00050,12.0012,-7.5,-0.00075,13.82
5,911618,1,0,10.95,603.8,840.1,618.4,0.0,8.8462,237.5,0.23750,12.0025,122.5,0.12250,12.0025,1192.5,0.03614,5.0812,697.5,0.06975,12.0037,470.0,0.04700,12.0012,605.0,0.06050,12.0037,122.5,0.01225,12.0037,-5.0,-0.00050,12.0050,-7.5,-0.00075,12.0012,-7.5,-0.00075,12.0025,-5.0,-0.00050,12.0025,-5.0,-0.00050,12.0037,-5.0,-0.00050,12.0037,-7.5,-0.00075,14.17
5,912141,1,0,11.38,1059.9,586.5,723.9,0.0,8.9725,237.5,0.23750,12.0025,122.5,0.12250,12.0025,1192.5,0.03614,5.0812,700.0,0.07000,12.0037,482.5,0.04825,12.0012,607.5,0.06075,12.0050,115.0,0.01150,12.0037,-5.0,-0.00050,12.0050,-7.5,-0.00075,12.0025,-7.5,-0.00075,12.0037,-5.0,-0.00050,12.0037,-5.0,-0.00050,12.0037,-5.0,-0.00050,12.0050,-7.5,-0.00075,14.68
5,912477,1,0,11.66,697.7,724.2,593.1,0.0,9.0262,240.0,0.24000,12.0000,125.0,0.12500,12.0012,1192.5,0.03614,5.0812,697.5,0.06975,12.0012,492.5,0.04925,11.9987,622.5,0.06225,12.0025,117.5,0.01175,12.0025,-5.0,-0.00050,12.0025,-7.5,-0.00075,12.0000,-7.5,-0.00075,12.0000,-5.0,-0.00050,12.0012,-5.0,-0.00050,12.0012,-5.0,-0.00050,12.0012,-7.5,-0.00075,15.03
5,912834,1,0,11.96,687.8,859.0,875.2,0.0,9.0125,247.5,0.24750,11.9963,130.0,0.13000,11.9975,1192.5,0.03614,5.0812,697.5,0.06975,11.9975,512.5,0.05125,11.9950,652.5,0.06525,11.9987,125.0,0.01250,11.9987,-5.0,-0.00050,12.0000,-7.5,-0.00075,11.9963,-7.5,-0.00075,11.9975,-5.0,-0.00050,11.9975,-5.0,-0.00050,11.9975,-5.0,-0.00050,11.9987,-7.5,-0.00075,15.37
5,913170,1,0,12.24,568.4,631.0,693.5,0.0,8.9812,252.5,0.25250,11.9937,135.0,0.13500,11.9950,1192.5,0.03614,5.0812,697.5,0.06975,11.9950,537.5,0.05375,11.9925,665.0,0.06650,11.9950,127.5,0.01275,11.9950,-5.0,-0.00050,11.9963,-7.5,-0.00075,11.9937,-7.5,-0.00075,11.9937,-5.0,-0.00050,11.9950,-5.0,-0.00050,11.9950,-5.0,-0.00050,11.9963,-7.5,-0.00075,15.71
5,913777,1,0,12.75,561.9,562.2,567.8,0.0,8.9362,270.0,0.27000,11.9900,145.0,0.14500,11.9925,1195.0,0.03621,5.0812,700.0,0.07000,11.9925,572.5,0.05725,11.9900,712.5,0.07125,11.9937,135.0,0.01350,11.9937,-5.0,-0.00050,11.9937,-7.5,-0.00075,11.9900,-7.5,-0.00075,11.9913,-5.0,-0.00050,11.9913,-5.0,-0.00050,11.9913,-5.0,-0.00050,11.9925,-7.5,-0.00075,16.32
5,914112,1,0,13.03,561.5,673.7,678.8,0.0,8.9625,282.5,0.28250,11.9862,155.0,0.15500,11.9850,1192.5,0.03614,5.0812,697.5,0.06975,11.9850,615.0,0.06150,11.9837,767.5,0.07675,11.9862,145.0,0.01450,11.9862,-5.0,-0.00050,11.9875,-7.5,-0.00075,11.9850,-7.5,-0.00075,11.9862,-5.0,-0.00050,11.9862,-5.0,-0.00050,11.9875,-5.0,-0.00050,11.9875,-7.5,-0.00075,16.66
5,914448,1,0,13.31,1001.4,562.5,564.5,0.0,8.9687,290.0,0.29000,11.9825,160.0,0.16000,11.9850,1195.0,0.03621,5.0812,697.5,0.06975,11.9850,630.0,0.06300,11.9825,780.0,0.07800,11.9862,147.5,0.01475,11.9862,-5.0,-0.00050,11.9862,-7.5,-0.00075,11.9812,-7.5,-0.00075,11.9825,-5.0,-0.00050,11.9825,-5.0,-0.00050,11.9825,-5.0,-0.00050,11.9837,-7.5,-0.00075,16.99
5,914784,1,0,13.59,566.2,677.6,705.4,0.0,8.9825,300.0,0.30000,11.9800,165.0,0.16500,11.9800,1195.0,0.03621,5.0812,697.5,0.06975,11.9812,655.0,0.06550,11.9775,822.5,0.08225,11.9812,157.5,0.01575,11.9812,-5.0,-0.00050,11.9825,-7.5,-0.00075,11.9800,-7.5,-0.00075,11.9825,-5.0,-0.00050,11.9825,-5.0,-0.00050,11.9825,-5.0,-0.00050,11.9825,-7.5,-0.00075,17.33
5,915285,1,0,14.00,713.6,1012.6,568.6,0.0,9.0050,310.0,0.31000,11.9750,175.0,0.17500,11.9750,1195.0,0.03621,5.0812,700.0,0.07000,11.9762,690.0,0.06900,11.9725,867.5,0.08675,11.9762,165.0,0.01650,11.9762,-5.0,-0.00050,11.9775,-7.5,-0.00075,11.9750,-7.5,-0.00075,11.9762,-5.0,-0.00050,11.9762,-5.0,-0.00050,11.9775,-5.0,-0.00050,11.9775,-7.5,-0.00075,17.83
5,915621,1,0,14.28,575.9,803.6,714.0,0.0,9.0200,315.0,0.31500,11.9738,177.5,0.17750,11.9738,1195.0,0.03621,5.0812,697.5,0.06975,11.9738,705.0,0.07050,11.9712,880.0,0.08800,11.9750,175.0,0.01750,11.9738,-5.0,-0.00050,11.9750,-7.5,-0.00075,11.9725,-7.5,-0.00075,11.9738,-5.0,-0.00050,11.9738,-5.0,-0.00050,11.9738,-5.0,-0.00050,11.9750,-7.5,-0.00075,18.16
5,915957,1,0,14.56,580.7,1030.7,690.9,0.0,9.0112,325.0,0.32500,11.9712,185.0,0.18500,11.9712,1192.5,0.03614,5.0812,697.5,0.06975,11.9712,725.0,0.07250,11.9700,900.0,0.09000,11.9725,180.0,0.01800,11.9725,-5.0,-0.00050,11.9738,-7.5,-0.00075,11.9700,-7.5,-0.00075,11.9712,-5.0,-0.00050,11.9712,-5.0,-0.00050,11.9712,-5.0,-0.00050,11.9725,-7.5,-0.00075,18.49
5,916293,1,0,14.84,746.3,819.9,581.1,0.0,9.0225,335.0,0.33500,11.9675,190.0,0.19000,11.9687,1195.0,0.03621,5.0812,697.5,0.06975,11.9675,755.0,0.07550,11.9662,937.5,0.09375,11.9687,182.5,0.01825,11.9687,-5.0,-0.00050,11.9700,-7.5,-0.00075,11.9675,-7.5,-0.00075,11.9675,-5.0,-0.00050,11.9675,-5.0,-0.00050,11.9687,-5.0,-0.00050,11.9700,-7.5,-0.00075,18.84
5,916850,1,0,15.31,598.2,758.5,710.7,0.0,9.0287,340.0,0.34000,11.9662,197.5,0.19750,11.9662,1197.5,0.03629,5.0812,697.5,0.06975,11.9662,770.0,0.07700,11.9637,957.5,0.09575,11.9675,187.5,0.01875,11.9675,-5.0,-0.00050,11.9687,-7.5,-0.00075,11.9650,-7.5,-0.00075,11.9662,-5.0,-0.00050,11.9662,-5.0,-0.00050,11.9675,-5.0,-0.00050,11.9675,-7.5,-0.00075,19.39
5,917185,1,0,15.59,604.3,603.0,760.1,0.0,9.0262,345.0,0.34500,11.9650,197.5,0.19750,11.9650,1195.0,0.03621,5.0812,700.0,0.07000,11.9650,775.0,0.07750,11.9625,972.5,0.09725,11.9650,190.0,0.01900,11.9650,-5.0,-0.00050,11.9662,-7.5,-0.00075,11.9637,-7.5,-0.00075,11.9650,-5.0,-0.00050,11.9650,-5.0,-0.00050,11.9650,-5.0,-0.00050,11.9662,-7.5,-0.00075,19.73
5,917542,1,0,15.88,612.6,855.3,605.8,0.0,8.9937,347.5,0.34750,11.9625,200.0,0.20000,11.9637,1195.0,0.03621,5.0812,700.0,0.07000,11.9625,787.5,0.07875,11.9600,982.5,0.09825,11.9637,195.0,0.01950,11.9637,-5.0,-0.00050,11.9650,-7.5,-0.00075,11.9612,-7.5,-0.00075,11.9625,-5.0,-0.00050,11.9625,-5.0,-0.00050,11.9637,-5.0,-0.00050,11.9637,-7.5,-0.00075,20.08
5,917878,1,0,16.16,674.8,741.3,733.9,0.0,8.9062,355.0,0.35500,11.9612,202.5,0.20250,11.9625,1197.5,0.03629,5.0812,700.0,0.07000,11.9612,787.5,0.07875,11.9587,995.0,0.09950,11.9625,202.5,0.02025,11.9625,-5.0,-0.00050,11.9637,-7.5,-0.00075,11.9612,-7.5,-0.00075,11.9625,-5.0,-0.00050,11.9625,-5.0,-0.00050,11.9625,-5.0,-0.00050,11.9637,-7.5,-0.00075,20.41
5,918360,1,0,16.57,752.9,751.9,621.7,0.0,8.9350,355.0,0.35500,11.9625,202.5,0.20250,11.9625,1195.0,0.03621,5.0812,697.5,0.06975,11.9625,790.0,0.07900,11.9600,1000.0,0.10000,11.9637,205.0,0.02050,11.9637,-5.0,-0.00050,11.9650,-7.5,-0.00075,11.9612,-7.5,-0.00075,11.9625,-5.0,-0.00050,11.9625,-5.0,-0.00050,11.9637,-5.0,-0.00050,11.9650,-7.5,-0.00075,20.89
5,918695,1,0,16.85,634.3,689.4,687.0,0.0,8.9237,360.0,0.36000,11.9612,205.0,0.20500,11.9612,1197.5,0.03629,5.0812,700.0,0.07000,11.9612,802.5,0.08025,11.9587,1020.0,0.10200,11.9625,210.0,0.02100,11.9612,-5.0,-0.00050,11.9625,-7.5,-0.00075,11.9600,-7.5,-0.00075,11.9612,-5.0,-0.00050,11.9612,-5.0,-0.00050,11.9625,-5.0,-0.00050,11.9625,-7.5,-0.00075,21.23
5,919031,1,0,17.13,930.0,765.9,634.9,0.0,8.8950,360.0,0.36000,11.9587,207.5,0.20750,11.9600,1195.0,0.03621,5.0812,697.5,0.06975,11.9600,797.5,0.07975,11.9563,1015.0,0.10150,11.9600,207.5,0.02075,11.9600,-5.0,-0.00050,11.9612,-7.5,-0.00075,11.9575,-7.5,-0.00075,11.9600,-5.0,-0.00050,11.9587,-5.0,-0.00050,11.9600,-5.0,-0.00050,11.9600,-7.5,-0.00075,21.56
5,919367,1,0,17.41,645.9,936.4,818.2,0.0,8.8812,370.0,0.37000,11.9575,212.5,0.21250,11.9587,1197.5,0.03629,5.0812,697.5,0.06975,11.9563,822.5,0.08225,11.9550,1030.0,0.10300,11.9587,207.5,0.02075,11.9587,-5.0,-0.00050,11.9600,-7.5,-0.00075,11.9575,-7.5,-0.00075,11.9575,-5.0,-0.00050,11.9575,-5.0,-0.00050,11.9587,-5.0,-0.00050,11.9600,-7.5,-0.00075,21.90
5,919886,1,0,17.84,714.3,913.5,910.1,0.0,8.8187,370.0,0.37000,11.9675,210.0,0.21000,11.9675,1195.0,0.03621,5.0812,700.0,0.07000,11.9675,805.0,0.08050,11.9637,1027.5,0.10275,11.9687,207.5,0.02075,11.9675,-5.0,-0.00050,11.9687,-7.5,-0.00075,11.9650,-7.5,-0.00075,11.9675,-5.0,-0.00050,11.9675,-5.0,-0.00050,11.9675,-5.0,-0.00050,11.9675,-7.5,-0.00075,22.42
5,920222,1,0,18.12,769.8,657.7,766.4,0.0,8.9600,367.5,0.36750,11.9650,212.5,0.21250,11.9650,1197.5,0.03629,5.0812,700.0,0.07000,11.9637,835.0,0.08350,11.9625,1040.0,0.10400,11.9650,215.0,0.02150,11.9662,-5.0,-0.00050,11.9662,-7.5,-0.00075,11.9650,-7.5,-0.00075,11.9662,-5.0,-0.00050,11.9662,-5.0,-0.00050,11.9675,-5.0,-0.00050,11.9675,-7.5,-0.00075,22.75
5,920558,1,0,18.40,666.2,843.9,844.2,0.0,9.0100,367.5,0.36750,11.9637,215.0,0.21500,11.9637,1197.5,0.03629,5.0812,697.5,0.06975,11.9625,845.0,0.08450,11.9612,1052.5,0.10525,11.9637,212.5,0.02125,11.9637,-5.0,-0.00050,11.9650,-7.5,-0.00075,11.9625,-7.5,-0.00075,11.9625,-5.0,-0.00050,11.9637,-5.0,-0.00050,11.9637,-5.0,-0.00050,11.9650,-7.5,-0.00075,23.09
5,920894,1,0,18.68,671.9,669.6,892.0,0.0,9.0125,375.0,0.37500,11.9612,220.0,0.22000,11.9625,1197.5,0.03629,5.0812,697.5,0.06975,11.9612,860.0,0.08600,11.9587,1075.0,0.10750,11.9625,217.5,0.02175,11.9625,-5.0,-0.00050,11.9637,-7.5,-0.00075,11.9600,-7.5,-0.00075,11.9612,-5.0,-0.00050,11.9612,-5.0,-0.00050,11.9625,-5.0,-0.00050,11.9625,-7.5,-0.00075,23.43
5,921385,1,0,19.09,680.5,791.6,677.6,0.0,8.9900,380.0,0.38000,11.9600,222.5,0.22250,11.9600,1195.0,0.03621,5.0812,700.0,0.07000,11.9600,885.0,0.08850,11.9575,1090.0,0.10900,11.9612,215.0,0.02150,11.9612,-5.0,-0.00050,11.9612,-7.5,-0.00075,11.9587,-7.5,-0.00075,11.9600,-5.0,-0.00050,11.9600,-5.0,-0.00050,11.9612,-5.0,-0.00050,11.9612,-7.5,-0.00075,23.92
5,921721,1,0,19.37,846.0,822.1,684.0,0.0,9.0087,382.5,0.38250,11.9600,225.0,0.22500,11.9600,1200.0,0.03636,5.0812,700.0,0.07000,11.9600,872.5,0.08725,11.9575,1110.0,0.11100,11.9612,230.0,0.02300,11.9612,-5.0,-0.00050,11.9625,-7.5,-0.00075,11.9587,-7.5,-0.00075,11.9600,-5.0,-0.00050,11.9600,-5.0,-0.00050,11.9612,-5.0,-0.00050,11.9612,-7.5,-0.00075,24.27
5,922078,1,0,19.67,693.7,691.7,920.2,0.0,9.0437,380.0,0.38000,11.9600,225.0,0.22500,11.9612,1195.0,0.03621,5.0812,700.0,0.07000,11.9612,865.0,0.08650,11.9587,1082.5,0.10825,11.9625,222.5,0.02225,11.9625,-5.0,-0.00050,11.9637,-7.5,-0.00075,11.9600,-7.5,-0.00075,11.9612,-5.0,-0.00050,11.9612,-5.0,-0.00050,11.9612,-5.0,-0.00050,11.9625,-7.5,-0.00075,24.61
5,922414,1,0,19.95,699.5,696.4,1068.5,0.0,9.0450,382.5,0.38250,11.9600,225.0,0.22500,11.9600,1195.0,0.03621,5.0812,697.5,0.06975,11.9587,882.5,0.08825,11.9563,1107.5,0.11075,11.9600,230.0,0.02300,11.9600,-5.0,-0.00050,11.9612,-7.5,-0.00075,11.9575,-7.5,-0.00075,11.9600,-5.0,-0.00050,11.9600,-5.0,-0.00050,11.9600,-5.0,-0.00050,11.9612,-7.5,-0.00075,24.95
5,922877,1,0,20.33,706.6,938.1,820.3,0.0,9.0312,392.5,0.39250,11.9563,235.0,0.23500,11.9575,1200.0,0.03636,5.0812,700.0,0.07000,11.9550,897.5,0.08975,11.9537,1132.5,0.11325,11.9575,235.0,0.02350,11.9575,-5.0,-0.00050,11.9587,-7.5,-0.00075,11.9550,-7.5,-0.00075,11.9550,-5.0,-0.00050,11.9563,-5.0,-0.00050,11.9575,-5.0,-0.00050,11.9587,-7.5,-0.00075,25.41
5,923213,1,0,20.61,776.4,709.8,709.4,0.0,8.9975,395.0,0.39500,11.9550,235.0,0.23500,11.9563,1197.5,0.03629,5.0812,697.5,0.06975,11.9550,897.5,0.08975,11.9525,1140.0,0.11400,11.9575,235.0,0.02350,11.9575,-5.0,-0.00050,11.9575,-7.5,-0.00075,11.9537,-7.5,-0.00075,11.9537,-5.0,-0.00050,11.9550,-5.0,-0.00050,11.9550,-5.0,-0.00050,11.9563,-7.5,-0.00075,25.74
5,923549,1,0,20.89,958.2,716.0,715.2,0.0,9.0150,405.0,0.40500,11.9525,242.5,0.24250,11.9537,1197.5,0.03629,5.0812,700.0,0.07000,11.9525,935.0,0.09350,11.9500,1172.5,0.11725,11.9537,232.5,0.02325,11.9537,-5.0,-0.00050,11.9550,-7.5,-0.00075,11.9513,-7.5,-0.00075,11.9513,-5.0,-0.00050,11.9513,-5.0,-0.00050,11.9525,-5.0,-0.00050,11.9537,-7.5,-0.00075,26.08
5,923885,1,0,21.17,846.2,843.3,1081.4,0.0,9.0425,402.5,0.40250,11.9525,242.5,0.24250,11.9537,1200.0,0.03636,5.0812,700.0,0.07000,11.9513,940.0,0.09400,11.9500,1175.0,0.11750,11.9537,237.5,0.02375,11.9537,-5.0,-0.00050,11.9550,-7.5,-0.00075,11.9513,-7.5,-0.00075,11.9513,-5.0,-0.00050,11.9525,-5.0,-0.00050,11.9525,-5.0,-0.00050,11.9537,-7.5,-0.00075,26.42
5,924394,1,0,21.60,903.4,732.6,850.3,0.0,9.0413,415.0,0.41500,11.9487,250.0,0.25000,11.9513,1197.5,0.03629,5.0812,700.0,0.07000,11.9513,952.5,0.09525,11.9475,1192.5,0.11925,11.9525,245.0,0.02450,11.9525,-5.0,-0.00050,11.9537,-7.5,-0.00075,11.9500,-7.5,-0.00075,11.9500,-5.0,-0.00050,11.9500,-5.0,-0.00050,11.9500,-5.0,-0.00050,11.9513,-7.5,-0.00075,26.93
5,924729,1,0,21.87,863.7,861.7,946.2,0.0,9.0413,410.0,0.41000,11.9513,245.0,0.24500,11.9513,1197.5,0.03629,5.0812,700.0,0.07000,11.9500,952.5,0.09525,11.9475,1207.5,0.12075,11.9513,245.0,0.02450,11.9513,-5.0,-0.00050,11.9513,-7.5,-0.00075,11.9500,-7.5,-0.00075,11.9513,-5.0,-0.00050,11.9513,-5.0,-0.00050,11.9513,-5.0,-0.00050,11.9525,-7.5,-0.00075,27.26
5,925065,1,0,22.15,958.1,1029.3,912.9,0.0,9.0300,407.5,0.40750,11.9513,245.0,0.24500,11.9537,1197.5,0.03629,5.0812,700.0,0.07000,11.9513,930.0,0.09300,11.9500,1165.0,0.11650,11.9537,257.5,0.02575,11.9537,-5.0,-0.00050,11.9550,-7.5,-0.00075,11.9525,-7.5,-0.00075,11.9525,-5.0,-0.00050,11.9525,-5.0,-0.00050,11.9537,-5.0,-0.00050,11.9550,-7.5,-0.00075,27.60
5,925401,1,0,22.43,922.2,747.6,747.2,0.0,9.0013,395.0,0.39500,11.9550,235.0,0.23500,11.9563,1197.5,0.03629,5.0812,700.0,0.07000,11.9563,900.0,0.09000,11.9525,1147.5,0.11475,11.9575,247.5,0.02475,11.9563,-5.0,-0.00050,11.9575,-7.5,-0.00075,11.9537,-7.5,-0.00075,11.9550,-5.0,-0.00050,11.9550,-5.0,-0.00050,11.9563,-5.0,-0.00050,11.9563,-7.5,-0.00075,27.93
5,925904,1,0,22.85,860.6,924.0,1041.6,0.0,8.9563,400.0,0.40000,11.9563,237.5,0.23750,11.9575,1200.0,0.03636,5.0812,700.0,0.07000,11.9563,907.5,0.09075,11.9537,1142.5,0.11425,11.9587,242.5,0.02425,11.9587,-5.0,-0.00050,11.9587,-7.5,-0.00075,11.9563,-7.5,-0.00075,11.9563,-5.0,-0.00050,11.9575,-5.0,-0.00050,11.9575,-5.0,-0.00050,11.9587,-7.5,-0.00075,28.44
5,926240,1,0,23.13,1008.5,753.3,1007.6,0.0,9.0225,397.5,0.39750,11.9550,237.5,0.23750,11.9563,1200.0,0.03636,5.0812,700.0,0.07000,11.9550,920.0,0.09200,11.9525,1152.5,0.11525,11.9563,240.0,0.02400,11.9563,-5.0,-0.00050,11.9575,-7.5,-0.00075,11.9537,-7.5,-0.00075,11.9550,-5.0,-0.00050,11.9550,-5.0,-0.00050,11.9550,-5.0,-0.00050,11.9563,-7.5,-0.00075,28.79
5,926597,1,0,23.43,887.1,973.6,1139.4,0.0,9.0000,415.0,0.41500,11.9500,247.5,0.24750,11.9513,1200.0,0.03636,5.0812,700.0,0.07000,11.9500,962.5,0.09625,11.9462,1207.5,0.12075,11.9513,245.0,0.02450,11.9513,-5.0,-0.00050,11.9513,-7.5,-0.00075,11.9487,-7.5,-0.00075,11.9500,-5.0,-0.00050,11.9500,-5.0,-0.00050,11.9500,-5.0,-0.00050,11.9513,-7.5,-0.00075,29.13
5,926933,1,0,23.71,984.4,762.0,763.7,0.0,9.0037,417.5,0.41750,11.9500,250.0,0.25000,11.9513,1197.5,0.03629,5.0812,700.0,0.07000,11.9500,962.5,0.09625,11.9475,1217.5,0.12175,11.9513,242.5,0.02425,11.9513,-5.0,-0.00050,11.9525,-7.5,-0.00075,11.9487,-7.5,-0.00075,11.9500,-5.0,-0.00050,11.9500,-5.0,-0.00050,11.9500,-5.0,-0.00050,11.9513,-7.5,-0.00075,29.47
5,927439,1,0,24.13,882.7,897.8,769.6,0.0,9.0375,422.5,0.42250,11.9475,255.0,0.25500,11.9487,1197.5,0.03629,5.0812,700.0,0.07000,11.9475,977.5,0.09775,11.9450,1237.5,0.12375,11.9487,252.5,0.02525,11.9487,-5.0,-0.00050,11.9500,-7.5,-0.00075,11.9462,-7.5,-0.00075,11.9475,-5.0,-0.00050,11.9475,-5.0,-0.00050,11.9475,-5.0,-0.00050,11.9487,-7.5,-0.00075,29.98
5,927775,1,0,24.41,778.3,775.6,884.0,0.0,9.0350,440.0,0.44000,11.9412,267.5,0.26750,11.9437,1200.0,0.03636,5.0812,700.0,0.07000,11.9412,1030.0,0.10300,11.9387,1290.0,0.12900,11.9437,255.0,0.02550,11.9425,-5.0,-0.00050,11.9437,-7.5,-0.00075,11.9400,-7.5,-0.00075,11.9400,-5.0,-0.00050,11.9412,-5.0,-0.00050,11.9412,-5.0,-0.00050,11.9425,-7.5,-0.00075,30.31
5,928111,1,0,24.69,916.3,894.6,909.9,0.0,9.0363,447.5,0.44750,11.9375,275.0,0.27500,11.9375,1200.0,0.03636,5.0812,700.0,0.07000,11.9375,1055.0,0.10550,11.9350,1335.0,0.13350,11.9387,277.5,0.02775,11.9387,-5.0,-0.00050,11.9400,-7.5,-0.00075,11.9362,-7.5,-0.00075,11.9387,-5.0,-0.00050,11.9387,-5.0,-0.00050,11.9387,-5.0,-0.00050,11.9400,-7.5,-0.00075,30.65
5,928447,1,0,24.97,791.5,970.7,786.3,0.0,9.0350,450.0,0.45000,11.9400,272.5,0.27250,11.9400,1202.5,0.03644,5.0812,700.0,0.07000,11.9387,1047.5,0.10475,11.9375,1327.5,0.13275,11.9400,267.5,0.02675,11.9400,-5.0,-0.00050,11.9412,-7.5,-0.00075,11.9387,-7.5,-0.00075,11.9387,-5.0,-0.00050,11.9400,-5.0,-0.00050,11.9400,-5.0,-0.00050,11.9412,-7.5,-0.00075,30.98
5,928969,1,0,25.41,853.6,1253.5,908.0,0.0,9.0275,457.5,0.45750,11.9350,280.0,0.28000,11.9362,1200.0,0.03636,5.0812,700.0,0.07000,11.9350,1072.5,0.10725,11.9325,1362.5,0.13625,11.9375,285.0,0.02850,11.9375,-5.0,-0.00050,11.9375,-7.5,-0.00075,11.9350,-7.5,-0.00075,11.9350,-5.0,-0.00050,11.9362,-5.0,-0.00050,11.9362,-5.0,-0.00050,11.9375,-7.5,-0.00075,31.50
5,929305,1,0,25.69,806.8,1033.5,1144.4,0.0,9.0188,462.5,0.46250,11.9350,282.5,0.28250,11.9350,1200.0,0.03636,5.0812,700.0,0.07000,11.9338,1085.0,0.10850,11.9312,1367.5,0.13675,11.9362,290.0,0.02900,11.9350,-5.0,-0.00050,11.9362,-7.5,-0.00075,11.9338,-7.5,-0.00075,11.9350,-5.0,-0.00050,11.9350,-5.0,-0.00050,11.9350,-5.0,-0.00050,11.9362,-7.5,-0.00075,31.85
5,929641,1,0,25.97,813.1,809.4,924.1,0.0,9.0188,470.0,0.47000,11.9325,285.0,0.28500,11.9338,1202.5,0.03644,5.0812,700.0,0.07000,11.9325,1092.5,0.10925,11.9300,1387.5,0.13875,11.9338,300.0,0.03000,11.9338,-5.0,-0.00050,11.9350,-7.5,-0.00075,11.9312,-7.5,-0.00075,11.9338,-5.0,-0.00050,11.9338,-5.0,-0.00050,11.9338,-5.0,-0.00050,11.9350,-7.5,-0.00075,32.18
5,929977,1,0,26.25,937.3,979.6,1048.6,0.0,8.9987,482.5,0.48250,11.9288,297.5,0.29750,11.9300,1200.0,0.03636,5.0812,700.0,0.07000,11.9288,1130.0,0.11300,11.9250,1437.5,0.14375,11.9300,295.0,0.02950,11.9300,-5.0,-0.00050,11.9300,-7.5,-0.00075,11.9275,-7.5,-0.00075,11.9288,-5.0,-0.00050,11.9288,-5.0,-0.00050,11.9288,-5.0,-0.00050,11.9300,-7.5,-0.00075,32.52
5,930495,1,0,26.68,950.4,882.9,824.7,0.0,8.9913,477.5,0.47750,11.9300,292.5,0.29250,11.9312,1202.5,0.03644,5.0812,700.0,0.07000,11.9300,1117.5,0.11175,11.9275,1420.0,0.14200,11.9312,307.5,0.03075,11.9312,-5.0,-0.00050,11.9325,-7.5,-0.00075,11.9288,-7.5,-0.00075,11.9312,-5.0,-0.00050,11.9312,-5.0,-0.00050,11.9312,-5.0,-0.00050,11.9325,-7.5,-0.00075,33.03
5,930831,1,0,26.96,957.4,834.6,831.8,0.0,8.9812,492.5,0.49250,11.9262,302.5,0.30250,11.9275,1202.5,0.03644,5.0812,700.0,0.07000,11.9250,1162.5,0.11625,11.9225,1467.5,0.14675,11.9275,297.5,0.02975,11.9275,-5.0,-0.00050,11.9288,-7.5,-0.00075,11.9250,-7.5,-0.00075,11.9262,-5.0,-0.00050,11.9262,-5.0,-0.00050,11.9262,-5.0,-0.00050,11.9275,-7.5,-0.00075,33.39
5,931188,1,0,27.26,1086.8,898.5,943.5,0.0,8.9875,490.0,0.49000,11.9275,300.0,0.30000,11.9288,1202.5,0.03644,5.0812,700.0,0.07000,11.9262,1155.0,0.11550,11.9237,1460.0,0.14600,11.9288,302.5,0.03025,11.9288,-5.0,-0.00050,11.9300,-7.5,-0.00075,11.9262,-7.5,-0.00075,11.9262,-5.0,-0.00050,11.9275,-5.0,-0.00050,11.9275,-5.0,-0.00050,11.9288,-7.5,-0.00075,33.73
5,931524,1,0,27.54,1170.6,955.0,902.9,0.0,8.9675,500.0,0.50000,11.9237,307.5,0.30750,11.9250,1205.0,0.03652,5.0812,700.0,0.07000,11.9225,1167.5,0.11675,11.9200,1490.0,0.14900,11.9250,322.5,0.03225,11.9250,-5.0,-0.00050,11.9262,-7.5,-0.00075,11.9225,-7.5,-0.00075,11.9237,-5.0,-0.00050,11.9237,-5.0,-0.00050,11.9237,-5.0,-0.00050,11.9250,-7.5,-0.00075,34.06
5,932035,1,0,27.96,983.5,1225.2,856.5,0.0,8.9550,500.0,0.50000,11.9250,307.5,0.30750,11.9262,1202.5,0.03644,5.0812,700.0,0.07000,11.9250,1170.0,0.11700,11.9225,1487.5,0.14875,11.9262,315.0,0.03150,11.9262,-5.0,-0.00050,11.9275,-7.5,-0.00075,11.9237,-7.5,-0.00075,11.9250,-5.0,-0.00050,11.9250,-5.0,-0.00050,11.9262,-5.0,-0.00050,11.9275,-7.5,-0.00075,34.57
5,932371,1,0,28.24,975.2,971.4,921.0,0.0,8.9775,507.5,0.50750,11.9212,312.5,0.31250,11.9225,1202.5,0.03644,5.0812,700.0,0.07000,11.9200,1187.5,0.11875,11.9175,1510.0,0.15100,11.9225,327.5,0.03275,11.9225,-5.0,-0.00050,11.9237,-7.5,-0.00075,11.9200,-7.5,-0.00075,11.9212,-5.0,-0.00050,11.9212,-5.0,-0.00050,11.9225,-5.0,-0.00050,11.9237,-7.5,-0.00075,34.91
5,932707,1,0,28.52,982.4,978.5,1195.1,0.0,8.9937,505.0,0.50500,11.9225,312.5,0.31250,11.9225,1202.5,0.03644,5.0812,700.0,0.07000,11.9212,1190.0,0.11900,11.9187,1502.5,0.15025,11.9225,322.5,0.03225,11.9225,-5.0,-0.00050,11.9237,-7.5,-0.00075,11.9200,-7.5,-0.00075,11.9225,-5.0,-0.00050,11.9225,-5.0,-0.00050,11.9225,-5.0,-0.00050,11.9237,-7.5,-0.00075,35.24
5,933043,1,0,28.80,880.3,1126.7,875.7,0.0,8.9712,525.0,0.52500,11.9162,325.0,0.32500,11.9162,1205.0,0.03652,5.0812,700.0,0.07000,11.9137,1240.0,0.12400,11.9125,1570.0,0.15700,11.9150,335.0,0.03350,11.9162,-5.0,-0.00050,11.9175,-7.5,-0.00075,11.9137,-7.5,-0.00075,11.9150,-5.0,-0.00050,11.9162,-5.0,-0.00050,11.9162,-5.0,-0.00050,11.9175,-7.5,-0.00075,35.58
5,933551,1,0,29.23,889.8,1139.1,994.7,0.0,8.9537,520.0,0.52000,11.9187,320.0,0.32000,11.9200,1205.0,0.03652,5.0812,700.0,0.07000,11.9175,1222.5,0.12225,11.9150,1542.5,0.15425,11.9187,335.0,0.03350,11.9187,-5.0,-0.00050,11.9200,-7.5,-0.00075,11.9175,-7.5,-0.00075,11.9175,-5.0,-0.00050,11.9175,-5.0,-0.00050,11.9187,-5.0,-0.00050,11.9200,-7.5,-0.00075,36.08
5,933886,1,0,29.51,1007.6,1188.7,890.1,0.0,8.9725,537.5,0.53750,11.9125,332.5,0.33250,11.9150,1202.5,0.03644,5.0812,700.0,0.07000,11.9125,1275.0,0.12750,11.9100,1605.0,0.16050,11.9137,335.0,0.03350,11.9137,-5.0,-0.00050,11.9150,-7.5,-0.00075,11.9113,-7.5,-0.00075,11.9125,-5.0,-0.00050,11.9125,-5.0,-0.00050,11.9137,-5.0,-0.00050,11.9137,-7.5,-0.00075,36.42
5,934222,1,0,29.79,1014.8,1027.0,895.9,0.0,8.9675,537.5,0.53750,11.9125,332.5,0.33250,11.9137,1202.5,0.03644,5.0812,700.0,0.07000,11.9113,1275.0,0.12750,11.9100,1605.0,0.16050,11.9137,335.0,0.03350,11.9137,-5.0,-0.00050,11.9150,-7.5,-0.00075,11.9125,-7.5,-0.00075,11.9125,-5.0,-0.00050,11.9125,-5.0,-0.00050,11.9137,-5.0,-0.00050,11.9150,-7.5,-0.00075,36.76
5,934558,1,0,30.07,908.2,1034.4,902.5,0.0,8.9650,547.5,0.54750,11.9100,340.0,0.34000,11.9100,1207.5,0.03659,5.0812,700.0,0.07000,11.9075,1295.0,0.12950,11.9063,1625.0,0.16250,11.9100,357.5,0.03575,11.9100,-5.0,-0.00050,11.9113,-7.5,-0.00075,11.9075,-7.5,-0.00075,11.9087,-5.0,-0.00050,11.9100,-5.0,-0.00050,11.9100,-5.0,-0.00050,11.9100,-7.5,-0.00075,37.09
5,935147,1,0,30.56,1148.9,1029.6,1028.7,0.0,8.9300,557.5,0.55750,11.9063,347.5,0.34750,11.9075,1205.0,0.03652,5.0812,700.0,0.07000,11.9050,1315.0,0.13150,11.9025,1675.0,0.16750,11.9063,367.5,0.03675,11.9075,-5.0,-0.00050,11.9087,-7.5,-0.00075,11.9050,-7.5,-0.00075,11.9050,-5.0,-0.00050,11.9063,-5.0,-0.00050,11.9075,-5.0,-0.00050,11.9075,-7.5,-0.00075,37.68
5,935483,1,0,30.84,1156.9,1268.2,921.9,0.0,8.9037,560.0,0.56000,11.9063,347.5,0.34750,11.9075,1205.0,0.03652,5.0812,700.0,0.07000,11.9050,1320.0,0.13200,11.9025,1677.5,0.16775,11.9075,365.0,0.03650,11.9063,-5.0,-0.00050,11.9075,-7.5,-0.00075,11.9050,-7.5,-0.00075,11.9050,-5.0,-0.00050,11.9050,-5.0,-0.00050,11.9063,-5.0,-0.00050,11.9075,-7.5,-0.00075,38.03
5,935840,1,0,31.13,931.6,1044.6,1160.4,0.0,8.8962,557.5,0.55750,11.9075,345.0,0.34500,11.9087,1205.0,0.03652,5.0812,700.0,0.07000,11.9063,1315.0,0.13150,11.9037,1660.0,0.16600,11.9087,357.5,0.03575,11.9087,-5.0,-0.00050,11.9100,-7.5,-0.00075,11.9063,-7.5,-0.00075,11.9063,-5.0,-0.00050,11.9075,-5.0,-0.00050,11.9075,-5.0,-0.00050,11.9087,-7.5,-0.00075,38.37
5,936176,1,0,31.41,1102.4,1167.0,1141.3,0.0,8.8362,567.5,0.56750,11.9050,350.0,0.35000,11.9063,1205.0,0.03652,5.0812,700.0,0.07000,11.9050,1327.5,0.13275,11.9012,1685.0,0.16850,11.9063,367.5,0.03675,11.9063,-5.0,-0.00050,11.9075,-7.5,-0.00075,11.9037,-7.5,-0.00075,11.9050,-5.0,-0.00050,11.9050,-5.0,-0.00050,11.9050,-5.0,-0.00050,11.9063,-7.5,-0.00075,38.71
5,936690,1,0,31.84,945.9,1060.0,1151.1,0.0,8.8525,590.0,0.59000,11.8975,367.5,0.36750,11.8987,1207.5,0.03659,5.0812,700.0,0.07000,11.8962,1400.0,0.14000,11.8938,1770.0,0.17700,11.8987,375.0,0.03750,11.8987,-5.0,-0.00050,11.9000,-7.5,-0.00075,11.8962,-7.5,-0.00075,11.8975,-5.0,-0.00050,11.8975,-5.0,-0.00050,11.8975,-5.0,-0.00050,11.8987,-7.5,-0.00075,39.23
5,937026,1,0,32.12,1058.9,1186.9,948.1,0.0,8.9025,592.5,0.59250,11.8975,370.0,0.37000,11.8987,1205.0,0.03652,5.0812,700.0,0.07000,11.8975,1400.0,0.14000,11.8938,1775.0,0.17750,11.8987,380.0,0.03800,11.8987,-5.0,-0.00050,11.8987,-7.5,-0.00075,11.8962,-7.5,-0.00075,11.8975,-5.0,-0.00050,11.8975,-5.0,-0.00050,11.8975,-5.0,-0.00050,11.8987,-7.5,-0.00075,39.56
5,937362,1,0,32.40,1199.7,1062.2,1192.5,0.0,8.9775,592.5,0.59250,11.8962,370.0,0.37000,11.8975,1205.0,0.03652,5.0812,700.0,0.07000,11.8938,1425.0,0.14250,11.8925,1775.0,0.17750,11.8962,387.5,0.03875,11.8975,-5.0,-0.00050,11.8975,-7.5,-0.00075,11.8938,-7.5,-0.00075,11.8962,-5.0,-0.00050,11.8962,-5.0,-0.00050,11.8962,-5.0,-0.00050,11.8975,-7.5,-0.00075,39.90
5,937698,1,0,32.68,967.2,1133.4,1172.1,0.0,8.9875,592.5,0.59250,11.8938,375.0,0.37500,11.8950,1205.0,0.03652,5.0812,700.0,0.07000,11.8925,1422.5,0.14225,11.8888,1802.5,0.18025,11.8950,390.0,0.03900,11.8938,-5.0,-0.00050,11.8950,-7.5,-0.00075,11.8925,-7.5,-0.00075,11.8925,-5.0,-0.00050,11.8925,-5.0,-0.00050,11.8938,-5.0,-0.00050,11.8950,-7.5,-0.00075,40.23
5,938333,1,0,33.21,1194.8,1298.0,1139.0,0.0,8.9800,602.5,0.60250,11.8912,382.5,0.38250,11.8912,1207.5,0.03659,5.0812,700.0,0.07000,11.8900,1447.5,0.14475,11.8862,1835.0,0.18350,11.8912,412.5,0.04125,11.8912,-5.0,-0.00050,11.8912,-7.5,-0.00075,11.8888,-7.5,-0.00075,11.8900,-5.0,-0.00050,11.8900,-5.0,-0.00050,11.8900,-5.0,-0.00050,11.8912,-7.5,-0.00075,40.87
5,938669,1,0,33.49,984.5,1088.8,976.0,0.0,8.9712,622.5,0.62250,11.8850,395.0,0.39500,11.8862,1207.5,0.03659,5.0812,700.0,0.07000,11.8837,1512.5,0.15125,11.8812,1885.0,0.18850,11.8850,410.0,0.04100,11.8850,-5.0,-0.00050,11.8862,-7.5,-0.00075,11.8837,-7.5,-0.00075,11.8850,-5.0,-0.00050,11.8850,-5.0,-0.00050,11.8850,-5.0,-0.00050,11.8862,-7.5,-0.00075,41.20
5,939005,1,0,33.77,1212.3,1206.9,1034.6,0.0,8.9437,627.5,0.62750,11.8837,397.5,0.39750,11.8850,1207.5,0.03659,5.0812,700.0,0.07000,11.8825,1512.5,0.15125,11.8787,1912.5,0.19125,11.8837,422.5,0.04225,11.8837,-5.0,-0.00050,11.8850,-7.5,-0.00075,11.8825,-7.5,-0.00075,11.8837,-5.0,-0.00050,11.8837,-5.0,-0.00050,11.8837,-5.0,-0.00050,11.8850,-7.5,-0.00075,41.54
5,939341,1,0,34.05,1108.7,1465.5,1209.9,0.0,8.9288,622.5,0.62250,11.8862,392.5,0.39250,11.8875,1207.5,0.03659,5.0812,700.0,0.07000,11.8862,1477.5,0.14775,11.8825,1882.5,0.18825,11.8875,415.0,0.04150,11.8875,-5.0,-0.00050,11.8888,-7.5,-0.00075,11.8862,-7.5,-0.00075,11.8862,-5.0,-0.00050,11.8862,-5.0,-0.00050,11.8875,-5.0,-0.00050,11.8888,-7.5,-0.00075,41.87
5,939822,1,0,34.45,1005.3,1224.0,1261.4,0.0,8.9312,627.5,0.62750,11.8850,397.5,0.39750,11.8862,1207.5,0.03659,5.0812,700.0,0.07000,11.8850,1480.0,0.14800,11.8800,1890.0,0.18900,11.8862,430.0,0.04300,11.8862,-5.0,-0.00050,11.8875,-7.5,-0.00075,11.8850,-7.5,-0.00075,11.8850,-5.0,-0.00050,11.8862,-5.0,-0.00050,11.8862,-5.0,-0.00050,11.8888,-7.5,-0.00075,42.37
5,940157,1,0,34.73,1012.0,1007.2,1338.6,0.0,8.9338,642.5,0.64250,11.8800,405.0,0.40500,11.8812,1207.5,0.03659,5.0812,700.0,0.07000,11.8775,1545.0,0.15450,11.8762,1940.0,0.19400,11.8787,427.5,0.04275,11.8800,-5.0,-0.00050,11.8812,-7.5,-0.00075,11.8775,-7.5,-0.00075,11.8800,-5.0,-0.00050,11.8787,-5.0,-0.00050,11.8787,-5.0,-0.00050,11.8800,-7.5,-0.00075,42.71
5,940514,1,0,35.03,1019.5,1432.1,1236.2,0.0,8.9125,652.5,0.65250,11.8775,412.5,0.41250,11.8787,1210.0,0.03667,5.0812,700.0,0.07000,11.8762,1542.5,0.15425,11.8725,1980.0,0.19800,11.8775,450.0,0.04500,11.8775,-5.0,-0.00050,11.8775,-7.5,-0.00075,11.8750,-7.5,-0.00075,11.8762,-5.0,-0.00050,11.8762,-5.0,-0.00050,11.8762,-5.0,-0.00050,11.8775,-7.5,-0.00075,43.05
5,940850,1,0,35.31,1187.9,1134.2,1133.1,0.0,8.9187,652.5,0.65250,11.8775,412.5,0.41250,11.8787,1207.5,0.03659,5.0812,700.0,0.07000,11.8762,1555.0,0.15550,11.8737,1950.0,0.19500,11.8775,455.0,0.04550,11.8787,-5.0,-0.00050,11.8787,-7.5,-0.00075,11.8762,-7.5,-0.00075,11.8787,-5.0,-0.00050,11.8775,-5.0,-0.00050,11.8775,-5.0,-0.00050,11.8787,-7.5,-0.00075,43.40
5,941333,1,0,35.71,1378.2,1142.7,1257.9,0.0,8.9375,660.0,0.66000,11.8750,420.0,0.42000,11.8762,1212.5,0.03674,5.0812,700.0,0.07000,11.8725,1580.0,0.15800,11.8700,1997.5,0.19975,11.8750,452.5,0.04525,11.8750,-5.0,-0.00050,11.8762,-7.5,-0.00075,11.8737,-7.5,-0.00075,11.8737,-5.0,-0.00050,11.8750,-5.0,-0.00050,11.8750,-5.0,-0.00050,11.8762,-7.5,-0.00075,43.87
5,941669,1,0,35.99,1204.0,1449.8,1036.2,0.0,8.9275,680.0,0.68000,11.8687,432.5,0.43250,11.8700,1207.5,0.03659,5.0812,700.0,0.07000,11.8675,1622.5,0.16225,11.8650,2070.0,0.20700,11.8687,470.0,0.04700,11.8700,-5.0,-0.00050,11.8700,-7.5,-0.00075,11.8675,-7.5,-0.00075,11.8687,-5.0,-0.00050,11.8687,-5.0,-0.00050,11.8687,-5.0,-0.00050,11.8700,-7.5,-0.00075,44.20
5,942005,1,0,36.27,1162.6,1207.6,1146.8,0.0,8.9275,677.5,0.67750,11.8687,432.5,0.43250,11.8700,1210.0,0.03667,5.0812,700.0,0.07000,11.8687,1615.0,0.16150,11.8650,2072.5,0.20725,11.8700,462.5,0.04625,11.8700,-5.0,-0.00050,11.8713,-7.5,-0.00075,11.8687,-7.5,-0.00075,11.8700,-5.0,-0.00050,11.8700,-5.0,-0.00050,11.8700,-5.0,-0.00050,11.8713,-7.5,-0.00075,44.54
5,942341,1,0,36.55,1170.0,1215.5,1281.2,0.0,8.9113,695.0,0.69500,11.8663,440.0,0.44000,11.8675,1210.0,0.03667,5.0812,700.0,0.07000,11.8625,1652.5,0.16525,11.8612,2125.0,0.21250,11.8650,457.5,0.04575,11.8663,-5.0,-0.00050,11.8663,-7.5,-0.00075,11.8625,-7.5,-0.00075,11.8637,-5.0,-0.00050,11.8650,-5.0,-0.00050,11.8650,-5.0,-0.00050,11.8663,-7.5,-0.00075,44.88
5,942863,1,0,36.99,1181.9,1060.5,1055.7,0.0,8.9100,695.0,0.69500,11.8650,442.5,0.44250,11.8663,1210.0,0.03667,5.0812,700.0,0.07000,11.8625,1655.0,0.16550,11.8600,2120.0,0.21200,11.8663,475.0,0.04750,11.8663,-5.0,-0.00050,11.8675,-7.5,-0.00075,11.8637,-7.5,-0.00075,11.8650,-5.0,-0.00050,11.8663,-5.0,-0.00050,11.8663,-5.0,-0.00050,11.8675,-7.5,-0.00075,45.40
5,943199,1,0,37.27,1308.4,1173.1,1274.6,0.0,8.9338,712.5,0.71250,11.8575,457.5,0.45750,11.8587,1205.0,0.03652,5.0812,700.0,0.07000,11.8562,1717.5,0.17175,11.8525,2185.0,0.21850,11.8587,492.5,0.04925,11.8587,-5.0,-0.00050,11.8587,-7.5,-0.00075,11.8575,-7.5,-0.00075,11.8575,-5.0,-0.00050,11.8575,-5.0,-0.00050,11.8587,-5.0,-0.00050,11.8600,-7.5,-0.00075,45.73
5,943535,1,0,37.55,1077.8,1609.5,1282.3,0.0,8.9400,712.5,0.71250,11.8575,457.5,0.45750,11.8587,1212.5,0.03674,5.0812,700.0,0.07000,11.8562,1722.5,0.17225,11.8525,2187.5,0.21875,11.8575,497.5,0.04975,11.8587,-5.0,-0.00050,11.8587,-7.5,-0.00075,11.8562,-7.5,-0.00075,11.8575,-5.0,-0.00050,11.8575,-5.0,-0.00050,11.8575,-5.0,-0.00050,11.8587,-7.5,-0.00075,46.07
5,943871,1,0,37.83,1084.6,1079.3,1075.8,0.0,8.9400,722.5,0.72250,11.8550,465.0,0.46500,11.8562,1217.5,0.03689,5.0812,700.0,0.07000,11.8525,1742.5,0.17425,11.8500,2217.5,0.22175,11.8550,512.5,0.05125,11.8550,-5.0,-0.00050,11.8562,-7.5,-0.00075,11.8537,-7.5,-0.00075,11.8537,-5.0,-0.00050,11.8550,-5.0,-0.00050,11.8550,-5.0,-0.00050,11.8562,-7.5,-0.00075,46.41
5,944364,1,0,38.24,1335.2,1087.8,1206.5,0.0,8.9275,725.0,0.72500,11.8537,467.5,0.46750,11.8550,1215.0,0.03682,5.0812,700.0,0.07000,11.8525,1742.5,0.17425,11.8500,2220.0,0.22200,11.8550,512.5,0.05125,11.8550,-5.0,-0.00050,11.8562,-7.5,-0.00075,11.8525,-7.5,-0.00075,11.8550,-5.0,-0.00050,11.8537,-5.0,-0.00050,11.8550,-5.0,-0.00050,11.8562,-7.5,-0.00075,46.90
5,944700,1,0,38.52,1098.3,1094.0,1092.6,0.0,8.8925,740.0,0.74000,11.8500,472.5,0.47250,11.8512,1210.0,0.03667,5.0812,700.0,0.07000,11.8475,1760.0,0.17600,11.8450,2260.0,0.22600,11.8500,527.5,0.05275,11.8500,-5.0,-0.00050,11.8512,-7.5,-0.00075,11.8475,-7.5,-0.00075,11.8488,-5.0,-0.00050,11.8488,-5.0,-0.00050,11.8500,-5.0,-0.00050,11.8500,-7.5,-0.00075,47.25
5,945057,1,0,38.81,1104.5,1430.2,1677.1,0.0,8.8225,747.5,0.74750,11.8500,472.5,0.47250,11.8512,1212.5,0.03674,5.0812,700.0,0.07000,11.8475,1785.0,0.17850,11.8450,2247.5,0.22475,11.8500,525.0,0.05250,11.8500,-5.0,-0.00050,11.8512,-7.5,-0.00075,11.8475,-7.5,-0.00075,11.8500,-5.0,-0.00050,11.8500,-5.0,-0.00050,11.8500,-5.0,-0.00050,11.8512,-7.5,-0.00075,47.59
5,945393,1,0,39.09,1110.0,1229.5,1217.2,0.0,8.7800,770.0,0.77000,11.8450,485.0,0.48500,11.8462,1215.0,0.03682,5.0812,700.0,0.07000,11.8425,1820.0,0.18200,11.8400,2307.5,0.23075,11.8450,540.0,0.05400,11.8462,-5.0,-0.00050,11.8475,-7.5,-0.00075,11.8425,-7.5,-0.00075,11.8437,-5.0,-0.00050,11.8450,-5.0,-0.00050,11.8450,-5.0,-0.00050,11.8450,-7.5,-0.00075,47.93
5,945860,1,0,39.48,1230.9,1168.9,1226.5,0.0,8.7375,767.5,0.76750,11.8475,482.5,0.48250,11.8475,1210.0,0.03667,5.0812,700.0,0.07000,11.8450,1812.5,0.18125,11.8412,2310.0,0.23100,11.8462,532.5,0.05325,11.8475,-5.0,-0.00050,11.8475,-7.5,-0.00075,11.8450,-7.5,-0.00075,11.8462,-5.0,-0.00050,11.8462,-5.0,-0.00050,11.8475,-5.0,-0.00050,11.8488,-7.5,-0.00075,48.40
5,946195,1,0,39.76,1124.6,1569.4,1345.7,0.0,8.7413,780.0,0.78000,11.8437,492.5,0.49250,11.8437,1212.5,0.03674,5.0812,700.0,0.07000,11.8400,1840.0,0.18400,11.8375,2347.5,0.23475,11.8437,540.0,0.05400,11.8437,-5.0,-0.00050,11.8450,-7.5,-0.00075,11.8412,-7.5,-0.00075,11.8425,-5.0,-0.00050,11.8437,-5.0,-0.00050,11.8437,-5.0,-0.00050,11.8450,-7.5,-0.00075,48.73
5,946531,1,0,40.04,1358.5,1240.4,1394.5,0.0,8.7500,800.0,0.80000,11.8362,507.5,0.50750,11.8375,1212.5,0.03674,5.0812,700.0,0.07000,11.8337,1907.5,0.19075,11.8313,2417.5,0.24175,11.8350,540.0,0.05400,11.8362,-5.0,-0.00050,11.8375,-7.5,-0.00075,11.8337,-7.5,-0.00075,11.8362,-5.0,-0.00050,11.8350,-5.0,-0.00050,11.8362,-5.0,-0.00050,11.8362,-7.5,-0.00075,49.07
5,946867,1,0,40.32,1368.4,1476.0,1185.4,0.0,8.7275,805.0,0.80500,11.8362,505.0,0.50500,11.8375,1212.5,0.03674,5.0812,700.0,0.07000,11.8325,1905.0,0.19050,11.8287,2420.0,0.24200,11.8350,555.0,0.05550,11.8362,-5.0,-0.00050,11.8362,-7.5,-0.00075,11.8337,-7.5,-0.00075,11.8337,-5.0,-0.00050,11.8350,-5.0,-0.00050,11.8362,-5.0,-0.00050,11.8375,-7.5,-0.00075,49.41
5,947382,1,0,40.75,1423.9,1418.5,1938.9,0.0,8.7250,822.5,0.82250,11.8287,522.5,0.52250,11.8300,1217.5,0.03689,5.0812,702.5,0.07025,11.8250,1985.0,0.19850,11.8237,2475.0,0.24750,11.8275,565.0,0.05650,11.8287,-5.0,-0.00050,11.8300,-7.5,-0.00075,11.8263,-7.5,-0.00075,11.8287,-5.0,-0.00050,11.8287,-5.0,-0.00050,11.8287,-5.0,-0.00050,11.8300,-7.5,-0.00075,49.92
5,947718,1,0,41.03,1272.9,1383.6,1251.3,0.0,8.7262,830.0,0.83000,11.8287,525.0,0.52500,11.8300,1215.0,0.03682,5.0812,700.0,0.07000,11.8237,1970.0,0.19700,11.8225,2487.5,0.24875,11.8275,602.5,0.06025,11.8275,-5.0,-0.00050,11.8287,-7.5,-0.00075,11.8250,-7.5,-0.00075,11.8275,-5.0,-0.00050,11.8275,-5.0,-0.00050,11.8275,-5.0,-0.00050,11.8287,-7.5,-0.00075,50.25
5,948054,1,0,41.31,1163.5,1324.7,1154.8,0.0,8.7200,832.5,0.83250,11.8287,522.5,0.52250,11.8300,1215.0,0.03682,5.0812,700.0,0.07000,11.8250,1965.0,0.19650,11.8225,2487.5,0.24875,11.8275,605.0,0.06050,11.8287,-5.0,-0.00050,11.8300,-7.5,-0.00075,11.8250,-7.5,-0.00075,11.8275,-5.0,-0.00050,11.8275,-5.0,-0.00050,11.8275,-5.0,-0.00050,11.8275,-7.5,-0.00075,50.59
5,948390,1,0,41.59,1381.3,1281.3,1267.5,0.0,8.7187,840.0,0.84000,11.8263,530.0,0.53000,11.8275,1217.5,0.03689,5.0812,700.0,0.07000,11.8225,1980.0,0.19800,11.8212,2515.0,0.25150,11.8250,612.5,0.06125,11.8263,-5.0,-0.00050,11.8275,-7.5,-0.00075,11.8225,-7.5,-0.00075,11.8250,-5.0,-0.00050,11.8250,-5.0,-0.00050,11.8250,-5.0,-0.00050,11.8250,-7.5,-0.00075,50.93
5,948897,1,0,42.01,1412.5,1172.8,1757.6,0.0,8.7137,860.0,0.86000,11.8200,545.0,0.54500,11.8212,1217.5,0.03689,5.0812,702.5,0.07025,11.8175,2042.5,0.20425,11.8137,2562.5,0.25625,11.8200,617.5,0.06175,11.8200,-5.0,-0.00050,11.8212,-7.5,-0.00075,11.8187,-7.5,-0.00075,11.8200,-5.0,-0.00050,11.8200,-5.0,-0.00050,11.8200,-5.0,-0.00050,11.8212,-7.5,-0.00075,51.43
5,949233,1,0,42.29,1398.7,1296.1,1286.6,0.0,8.7137,862.5,0.86250,11.8200,545.0,0.54500,11.8212,1217.5,0.03689,5.0812,700.0,0.07000,11.8175,2020.0,0.20200,11.8137,2602.5,0.26025,11.8200,622.5,0.06225,11.8200,-5.0,-0.00050,11.8212,-7.5,-0.00075,11.8187,-7.5,-0.00075,11.8187,-5.0,-0.00050,11.8187,-5.0,-0.00050,11.8200,-5.0,-0.00050,11.8212,-7.5,-0.00075,51.79
5,949590,1,0,42.59,1298.5,1421.7,1510.3,0.0,8.7125,875.0,0.87500,11.8150,555.0,0.55500,11.8162,1215.0,0.03682,5.0812,700.0,0.07000,11.8112,2082.5,0.20825,11.8088,2640.0,0.26400,11.8137,615.0,0.06150,11.8150,-5.0,-0.00050,11.8162,-7.5,-0.00075,11.8125,-7.5,-0.00075,11.8137,-5.0,-0.00050,11.8137,-5.0,-0.00050,11.8150,-5.0,-0.00050,11.8162,-7.5,-0.00075,52.13
5,949926,1,0,42.87,1305.8,1300.3,1301.0,0.0,8.7100,882.5,0.88250,11.8137,557.5,0.55750,11.8150,1217.5,0.03689,5.0812,702.5,0.07025,11.8112,2070.0,0.20700,11.8075,2660.0,0.26600,11.8137,625.0,0.06250,11.8137,-5.0,-0.00050,11.8150,-7.5,-0.00075,11.8125,-7.5,-0.00075,11.8125,-5.0,-0.00050,11.8125,-5.0,-0.00050,11.8137,-5.0,-0.00050,11.8150,-7.5,-0.00075,52.46
5,950434,1,0,43.29,1206.4,1528.6,1320.3,0.0,8.7087,897.5,0.89750,11.8088,572.5,0.57250,11.8088,1215.0,0.03682,5.0812,702.5,0.07025,11.8050,2147.5,0.21475,11.8025,2710.0,0.27100,11.8075,622.5,0.06225,11.8075,-5.0,-0.00050,11.8088,-7.5,-0.00075,11.8062,-7.5,-0.00075,11.8075,-5.0,-0.00050,11.8075,-5.0,-0.00050,11.8088,-5.0,-0.00050,11.8100,-7.5,-0.00075,52.98
5,950770,1,0,43.57,1212.7,1329.0,1206.3,0.0,8.7087,897.5,0.89750,11.8075,572.5,0.57250,11.8088,1217.5,0.03689,5.0812,702.5,0.07025,11.8050,2147.5,0.21475,11.8012,2712.5,0.27125,11.8075,630.0,0.06300,11.8075,-5.0,-0.00050,11.8088,-7.5,-0.00075,11.8062,-7.5,-0.00075,11.8075,-5.0,-0.00050,11.8075,-5.0,-0.00050,11.8088,-5.0,-0.00050,11.8100,-7.5,-0.00075,53.31
5,951106,1,0,43.85,1330.0,1436.4,1322.1,0.0,8.7087,915.0,0.91500,11.8038,582.5,0.58250,11.8050,1212.5,0.03674,5.0812,700.0,0.07000,11.8012,2167.5,0.21675,11.7975,2767.5,0.27675,11.8038,645.0,0.06450,11.8038,-5.0,-0.00050,11.8050,-7.5,-0.00075,11.8025,-7.5,-0.00075,11.8025,-5.0,-0.00050,11.8038,-5.0,-0.00050,11.8050,-5.0,-0.00050,11.8062,-7.5,-0.00075,53.64
5,951442,1,0,44.13,1671.2,1333.5,1440.2,0.0,8.7162,915.0,0.91500,11.8050,580.0,0.58000,11.8062,1225.0,0.03712,5.0812,700.0,0.07000,11.8012,2170.0,0.21700,11.7987,2742.5,0.27425,11.8038,652.5,0.06525,11.8050,-5.0,-0.00050,11.8062,-7.5,-0.00075,11.8025,-7.5,-0.00075,11.8038,-5.0,-0.00050,11.8038,-5.0,-0.00050,11.8038,-5.0,-0.00050,11.8050,-7.5,-0.00075,53.98
5,952039,1,0,44.63,1460.1,1454.6,1340.6,0.0,8.7550,922.5,0.92250,11.8000,590.0,0.59000,11.8012,1217.5,0.03689,5.0812,702.5,0.07025,11.7962,2182.5,0.21825,11.7937,2815.0,0.28150,11.7987,672.5,0.06725,11.8000,-5.0,-0.00050,11.8012,-7.5,-0.00075,11.7975,-7.5,-0.00075,11.7987,-5.0,-0.00050,11.8000,-5.0,-0.00050,11.8000,-5.0,-0.00050,11.8012,-7.5,-0.00075,54.57
5,952374,1,0,44.91,1354.4,1348.2,1685.0,0.0,8.8038,925.0,0.92500,11.7975,597.5,0.59750,11.7987,1215.0,0.03682,5.0812,702.5,0.07025,11.7950,2220.0,0.22200,11.7925,2810.0,0.28100,11.7962,687.5,0.06875,11.7975,-5.0,-0.00050,11.7987,-7.5,-0.00075,11.7962,-7.5,-0.00075,11.7975,-5.0,-0.00050,11.7962,-5.0,-0.00050,11.7975,-5.0,-0.00050,11.7987,-7.5,-0.00075,54.91
5,952710,1,0,45.19,1361.4,1510.5,1355.1,0.0,8.8400,942.5,0.94250,11.7887,612.5,0.61250,11.7912,1222.5,0.03705,5.0812,702.5,0.07025,11.7850,2287.5,0.22875,11.7837,2900.0,0.29000,11.7887,697.5,0.06975,11.7900,-5.0,-0.00050,11.7912,-7.5,-0.00075,11.7875,-7.5,-0.00075,11.7900,-5.0,-0.00050,11.7900,-5.0,-0.00050,11.7900,-5.0,-0.00050,11.7912,-7.5,-0.00075,55.25
5,953046,1,0,45.47,1308.6,1474.5,1362.2,0.0,8.8663,945.0,0.94500,11.7887,615.0,0.61500,11.7912,1215.0,0.03682,5.0812,700.0,0.07000,11.7837,2305.0,0.23050,11.7825,2912.5,0.29125,11.7875,702.5,0.07025,11.7887,-5.0,-0.00050,11.7912,-7.5,-0.00075,11.7863,-7.5,-0.00075,11.7900,-5.0,-0.00050,11.7887,-5.0,-0.00050,11.7900,-5.0,-0.00050,11.7900,-7.5,-0.00075,55.58
5,953516,1,0,45.86,1576.5,1361.4,1465.1,0.0,8.8725,957.5,0.95750,11.7850,627.5,0.62750,11.7863,1217.5,0.03689,5.0812,702.5,0.07025,11.7825,2330.0,0.23300,11.7800,2937.5,0.29375,11.7850,705.0,0.07050,11.7850,-5.0,-0.00050,11.7863,-7.5,-0.00075,11.7850,-7.5,-0.00075,11.7850,-5.0,-0.00050,11.7850,-5.0,-0.00050,11.7863,-5.0,-0.00050,11.7875,-7.5,-0.00075,56.05
5,953852,1,0,46.14,1267.8,1474.9,1606.4,0.0,8.8637,982.5,0.98250,11.7787,640.0,0.64000,11.7800,1220.0,0.03697,5.0812,702.5,0.07025,11.7750,2417.5,0.24175,11.7712,3022.5,0.30225,11.7775,702.5,0.07025,11.7775,-5.0,-0.00050,11.7787,-7.5,-0.00075,11.7762,-7.5,-0.00075,11.7762,-5.0,-0.00050,11.7775,-5.0,-0.00050,11.7787,-5.0,-0.00050,11.7787,-7.5,-0.00075,56.40
5,954209,1,0,46.44,1392.7,1272.4,1384.1,0.0,8.8462,992.5,0.99250,11.7762,645.0,0.64500,11.7775,1222.5,0.03705,5.0812,702.5,0.07025,11.7712,2415.0,0.24150,11.7688,3050.0,0.30500,11.7762,727.5,0.07275,11.7762,-5.0,-0.00050,11.7775,-7.5,-0.00075,11.7737,-7.5,-0.00075,11.7750,-5.0,-0.00050,11.7762,-5.0,-0.00050,11.7762,-5.0,-0.00050,11.7762,-7.5,-0.00075,56.74
5,954545,1,0,46.72,1401.6,1667.5,1739.7,0.0,8.8250,990.0,0.99000,11.7762,645.0,0.64500,11.7775,1227.5,0.03720,5.0812,702.5,0.07025,11.7725,2405.0,0.24050,11.7700,3035.0,0.30350,11.7737,747.5,0.07475,11.7737,-5.0,-0.00050,11.7750,-7.5,-0.00075,11.7750,-7.5,-0.00075,11.7737,-5.0,-0.00050,11.7737,-5.0,-0.00050,11.7762,-5.0,-0.00050,11.7775,-7.5,-0.00075,57.08
5,955048,1,0,47.14,1293.7,1499.3,1712.4,0.0,8.7712,1000.0,1.00000,11.7787,642.5,0.64250,11.7775,1222.5,0.03705,5.0812,702.5,0.07025,11.7737,2375.0,0.23750,11.7688,3072.5,0.30725,11.7750,745.0,0.07450,11.7737,-5.0,-0.00050,11.7750,-7.5,-0.00075,11.7750,-7.5,-0.00075,11.7725,-5.0,-0.00050,11.7750,-5.0,-0.00050,11.7762,-5.0,-0.00050,11.7775,-7.5,-0.00075,57.59
5,955384,1,0,47.42,1515.1,1408.9,1407.3,0.0,8.7375,1030.0,1.03000,11.7700,665.0,0.66500,11.7712,1225.0,0.03712,5.0812,702.5,0.07025,11.7675,2450.0,0.24500,11.7638,3117.5,0.31175,11.7675,770.0,0.07700,11.7688,-5.0,-0.00050,11.7700,-7.5,-0.00075,11.7675,-7.5,-0.00075,11.7675,-5.0,-0.00050,11.7675,-5.0,-0.00050,11.7675,-5.0,-0.00050,11.7688,-7.5,-0.00075,57.93
5,955720,1,0,47.70,1303.3,1515.7,1297.9,0.0,8.7075,1040.0,1.04000,11.7688,670.0,0.67000,11.7700,1222.5,0.03705,5.0812,702.5,0.07025,11.7662,2462.5,0.24625,11.7638,3140.0,0.31400,11.7675,785.0,0.07850,11.7675,-5.0,-0.00050,11.7700,-7.5,-0.00075,11.7675,-7.5,-0.00075,11.7675,-5.0,-0.00050,11.7675,-5.0,-0.00050,11.7675,-5.0,-0.00050,11.7688,-7.5,-0.00075,58.26
5,956056,1,0,47.98,1310.1,1544.1,1542.4,0.0,8.6950,1062.5,1.06250,11.7638,680.0,0.68000,11.7650,1222.5,0.03705,5.0812,702.5,0.07025,11.7600,2535.0,0.25350,11.7550,3205.0,0.32050,11.7625,770.0,0.07700,11.7625,-5.0,-0.00050,11.7638,-7.5,-0.00075,11.7612,-7.5,-0.00075,11.7612,-5.0,-0.00050,11.7625,-5.0,-0.00050,11.7638,-5.0,-0.00050,11.7638,-7.5,-0.00075,58.59
5,956575,1,0,48.41,1432.2,1537.1,1423.7,0.0,8.6950,1062.5,1.06250,11.7638,680.0,0.68000,11.7662,1222.5,0.03705,5.0812,702.5,0.07025,11.7587,2530.0,0.25300,11.7562,3220.0,0.32200,11.7612,790.0,0.07900,11.7625,-5.0,-0.00050,11.7638,-7.5,-0.00075,11.7600,-7.5,-0.00075,11.7625,-5.0,-0.00050,11.7625,-5.0,-0.00050,11.7625,-5.0,-0.00050,11.7625,-7.5,-0.00075,59.12
5,956911,1,0,48.69,1661.6,1766.5,1651.9,0.0,8.6912,1087.5,1.08750,11.7550,700.0,0.70000,11.7562,1225.0,0.03712,5.0812,702.5,0.07025,11.7512,2602.5,0.26025,11.7475,3310.0,0.33100,11.7537,790.0,0.07900,11.7550,-5.0,-0.00050,11.7562,-7.5,-0.00075,11.7537,-7.5,-0.00075,11.7537,-5.0,-0.00050,11.7550,-5.0,-0.00050,11.7550,-5.0,-0.00050,11.7562,-7.5,-0.00075,59.45
5,957247,1,0,48.97,1438.4,1665.6,1327.7,0.0,8.6912,1095.0,1.09500,11.7537,702.5,0.70250,11.7562,1225.0,0.03712,5.0812,702.5,0.07025,11.7487,2612.5,0.26125,11.7475,3310.0,0.33100,11.7525,820.0,0.08200,11.7537,-5.0,-0.00050,11.7550,-7.5,-0.00075,11.7512,-7.5,-0.00075,11.7525,-5.0,-0.00050,11.7525,-5.0,-0.00050,11.7525,-5.0,-0.00050,11.7537,-7.5,-0.00075,59.79
5,957583,1,0,49.25,1341.4,1562.2,1493.2,0.0,8.6900,1107.5,1.10750,11.7487,715.0,0.71500,11.7512,1227.5,0.03720,5.0812,702.5,0.07025,11.7437,2640.0,0.26400,11.7425,3367.5,0.33675,11.7475,827.5,0.08275,11.7500,-5.0,-0.00050,11.7512,-7.5,-0.00075,11.7450,-7.5,-0.00075,11.7487,-5.0,-0.00050,11.7475,-5.0,-0.00050,11.7487,-5.0,-0.00050,11.7487,-7.5,-0.00075,60.13
5,958094,1,0,49.68,1558.3,1458.9,1791.5,0.0,8.6950,1107.5,1.10750,11.7500,710.0,0.71000,11.7512,1225.0,0.03712,5.0812,702.5,0.07025,11.7437,2652.5,0.26525,11.7400,3380.0,0.33800,11.7475,822.5,0.08225,11.7487,-5.0,-0.00050,11.7500,-7.5,-0.00075,11.7463,-7.5,-0.00075,11.7487,-5.0,-0.00050,11.7500,-5.0,-0.00050,11.7512,-5.0,-0.00050,11.7512,-7.5,-0.00075,60.63
5,958430,1,0,49.96,1566.3,1463.2,1556.9,0.0,8.7037,1127.5,1.12750,11.7413,730.0,0.73000,11.7437,1225.0,0.03712,5.0812,702.5,0.07025,11.7350,2712.5,0.27125,11.7337,3447.5,0.34475,11.7400,850.0,0.08500,11.7413,-5.0,-0.00050,11.7425,-7.5,-0.00075,11.7375,-7.5,-0.00075,11.7413,-5.0,-0.00050,11.7413,-5.0,-0.00050,11.7413,-5.0,-0.00050,11.7425,-7.5,-0.00075,60.98
5,958787,1,0,50.26,1364.4,1807.5,1669.9,0.0,8.7037,1132.5,1.13250,11.7413,735.0,0.73500,11.7425,1227.5,0.03720,5.0812,702.5,0.07025,11.7375,2725.0,0.27250,11.7350,3445.0,0.34450,11.7400,852.5,0.08525,11.7413,-5.0,-0.00050,11.7425,-7.5,-0.00075,11.7400,-7.5,-0.00075,11.7413,-5.0,-0.00050,11.7413,-5.0,-0.00050,11.7413,-5.0,-0.00050,11.7425,-7.5,-0.00075,61.33
5,959123,1,0,50.54,2081.0,1361.6,1590.9,0.0,8.7000,1162.5,1.16250,11.7350,747.5,0.74750,11.7350,1227.5,0.03720,5.0812,702.5,0.07025,11.7300,2787.5,0.27875,11.7262,3515.0,0.35150,11.7325,860.0,0.08600,11.7325,-5.0,-0.00050,11.7337,-7.5,-0.00075,11.7312,-7.5,-0.00075,11.7312,-5.0,-0.00050,11.7325,-5.0,-0.00050,11.7337,-5.0,-0.00050,11.7337,-7.5,-0.00075,61.67
5,959637,1,0,50.96,1483.7,1582.4,1537.4,0.0,8.7050,1152.5,1.15250,11.7362,745.0,0.74500,11.7362,1227.5,0.03720,5.0812,702.5,0.07025,11.7312,2772.5,0.27725,11.7275,3500.0,0.35000,11.7337,857.5,0.08575,11.7350,-5.0,-0.00050,11.7350,-7.5,-0.00075,11.7337,-7.5,-0.00075,11.7337,-5.0,-0.00050,11.7350,-5.0,-0.00050,11.7362,-5.0,-0.00050,11.7375,-7.5,-0.00075,62.18
5,959973,1,0,51.24,1499.5,2066.3,1485.4,0.0,8.7025,1177.5,1.17750,11.7275,762.5,0.76250,11.7300,1225.0,0.03712,5.0812,702.5,0.07025,11.7225,2827.5,0.28275,11.7200,3592.5,0.35925,11.7250,862.5,0.08625,11.7262,-5.0,-0.00050,11.7275,-7.5,-0.00075,11.7250,-7.5,-0.00075,11.7262,-5.0,-0.00050,11.7262,-5.0,-0.00050,11.7262,-5.0,-0.00050,11.7275,-7.5,-0.00075,62.51
5,960309,1,0,51.52,1498.9,1597.8,1616.0,0.0,8.6975,1197.5,1.19750,11.7225,775.0,0.77500,11.7250,1230.0,0.03727,5.0812,702.5,0.07025,11.7175,2867.5,0.28675,11.7150,3657.5,0.36575,11.7200,870.0,0.08700,11.7212,-5.0,-0.00050,11.7225,-7.5,-0.00075,11.7188,-7.5,-0.00075,11.7200,-5.0,-0.00050,11.7200,-5.0,-0.00050,11.7212,-5.0,-0.00050,11.7225,-7.5,-0.00075,62.85
5,960645,1,0,51.80,1865.4,1559.5,1819.0,0.0,8.7037,1202.5,1.20250,11.7225,777.5,0.77750,11.7225,1227.5,0.03720,5.0812,702.5,0.07025,11.7162,2860.0,0.28600,11.7125,3682.5,0.36825,11.7188,895.0,0.08950,11.7200,-5.0,-0.00050,11.7200,-7.5,-0.00075,11.7175,-7.5,-0.00075,11.7188,-5.0,-0.00050,11.7200,-5.0,-0.00050,11.7200,-5.0,-0.00050,11.7212,-7.5,-0.00075,63.19
5,961199,1,0,52.27,1773.2,1619.4,1725.3,0.0,8.7063,1220.0,1.22000,11.7150,790.0,0.79000,11.7162,1227.5,0.03720,5.0812,702.5,0.07025,11.7100,2910.0,0.29100,11.7075,3740.0,0.37400,11.7125,920.0,0.09200,11.7137,-5.0,-0.00050,11.7150,-7.5,-0.00075,11.7125,-7.5,-0.00075,11.7137,-5.0,-0.00050,11.7137,-5.0,-0.00050,11.7150,-5.0,-0.00050,11.7162,-7.5,-0.00075,63.73
5,961535,1,0,52.55,1767.9,1844.4,1625.9,0.0,8.7100,1222.5,1.22250,11.7137,792.5,0.79250,11.7162,1227.5,0.03720,5.0812,702.5,0.07025,11.7075,2912.5,0.29125,11.7050,3760.0,0.37600,11.7112,930.0,0.09300,11.7125,-5.0,-0.00050,11.7137,-7.5,-0.00075,11.7112,-7.5,-0.00075,11.7125,-5.0,-0.00050,11.7125,-5.0,-0.00050,11.7137,-5.0,-0.00050,11.7150,-7.5,-0.00075,64.08
5,961871,1,0,52.83,1528.7,1678.6,1651.3,0.0,8.7112,1227.5,1.22750,11.7125,797.5,0.79750,11.7137,1230.0,0.03727,5.0812,702.5,0.07025,11.7075,2925.0,0.29250,11.7037,3770.0,0.37700,11.7100,930.0,0.09300,11.7112,-5.0,-0.00050,11.7125,-7.5,-0.00075,11.7100,-7.5,-0.00075,11.7100,-5.0,-0.00050,11.7112,-5.0,-0.00050,11.7125,-5.0,-0.00050,11.7125,-7.5,-0.00075,64.42
5,962207,1,0,53.11,1643.9,1639.5,1640.3,0.0,8.7162,1245.0,1.24500,11.7075,810.0,0.81000,11.7087,1227.5,0.03720,5.0812,702.5,0.07025,11.7013,3000.0,0.30000,11.6987,3810.0,0.38100,11.7050,940.0,0.09400,11.7063,-5.0,-0.00050,11.7075,-7.5,-0.00075,11.7050,-7.5,-0.00075,11.7050,-5.0,-0.00050,11.7063,-5.0,-0.00050,11.7075,-5.0,-0.00050,11.7087,-7.5,-0.00075,64.75
5,962846,1,0,53.64,2097.9,1870.2,1590.0,0.0,8.7562,1270.0,1.27000,11.6975,830.0,0.83000,11.6987,1230.0,0.03727,5.0812,702.5,0.07025,11.6912,3075.0,0.30750,11.6887,3922.5,0.39225,11.6950,970.0,0.09700,11.6962,-5.0,-0.00050,11.6975,-7.5,-0.00075,11.6937,-7.5,-0.00075,11.6950,-5.0,-0.00050,11.6962,-5.0,-0.00050,11.6962,-5.0,-0.00050,11.6975,-7.5,-0.00075,65.38
5,963181,1,0,53.92,1554.0,1547.1,1770.0,0.0,8.7562,1282.5,1.28250,11.6937,837.5,0.83750,11.6962,1230.0,0.03727,5.0812,702.5,0.07025,11.6875,3085.0,0.30850,11.6850,3955.0,0.39550,11.6925,975.0,0.09750,11.6937,-5.0,-0.00050,11.6950,-7.5,-0.00075,11.6912,-7.5,-0.00075,11.6937,-5.0,-0.00050,11.6937,-5.0,-0.00050,11.6937,-5.0,-0.00050,11.6950,-7.5,-0.00075,65.73
5,963538,1,0,54.21,1562.1,1666.9,2222.8,0.0,8.7525,1310.0,1.31000,11.6862,857.5,0.85750,11.6875,1232.5,0.03735,5.0812,702.5,0.07025,11.6800,3160.0,0.31600,11.6775,4067.5,0.40675,11.6825,975.0,0.09750,11.6838,-5.0,-0.00050,11.6850,-7.5,-0.00075,11.6825,-7.5,-0.00075,11.6825,-5.0,-0.00050,11.6825,-5.0,-0.00050,11.6838,-5.0,-0.00050,11.6850,-7.5,-0.00075,66.07
5,963874,1,0,54.49,1619.3,1555.4,1719.7,0.0,8.7513,1305.0,1.30500,11.6887,852.5,0.85250,11.6912,1232.5,0.03735,5.0812,702.5,0.07025,11.6812,3125.0,0.31250,11.6775,4067.5,0.40675,11.6862,990.0,0.09900,11.6875,-5.0,-0.00050,11.6887,-7.5,-0.00075,11.6838,-7.5,-0.00075,11.6875,-5.0,-0.00050,11.6875,-5.0,-0.00050,11.6887,-5.0,-0.00050,11.6887,-7.5,-0.00075,66.41
5,964361,1,0,54.90,1802.8,2020.2,1947.9,0.0,8.7475,1320.0,1.32000,11.6838,867.5,0.86750,11.6862,1232.5,0.03735,5.0812,702.5,0.07025,11.6788,3182.5,0.31825,11.6775,4092.5,0.40925,11.6825,995.0,0.09950,11.6850,-5.0,-0.00050,11.6862,-7.5,-0.00075,11.6838,-7.5,-0.00075,11.6850,-5.0,-0.00050,11.6838,-5.0,-0.00050,11.6850,-5.0,-0.00050,11.6862,-7.5,-0.00075,66.91
5,964697,1,0,55.18,1576.4,1569.2,1738.6,0.0,8.7475,1325.0,1.32500,11.6850,867.5,0.86750,11.6875,1232.5,0.03735,5.0812,702.5,0.07025,11.6775,3235.0,0.32350,11.6750,4117.5,0.41175,11.6825,982.5,0.09825,11.6838,-5.0,-0.00050,11.6850,-7.5,-0.00075,11.6812,-7.5,-0.00075,11.6838,-5.0,-0.00050,11.6825,-5.0,-0.00050,11.6838,-5.0,-0.00050,11.6850,-7.5,-0.00075,67.24
5,965033,1,0,55.46,1644.1,1810.4,1926.8,0.0,8.7425,1365.0,1.36500,11.6750,892.5,0.89250,11.6775,1232.5,0.03735,5.0812,702.5,0.07025,11.6675,3357.5,0.33575,11.6637,4222.5,0.42225,11.6712,990.0,0.09900,11.6725,-5.0,-0.00050,11.6737,-7.5,-0.00075,11.6700,-7.5,-0.00075,11.6712,-5.0,-0.00050,11.6712,-5.0,-0.00050,11.6725,-5.0,-0.00050,11.6725,-7.5,-0.00075,67.57
5,965369,1,0,55.74,1487.7,1795.1,1705.7,0.0,8.7425,1367.5,1.36750,11.6750,895.0,0.89500,11.6775,1235.0,0.03742,5.0812,702.5,0.07025,11.6687,3327.5,0.33275,11.6637,4242.5,0.42425,11.6725,992.5,0.09925,11.6737,-5.0,-0.00050,11.6750,-7.5,-0.00075,11.6700,-7.5,-0.00075,11.6725,-5.0,-0.00050,11.6725,-5.0,-0.00050,11.6725,-5.0,-0.00050,11.6725,-7.5,-0.00075,67.92
5,965873,1,0,56.16,1600.5,1808.9,1484.3,0.0,8.7362,1372.5,1.37250,11.6712,900.0,0.90000,11.6750,1232.5,0.03735,5.0812,702.5,0.07025,11.6650,3280.0,0.32800,11.6613,4295.0,0.42950,11.6712,1012.5,0.10125,11.6725,-5.0,-0.00050,11.6737,-7.5,-0.00075,11.6675,-7.5,-0.00075,11.6725,-5.0,-0.00050,11.6712,-5.0,-0.00050,11.6712,-5.0,-0.00050,11.6712,-7.5,-0.00075,68.40
5,966209,1,0,56.44,1714.1,1774.9,1604.6,0.0,8.7312,1400.0,1.40000,11.6662,915.0,0.91500,11.6675,1235.0,0.03742,5.0812,702.5,0.07025,11.6587,3347.5,0.33475,11.6575,4347.5,0.43475,11.6613,1035.0,0.10350,11.6625,-5.0,-0.00050,11.6637,-7.5,-0.00075,11.6625,-7.5,-0.00075,11.6613,-5.0,-0.00050,11.6613,-5.0,-0.00050,11.6625,-5.0,-0.00050,11.6637,-7.5,-0.00075,68.74
5,966545,1,0,56.72,1723.5,1720.2,1819.9,0.0,8.7275,1432.5,1.43250,11.6550,942.5,0.94250,11.6587,1237.5,0.03750,5.0812,702.5,0.07025,11.6487,3442.5,0.34425,11.6450,4480.0,0.44800,11.6537,1097.5,0.10975,11.6562,-5.0,-0.00050,11.6575,-7.5,-0.00075,11.6525,-7.5,-0.00075,11.6562,-5.0,-0.00050,11.6550,-5.0,-0.00050,11.6562,-5.0,-0.00050,11.6562,-7.5,-0.00075,69.08
5,966881,1,0,57.00,1624.5,1835.9,1722.9,0.0,8.7262,1447.5,1.44750,11.6550,945.0,0.94500,11.6562,1237.5,0.03750,5.0812,702.5,0.07025,11.6475,3500.0,0.35000,11.6425,4472.5,0.44725,11.6500,1110.0,0.11100,11.6512,-5.0,-0.00050,11.6525,-7.5,-0.00075,11.6500,-7.5,-0.00075,11.6512,-5.0,-0.00050,11.6525,-5.0,-0.00050,11.6537,-5.0,-0.00050,11.6550,-7.5,-0.00075,69.42
5,967379,1,0,57.42,1634.1,1843.6,1843.5,0.0,8.7262,1447.5,1.44750,11.6537,947.5,0.94750,11.6562,1240.0,0.03758,5.0812,702.5,0.07025,11.6462,3475.0,0.34750,11.6425,4522.5,0.45225,11.6512,1080.0,0.10800,11.6525,-5.0,-0.00050,11.6537,-7.5,-0.00075,11.6487,-7.5,-0.00075,11.6512,-5.0,-0.00050,11.6512,-5.0,-0.00050,11.6525,-5.0,-0.00050,11.6525,-7.5,-0.00075,69.92
5,967714,1,0,57.69,1966.8,1632.0,1742.0,0.0,8.7212,1467.5,1.46750,11.6487,960.0,0.96000,11.6512,1237.5,0.03750,5.0812,702.5,0.07025,11.6400,3507.5,0.35075,11.6362,4577.5,0.45775,11.6450,1102.5,0.11025,11.6462,-5.0,-0.00050,11.6475,-7.5,-0.00075,11.6438,-7.5,-0.00075,11.6450,-5.0,-0.00050,11.6450,-5.0,-0.00050,11.6462,-5.0,-0.00050,11.6462,-7.5,-0.00075,70.27
5,968071,1,0,57.99,1644.8,2075.6,1969.2,0.0,8.7187,1470.0,1.47000,11.6487,962.5,0.96250,11.6487,1237.5,0.03750,5.0812,702.5,0.07025,11.6400,3532.5,0.35325,11.6362,4585.0,0.45850,11.6438,1115.0,0.11150,11.6450,-5.0,-0.00050,11.6462,-7.5,-0.00075,11.6450,-7.5,-0.00075,11.6450,-5.0,-0.00050,11.6462,-5.0,-0.00050,11.6475,-5.0,-0.00050,11.6487,-7.5,-0.00075,70.61
5,968407,1,0,58.27,1747.2,1755.1,1589.7,0.0,8.7137,1492.5,1.49250,11.6400,980.0,0.98000,11.6425,1237.5,0.03750,5.0812,702.5,0.07025,11.6337,3627.5,0.36275,11.6300,4620.0,0.46200,11.6375,1112.5,0.11125,11.6388,-5.0,-0.00050,11.6400,-7.5,-0.00075,11.6375,-7.5,-0.00075,11.6388,-5.0,-0.00050,11.6388,-5.0,-0.00050,11.6400,-5.0,-0.00050,11.6412,-7.5,-0.00075,70.95
5,968875,1,0,58.66,1662.9,1874.9,1654.2,0.0,8.7100,1492.5,1.49250,11.6412,977.5,0.97750,11.6425,1237.5,0.03750,5.0800,702.5,0.07025,11.6337,3595.0,0.35950,11.6300,4622.5,0.46225,11.6375,1137.5,0.11375,11.6388,-5.0,-0.00050,11.6400,-7.5,-0.00075,11.6375,-7.5,-0.00075,11.6375,-5.0,-0.00050,11.6400,-5.0,-0.00050,11.6412,-5.0,-0.00050,11.6412,-7.5,-0.00075,71.41
5,969211,1,0,58.94,1892.1,1771.2,1772.3,0.0,8.7025,1522.5,1.52250,11.6325,997.5,0.99750,11.6337,1237.5,0.03750,5.0800,702.5,0.07025,11.6250,3657.5,0.36575,11.6225,4725.0,0.47250,11.6287,1152.5,0.11525,11.6300,-5.0,-0.00050,11.6312,-7.5,-0.00075,11.6287,-7.5,-0.00075,11.6275,-5.0,-0.00050,11.6287,-5.0,-0.00050,11.6300,-5.0,-0.00050,11.6312,-7.5,-0.00075,71.75
5,969547,1,0,59.22,1669.2,1765.5,1667.1,0.0,8.6912,1535.0,1.53500,11.6287,1005.0,1.00500,11.6300,1240.0,0.03758,5.0812,702.5,0.07025,11.6213,3682.5,0.36825,11.6187,4782.5,0.47825,11.6250,1147.5,0.11475,11.6275,-5.0,-0.00050,11.6300,-7.5,-0.00075,11.6275,-7.5,-0.00075,11.6275,-5.0,-0.00050,11.6275,-5.0,-0.00050,11.6287,-5.0,-0.00050,11.6300,-7.5,-0.00075,72.09
5,969883,1,0,59.50,2020.4,2013.5,1667.1,0.0,8.6750,1562.5,1.56250,11.6213,1022.5,1.02250,11.6225,1242.5,0.03765,5.0800,702.5,0.07025,11.6137,3737.5,0.37375,11.6112,4865.0,0.48650,11.6175,1180.0,0.11800,11.6187,-5.0,-0.00050,11.6213,-7.5,-0.00075,11.6187,-7.5,-0.00075,11.6187,-5.0,-0.00050,11.6200,-5.0,-0.00050,11.6200,-5.0,-0.00050,11.6213,-7.5,-0.00075,72.42
5,970422,1,0,59.95,2003.5,1739.7,1799.8,0.0,8.6275,1577.5,1.57750,11.6200,1025.0,1.02500,11.6213,1240.0,0.03758,5.0812,702.5,0.07025,11.6112,3812.5,0.38125,11.6087,4815.0,0.48150,11.6163,1180.0,0.11800,11.6175,-5.0,-0.00050,11.6187,-7.5,-0.00075,11.6163,-7.5,-0.00075,11.6175,-5.0,-0.00050,11.6175,-5.0,-0.00050,11.6187,-5.0,-0.00050,11.6200,-7.5,-0.00075,72.97
5,970758,1,0,60.23,1641.8,1920.7,1687.2,0.0,8.6237,1600.0,1.60000,11.6137,1040.0,1.04000,11.6150,1242.5,0.03765,5.0800,702.5,0.07025,11.6050,3852.5,0.38525,11.6012,4877.5,0.48775,11.6100,1222.5,0.12225,11.6112,-5.0,-0.00050,11.6125,-7.5,-0.00075,11.6087,-7.5,-0.00075,11.6112,-5.0,-0.00050,11.6112,-5.0,-0.00050,11.6125,-5.0,-0.00050,11.6125,-7.5,-0.00075,73.30
5,971094,1,0,60.51,1593.1,1904.5,1929.9,0.0,8.6237,1597.5,1.59750,11.6125,1040.0,1.04000,11.6137,1242.5,0.03765,5.0800,702.5,0.07025,11.6037,3820.0,0.38200,11.6012,4905.0,0.49050,11.6075,1217.5,0.12175,11.6087,-5.0,-0.00050,11.6112,-7.5,-0.00075,11.6087,-7.5,-0.00075,11.6075,-5.0,-0.00050,11.6100,-5.0,-0.00050,11.6112,-5.0,-0.00050,11.6125,-7.5,-0.00075,73.64
5,971430,1,0,60.79,1826.5,1805.7,1872.0,0.0,8.6175,1645.0,1.64500,11.5975,1072.5,1.07250,11.6012,1245.0,0.03773,5.0800,702.5,0.07025,11.5900,3940.0,0.39400,11.5875,5065.0,0.50650,11.5950,1250.0,0.12500,11.5975,-5.0,-0.00050,11.5988,-7.5,-0.00075,11.5938,-7.5,-0.00075,11.5938,-5.0,-0.00050,11.5938,-5.0,-0.00050,11.5950,-5.0,-0.00050,11.5962,-7.5,-0.00075,73.98
5,971918,1,0,61.20,2068.8,1815.9,1834.1,0.0,8.6163,1662.5,1.66250,11.5962,1080.0,1.08000,11.5975,1242.5,0.03765,5.0812,702.5,0.07025,11.5875,3965.0,0.39650,11.5850,5147.5,0.51475,11.5912,1227.5,0.12275,11.5925,-5.0,-0.00050,11.5938,-7.5,-0.00075,11.5912,-7.5,-0.00075,11.5912,-5.0,-0.00050,11.5925,-5.0,-0.00050,11.5938,-5.0,-0.00050,11.5950,-7.5,-0.00075,74.46
5,972254,1,0,61.48,1615.9,1715.4,2069.1,0.0,8.6112,1695.0,1.69500,11.5850,1100.0,1.10000,11.5862,1247.5,0.03780,5.0800,702.5,0.07025,11.5763,4042.5,0.40425,11.5737,5240.0,0.52400,11.5800,1245.0,0.12450,11.5813,-5.0,-0.00050,11.5825,-7.5,-0.00075,11.5787,-7.5,-0.00075,11.5800,-5.0,-0.00050,11.5813,-5.0,-0.00050,11.5825,-5.0,-0.00050,11.5837,-7.5,-0.00075,74.81
5,972611,1,0,61.78,1840.7,2153.4,1978.8,0.0,8.6075,1722.5,1.72250,11.5775,1120.0,1.12000,11.5800,1245.0,0.03773,5.0800,702.5,0.07025,11.5687,4162.5,0.41625,11.5650,5295.0,0.52950,11.5737,1242.5,0.12425,11.5750,-5.0,-0.00050,11.5775,-7.5,-0.00075,11.5737,-7.5,-0.00075,11.5750,-5.0,-0.00050,11.5763,-5.0,-0.00050,11.5763,-5.0,-0.00050,11.5775,-7.5,-0.00075,75.16
5,972947,1,0,62.06,1741.5,2055.0,1942.6,0.0,8.6075,1735.0,1.73500,11.5737,1130.0,1.13000,11.5763,1247.5,0.03780,5.0800,702.5,0.07025,11.5650,4147.5,0.41475,11.5612,5355.0,0.53550,11.5700,1297.5,0.12975,11.5725,-5.0,-0.00050,11.5737,-7.5,-0.00075,11.5700,-7.5,-0.00075,11.5712,-5.0,-0.00050,11.5712,-5.0,-0.00050,11.5725,-5.0,-0.00050,11.5737,-7.5,-0.00075,75.49
5,973441,1,0,62.47,1640.9,1957.9,1845.5,0.0,8.6038,1757.5,1.75750,11.5675,1142.5,1.14250,11.5700,1247.5,0.03780,5.0800,702.5,0.07025,11.5588,4182.5,0.41825,11.5550,5430.0,0.54300,11.5637,1305.0,0.13050,11.5650,-5.0,-0.00050,11.5662,-7.5,-0.00075,11.5625,-7.5,-0.00075,11.5637,-5.0,-0.00050,11.5637,-5.0,-0.00050,11.5650,-5.0,-0.00050,11.5650,-7.5,-0.00075,75.99
5,973777,1,0,62.75,1975.1,1747.7,1962.0,0.0,8.6025,1772.5,1.77250,11.5625,1150.0,1.15000,11.5650,1250.0,0.03788,5.0800,702.5,0.07025,11.5538,4215.0,0.42150,11.5500,5475.0,0.54750,11.5588,1342.5,0.13425,11.5600,-5.0,-0.00050,11.5625,-7.5,-0.00075,11.5588,-7.5,-0.00075,11.5612,-5.0,-0.00050,11.5612,-5.0,-0.00050,11.5625,-5.0,-0.00050,11.5625,-7.5,-0.00075,76.32
5,974113,1,0,63.03,1761.4,1975.6,1971.4,0.0,8.6000,1790.0,1.79000,11.5562,1165.0,1.16500,11.5588,1247.5,0.03780,5.0800,702.5,0.07025,11.5475,4245.0,0.42450,11.5437,5522.5,0.55225,11.5525,1375.0,0.13750,11.5538,-5.0,-0.00050,11.5550,-7.5,-0.00075,11.5512,-7.5,-0.00075,11.5538,-5.0,-0.00050,11.5550,-5.0,-0.00050,11.5562,-5.0,-0.00050,11.5562,-7.5,-0.00075,76.65
5,974449,1,0,63.31,1656.7,1873.3,1872.0,0.0,8.6000,1787.5,1.78750,11.5575,1165.0,1.16500,11.5612,1247.5,0.03780,5.0800,702.5,0.07025,11.5487,4237.5,0.42375,11.5450,5515.0,0.55150,11.5538,1370.0,0.13700,11.5562,-5.0,-0.00050,11.5575,-7.5,-0.00075,11.5538,-7.5,-0.00075,11.5562,-5.0,-0.00050,11.5562,-5.0,-0.00050,11.5575,-5.0,-0.00050,11.5575,-7.5,-0.00075,76.99
5,974956,1,0,63.73,1872.7,2105.6,1994.1,0.0,8.5988,1802.5,1.80250,11.5538,1175.0,1.17500,11.5575,1250.0,0.03788,5.0800,702.5,0.07025,11.5450,4300.0,0.43000,11.5412,5567.5,0.55675,11.5500,1367.5,0.13675,11.5525,-5.0,-0.00050,11.5538,-7.5,-0.00075,11.5500,-7.5,-0.00075,11.5525,-5.0,-0.00050,11.5512,-5.0,-0.00050,11.5525,-5.0,-0.00050,11.5538,-7.5,-0.00075,77.49
5,975292,1,0,64.01,1893.8,1778.1,2000.6,0.0,8.5975,1812.5,1.81250,11.5525,1177.5,1.17750,11.5538,1250.0,0.03788,5.0800,702.5,0.07025,11.5437,4290.0,0.42900,11.5400,5607.5,0.56075,11.5475,1377.5,0.13775,11.5487,-5.0,-0.00050,11.5512,-7.5,-0.00075,11.5475,-7.5,-0.00075,11.5475,-5.0,-0.00050,11.5500,-5.0,-0.00050,11.5512,-5.0,-0.00050,11.5512,-7.5,-0.00075,77.84
5,975628,1,0,64.29,1677.1,1879.6,2006.7,0.0,8.5937,1845.0,1.84500,11.5412,1200.0,1.20000,11.5450,1250.0,0.03788,5.0800,702.5,0.07025,11.5312,4390.0,0.43900,11.5275,5700.0,0.57000,11.5375,1385.0,0.13850,11.5400,-5.0,-0.00050,11.5400,-7.5,-0.00075,11.5375,-7.5,-0.00075,11.5400,-5.0,-0.00050,11.5387,-5.0,-0.00050,11.5400,-5.0,-0.00050,11.5412,-7.5,-0.00075,78.17
5,975964,1,0,64.57,1789.3,2010.7,2011.8,0.0,8.5887,1877.5,1.87750,11.5363,1222.5,1.22250,11.5363,1247.5,0.03780,5.0800,702.5,0.07025,11.5262,4487.5,0.44875,11.5237,5800.0,0.58000,11.5312,1405.0,0.14050,11.5325,-5.0,-0.00050,11.5337,-7.5,-0.00075,11.5312,-7.5,-0.00075,11.5325,-5.0,-0.00050,11.5337,-5.0,-0.00050,11.5350,-5.0,-0.00050,11.5350,-7.5,-0.00075,78.50
5,976467,1,0,64.99,1695.3,2001.7,1848.1,0.0,8.5813,1942.5,1.94250,11.5175,1262.5,1.26250,11.5200,1252.5,0.03795,5.0800,702.5,0.07025,11.5062,4667.5,0.46675,11.5037,5960.0,0.59600,11.5112,1447.5,0.14475,11.5138,-5.0,-0.00050,11.5150,-7.5,-0.00075,11.5112,-7.5,-0.00075,11.5125,-5.0,-0.00050,11.5125,-5.0,-0.00050,11.5150,-5.0,-0.00050,11.5150,-7.5,-0.00075,79.01
5,976803,1,0,65.27,1930.9,1694.3,2142.8,0.0,8.5800,1947.5,1.94750,11.5162,1267.5,1.26750,11.5188,1255.0,0.03803,5.0800,702.5,0.07025,11.5062,4652.5,0.46525,11.5025,5995.0,0.59950,11.5112,1455.0,0.14550,11.5125,-5.0,-0.00050,11.5138,-7.5,-0.00075,11.5112,-7.5,-0.00075,11.5125,-5.0,-0.00050,11.5138,-5.0,-0.00050,11.5150,-5.0,-0.00050,11.5162,-7.5,-0.00075,79.36
5,977160,1,0,65.57,1818.2,1915.3,1813.0,0.0,8.5787,1965.0,1.96500,11.5112,1277.5,1.27750,11.5125,1257.5,0.03811,5.0800,702.5,0.07025,11.5012,4655.0,0.46550,11.4975,6067.5,0.60675,11.5050,1512.5,0.15125,11.5075,-5.0,-0.00050,11.5087,-7.5,-0.00075,11.5062,-7.5,-0.00075,11.5062,-5.0,-0.00050,11.5087,-5.0,-0.00050,11.5100,-5.0,-0.00050,11.5100,-7.5,-0.00075,79.71
5,977496,1,0,65.85,1931.2,2029.1,1820.4,0.0,8.5787,1957.5,1.95750,11.5125,1272.5,1.27250,11.5138,1252.5,0.03795,5.0800,702.5,0.07025,11.5025,4602.5,0.46025,11.4987,6077.5,0.60775,11.5075,1500.0,0.15000,11.5087,-5.0,-0.00050,11.5100,-7.5,-0.00075,11.5075,-7.5,-0.00075,11.5100,-5.0,-0.00050,11.5100,-5.0,-0.00050,11.5112,-5.0,-0.00050,11.5125,-7.5,-0.00075,80.04
5,977996,1,0,66.26,1983.4,2359.0,1930.7,0.0,8.5775,1970.0,1.97000,11.5087,1282.5,1.28250,11.5112,1252.5,0.03795,5.0800,702.5,0.07025,11.4987,4650.0,0.46500,11.4937,6110.0,0.61100,11.5037,1517.5,0.15175,11.5050,-5.0,-0.00050,11.5075,-7.5,-0.00075,11.5050,-7.5,-0.00075,11.5075,-5.0,-0.00050,11.5075,-5.0,-0.00050,11.5075,-5.0,-0.00050,11.5087,-7.5,-0.00075,80.53
5,978332,1,0,66.54,1944.4,2044.4,1938.0,0.0,8.5800,1975.0,1.97500,11.5075,1287.5,1.28750,11.5087,1255.0,0.03803,5.0800,702.5,0.07025,11.4963,4702.5,0.47025,11.4937,6060.0,0.60600,11.5012,1517.5,0.15175,11.5050,-5.0,-0.00050,11.5062,-7.5,-0.00075,11.5025,-7.5,-0.00075,11.5025,-5.0,-0.00050,11.5037,-5.0,-0.00050,11.5050,-5.0,-0.00050,11.5062,-7.5,-0.00075,80.88
5,978668,1,0,66.82,2061.1,2158.5,1836.4,0.0,8.5763,2010.0,2.01000,11.4925,1310.0,1.31000,11.4963,1250.0,0.03788,5.0800,702.5,0.07025,11.4812,4772.5,0.47725,11.4762,6225.0,0.62250,11.4875,1527.5,0.15275,11.4900,-5.0,-0.00050,11.4900,-7.5,-0.00075,11.4875,-7.5,-0.00075,11.4900,-5.0,-0.00050,11.4887,-5.0,-0.00050,11.4900,-5.0,-0.00050,11.4913,-7.5,-0.00075,81.21
5,979004,1,0,67.10,1961.6,2100.6,1996.6,0.0,8.5750,2015.0,2.01500,11.5012,1310.0,1.31000,11.5037,1250.0,0.03788,5.0800,702.5,0.07025,11.4913,4760.0,0.47600,11.4862,6200.0,0.62000,11.4963,1530.0,0.15300,11.4975,-5.0,-0.00050,11.4975,-7.5,-0.00075,11.4937,-7.5,-0.00075,11.4975,-5.0,-0.00050,11.4963,-5.0,-0.00050,11.4963,-5.0,-0.00050,11.4963,-7.5,-0.00075,81.54
5,979524,1,0,67.54,2073.5,1957.0,1740.4,0.0,8.5700,2057.5,2.05750,11.4963,1340.0,1.34000,11.5000,1252.5,0.03795,5.0800,702.5,0.07025,11.4825,4882.5,0.48825,11.4800,6352.5,0.63525,11.4900,1570.0,0.15700,11.4925,-5.0,-0.00050,11.4937,-7.5,-0.00075,11.4900,-7.5,-0.00075,11.4913,-5.0,-0.00050,11.4887,-5.0,-0.00050,11.4913,-5.0,-0.00050,11.4937,-7.5,-0.00075,82.05
5,979859,1,0,67.82,2079.5,1904.5,2074.3,0.0,8.5600,2140.0,2.14000,11.4787,1392.5,1.39250,11.4837,1252.5,0.03795,5.0800,702.5,0.07025,11.4662,5092.5,0.50925,11.4625,6595.0,0.65950,11.4725,1615.0,0.16150,11.4750,-5.0,-0.00050,11.4762,-7.5,-0.00075,11.4725,-7.5,-0.00075,11.4725,-5.0,-0.00050,11.4712,-5.0,-0.00050,11.4738,-5.0,-0.00050,11.4750,-7.5,-0.00075,82.40
5,980195,1,0,68.10,1980.3,2021.3,1755.4,0.0,8.5550,2175.0,2.17500,11.4687,1412.5,1.41250,11.4700,1255.0,0.03803,5.0800,702.5,0.07025,11.4550,5142.5,0.51425,11.4513,6710.0,0.67100,11.4587,1682.5,0.16825,11.4612,-5.0,-0.00050,11.4637,-7.5,-0.00075,11.4600,-7.5,-0.00075,11.4600,-5.0,-0.00050,11.4625,-5.0,-0.00050,11.4637,-5.0,-0.00050,11.4662,-7.5,-0.00075,82.74
5,980531,1,0,68.38,1882.4,2075.7,1765.4,0.0,8.5538,2177.5,2.17750,11.4600,1417.5,1.41750,11.4625,1255.0,0.03803,5.0800,702.5,0.07025,11.4487,5145.0,0.51450,11.4450,6750.0,0.67500,11.4550,1657.5,0.16575,11.4563,-5.0,-0.00050,11.4587,-7.5,-0.00075,11.4550,-7.5,-0.00075,11.4575,-5.0,-0.00050,11.4587,-5.0,-0.00050,11.4587,-5.0,-0.00050,11.4600,-7.5,-0.00075,83.07
5,981049,1,0,68.81,2117.2,2261.2,2092.8,0.0,8.5562,2187.5,2.18750,11.4600,1420.0,1.42000,11.4612,1257.5,0.03811,5.0800,702.5,0.07025,11.4487,5067.5,0.50675,11.4450,6815.0,0.68150,11.4525,1680.0,0.16800,11.4537,-5.0,-0.00050,11.4550,-7.5,-0.00075,11.4525,-7.5,-0.00075,11.4537,-5.0,-0.00050,11.4563,-5.0,-0.00050,11.4575,-5.0,-0.00050,11.4575,-7.5,-0.00075,83.58
5,981384,1,0,69.09,1902.6,2006.9,1889.8,0.0,8.5575,2202.5,2.20250,11.4450,1440.0,1.44000,11.4475,1255.0,0.03803,5.0800,702.5,0.07025,11.4325,5220.0,0.52200,11.4300,6875.0,0.68750,11.4400,1642.5,0.16425,11.4437,-5.0,-0.00050,11.4462,-7.5,-0.00075,11.4425,-7.5,-0.00075,11.4425,-5.0,-0.00050,11.4425,-5.0,-0.00050,11.4450,-5.0,-0.00050,11.4462,-7.5,-0.00075,83.94
5,981741,1,0,69.38,2023.3,1899.3,2123.0,0.0,8.5562,2215.0,2.21500,11.4412,1440.0,1.44000,11.4425,1257.5,0.03811,5.0800,702.5,0.07025,11.4312,5180.0,0.51800,11.4262,6927.5,0.69275,11.4350,1637.5,0.16375,11.4362,-5.0,-0.00050,11.4362,-7.5,-0.00075,11.4325,-7.5,-0.00075,11.4350,-5.0,-0.00050,11.4362,-5.0,-0.00050,11.4362,-5.0,-0.00050,11.4362,-7.5,-0.00075,84.28
5,982077,1,0,69.66,2224.1,2421.7,1902.9,0.0,8.5512,2247.5,2.24750,11.4312,1465.0,1.46500,11.4350,1260.0,0.03818,5.0800,702.5,0.07025,11.4225,5255.0,0.52550,11.4175,7025.0,0.70250,11.4275,1665.0,0.16650,11.4288,-5.0,-0.00050,11.4300,-7.5,-0.00075,11.4262,-7.5,-0.00075,11.4288,-5.0,-0.00050,11.4288,-5.0,-0.00050,11.4275,-5.0,-0.00050,11.4275,-7.5,-0.00075,84.61
5,982598,1,0,70.10,2127.9,2434.2,2022.8,0.0,8.5475,2272.5,2.27250,11.4375,1477.5,1.47750,11.4400,1260.0,0.03818,5.0800,702.5,0.07025,11.4237,5400.0,0.54000,11.4200,7000.0,0.70000,11.4300,1715.0,0.17150,11.4312,-5.0,-0.00050,11.4325,-7.5,-0.00075,11.4312,-7.5,-0.00075,11.4325,-5.0,-0.00050,11.4325,-5.0,-0.00050,11.4338,-5.0,-0.00050,11.4350,-7.5,-0.00075,85.13
5,982933,1,0,70.38,2311.2,2446.6,1919.4,0.0,8.5425,2297.5,2.29750,11.4338,1492.5,1.49250,11.4350,1260.0,0.03818,5.0800,702.5,0.07025,11.4200,5470.0,0.54700,11.4162,7062.5,0.70625,11.4250,1772.5,0.17725,11.4275,-5.0,-0.00050,11.4288,-7.5,-0.00075,11.4262,-7.5,-0.00075,11.4275,-5.0,-0.00050,11.4300,-5.0,-0.00050,11.4312,-5.0,-0.00050,11.4325,-7.5,-0.00075,85.47
5,983269,1,0,70.66,1823.4,2030.4,2028.2,0.0,8.5425,2295.0,2.29500,11.4400,1497.5,1.49750,11.4437,1257.5,0.03811,5.0800,702.5,0.07025,11.4275,5470.0,0.54700,11.4237,7042.5,0.70425,11.4350,1747.5,0.17475,11.4375,-5.0,-0.00050,11.4387,-7.5,-0.00075,11.4362,-7.5,-0.00075,11.4375,-5.0,-0.00050,11.4375,-5.0,-0.00050,11.4387,-5.0,-0.00050,11.4387,-7.5,-0.00075,85.80
5,983605,1,0,70.94,1882.7,2038.7,2394.4,0.0,8.5363,2320.0,2.32000,11.4387,1510.0,1.51000,11.4412,1260.0,0.03818,5.0800,702.5,0.07025,11.4262,5542.5,0.55425,11.4225,7065.0,0.70650,11.4312,1800.0,0.18000,11.4338,-5.0,-0.00050,11.4362,-7.5,-0.00075,11.4325,-7.5,-0.00075,11.4338,-5.0,-0.00050,11.4350,-5.0,-0.00050,11.4362,-5.0,-0.00050,11.4375,-7.5,-0.00075,86.14
5,984139,1,0,71.38,2103.6,2159.1,2051.7,0.0,8.5387,2307.5,2.30750,11.4525,1502.5,1.50250,11.4537,1257.5,0.03811,5.0800,702.5,0.07025,11.4400,5430.0,0.54300,11.4362,7100.0,0.71000,11.4437,1790.0,0.17900,11.4462,-5.0,-0.00050,11.4475,-7.5,-0.00075,11.4450,-7.5,-0.00075,11.4462,-5.0,-0.00050,11.4487,-5.0,-0.00050,11.4487,-5.0,-0.00050,11.4487,-7.5,-0.00075,86.67
5,984475,1,0,71.66,2062.2,2165.5,2058.2,0.0,8.5387,2340.0,2.34000,11.4550,1522.5,1.52250,11.4550,1257.5,0.03811,5.0800,702.5,0.07025,11.4425,5530.0,0.55300,11.4375,7215.0,0.72150,11.4462,1770.0,0.17700,11.4487,-5.0,-0.00050,11.4500,-7.5,-0.00075,11.4475,-7.5,-0.00075,11.4487,-5.0,-0.00050,11.4500,-5.0,-0.00050,11.4513,-5.0,-0.00050,11.4513,-7.5,-0.00075,87.01
5,984811,1,0,71.94,2068.0,2059.6,2424.3,0.0,8.5450,2342.5,2.34250,11.4563,1525.0,1.52500,11.4575,1252.5,0.03795,5.0800,702.5,0.07025,11.4450,5562.5,0.55625,11.4412,7222.5,0.72225,11.4500,1740.0,0.17400,11.4513,-5.0,-0.00050,11.4525,-7.5,-0.00075,11.4487,-7.5,-0.00075,11.4513,-5.0,-0.00050,11.4513,-5.0,-0.00050,11.4513,-5.0,-0.00050,11.4513,-7.5,-0.00075,87.35
5,985147,1,0,72.22,2337.1,2387.6,2065.2,0.0,8.5525,2367.5,2.36750,11.4462,1545.0,1.54500,11.4513,1257.5,0.03811,5.0812,702.5,0.07025,11.4325,5597.5,0.55975,11.4275,7337.5,0.73375,11.4400,1787.5,0.17875,11.4425,-5.0,-0.00050,11.4425,-7.5,-0.00075,11.4412,-7.5,-0.00075,11.4412,-5.0,-0.00050,11.4400,-5.0,-0.00050,11.4412,-5.0,-0.00050,11.4437,-7.5,-0.00075,87.69
5,985703,1,0,72.69,2278.6,1957.1,2401.6,0.0,8.5512,2427.5,2.42750,11.4325,1587.5,1.58750,11.4350,1260.0,0.03818,5.0800,702.5,0.07025,11.4225,5762.5,0.57625,11.4187,7497.5,0.74975,11.4288,1855.0,0.18550,11.4300,-5.0,-0.00050,11.4312,-7.5,-0.00075,11.4300,-7.5,-0.00075,11.4338,-5.0,-0.00050,11.4325,-5.0,-0.00050,11.4325,-5.0,-0.00050,11.4325,-7.5,-0.00075,88.25
5,986039,1,0,72.97,2496.1,2080.8,2083.0,0.0,8.5500,2477.5,2.47750,11.4412,1607.5,1.60750,11.4412,1255.0,0.03803,5.0800,702.5,0.07025,11.4250,5890.0,0.58900,11.4212,7615.0,0.76150,11.4275,1920.0,0.19200,11.4312,-5.0,-0.00050,11.4338,-7.5,-0.00075,11.4275,-7.5,-0.00075,11.4288,-5.0,-0.00050,11.4338,-5.0,-0.00050,11.4350,-5.0,-0.00050,11.4362,-7.5,-0.00075,88.59
5,986396,1,0,73.26,2107.0,2287.7,2312.3,0.0,8.5500,2555.0,2.55500,11.4162,1677.5,1.67750,11.4225,1262.5,0.03826,5.0800,702.5,0.07025,11.4037,6112.5,0.61125,11.4012,7907.5,0.79075,11.4137,1950.0,0.19500,11.4162,-5.0,-0.00050,11.4175,-7.5,-0.00075,11.4162,-7.5,-0.00075,11.4187,-5.0,-0.00050,11.4162,-5.0,-0.00050,11.4175,-5.0,-0.00050,11.4187,-7.5,-0.00075,88.94
5,986732,1,0,73.54,2115.3,2091.1,2152.1,0.0,8.5588,2577.5,2.57750,11.4162,1687.5,1.68750,11.4212,1260.0,0.03818,5.0800,702.5,0.07025,11.4012,6060.0,0.60600,11.3962,8062.5,0.80625,11.4100,1982.5,0.19825,11.4125,-5.0,-0.00050,11.4137,-7.5,-0.00075,11.4125,-7.5,-0.00075,11.4137,-5.0,-0.00050,11.4137,-5.0,-0.00050,11.4150,-5.0,-0.00050,11.4175,-7.5,-0.00075,89.28
5,987437,1,0,74.13,2004.2,2007.8,2318.8,0.0,8.5750,2537.5,2.53750,11.4300,1660.0,1.66000,11.4338,1260.0,0.03818,5.0800,702.5,0.07025,11.4175,5967.5,0.59675,11.4125,7940.0,0.79400,11.4225,1937.5,0.19375,11.4250,-5.0,-0.00050,11.4262,-7.5,-0.00075,11.4237,-7.5,-0.00075,11.4250,-5.0,-0.00050,11.4262,-5.0,-0.00050,11.4275,-5.0,-0.00050,11.4275,-7.5,-0.00075,89.98
5,987772,1,0,74.41,2012.5,2125.8,2325.0,0.0,8.5800,2537.5,2.53750,11.4300,1662.5,1.66250,11.4325,1260.0,0.03818,5.0800,702.5,0.07025,11.4150,6045.0,0.60450,11.4113,7920.0,0.79200,11.4225,1942.5,0.19425,11.4250,-5.0,-0.00050,11.4275,-7.5,-0.00075,11.4237,-7.5,-0.00075,11.4250,-5.0,-0.00050,11.4262,-5.0,-0.00050,11.4275,-5.0,-0.00050,11.4288,-7.5,-0.00075,90.32
5,988108,1,0,74.69,2141.5,2226.6,2244.2,0.0,8.5763,2535.0,2.53500,11.4288,1662.5,1.66250,11.4325,1257.5,0.03811,5.0800,702.5,0.07025,11.4162,6020.0,0.60200,11.4125,7847.5,0.78475,11.4237,1980.0,0.19800,11.4250,-5.0,-0.00050,11.4262,-7.5,-0.00075,11.4250,-7.5,-0.00075,11.4262,-5.0,-0.00050,11.4250,-5.0,-0.00050,11.4262,-5.0,-0.00050,11.4262,-7.5,-0.00075,90.67
5,988465,1,0,74.99,2147.8,2445.2,1913.7,0.0,8.5800,2545.0,2.54500,11.4275,1665.0,1.66500,11.4300,1260.0,0.03818,5.0800,702.5,0.07025,11.4125,6092.5,0.60925,11.4075,7857.5,0.78575,11.4175,1957.5,0.19575,11.4212,-5.0,-0.00050,11.4237,-7.5,-0.00075,11.4187,-7.5,-0.00075,11.4212,-5.0,-0.00050,11.4225,-5.0,-0.00050,11.4237,-5.0,-0.00050,11.4250,-7.5,-0.00075,91.01
5,988942,1,0,75.38,2139.4,2136.1,2134.3,0.0,8.5750,2580.0,2.58000,11.4175,1690.0,1.69000,11.4212,1262.5,0.03826,5.0800,702.5,0.07025,11.4037,6245.0,0.62450,11.4000,7910.0,0.79100,11.4100,1967.5,0.19675,11.4125,-5.0,-0.00050,11.4137,-7.5,-0.00075,11.4113,-7.5,-0.00075,11.4125,-5.0,-0.00050,11.4137,-5.0,-0.00050,11.4150,-5.0,-0.00050,11.4162,-7.5,-0.00075,91.49
5,989278,1,0,75.66,2145.9,2033.7,2246.1,0.0,8.5662,2595.0,2.59500,11.4113,1702.5,1.70250,11.4150,1260.0,0.03818,5.0800,702.5,0.07025,11.3975,6292.5,0.62925,11.3938,7930.0,0.79300,11.4063,1987.5,0.19875,11.4087,-5.0,-0.00050,11.4100,-7.5,-0.00075,11.4075,-7.5,-0.00075,11.4087,-5.0,-0.00050,11.4087,-5.0,-0.00050,11.4087,-5.0,-0.00050,11.4113,-7.5,-0.00075,91.81
5,989614,1,0,75.94,2151.4,2249.7,2144.1,0.0,8.5525,2655.0,2.65500,11.3950,1740.0,1.74000,11.3987,1262.5,0.03826,5.0800,702.5,0.07025,11.3800,6400.0,0.64000,11.3762,8160.0,0.81600,11.3888,2017.5,0.20175,11.3925,-5.0,-0.00050,11.3938,-7.5,-0.00075,11.3900,-7.5,-0.00075,11.3912,-5.0,-0.00050,11.3912,-5.0,-0.00050,11.3938,-5.0,-0.00050,11.3950,-7.5,-0.00075,92.16
5,989950,1,0,76.22,2267.2,2041.7,2150.7,0.0,8.5538,2700.0,2.70000,11.3850,1765.0,1.76500,11.3875,1262.5,0.03826,5.0800,702.5,0.07025,11.3700,6487.5,0.64875,11.3663,8332.5,0.83325,11.3762,2052.5,0.20525,11.3800,-5.0,-0.00050,11.3812,-7.5,-0.00075,11.3775,-7.5,-0.00075,11.3787,-5.0,-0.00050,11.3800,-5.0,-0.00050,11.3812,-5.0,-0.00050,11.3812,-7.5,-0.00075,92.49
5,990396,1,0,76.60,2280.9,2379.0,2160.3,0.0,8.5462,2727.5,2.72750,11.3775,1785.0,1.78500,11.3812,1260.0,0.03818,5.0800,702.5,0.07025,11.3625,6457.5,0.64575,11.3587,8470.0,0.84700,11.3700,2102.5,0.21025,11.3725,-5.0,-0.00050,11.3750,-7.5,-0.00075,11.3725,-7.5,-0.00075,11.3737,-5.0,-0.00050,11.3737,-5.0,-0.00050,11.3750,-5.0,-0.00050,11.3762,-7.5,-0.00075,92.95
5,990753,1,0,76.89,2290.8,2283.8,2170.9,0.0,8.5475,2765.0,2.76500,11.3675,1802.5,1.80250,11.3687,1265.0,0.03833,5.0800,702.5,0.07025,11.3500,6515.0,0.65150,11.3437,8630.0,0.86300,11.3550,2130.0,0.21300,11.3600,-5.0,-0.00050,11.3625,-7.5,-0.00075,11.3575,-7.5,-0.00075,11.3587,-5.0,-0.00050,11.3625,-5.0,-0.00050,11.3637,-5.0,-0.00050,11.3637,-7.5,-0.00075,93.30
5,991089,1,0,77.17,2299.2,2515.0,2687.1,0.0,8.5475,2797.5,2.79750,11.3612,1827.5,1.82750,11.3650,1270.0,0.03848,5.0800,702.5,0.07025,11.3425,6630.0,0.66300,11.3375,8652.5,0.86525,11.3512,2170.0,0.21700,11.3537,-5.0,-0.00050,11.3550,-7.5,-0.00075,11.3512,-7.5,-0.00075,11.3512,-5.0,-0.00050,11.3537,-5.0,-0.00050,11.3550,-5.0,-0.00050,11.3562,-7.5,-0.00075,93.62
5,991425,1,0,77.45,2085.5,2451.4,2384.4,0.0,8.5425,2842.5,2.84250,11.3500,1860.0,1.86000,11.3537,1270.0,0.03848,5.0800,705.0,0.07050,11.3337,6860.0,0.68600,11.3287,8730.0,0.87300,11.3412,2115.0,0.21150,11.3450,-5.0,-0.00050,11.3450,-7.5,-0.00075,11.3425,-7.5,-0.00075,11.3437,-5.0,-0.00050,11.3425,-5.0,-0.00050,11.3437,-5.0,-0.00050,11.3462,-7.5,-0.00075,93.98
5,991904,1,0,77.85,2098.1,2075.9,2191.2,0.0,8.5512,2807.5,2.80750,11.3575,1845.0,1.84500,11.3625,1267.5,0.03841,5.0800,702.5,0.07025,11.3437,6657.5,0.66575,11.3400,8752.5,0.87525,11.3537,2127.5,0.21275,11.3550,-5.0,-0.00050,11.3562,-7.5,-0.00075,11.3562,-7.5,-0.00075,11.3587,-5.0,-0.00050,11.3550,-5.0,-0.00050,11.3562,-5.0,-0.00050,11.3575,-7.5,-0.00075,94.44
5,992240,1,0,78.13,2310.9,2302.5,2304.8,0.0,8.5450,2837.5,2.83750,11.3575,1862.5,1.86250,11.3625,1265.0,0.03833,5.0800,702.5,0.07025,11.3400,6790.0,0.67900,11.3362,8792.5,0.87925,11.3512,2165.0,0.21650,11.3562,-5.0,-0.00050,11.3575,-7.5,-0.00075,11.3537,-7.5,-0.00075,11.3525,-5.0,-0.00050,11.3525,-5.0,-0.00050,11.3550,-5.0,-0.00050,11.3562,-7.5,-0.00075,94.77
5,992576,1,0,78.41,1996.5,2199.5,2190.6,0.0,8.5363,2922.5,2.92250,11.3462,1905.0,1.90500,11.3488,1267.5,0.03841,5.0800,705.0,0.07050,11.3325,6890.0,0.68900,11.3275,9032.5,0.90325,11.3350,2250.0,0.22500,11.3375,-5.0,-0.00050,11.3387,-7.5,-0.00075,11.3337,-7.5,-0.00075,11.3362,-5.0,-0.00050,11.3387,-5.0,-0.00050,11.3387,-5.0,-0.00050,11.3387,-7.5,-0.00075,95.12
5,992933,1,0,78.71,2420.2,2513.1,2583.4,0.0,8.5312,2990.0,2.99000,11.3362,1952.5,1.95250,11.3400,1270.0,0.03848,5.0800,702.5,0.07025,11.3187,7212.5,0.72125,11.3150,9100.0,0.91000,11.3263,2320.0,0.23200,11.3287,-5.0,-0.00050,11.3300,-7.5,-0.00075,11.3287,-7.5,-0.00075,11.3313,-5.0,-0.00050,11.3313,-5.0,-0.00050,11.3325,-5.0,-0.00050,11.3350,-7.5,-0.00075,95.47
5,993423,1,0,79.12,2116.4,2558.0,2429.9,0.0,8.5325,2980.0,2.98000,11.3375,1947.5,1.94750,11.3412,1265.0,0.03833,5.0800,705.0,0.07050,11.3187,7055.0,0.70550,11.3137,9160.0,0.91600,11.3263,2387.5,0.23875,11.3300,-5.0,-0.00050,11.3313,-7.5,-0.00075,11.3287,-7.5,-0.00075,11.3287,-5.0,-0.00050,11.3313,-5.0,-0.00050,11.3337,-5.0,-0.00050,11.3350,-7.5,-0.00075,95.96
5,993759,1,0,79.40,2464.8,2434.5,2229.3,0.0,8.5250,3027.5,3.02750,11.3313,1977.5,1.97750,11.3337,1267.5,0.03841,5.0800,702.5,0.07025,11.3125,7095.0,0.70950,11.3075,9412.5,0.94125,11.3200,2357.5,0.23575,11.3237,-5.0,-0.00050,11.3250,-7.5,-0.00075,11.3212,-7.5,-0.00075,11.3237,-5.0,-0.00050,11.3237,-5.0,-0.00050,11.3250,-5.0,-0.00050,11.3275,-7.5,-0.00075,96.30
5,994105,1,0,79.40,2282.2,2551.7,2342.5,0.0,8.5312,2987.5,2.98750,11.3425,1952.5,1.95250,11.3450,1260.0,0.03818,5.0800,705.0,0.07050,11.3263,6990.0,0.69900,11.3212,9337.5,0.93375,11.3325,2282.5,0.22825,11.3362,-5.0,-0.00050,11.3375,-7.5,-0.00075,11.3350,-7.5,-0.00075,11.3375,-5.0,-0.00050,11.3387,-5.0,-0.00050,11.3387,-5.0,-0.00050,11.3400,-7.5,-0.00075,96.64
5,994441,1,0,79.11,2345.6,2236.0,2559.4,0.0,8.5487,2852.5,2.85250,11.3762,1867.5,1.86750,11.3800,1262.5,0.03826,5.0800,702.5,0.07025,11.3612,6685.0,0.66850,11.3562,8932.5,0.89325,11.3687,2202.5,0.22025,11.3725,-5.0,-0.00050,11.3737,-7.5,-0.00075,11.3725,-7.5,-0.00075,11.3737,-5.0,-0.00050,11.3725,-5.0,-0.00050,11.3737,-5.0,-0.00050,11.3762,-7.5,-0.00075,96.99
5,994946,1,0,78.69,2136.1,2656.2,2339.3,0.0,8.5725,2655.0,2.65500,11.4262,1742.5,1.74250,11.4300,1260.0,0.03818,5.0800,702.5,0.07025,11.4113,6325.0,0.63250,11.4075,8252.5,0.82525,11.4200,2047.5,0.20475,11.4225,-5.0,-0.00050,11.4237,-7.5,-0.00075,11.4212,-7.5,-0.00075,11.4225,-5.0,-0.00050,11.4225,-5.0,-0.00050,11.4237,-5.0,-0.00050,11.4250,-7.5,-0.00075,97.49
5,995282,1,0,78.41,2229.8,2434.8,2116.8,0.0,8.5850,2550.0,2.55000,11.4525,1672.5,1.67250,11.4563,1255.0,0.03803,5.0800,702.5,0.07025,11.4375,6082.5,0.60825,11.4325,7887.5,0.78875,11.4450,1985.0,0.19850,11.4475,-5.0,-0.00050,11.4487,-7.5,-0.00075,11.4450,-7.5,-0.00075,11.4462,-5.0,-0.00050,11.4462,-5.0,-0.00050,11.4475,-5.0,-0.00050,11.4487,-7.5,-0.00075,97.83
5,995618,1,0,78.13,2282.0,2317.9,2106.4,0.0,8.5912,2485.0,2.48500,11.4662,1632.5,1.63250,11.4700,1255.0,0.03803,5.0800,705.0,0.07050,11.4537,5952.5,0.59525,11.4513,7640.0,0.76400,11.4600,1927.5,0.19275,11.4612,-5.0,-0.00050,11.4625,-7.5,-0.00075,11.4600,-7.5,-0.00075,11.4625,-5.0,-0.00050,11.4612,-5.0,-0.00050,11.4625,-5.0,-0.00050,11.4637,-7.5,-0.00075,98.15
5,995954,1,0,77.85,2211.0,2323.0,2199.5,0.0,8.5962,2432.5,2.43250,11.4800,1597.5,1.59750,11.4825,1255.0,0.03803,5.0800,702.5,0.07025,11.4662,5847.5,0.58475,11.4637,7522.5,0.75225,11.4738,1877.5,0.18775,11.4762,-5.0,-0.00050,11.4787,-7.5,-0.00075,11.4738,-7.5,-0.00075,11.4750,-5.0,-0.00050,11.4775,-5.0,-0.00050,11.4775,-5.0,-0.00050,11.4787,-7.5,-0.00075,98.49
5,996450,1,0,77.44,2086.8,2285.4,2194.1,0.0,8.5925,2450.0,2.45000,11.4775,1607.5,1.60750,11.4800,1257.5,0.03811,5.0800,705.0,0.07050,11.4637,5870.0,0.58700,11.4600,7565.0,0.75650,11.4700,1912.5,0.19125,11.4738,-5.0,-0.00050,11.4750,-7.5,-0.00075,11.4725,-7.5,-0.00075,11.4738,-5.0,-0.00050,11.4738,-5.0,-0.00050,11.4750,-5.0,-0.00050,11.4762,-7.5,-0.00075,98.98
5,996785,1,0,77.16,1975.0,2483.8,2185.9,0.0,8.5900,2447.5,2.44750,11.4775,1605.0,1.60500,11.4800,1260.0,0.03818,5.0800,702.5,0.07025,11.4650,5817.5,0.58175,11.4600,7572.5,0.75725,11.4700,1930.0,0.19300,11.4738,-5.0,-0.00050,11.4750,-7.5,-0.00075,11.4725,-7.5,-0.00075,11.4738,-5.0,-0.00050,11.4738,-5.0,-0.00050,11.4750,-5.0,-0.00050,11.4762,-7.5,-0.00075,99.33
5,997142,1,0,76.86,2127.4,2721.8,2755.8,0.0,8.5900,2430.0,2.43000,11.4825,1592.5,1.59250,11.4862,1257.5,0.03811,5.0800,702.5,0.07025,11.4687,5750.0,0.57500,11.4662,7542.5,0.75425,11.4762,1907.5,0.19075,11.4787,-5.0,-0.00050,11.4800,-7.5,-0.00075,11.4775,-7.5,-0.00075,11.4787,-5.0,-0.00050,11.4800,-5.0,-0.00050,11.4812,-5.0,-0.00050,11.4825,-7.5,-0.00075,99.69
5,997478,1,0,76.58,2179.1,2388.6,2279.5,0.0,8.5887,2420.0,2.42000,11.4837,1590.0,1.59000,11.4875,1255.0,0.03803,5.0800,702.5,0.07025,11.4712,5685.0,0.56850,11.4675,7542.5,0.75425,11.4787,1897.5,0.18975,11.4800,-5.0,-0.00050,11.4812,-7.5,-0.00075,11.4787,-7.5,-0.00075,11.4800,-5.0,-0.00050,11.4800,-5.0,-0.00050,11.4812,-5.0,-0.00050,11.4825,-7.5,-0.00075,100.02
5,997975,1,0,76.17,2052.4,2272.9,2420.9,0.0,8.5912,2407.5,2.40750,11.4862,1580.0,1.58000,11.4887,1255.0,0.03803,5.0800,705.0,0.07050,11.4725,5730.0,0.57300,11.4700,7462.5,0.74625,11.4787,1922.5,0.19225,11.4837,-5.0,-0.00050,11.4862,-7.5,-0.00075,11.4825,-7.5,-0.00075,11.4837,-5.0,-0.00050,11.4850,-5.0,-0.00050,11.4862,-5.0,-0.00050,11.4875,-7.5,-0.00075,100.51
5,998311,1,0,75.89,2269.6,2372.8,2266.5,0.0,8.5900,2417.5,2.41750,11.4862,1582.5,1.58250,11.4887,1255.0,0.03803,5.0800,702.5,0.07025,11.4725,5750.0,0.57500,11.4687,7442.5,0.74425,11.4787,1912.5,0.19125,11.4812,-5.0,-0.00050,11.4825,-7.5,-0.00075,11.4775,-7.5,-0.00075,11.4800,-5.0,-0.00050,11.4812,-5.0,-0.00050,11.4825,-5.0,-0.00050,11.4837,-7.5,-0.00075,100.85
5,998647,1,0,75.61,2516.8,2254.4,2326.3,0.0,8.5925,2377.5,2.37750,11.4937,1557.5,1.55750,11.4963,1255.0,0.03803,5.0800,702.5,0.07025,11.4837,5637.5,0.56375,11.4800,7345.0,0.73450,11.4875,1860.0,0.18600,11.4887,-5.0,-0.00050,11.4900,-7.5,-0.00075,11.4875,-7.5,-0.00075,11.4913,-5.0,-0.00050,11.4913,-5.0,-0.00050,11.4913,-5.0,-0.00050,11.4913,-7.5,-0.00075,101.18
5,998983,1,0,75.33,2255.0,2287.4,2146.9,0.0,8.5912,2340.0,2.34000,11.4950,1540.0,1.54000,11.5000,1252.5,0.03795,5.0800,702.5,0.07025,11.4825,5620.0,0.56200,11.4787,7270.0,0.72700,11.4913,1800.0,0.18000,11.4925,-5.0,-0.00050,11.4937,-7.5,-0.00075,11.4925,-7.5,-0.00075,11.4950,-5.0,-0.00050,11.4925,-5.0,-0.00050,11.4950,-5.0,-0.00050,11.4963,-7.5,-0.00075,101.52
5,999502,1,0,74.89,1923.2,2514.1,2145.5,0.0,8.5862,2357.5,2.35750,11.5025,1537.5,1.53750,11.5037,1252.5,0.03795,5.0800,702.5,0.07025,11.4875,5645.0,0.56450,11.4837,7280.0,0.72800,11.4925,1777.5,0.17775,11.4950,-5.0,-0.00050,11.4963,-7.5,-0.00075,11.4925,-7.5,-0.00075,11.4937,-5.0,-0.00050,11.4963,-5.0,-0.00050,11.4975,-5.0,-0.00050,11.4975,-7.5,-0.00075,102.04
5,999838,1,0,74.61,2084.1,2017.2,2233.1,0.0,8.5900,2342.5,2.34250,11.5062,1532.5,1.53250,11.5100,1252.5,0.03795,5.0800,702.5,0.07025,11.4925,5650.0,0.56500,11.4887,7200.0,0.72000,11.4987,1767.5,0.17675,11.5025,-5.0,-0.00050,11.5025,-7.5,-0.00075,11.4987,-7.5,-0.00075,11.5000,-5.0,-0.00050,11.5012,-5.0,-0.00050,11.5025,-5.0,-0.00050,11.5037,-7.5,-0.00075,102.37
5,1000174,1,0,74.33,2237.0,2475.2,2358.9,0.0,8.5988,2272.5,2.27250,11.5212,1492.5,1.49250,11.5250,1252.5,0.03795,5.0800,702.5,0.07025,11.5112,5445.0,0.54450,11.5075,6995.0,0.69950,11.5175,1742.5,0.17425,11.5188,-5.0,-0.00050,11.5200,-7.5,-0.00075,11.5188,-7.5,-0.00075,11.5200,-5.0,-0.00050,11.5188,-5.0,-0.00050,11.5188,-5.0,-0.00050,11.5212,-7.5,-0.00075,102.71
5,1000510,1,0,74.05,2137.0,2237.9,2114.9,0.0,8.6038,2230.0,2.23000,11.5312,1460.0,1.46000,11.5312,1247.5,0.03780,5.0800,702.5,0.07025,11.5175,5305.0,0.53050,11.5138,6900.0,0.69000,11.5212,1790.0,0.17900,11.5250,-5.0,-0.00050,11.5275,-7.5,-0.00075,11.5237,-7.5,-0.00075,11.5250,-5.0,-0.00050,11.5287,-5.0,-0.00050,11.5300,-5.0,-0.00050,11.5300,-7.5,-0.00075,103.05
5,1001022,1,0,73.63,2216.0,2420.7,2211.8,0.0,8.6012,2200.0,2.20000,11.5412,1440.0,1.44000,11.5425,1250.0,0.03788,5.0800,702.5,0.07025,11.5275,5262.5,0.52625,11.5237,6790.0,0.67900,11.5337,1745.0,0.17450,11.5363,-5.0,-0.00050,11.5387,-7.5,-0.00075,11.5350,-7.5,-0.00075,11.5363,-5.0,-0.00050,11.5387,-5.0,-0.00050,11.5400,-5.0,-0.00050,11.5412,-7.5,-0.00075,103.56
5,1001358,1,0,73.35,2004.2,1994.7,2001.6,0.0,8.6025,2180.0,2.18000,11.5450,1430.0,1.43000,11.5487,1250.0,0.03788,5.0800,702.5,0.07025,11.5337,5240.0,0.52400,11.5312,6702.5,0.67025,11.5400,1710.0,0.17100,11.5425,-5.0,-0.00050,11.5437,-7.5,-0.00075,11.5400,-7.5,-0.00075,11.5412,-5.0,-0.00050,11.5425,-5.0,-0.00050,11.5437,-5.0,-0.00050,11.5450,-7.5,-0.00075,103.92
5,1001715,1,0,73.05,2200.4,2092.4,2408.2,0.0,8.6100,2135.0,2.13500,11.5575,1400.0,1.40000,11.5600,1252.5,0.03795,5.0800,702.5,0.07025,11.5450,5152.5,0.51525,11.5412,6560.0,0.65600,11.5512,1665.0,0.16650,11.5538,-5.0,-0.00050,11.5550,-7.5,-0.00075,11.5525,-7.5,-0.00075,11.5538,-5.0,-0.00050,11.5538,-5.0,-0.00050,11.5550,-5.0,-0.00050,11.5562,-7.5,-0.00075,104.26
5,1002051,1,0,72.77,2192.9,1876.7,1980.5,0.0,8.6100,2120.0,2.12000,11.5600,1390.0,1.39000,11.5625,1252.5,0.03795,5.0800,702.5,0.07025,11.5487,5135.0,0.51350,11.5450,6537.5,0.65375,11.5550,1627.5,0.16275,11.5562,-5.0,-0.00050,11.5588,-7.5,-0.00075,11.5550,-7.5,-0.00075,11.5562,-5.0,-0.00050,11.5575,-5.0,-0.00050,11.5588,-5.0,-0.00050,11.5588,-7.5,-0.00075,104.59
5,1002565,1,0,72.34,1871.5,1974.2,2192.1,0.0,8.6087,2110.0,2.11000,11.5650,1380.0,1.38000,11.5662,1250.0,0.03788,5.0800,702.5,0.07025,11.5525,5050.0,0.50500,11.5487,6522.5,0.65225,11.5575,1640.0,0.16400,11.5600,-5.0,-0.00050,11.5612,-7.5,-0.00075,11.5588,-7.5,-0.00075,11.5588,-5.0,-0.00050,11.5612,-5.0,-0.00050,11.5625,-5.0,-0.00050,11.5637,-7.5,-0.00075,105.10
5,1002900,1,0,72.06,2073.1,2332.2,1856.3,0.0,8.6100,2102.5,2.10250,11.5637,1380.0,1.38000,11.5675,1250.0,0.03788,5.0800,702.5,0.07025,11.5538,5005.0,0.50050,11.5500,6497.5,0.64975,11.5600,1615.0,0.16150,11.5625,-5.0,-0.00050,11.5625,-7.5,-0.00075,11.5600,-7.5,-0.00075,11.5612,-5.0,-0.00050,11.5612,-5.0,-0.00050,11.5612,-5.0,-0.00050,11.5625,-7.5,-0.00075,105.43
5,1003236,1,0,71.78,2230.3,2064.7,2283.5,0.0,8.6100,2072.5,2.07250,11.5725,1355.0,1.35500,11.5737,1245.0,0.03773,5.0800,702.5,0.07025,11.5600,4900.0,0.49000,11.5562,6460.0,0.64600,11.5650,1617.5,0.16175,11.5675,-5.0,-0.00050,11.5700,-7.5,-0.00075,11.5650,-7.5,-0.00075,11.5675,-5.0,-0.00050,11.5687,-5.0,-0.00050,11.5712,-5.0,-0.00050,11.5712,-7.5,-0.00075,105.77
5,1003572,1,0,71.50,2066.1,1948.8,1950.1,0.0,8.6150,2055.0,2.05500,11.5763,1347.5,1.34750,11.5787,1247.5,0.03780,5.0812,702.5,0.07025,11.5662,4872.5,0.48725,11.5625,6392.5,0.63925,11.5712,1575.0,0.15750,11.5737,-5.0,-0.00050,11.5750,-7.5,-0.00075,11.5712,-7.5,-0.00075,11.5737,-5.0,-0.00050,11.5737,-5.0,-0.00050,11.5737,-5.0,-0.00050,11.5750,-7.5,-0.00075,106.11
5,1004098,1,0,71.06,2269.0,2261.8,2048.4,0.0,8.6125,2065.0,2.06500,11.5750,1352.5,1.35250,11.5775,1250.0,0.03788,5.0800,702.5,0.07025,11.5625,4917.5,0.49175,11.5600,6390.0,0.63900,11.5687,1602.5,0.16025,11.5712,-5.0,-0.00050,11.5725,-7.5,-0.00075,11.5700,-7.5,-0.00075,11.5712,-5.0,-0.00050,11.5725,-5.0,-0.00050,11.5737,-5.0,-0.00050,11.5737,-7.5,-0.00075,106.63
5,1004434,1,0,70.78,1830.9,2364.4,1880.5,0.0,8.6175,2002.5,2.00250,11.5900,1312.5,1.31250,11.5938,1245.0,0.03773,5.0800,702.5,0.07025,11.5787,4777.5,0.47775,11.5750,6197.5,0.61975,11.5850,1550.0,0.15500,11.5887,-5.0,-0.00050,11.5900,-7.5,-0.00075,11.5862,-7.5,-0.00075,11.5862,-5.0,-0.00050,11.5875,-5.0,-0.00050,11.5887,-5.0,-0.00050,11.5900,-7.5,-0.00075,106.97
5,1004770,1,0,70.50,1931.3,2051.0,2035.6,0.0,8.6137,1985.0,1.98500,11.5912,1302.5,1.30250,11.5950,1245.0,0.03773,5.0800,702.5,0.07025,11.5813,4712.5,0.47125,11.5775,6172.5,0.61725,11.5887,1535.0,0.15350,11.5900,-5.0,-0.00050,11.5925,-7.5,-0.00075,11.5887,-7.5,-0.00075,11.5912,-5.0,-0.00050,11.5900,-5.0,-0.00050,11.5912,-5.0,-0.00050,11.5925,-7.5,-0.00075,107.31
5,1005106,1,0,70.22,1818.8,2246.3,2243.7,0.0,8.6087,1992.5,1.99250,11.5925,1300.0,1.30000,11.5950,1245.0,0.03773,5.0800,702.5,0.07025,11.5813,4807.5,0.48075,11.5775,6097.5,0.60975,11.5862,1555.0,0.15550,11.5875,-5.0,-0.00050,11.5900,-7.5,-0.00075,11.5862,-7.5,-0.00075,11.5875,-5.0,-0.00050,11.5887,-5.0,-0.00050,11.5900,-5.0,-0.00050,11.5912,-7.5,-0.00075,107.65
5,1005691,1,0,69.74,2027.2,2122.4,2149.1,0.0,8.6087,1962.5,1.96250,11.5988,1282.5,1.28250,11.6000,1240.0,0.03758,5.0800,702.5,0.07025,11.5900,4727.5,0.47275,11.5862,5970.0,0.59700,11.5950,1537.5,0.15375,11.5950,-5.0,-0.00050,11.5962,-7.5,-0.00075,11.5938,-7.5,-0.00075,11.5975,-5.0,-0.00050,11.5988,-5.0,-0.00050,11.5988,-5.0,-0.00050,11.5975,-7.5,-0.00075,108.23
5,1006027,1,0,69.46,2144.4,1958.7,2335.3,0.0,8.5925,1922.5,1.92250,11.6062,1257.5,1.25750,11.6125,1240.0,0.03758,5.0812,702.5,0.07025,11.5975,4582.5,0.45825,11.5938,5877.5,0.58775,11.6050,1502.5,0.15025,11.6062,-5.0,-0.00050,11.6075,-7.5,-0.00075,11.6025,-7.5,-0.00075,11.6050,-5.0,-0.00050,11.6012,-5.0,-0.00050,11.6025,-5.0,-0.00050,11.6050,-7.5,-0.00075,108.59
5,1006384,1,0,69.16,2116.8,1950.2,1902.5,0.0,8.5925,1910.0,1.91000,11.6087,1247.5,1.24750,11.6100,1242.5,0.03765,5.0812,702.5,0.07025,11.6025,4592.5,0.45925,11.5988,5835.0,0.58350,11.6062,1430.0,0.14300,11.6075,-5.0,-0.00050,11.6087,-7.5,-0.00075,11.6050,-7.5,-0.00075,11.6075,-5.0,-0.00050,11.6075,-5.0,-0.00050,11.6075,-5.0,-0.00050,11.6062,-7.5,-0.00075,108.93
5,1006720,1,0,68.88,1900.9,1781.5,1891.5,0.0,8.5900,1922.5,1.92250,11.6100,1250.0,1.25000,11.6112,1242.5,0.03765,5.0812,702.5,0.07025,11.6012,4622.5,0.46225,11.5988,5877.5,0.58775,11.6050,1415.0,0.14150,11.6062,-5.0,-0.00050,11.6075,-7.5,-0.00075,11.6037,-7.5,-0.00075,11.6062,-5.0,-0.00050,11.6075,-5.0,-0.00050,11.6075,-5.0,-0.00050,11.6075,-7.5,-0.00075,109.26
5,1007141,1,0,68.53,1997.9,2045.3,2152.6,0.0,8.5900,1917.5,1.91750,11.6137,1247.5,1.24750,11.6150,1242.5,0.03765,5.0812,702.5,0.07025,11.6037,4570.0,0.45700,11.6000,5905.0,0.59050,11.6075,1435.0,0.14350,11.6100,-5.0,-0.00050,11.6112,-7.5,-0.00075,11.6075,-7.5,-0.00075,11.6075,-5.0,-0.00050,11.6100,-5.0,-0.00050,11.6100,-5.0,-0.00050,11.6112,-7.5,-0.00075,109.67
5,1007477,1,0,68.25,2196.9,2324.3,2081.5,0.0,8.5975,1855.0,1.85500,11.6250,1212.5,1.21250,11.6300,1240.0,0.03758,5.0812,702.5,0.07025,11.6150,4415.0,0.44150,11.6125,5747.5,0.57475,11.6225,1417.5,0.14175,11.6250,-5.0,-0.00050,11.6275,-7.5,-0.00075,11.6237,-7.5,-0.00075,11.6250,-5.0,-0.00050,11.6237,-5.0,-0.00050,11.6262,-5.0,-0.00050,11.6275,-7.5,-0.00075,110.01
5,1007813,1,0,67.97,1875.1,2095.1,2203.0,0.0,8.6012,1827.5,1.82750,11.6325,1187.5,1.18750,11.6337,1240.0,0.03758,5.0812,702.5,0.07025,11.6237,4352.5,0.43525,11.6187,5577.5,0.55775,11.6262,1430.0,0.14300,11.6262,-5.0,-0.00050,11.6287,-7.5,-0.00075,11.6250,-7.5,-0.00075,11.6275,-5.0,-0.00050,11.6287,-5.0,-0.00050,11.6300,-5.0,-0.00050,11.6300,-7.5,-0.00075,110.35
5,1008149,1,0,67.69,1986.2,2378.1,2416.2,0.0,8.6038,1805.0,1.80500,11.6375,1180.0,1.18000,11.6425,1240.0,0.03758,5.0812,702.5,0.07025,11.6300,4252.5,0.42525,11.6262,5572.5,0.55725,11.6362,1400.0,0.14000,11.6388,-5.0,-0.00050,11.6400,-7.5,-0.00075,11.6362,-7.5,-0.00075,11.6375,-5.0,-0.00050,11.6362,-5.0,-0.00050,11.6375,-5.0,-0.00050,11.6375,-7.5,-0.00075,110.70
5,1008508,1,0,67.39,2199.8,1956.8,2265.0,0.0,8.6050,1790.0,1.79000,11.6400,1170.0,1.17000,11.6450,1240.0,0.03758,5.0812,702.5,0.07025,11.6337,4210.0,0.42100,11.6287,5557.5,0.55575,11.6400,1380.0,0.13800,11.6412,-5.0,-0.00050,11.6425,-7.5,-0.00075,11.6388,-7.5,-0.00075,11.6412,-5.0,-0.00050,11.6400,-5.0,-0.00050,11.6400,-5.0,-0.00050,11.6400,-7.5,-0.00075,111.04
5,1008843,1,0,67.11,1805.0,1853.8,1962.5,0.0,8.6075,1775.0,1.77500,11.6450,1160.0,1.16000,11.6500,1240.0,0.03758,5.0800,702.5,0.07025,11.6375,4170.0,0.41700,11.6337,5487.5,0.54875,11.6438,1370.0,0.13700,11.6450,-5.0,-0.00050,11.6462,-7.5,-0.00075,11.6412,-7.5,-0.00075,11.6438,-5.0,-0.00050,11.6425,-5.0,-0.00050,11.6425,-5.0,-0.00050,11.6438,-7.5,-0.00075,111.38
5,1009179,1,0,66.83,1851.5,1897.6,1846.9,0.0,8.6075,1780.0,1.78000,11.6450,1160.0,1.16000,11.6487,1240.0,0.03758,5.0812,702.5,0.07025,11.6375,4217.5,0.42175,11.6337,5480.0,0.54800,11.6425,1357.5,0.13575,11.6438,-5.0,-0.00050,11.6450,-7.5,-0.00075,11.6400,-7.5,-0.00075,11.6425,-5.0,-0.00050,11.6412,-5.0,-0.00050,11.6412,-5.0,-0.00050,11.6425,-7.5,-0.00075,111.71
5,1009515,1,0,66.55,1844.4,2059.7,2078.9,0.0,8.6112,1750.0,1.75000,11.6550,1140.0,1.14000,11.6562,1237.5,0.03750,5.0812,702.5,0.07025,11.6462,4140.0,0.41400,11.6425,5372.5,0.53725,11.6512,1350.0,0.13500,11.6512,-5.0,-0.00050,11.6525,-7.5,-0.00075,11.6500,-7.5,-0.00075,11.6512,-5.0,-0.00050,11.6512,-5.0,-0.00050,11.6525,-5.0,-0.00050,11.6525,-7.5,-0.00075,112.05
5,1009852,1,0,66.27,2008.6,1959.7,1835.6,0.0,8.6125,1740.0,1.74000,11.6562,1130.0,1.13000,11.6575,1235.0,0.03742,5.0812,702.5,0.07025,11.6487,4102.5,0.41025,11.6450,5340.0,0.53400,11.6537,1350.0,0.13500,11.6537,-5.0,-0.00050,11.6550,-7.5,-0.00075,11.6512,-7.5,-0.00075,11.6525,-5.0,-0.00050,11.6537,-5.0,-0.00050,11.6537,-5.0,-0.00050,11.6550,-7.5,-0.00075,112.39
5,1010188,1,0,65.99,1940.2,1723.3,2089.0,0.0,8.6125,1730.0,1.73000,11.6575,1130.0,1.13000,11.6613,1237.5,0.03750,5.0812,702.5,0.07025,11.6500,4155.0,0.41550,11.6462,5297.5,0.52975,11.6550,1317.5,0.13175,11.6562,-5.0,-0.00050,11.6575,-7.5,-0.00075,11.6537,-7.5,-0.00075,11.6562,-5.0,-0.00050,11.6550,-5.0,-0.00050,11.6562,-5.0,-0.00050,11.6587,-7.5,-0.00075,112.74
5,1010545,1,0,65.69,2043.0,2039.4,1823.6,0.0,8.6150,1715.0,1.71500,11.6625,1117.5,1.11750,11.6662,1237.5,0.03750,5.0812,702.5,0.07025,11.6537,4140.0,0.41400,11.6500,5225.0,0.52250,11.6587,1300.0,0.13000,11.6600,-5.0,-0.00050,11.6625,-7.5,-0.00075,11.6587,-7.5,-0.00075,11.6600,-5.0,-0.00050,11.6613,-5.0,-0.00050,11.6613,-5.0,-0.00050,11.6625,-7.5,-0.00075,113.08
5,1010881,1,0,65.41,1992.6,2206.7,2029.7,0.0,8.6200,1680.0,1.68000,11.6725,1092.5,1.09250,11.6750,1235.0,0.03742,5.0812,702.5,0.07025,11.6637,4070.0,0.40700,11.6600,5087.5,0.50875,11.6687,1272.5,0.12725,11.6712,-5.0,-0.00050,11.6725,-7.5,-0.00075,11.6687,-7.5,-0.00075,11.6700,-5.0,-0.00050,11.6700,-5.0,-0.00050,11.6712,-5.0,-0.00050,11.6725,-7.5,-0.00075,113.41
5,1011218,1,0,65.13,1815.6,1930.1,2126.8,0.0,8.6225,1657.5,1.65750,11.6775,1080.0,1.08000,11.6800,1235.0,0.03742,5.0812,702.5,0.07025,11.6687,3992.5,0.39925,11.6662,5042.5,0.50425,11.6737,1295.0,0.12950,11.6750,-5.0,-0.00050,11.6762,-7.5,-0.00075,11.6725,-7.5,-0.00075,11.6750,-5.0,-0.00050,11.6750,-5.0,-0.00050,11.6762,-5.0,-0.00050,11.6762,-7.5,-0.00075,113.75
5,1011554,1,0,64.85,1701.1,2079.8,2013.6,0.0,8.6250,1645.0,1.64500,11.6800,1070.0,1.07000,11.6825,1235.0,0.03742,5.0812,702.5,0.07025,11.6712,3950.0,0.39500,11.6687,5002.5,0.50025,11.6762,1282.5,0.12825,11.6775,-5.0,-0.00050,11.6788,-7.5,-0.00075,11.6762,-7.5,-0.00075,11.6775,-5.0,-0.00050,11.6775,-5.0,-0.00050,11.6788,-5.0,-0.00050,11.6800,-7.5,-0.00075,114.09
5,1011890,1,0,64.57,2012.1,2398.2,2006.8,0.0,8.6275,1622.5,1.62250,11.6850,1055.0,1.05500,11.6887,1232.5,0.03735,5.0812,702.5,0.07025,11.6762,3877.5,0.38775,11.6737,4932.5,0.49325,11.6825,1280.0,0.12800,11.6838,-5.0,-0.00050,11.6850,-7.5,-0.00075,11.6812,-7.5,-0.00075,11.6825,-5.0,-0.00050,11.6825,-5.0,-0.00050,11.6838,-5.0,-0.00050,11.6850,-7.5,-0.00075,114.42
5,1012226,1,0,64.29,1900.1,2131.8,1683.6,0.0,8.6287,1612.5,1.61250,11.6875,1050.0,1.05000,11.6900,1235.0,0.03742,5.0812,702.5,0.07025,11.6800,3852.5,0.38525,11.6762,4912.5,0.49125,11.6850,1235.0,0.12350,11.6850,-5.0,-0.00050,11.6862,-7.5,-0.00075,11.6825,-7.5,-0.00075,11.6850,-5.0,-0.00050,11.6838,-5.0,-0.00050,11.6850,-5.0,-0.00050,11.6850,-7.5,-0.00075,114.78
5,1012585,1,0,63.99,1789.1,2345.4,1884.9,0.0,8.6312,1592.5,1.59250,11.6925,1035.0,1.03500,11.6962,1232.5,0.03735,5.0812,702.5,0.07025,11.6850,3802.5,0.38025,11.6812,4855.0,0.48550,11.6887,1235.0,0.12350,11.6912,-5.0,-0.00050,11.6925,-7.5,-0.00075,11.6887,-7.5,-0.00075,11.6912,-5.0,-0.00050,11.6900,-5.0,-0.00050,11.6912,-5.0,-0.00050,11.6925,-7.5,-0.00075,115.12
5,1012920,1,0,63.71,1782.9,1777.6,1891.2,0.0,8.6325,1582.5,1.58250,11.6950,1030.0,1.03000,11.6962,1230.0,0.03727,5.0812,702.5,0.07025,11.6875,3750.0,0.37500,11.6850,4862.5,0.48625,11.6912,1235.0,0.12350,11.6925,-5.0,-0.00050,11.6950,-7.5,-0.00075,11.6912,-7.5,-0.00075,11.6937,-5.0,-0.00050,11.6937,-5.0,-0.00050,11.6937,-5.0,-0.00050,11.6950,-7.5,-0.00075,115.45
5,1013256,1,0,63.43,1783.6,1762.9,1663.0,0.0,8.6350,1557.5,1.55750,11.7013,1012.5,1.01250,11.7037,1232.5,0.03735,5.0812,702.5,0.07025,11.6937,3685.0,0.36850,11.6900,4797.5,0.47975,11.6975,1210.0,0.12100,11.6987,-5.0,-0.00050,11.7000,-7.5,-0.00075,11.6975,-7.5,-0.00075,11.7000,-5.0,-0.00050,11.6987,-5.0,-0.00050,11.7000,-5.0,-0.00050,11.7013,-7.5,-0.00075,115.79
5,1013592,1,0,63.15,1776.1,2094.8,1968.7,0.0,8.6362,1555.0,1.55500,11.7013,1012.5,1.01250,11.7037,1230.0,0.03727,5.0812,702.5,0.07025,11.6937,3680.0,0.36800,11.6900,4772.5,0.47725,11.6987,1220.0,0.12200,11.7000,-5.0,-0.00050,11.7013,-7.5,-0.00075,11.6987,-7.5,-0.00075,11.7000,-5.0,-0.00050,11.7013,-5.0,-0.00050,11.7013,-5.0,-0.00050,11.7025,-7.5,-0.00075,116.13
5,1013929,1,0,62.87,2073.1,2061.2,2424.1,0.0,8.6412,1517.5,1.51750,11.7125,985.0,0.98500,11.7137,1230.0,0.03727,5.0812,702.5,0.07025,11.7050,3580.0,0.35800,11.7013,4647.5,0.46475,11.7087,1180.0,0.11800,11.7112,-5.0,-0.00050,11.7112,-7.5,-0.00075,11.7087,-7.5,-0.00075,11.7100,-5.0,-0.00050,11.7100,-5.0,-0.00050,11.7112,-5.0,-0.00050,11.7125,-7.5,-0.00075,116.46
5,1014265,1,0,62.59,1809.1,1972.7,1851.8,0.0,8.6438,1492.5,1.49250,11.7175,970.0,0.97000,11.7200,1230.0,0.03727,5.0812,702.5,0.07025,11.7100,3550.0,0.35500,11.7075,4542.5,0.45425,11.7137,1160.0,0.11600,11.7162,-5.0,-0.00050,11.7175,-7.5,-0.00075,11.7137,-7.5,-0.00075,11.7150,-5.0,-0.00050,11.7162,-5.0,-0.00050,11.7175,-5.0,-0.00050,11.7175,-7.5,-0.00075,116.81
5,1014622,1,0,62.29,1969.3,1639.3,1968.1,0.0,8.6475,1462.5,1.46250,11.7250,952.5,0.95250,11.7262,1230.0,0.03727,5.0812,702.5,0.07025,11.7175,3467.5,0.34675,11.7150,4480.0,0.44800,11.7225,1132.5,0.11325,11.7238,-5.0,-0.00050,11.7250,-7.5,-0.00075,11.7212,-7.5,-0.00075,11.7225,-5.0,-0.00050,11.7238,-5.0,-0.00050,11.7238,-5.0,-0.00050,11.7250,-7.5,-0.00075,117.15
5,1014958,1,0,62.01,1741.8,1851.6,1960.1,0.0,8.6475,1465.0,1.46500,11.7250,952.5,0.95250,11.7262,1227.5,0.03720,5.0812,702.5,0.07025,11.7175,3510.0,0.35100,11.7137,4462.5,0.44625,11.7212,1122.5,0.11225,11.7225,-5.0,-0.00050,11.7238,-7.5,-0.00075,11.7200,-7.5,-0.00075,11.7212,-5.0,-0.00050,11.7225,-5.0,-0.00050,11.7238,-5.0,-0.00050,11.7250,-7.5,-0.00075,117.49
5,1015295,1,0,61.73,1735.8,2061.3,1733.5,0.0,8.6462,1470.0,1.47000,11.7212,957.5,0.95750,11.7250,1230.0,0.03727,5.0812,702.5,0.07025,11.7137,3535.0,0.35350,11.7112,4502.5,0.45025,11.7200,1107.5,0.11075,11.7212,-5.0,-0.00050,11.7225,-7.5,-0.00075,11.7188,-7.5,-0.00075,11.7200,-5.0,-0.00050,11.7200,-5.0,-0.00050,11.7200,-5.0,-0.00050,11.7225,-7.5,-0.00075,117.83
5,1015631,1,0,61.45,1946.8,1835.8,2157.7,0.0,8.6475,1462.5,1.46250,11.7225,955.0,0.95500,11.7250,1227.5,0.03720,5.0812,702.5,0.07025,11.7162,3525.0,0.35250,11.7150,4465.0,0.44650,11.7200,1110.0,0.11100,11.7225,-5.0,-0.00050,11.7250,-7.5,-0.00075,11.7225,-7.5,-0.00075,11.7225,-5.0,-0.00050,11.7225,-5.0,-0.00050,11.7238,-5.0,-0.00050,11.7250,-7.5,-0.00075,118.17
5,1015967,1,0,61.17,1849.1,1957.9,1827.1,0.0,8.6500,1440.0,1.44000,11.7312,935.0,0.93500,11.7325,1227.5,0.03720,5.0812,702.5,0.07025,11.7250,3450.0,0.34500,11.7225,4360.0,0.43600,11.7275,1095.0,0.10950,11.7287,-5.0,-0.00050,11.7312,-7.5,-0.00075,11.7275,-7.5,-0.00075,11.7275,-5.0,-0.00050,11.7287,-5.0,-0.00050,11.7287,-5.0,-0.00050,11.7300,-7.5,-0.00075,118.50
5,1016303,1,0,60.89,1613.8,1992.8,1713.6,0.0,8.6500,1435.0,1.43500,11.7312,932.5,0.93250,11.7337,1225.0,0.03712,5.0812,702.5,0.07025,11.7250,3395.0,0.33950,11.7225,4390.0,0.43900,11.7287,1105.0,0.11050,11.7300,-5.0,-0.00050,11.7312,-7.5,-0.00075,11.7275,-7.5,-0.00075,11.7287,-5.0,-0.00050,11.7287,-5.0,-0.00050,11.7300,-5.0,-0.00050,11.7312,-7.5,-0.00075,118.86
5,1016661,1,0,60.59,1716.2,1942.4,1601.4,0.0,8.6512,1427.5,1.42750,11.7350,922.5,0.92250,11.7337,1230.0,0.03727,5.0812,700.0,0.07000,11.7275,3340.0,0.33400,11.7238,4412.5,0.44125,11.7287,1090.0,0.10900,11.7300,-5.0,-0.00050,11.7312,-7.5,-0.00075,11.7287,-7.5,-0.00075,11.7300,-5.0,-0.00050,11.7325,-5.0,-0.00050,11.7337,-5.0,-0.00050,11.7350,-7.5,-0.00075,119.21
5,1016997,1,0,60.31,1815.3,1934.9,1914.0,0.0,8.6550,1405.0,1.40500,11.7400,910.0,0.91000,11.7413,1225.0,0.03712,5.0812,702.5,0.07025,11.7325,3272.5,0.32725,11.7300,4360.0,0.43600,11.7362,1085.0,0.10850,11.7375,-5.0,-0.00050,11.7387,-7.5,-0.00075,11.7362,-7.5,-0.00075,11.7362,-5.0,-0.00050,11.7362,-5.0,-0.00050,11.7375,-5.0,-0.00050,11.7387,-7.5,-0.00075,119.54
5,1017333,1,0,60.03,1700.3,1798.6,1693.7,0.0,8.6575,1385.0,1.38500,11.7437,900.0,0.90000,11.7463,1225.0,0.03712,5.0812,702.5,0.07025,11.7375,3262.5,0.32625,11.7337,4305.0,0.43050,11.7413,1035.0,0.10350,11.7425,-5.0,-0.00050,11.7437,-7.5,-0.00075,11.7413,-7.5,-0.00075,11.7425,-5.0,-0.00050,11.7425,-5.0,-0.00050,11.7425,-5.0,-0.00050,11.7437,-7.5,-0.00075,119.88
5,1017669,1,0,59.75,1859.1,1791.3,2032.2,0.0,8.6600,1370.0,1.37000,11.7463,890.0,0.89000,11.7487,1225.0,0.03712,5.0812,702.5,0.07025,11.7400,3210.0,0.32100,11.7375,4272.5,0.42725,11.7437,1045.0,0.10450,11.7450,-5.0,-0.00050,11.7463,-7.5,-0.00075,11.7437,-7.5,-0.00075,11.7450,-5.0,-0.00050,11.7450,-5.0,-0.00050,11.7463,-5.0,-0.00050,11.7475,-7.5,-0.00075,120.21
5,1018006,1,0,59.47,1691.8,2280.1,1952.6,0.0,8.6600,1362.5,1.36250,11.7487,885.0,0.88500,11.7525,1225.0,0.03712,5.0812,700.0,0.07000,11.7425,3250.0,0.32500,11.7400,4180.0,0.41800,11.7475,1017.5,0.10175,11.7487,-5.0,-0.00050,11.7487,-7.5,-0.00075,11.7450,-7.5,-0.00075,11.7463,-5.0,-0.00050,11.7475,-5.0,-0.00050,11.7475,-5.0,-0.00050,11.7487,-7.5,-0.00075,120.54
5,1018342,1,0,59.19,1992.7,1793.0,1776.0,0.0,8.6625,1350.0,1.35000,11.7525,872.5,0.87250,11.7562,1222.5,0.03705,5.0812,702.5,0.07025,11.7475,3222.5,0.32225,11.7425,4117.5,0.41175,11.7512,1030.0,0.10300,11.7525,-5.0,-0.00050,11.7525,-7.5,-0.00075,11.7487,-7.5,-0.00075,11.7512,-5.0,-0.00050,11.7512,-5.0,-0.00050,11.7512,-5.0,-0.00050,11.7525,-7.5,-0.00075,120.90
5,1018699,1,0,58.90,1679.8,1770.0,1784.5,0.0,8.6625,1347.5,1.34750,11.7500,877.5,0.87750,11.7537,1222.5,0.03705,5.0812,702.5,0.07025,11.7450,3212.5,0.32125,11.7425,4142.5,0.41425,11.7500,1025.0,0.10250,11.7512,-5.0,-0.00050,11.7525,-7.5,-0.00075,11.7487,-7.5,-0.00075,11.7512,-5.0,-0.00050,11.7500,-5.0,-0.00050,11.7512,-5.0,-0.00050,11.7525,-7.5,-0.00075,121.24
5,1019035,1,0,58.62,1562.3,1889.3,1866.9,0.0,8.6675,1307.5,1.30750,11.7625,850.0,0.85000,11.7650,1222.5,0.03705,5.0812,702.5,0.07025,11.7562,3122.5,0.31225,11.7525,4000.0,0.40000,11.7612,1000.0,0.10000,11.7612,-5.0,-0.00050,11.7625,-7.5,-0.00075,11.7575,-7.5,-0.00075,11.7612,-5.0,-0.00050,11.7612,-5.0,-0.00050,11.7612,-5.0,-0.00050,11.7625,-7.5,-0.00075,121.58
5,1019372,1,0,58.33,1824.4,1881.5,1660.9,0.0,8.6700,1290.0,1.29000,11.7675,832.5,0.83250,11.7675,1220.0,0.03697,5.0812,700.0,0.07000,11.7612,3082.5,0.30825,11.7562,3917.5,0.39175,11.7638,1000.0,0.10000,11.7638,-5.0,-0.00050,11.7650,-7.5,-0.00075,11.7625,-7.5,-0.00075,11.7650,-5.0,-0.00050,11.7662,-5.0,-0.00050,11.7675,-5.0,-0.00050,11.7675,-7.5,-0.00075,121.92
5,1019708,1,0,58.05,1768.2,1983.7,1765.2,0.0,8.6725,1272.5,1.27250,11.7725,822.5,0.82250,11.7750,1220.0,0.03697,5.0812,700.0,0.07000,11.7662,3022.5,0.30225,11.7650,3852.5,0.38525,11.7688,985.0,0.09850,11.7712,-5.0,-0.00050,11.7725,-7.5,-0.00075,11.7688,-7.5,-0.00075,11.7700,-5.0,-0.00050,11.7688,-5.0,-0.00050,11.7700,-5.0,-0.00050,11.7712,-7.5,-0.00075,122.25
5,1020044,1,0,57.77,1649.1,1645.9,1648.7,0.0,8.6712,1275.0,1.27500,11.7700,827.5,0.82750,11.7712,1220.0,0.03697,5.0812,702.5,0.07025,11.7650,3002.5,0.30025,11.7612,3927.5,0.39275,11.7675,962.5,0.09625,11.7688,-5.0,-0.00050,11.7700,-7.5,-0.00075,11.7662,-7.5,-0.00075,11.7688,-5.0,-0.00050,11.7700,-5.0,-0.00050,11.7712,-5.0,-0.00050,11.7712,-7.5,-0.00075,122.58
5,1020380,1,0,57.49,1532.8,1530.4,1692.2,0.0,8.6750,1252.5,1.25250,11.7775,810.0,0.81000,11.7800,1222.5,0.03705,5.0812,702.5,0.07025,11.7725,2922.5,0.29225,11.7688,3867.5,0.38675,11.7762,957.5,0.09575,11.7775,-5.0,-0.00050,11.7775,-7.5,-0.00075,11.7737,-7.5,-0.00075,11.7762,-5.0,-0.00050,11.7762,-5.0,-0.00050,11.7762,-5.0,-0.00050,11.7762,-7.5,-0.00075,122.93
5,1020738,1,0,57.20,1635.5,1959.6,1853.0,0.0,8.6762,1245.0,1.24500,11.7787,805.0,0.80500,11.7800,1222.5,0.03705,5.0812,700.0,0.07000,11.7725,2922.5,0.29225,11.7700,3867.5,0.38675,11.7762,925.0,0.09250,11.7775,-5.0,-0.00050,11.7787,-7.5,-0.00075,11.7762,-7.5,-0.00075,11.7775,-5.0,-0.00050,11.7787,-5.0,-0.00050,11.7787,-5.0,-0.00050,11.7800,-7.5,-0.00075,123.28
5,1021074,1,0,56.92,1955.6,1734.9,1844.6,0.0,8.6788,1225.0,1.22500,11.7825,792.5,0.79250,11.7850,1225.0,0.03712,5.0812,702.5,0.07025,11.7787,2877.5,0.28775,11.7750,3792.5,0.37925,11.7812,902.5,0.09025,11.7825,-5.0,-0.00050,11.7837,-7.5,-0.00075,11.7812,-7.5,-0.00075,11.7825,-5.0,-0.00050,11.7825,-5.0,-0.00050,11.7825,-5.0,-0.00050,11.7837,-7.5,-0.00075,123.61
5,1021410,1,0,56.64,1624.2,1835.2,1727.6,0.0,8.6838,1217.5,1.21750,11.7863,785.0,0.78500,11.7863,1217.5,0.03689,5.0812,700.0,0.07000,11.7800,2872.5,0.28725,11.7775,3765.0,0.37650,11.7837,892.5,0.08925,11.7837,-5.0,-0.00050,11.7850,-7.5,-0.00075,11.7825,-7.5,-0.00075,11.7837,-5.0,-0.00050,11.7850,-5.0,-0.00050,11.7850,-5.0,-0.00050,11.7863,-7.5,-0.00075,123.95
5,1021746,1,0,56.36,1943.1,1721.8,1826.5,0.0,8.6838,1217.5,1.21750,11.7850,790.0,0.79000,11.7863,1222.5,0.03705,5.0812,700.0,0.07000,11.7800,2907.5,0.29075,11.7775,3747.5,0.37475,11.7825,885.0,0.08850,11.7837,-5.0,-0.00050,11.7850,-7.5,-0.00075,11.7825,-7.5,-0.00075,11.7825,-5.0,-0.00050,11.7837,-5.0,-0.00050,11.7837,-5.0,-0.00050,11.7850,-7.5,-0.00075,124.29
5,1022083,1,0,56.08,1614.0,1930.0,1818.1,0.0,8.6888,1192.5,1.19250,11.7912,772.5,0.77250,11.7925,1220.0,0.03697,5.0812,700.0,0.07000,11.7863,2852.5,0.28525,11.7837,3650.0,0.36500,11.7900,875.0,0.08750,11.7912,-5.0,-0.00050,11.7925,-7.5,-0.00075,11.7887,-7.5,-0.00075,11.7900,-5.0,-0.00050,11.7900,-5.0,-0.00050,11.7912,-5.0,-0.00050,11.7925,-7.5,-0.00075,124.62
5,1022419,1,0,55.80,2036.4,1706.8,1878.1,0.0,8.6950,1170.0,1.17000,11.7962,755.0,0.75500,11.7975,1217.5,0.03689,5.0812,700.0,0.07000,11.7912,2792.5,0.27925,11.7875,3557.5,0.35575,11.7937,882.5,0.08825,11.7950,-5.0,-0.00050,11.7962,-7.5,-0.00075,11.7925,-7.5,-0.00075,11.7937,-5.0,-0.00050,11.7950,-5.0,-0.00050,11.7950,-5.0,-0.00050,11.7962,-7.5,-0.00075,124.97
5,1022776,1,0,55.50,1493.3,1485.3,1803.0,0.0,8.6962,1165.0,1.16500,11.7975,752.5,0.75250,11.7987,1220.0,0.03697,5.0812,700.0,0.07000,11.7925,2737.5,0.27375,11.7887,3587.5,0.35875,11.7950,880.0,0.08800,11.7962,-5.0,-0.00050,11.7962,-7.5,-0.00075,11.7937,-7.5,-0.00075,11.7950,-5.0,-0.00050,11.7962,-5.0,-0.00050,11.7975,-5.0,-0.00050,11.7975,-7.5,-0.00075,125.31
5,1023112,1,0,55.22,1486.6,1900.9,1585.1,0.0,8.6950,1165.0,1.16500,11.7975,752.5,0.75250,11.7987,1222.5,0.03705,5.0812,700.0,0.07000,11.7925,2727.5,0.27275,11.7887,3585.0,0.35850,11.7962,880.0,0.08800,11.7975,-5.0,-0.00050,11.7975,-7.5,-0.00075,11.7937,-7.5,-0.00075,11.7962,-5.0,-0.00050,11.7962,-5.0,-0.00050,11.7975,-5.0,-0.00050,11.7975,-7.5,-0.00075,125.65
5,1023449,1,0,54.94,1934.3,1472.4,1745.6,0.0,8.6975,1140.0,1.14000,11.8038,735.0,0.73500,11.8062,1220.0,0.03697,5.0812,700.0,0.07000,11.7987,2665.0,0.26650,11.7962,3505.0,0.35050,11.8025,867.5,0.08675,11.8038,-5.0,-0.00050,11.8050,-7.5,-0.00075,11.8000,-7.5,-0.00075,11.8025,-5.0,-0.00050,11.8012,-5.0,-0.00050,11.8025,-5.0,-0.00050,11.8025,-7.5,-0.00075,125.99
5,1023785,1,0,54.66,1681.7,1805.1,1467.2,0.0,8.7013,1135.0,1.13500,11.8050,730.0,0.73000,11.8075,1217.5,0.03689,5.0812,700.0,0.07000,11.8000,2687.5,0.26875,11.7962,3462.5,0.34625,11.8038,847.5,0.08475,11.8038,-5.0,-0.00050,11.8050,-7.5,-0.00075,11.8012,-7.5,-0.00075,11.8025,-5.0,-0.00050,11.8038,-5.0,-0.00050,11.8038,-5.0,-0.00050,11.8038,-7.5,-0.00075,126.33
5,1024121,1,0,54.38,1690.2,1797.6,1947.4,0.0,8.7037,1115.0,1.11500,11.8100,720.0,0.72000,11.8112,1215.0,0.03682,5.0812,700.0,0.07000,11.8050,2627.5,0.26275,11.8025,3400.0,0.34000,11.8075,840.0,0.08400,11.8088,-5.0,-0.00050,11.8100,-7.5,-0.00075,11.8062,-7.5,-0.00075,11.8075,-5.0,-0.00050,11.8075,-5.0,-0.00050,11.8088,-5.0,-0.00050,11.8100,-7.5,-0.00075,126.66
5,1024457,1,0,54.10,1572.0,1766.3,1679.2,0.0,8.7050,1107.5,1.10750,11.8100,715.0,0.71500,11.8125,1220.0,0.03697,5.0812,700.0,0.07000,11.8062,2592.5,0.25925,11.8025,3442.5,0.34425,11.8100,825.0,0.08250,11.8100,-5.0,-0.00050,11.8112,-7.5,-0.00075,11.8075,-7.5,-0.00075,11.8100,-5.0,-0.00050,11.8100,-5.0,-0.00050,11.8100,-5.0,-0.00050,11.8112,-7.5,-0.00075,127.02
5,1024815,1,0,53.80,1765.1,2116.4,1448.4,0.0,8.7075,1085.0,1.08500,11.8175,700.0,0.70000,11.8187,1217.5,0.03689,5.0812,700.0,0.07000,11.8125,2540.0,0.25400,11.8088,3335.0,0.33350,11.8150,815.0,0.08150,11.8150,-5.0,-0.00050,11.8162,-7.5,-0.00075,11.8137,-7.5,-0.00075,11.8150,-5.0,-0.00050,11.8150,-5.0,-0.00050,11.8162,-5.0,-0.00050,11.8175,-7.5,-0.00075,127.35
5,1025151,1,0,53.52,1557.5,1663.9,1774.1,0.0,8.7063,1095.0,1.09500,11.8137,707.5,0.70750,11.8150,1220.0,0.03697,5.0812,700.0,0.07000,11.8088,2565.0,0.25650,11.8050,3410.0,0.34100,11.8112,812.5,0.08125,11.8125,-5.0,-0.00050,11.8137,-7.5,-0.00075,11.8100,-7.5,-0.00075,11.8125,-5.0,-0.00050,11.8125,-5.0,-0.00050,11.8137,-5.0,-0.00050,11.8137,-7.5,-0.00075,127.69
5,1025487,1,0,53.24,1661.6,1436.1,1655.7,0.0,8.7100,1075.0,1.07500,11.8187,692.5,0.69250,11.8212,1215.0,0.03682,5.0812,700.0,0.07000,11.8150,2522.5,0.25225,11.8125,3302.5,0.33025,11.8187,812.5,0.08125,11.8200,-5.0,-0.00050,11.8200,-7.5,-0.00075,11.8175,-7.5,-0.00075,11.8187,-5.0,-0.00050,11.8187,-5.0,-0.00050,11.8187,-5.0,-0.00050,11.8200,-7.5,-0.00075,128.03
5,1025823,1,0,52.96,1764.3,1758.3,1428.7,0.0,8.7112,1067.5,1.06750,11.8200,687.5,0.68750,11.8225,1215.0,0.03682,5.0812,700.0,0.07000,11.8162,2507.5,0.25075,11.8137,3277.5,0.32775,11.8187,810.0,0.08100,11.8200,-5.0,-0.00050,11.8212,-7.5,-0.00075,11.8175,-7.5,-0.00075,11.8187,-5.0,-0.00050,11.8187,-5.0,-0.00050,11.8200,-5.0,-0.00050,11.8200,-7.5,-0.00075,128.36
5,1026160,1,0,52.68,1647.2,1641.4,1421.2,0.0,8.7137,1047.5,1.04750,11.8250,675.0,0.67500,11.8275,1217.5,0.03689,5.0812,700.0,0.07000,11.8212,2462.5,0.24625,11.8187,3205.0,0.32050,11.8237,802.5,0.08025,11.8250,-5.0,-0.00050,11.8263,-7.5,-0.00075,11.8225,-7.5,-0.00075,11.8250,-5.0,-0.00050,11.8237,-5.0,-0.00050,11.8250,-5.0,-0.00050,11.8263,-7.5,-0.00075,128.69
5,1026496,1,0,52.40,1530.9,1852.6,1849.8,0.0,8.7137,1047.5,1.04750,11.8263,672.5,0.67250,11.8275,1210.0,0.03667,5.0812,700.0,0.07000,11.8212,2480.0,0.24800,11.8187,3180.0,0.31800,11.8250,790.0,0.07900,11.8250,-5.0,-0.00050,11.8263,-7.5,-0.00075,11.8225,-7.5,-0.00075,11.8250,-5.0,-0.00050,11.8250,-5.0,-0.00050,11.8250,-5.0,-0.00050,11.8263,-7.5,-0.00075,129.04
5,1026853,1,0,52.10,1415.2,1735.4,1877.9,0.0,8.7175,1020.0,1.02000,11.8325,657.5,0.65750,11.8337,1215.0,0.03682,5.0812,700.0,0.07000,11.8287,2435.0,0.24350,11.8250,3085.0,0.30850,11.8313,765.0,0.07650,11.8313,-5.0,-0.00050,11.8325,-7.5,-0.00075,11.8300,-7.5,-0.00075,11.8300,-5.0,-0.00050,11.8313,-5.0,-0.00050,11.8313,-5.0,-0.00050,11.8325,-7.5,-0.00075,129.39
5,1027189,1,0,51.82,1733.6,1571.2,1455.0,0.0,8.7187,1012.5,1.01250,11.8325,652.5,0.65250,11.8350,1215.0,0.03682,5.0812,700.0,0.07000,11.8287,2400.0,0.24000,11.8250,3075.0,0.30750,11.8325,775.0,0.07750,11.8337,-5.0,-0.00050,11.8337,-7.5,-0.00075,11.8300,-7.5,-0.00075,11.8325,-5.0,-0.00050,11.8325,-5.0,-0.00050,11.8325,-5.0,-0.00050,11.8337,-7.5,-0.00075,129.72
5,1027526,1,0,51.54,1753.1,1826.9,1397.0,0.0,8.7200,1010.0,1.01000,11.8350,647.5,0.64750,11.8362,1207.5,0.03659,5.0812,700.0,0.07000,11.8313,2397.5,0.23975,11.8287,3037.5,0.30375,11.8337,757.5,0.07575,11.8337,-5.0,-0.00050,11.8350,-7.5,-0.00075,11.8325,-7.5,-0.00075,11.8325,-5.0,-0.00050,11.8325,-5.0,-0.00050,11.8337,-5.0,-0.00050,11.8350,-7.5,-0.00075,130.06
5,1027862,1,0,51.26,1612.4,1713.0,1390.8,0.0,8.7212,1000.0,1.00000,11.8375,642.5,0.64250,11.8375,1215.0,0.03682,5.0812,700.0,0.07000,11.8337,2390.0,0.23900,11.8300,3002.5,0.30025,11.8350,750.0,0.07500,11.8350,-5.0,-0.00050,11.8362,-7.5,-0.00075,11.8337,-7.5,-0.00075,11.8337,-5.0,-0.00050,11.8350,-5.0,-0.00050,11.8362,-5.0,-0.00050,11.8375,-7.5,-0.00075,130.40
5,1028198,1,0,50.98,1606.4,1774.9,1490.5,0.0,8.7212,1000.0,1.00000,11.8362,642.5,0.64250,11.8375,1212.5,0.03674,5.0812,700.0,0.07000,11.8325,2410.0,0.24100,11.8300,3007.5,0.30075,11.8337,735.0,0.07350,11.8350,-5.0,-0.00050,11.8362,-7.5,-0.00075,11.8337,-7.5,-0.00075,11.8337,-5.0,-0.00050,11.8350,-5.0,-0.00050,11.8362,-5.0,-0.00050,11.8375,-7.5,-0.00075,130.73
5,1028534,1,0,50.70,1500.6,1593.2,1762.9,0.0,8.7250,977.5,0.97750,11.8412,627.5,0.62750,11.8425,1212.5,0.03674,5.0812,700.0,0.07000,11.8375,2342.5,0.23425,11.8362,2927.5,0.29275,11.8400,740.0,0.07400,11.8400,-5.0,-0.00050,11.8412,-7.5,-0.00075,11.8400,-7.5,-0.00075,11.8400,-5.0,-0.00050,11.8400,-5.0,-0.00050,11.8412,-5.0,-0.00050,11.8425,-7.5,-0.00075,131.09
5,1028892,1,0,50.40,1587.6,1487.3,1370.2,0.0,8.7262,970.0,0.97000,11.8425,622.5,0.62250,11.8450,1215.0,0.03682,5.0812,700.0,0.07000,11.8387,2320.0,0.23200,11.8375,2925.0,0.29250,11.8412,735.0,0.07350,11.8425,-5.0,-0.00050,11.8437,-7.5,-0.00075,11.8400,-7.5,-0.00075,11.8412,-5.0,-0.00050,11.8400,-5.0,-0.00050,11.8412,-5.0,-0.00050,11.8425,-7.5,-0.00075,131.43
5,1029228,1,0,50.12,1483.0,1529.4,1705.4,0.0,8.7288,952.5,0.95250,11.8488,607.5,0.60750,11.8500,1212.5,0.03674,5.0812,700.0,0.07000,11.8462,2235.0,0.22350,11.8412,2875.0,0.28750,11.8488,705.0,0.07050,11.8488,-5.0,-0.00050,11.8488,-7.5,-0.00075,11.8450,-7.5,-0.00075,11.8462,-5.0,-0.00050,11.8488,-5.0,-0.00050,11.8488,-5.0,-0.00050,11.8488,-7.5,-0.00075,131.76
5,1029564,1,0,49.84,1589.9,1881.6,1584.5,0.0,8.7275,955.0,0.95500,11.8450,615.0,0.61500,11.8475,1212.5,0.03674,5.0812,700.0,0.07000,11.8425,2292.5,0.22925,11.8400,2892.5,0.28925,11.8450,717.5,0.07175,11.8462,-5.0,-0.00050,11.8475,-7.5,-0.00075,11.8437,-7.5,-0.00075,11.8462,-5.0,-0.00050,11.8462,-5.0,-0.00050,11.8462,-5.0,-0.00050,11.8475,-7.5,-0.00075,132.10
5,1029900,1,0,49.56,1583.5,1803.6,1352.4,0.0,8.7300,937.5,0.93750,11.8525,597.5,0.59750,11.8537,1212.5,0.03674,5.0812,700.0,0.07000,11.8500,2190.0,0.21900,11.8462,2822.5,0.28225,11.8512,697.5,0.06975,11.8512,-5.0,-0.00050,11.8525,-7.5,-0.00075,11.8500,-7.5,-0.00075,11.8500,-5.0,-0.00050,11.8512,-5.0,-0.00050,11.8512,-5.0,-0.00050,11.8525,-7.5,-0.00075,132.43
5,1030237,1,0,49.28,1455.5,1570.4,1459.5,0.0,8.7312,935.0,0.93500,11.8512,597.5,0.59750,11.8537,1215.0,0.03682,5.0812,700.0,0.07000,11.8475,2230.0,0.22300,11.8450,2822.5,0.28225,11.8512,702.5,0.07025,11.8512,-5.0,-0.00050,11.8525,-7.5,-0.00075,11.8488,-7.5,-0.00075,11.8512,-5.0,-0.00050,11.8512,-5.0,-0.00050,11.8512,-5.0,-0.00050,11.8525,-7.5,-0.00075,132.77
5,1030573,1,0,49.00,1399.3,1340.0,1788.7,0.0,8.7337,917.5,0.91750,11.8562,587.5,0.58750,11.8575,1212.5,0.03674,5.0812,700.0,0.07000,11.8525,2152.5,0.21525,11.8500,2790.0,0.27900,11.8550,685.0,0.06850,11.8562,-5.0,-0.00050,11.8575,-7.5,-0.00075,11.8537,-7.5,-0.00075,11.8562,-5.0,-0.00050,11.8562,-5.0,-0.00050,11.8562,-5.0,-0.00050,11.8575,-7.5,-0.00075,133.12
5,1030930,1,0,48.70,1562.3,1334.1,1668.7,0.0,8.7350,910.0,0.91000,11.8587,580.0,0.58000,11.8587,1210.0,0.03667,5.0812,700.0,0.07000,11.8550,2135.0,0.21350,11.8525,2762.5,0.27625,11.8562,670.0,0.06700,11.8575,-5.0,-0.00050,11.8587,-7.5,-0.00075,11.8562,-7.5,-0.00075,11.8562,-5.0,-0.00050,11.8575,-5.0,-0.00050,11.8575,-5.0,-0.00050,11.8587,-7.5,-0.00075,133.46
5,1031266,1,0,48.42,1332.6,1659.1,1548.8,0.0,8.7375,885.0,0.88500,11.8637,565.0,0.56500,11.8650,1212.5,0.03674,5.0812,700.0,0.07000,11.8612,2072.5,0.20725,11.8587,2685.0,0.26850,11.8625,670.0,0.06700,11.8637,-5.0,-0.00050,11.8650,-7.5,-0.00075,11.8612,-7.5,-0.00075,11.8625,-5.0,-0.00050,11.8625,-5.0,-0.00050,11.8625,-5.0,-0.00050,11.8637,-7.5,-0.00075,133.80
5,1031603,1,0,48.14,1435.8,1649.5,1540.3,0.0,8.7387,882.5,0.88250,11.8650,560.0,0.56000,11.8675,1210.0,0.03667,5.0812,700.0,0.07000,11.8612,2042.5,0.20425,11.8600,2677.5,0.26775,11.8650,652.5,0.06525,11.8663,-5.0,-0.00050,11.8663,-7.5,-0.00075,11.8612,-7.5,-0.00075,11.8637,-5.0,-0.00050,11.8637,-5.0,-0.00050,11.8637,-5.0,-0.00050,11.8637,-7.5,-0.00075,134.14
5,1031939,1,0,47.86,1428.2,1422.7,1422.6,0.0,8.7400,872.5,0.87250,11.8663,555.0,0.55500,11.8663,1212.5,0.03674,5.0812,700.0,0.07000,11.8637,2037.5,0.20375,11.8612,2647.5,0.26475,11.8663,655.0,0.06550,11.8663,-5.0,-0.00050,11.8675,-7.5,-0.00075,11.8663,-7.5,-0.00075,11.8650,-5.0,-0.00050,11.8675,-5.0,-0.00050,11.8675,-5.0,-0.00050,11.8687,-7.5,-0.00075,134.47
5,1032275,1,0,47.58,1420.9,1632.9,1543.7,0.0,8.7387,877.5,0.87750,11.8663,555.0,0.55500,11.8687,1217.5,0.03689,5.0812,700.0,0.07000,11.8625,2035.0,0.20350,11.8587,2657.5,0.26575,11.8650,652.5,0.06525,11.8663,-5.0,-0.00050,11.8663,-7.5,-0.00075,11.8625,-7.5,-0.00075,11.8637,-5.0,-0.00050,11.8637,-5.0,-0.00050,11.8650,-5.0,-0.00050,11.8650,-7.5,-0.00075,134.81
5,1032611,1,0,47.30,1414.7,1584.5,1517.5,0.0,8.7387,877.5,0.87750,11.8650,560.0,0.56000,11.8663,1202.5,0.03644,5.0812,700.0,0.07000,11.8612,2085.0,0.20850,11.8587,2645.0,0.26450,11.8637,640.0,0.06400,11.8650,-5.0,-0.00050,11.8663,-7.5,-0.00075,11.8625,-7.5,-0.00075,11.8637,-5.0,-0.00050,11.8650,-5.0,-0.00050,11.8650,-5.0,-0.00050,11.8650,-7.5,-0.00075,135.16
5,1032969,1,0,47.00,1517.5,1512.6,1402.6,0.0,8.7400,862.5,0.86250,11.8687,550.0,0.55000,11.8713,1212.5,0.03674,5.0812,700.0,0.07000,11.8663,2035.0,0.20350,11.8637,2582.5,0.25825,11.8687,642.5,0.06425,11.8700,-5.0,-0.00050,11.8713,-7.5,-0.00075,11.8675,-7.5,-0.00075,11.8687,-5.0,-0.00050,11.8687,-5.0,-0.00050,11.8700,-5.0,-0.00050,11.8713,-7.5,-0.00075,135.50
5,1033305,1,0,46.72,1510.7,1407.9,1504.5,0.0,8.7425,845.0,0.84500,11.8737,537.5,0.53750,11.8750,1210.0,0.03667,5.0812,700.0,0.07000,11.8713,1992.5,0.19925,11.8675,2527.5,0.25275,11.8737,632.5,0.06325,11.8737,-5.0,-0.00050,11.8750,-7.5,-0.00075,11.8713,-7.5,-0.00075,11.8737,-5.0,-0.00050,11.8737,-5.0,-0.00050,11.8737,-5.0,-0.00050,11.8750,-7.5,-0.00075,135.84
5,1033641,1,0,46.44,1396.6,1712.2,1561.1,0.0,8.7450,832.5,0.83250,11.8762,527.5,0.52750,11.8775,1205.0,0.03652,5.0812,700.0,0.07000,11.8737,1957.5,0.19575,11.8700,2505.0,0.25050,11.8762,625.0,0.06250,11.8762,-5.0,-0.00050,11.8775,-7.5,-0.00075,11.8750,-7.5,-0.00075,11.8750,-5.0,-0.00050,11.8762,-5.0,-0.00050,11.8762,-5.0,-0.00050,11.8787,-7.5,-0.00075,136.17
5,1033977,1,0,46.16,1283.1,1741.9,1383.2,0.0,8.7450,822.5,0.82250,11.8775,522.5,0.52250,11.8800,1207.5,0.03659,5.0812,700.0,0.07000,11.8750,1942.5,0.19425,11.8737,2460.0,0.24600,11.8775,597.5,0.05975,11.8787,-5.0,-0.00050,11.8800,-7.5,-0.00075,11.8762,-7.5,-0.00075,11.8775,-5.0,-0.00050,11.8775,-5.0,-0.00050,11.8775,-5.0,-0.00050,11.8787,-7.5,-0.00075,136.52
5,1034314,1,0,45.88,1382.7,1617.4,1375.7,0.0,8.7475,805.0,0.80500,11.8837,507.5,0.50750,11.8850,1207.5,0.03659,5.0812,700.0,0.07000,11.8812,1885.0,0.18850,11.8787,2410.0,0.24100,11.8837,592.5,0.05925,11.8850,-5.0,-0.00050,11.8862,-7.5,-0.00075,11.8825,-7.5,-0.00075,11.8837,-5.0,-0.00050,11.8837,-5.0,-0.00050,11.8850,-5.0,-0.00050,11.8850,-7.5,-0.00075,136.85
5,1034650,1,0,45.60,1499.6,1790.1,1377.6,0.0,8.7475,810.0,0.81000,11.8812,512.5,0.51250,11.8837,1210.0,0.03667,5.0812,700.0,0.07000,11.8775,1910.0,0.19100,11.8762,2420.0,0.24200,11.8812,582.5,0.05825,11.8812,-5.0,-0.00050,11.8825,-7.5,-0.00075,11.8787,-7.5,-0.00075,11.8800,-5.0,-0.00050,11.8800,-5.0,-0.00050,11.8812,-5.0,-0.00050,11.8812,-7.5,-0.00075,137.21
5,1035007,1,0,45.31,1377.1,1600.5,1484.5,0.0,8.7487,797.5,0.79750,11.8862,502.5,0.50250,11.8875,1207.5,0.03659,5.0812,700.0,0.07000,11.8825,1845.0,0.18450,11.8800,2395.0,0.23950,11.8850,587.5,0.05875,11.8862,-5.0,-0.00050,11.8862,-7.5,-0.00075,11.8825,-7.5,-0.00075,11.8850,-5.0,-0.00050,11.8850,-5.0,-0.00050,11.8850,-5.0,-0.00050,11.8862,-7.5,-0.00075,137.54
5,1035343,1,0,45.03,1369.8,1355.7,1363.9,0.0,8.7487,797.5,0.79750,11.8850,502.5,0.50250,11.8862,1202.5,0.03644,5.0812,700.0,0.07000,11.8812,1847.5,0.18475,11.8787,2397.5,0.23975,11.8837,590.0,0.05900,11.8850,-5.0,-0.00050,11.8862,-7.5,-0.00075,11.8812,-7.5,-0.00075,11.8837,-5.0,-0.00050,11.8837,-5.0,-0.00050,11.8837,-5.0,-0.00050,11.8850,-7.5,-0.00075,137.89
5,1035680,1,0,44.75,1630.4,1453.5,1584.6,0.0,8.7500,785.0,0.78500,11.8875,495.0,0.49500,11.8888,1212.5,0.03674,5.0812,700.0,0.07000,11.8850,1830.0,0.18300,11.8825,2350.0,0.23500,11.8875,577.5,0.05775,11.8888,-5.0,-0.00050,11.8900,-7.5,-0.00075,11.8850,-7.5,-0.00075,11.8875,-5.0,-0.00050,11.8875,-5.0,-0.00050,11.8875,-5.0,-0.00050,11.8888,-7.5,-0.00075,138.22
5,1036016,1,0,44.47,1357.4,1510.4,1463.3,0.0,8.7500,780.0,0.78000,11.8888,492.5,0.49250,11.8900,1207.5,0.03659,5.0812,700.0,0.07000,11.8850,1837.5,0.18375,11.8825,2345.0,0.23450,11.8875,565.0,0.05650,11.8888,-5.0,-0.00050,11.8888,-7.5,-0.00075,11.8862,-7.5,-0.00075,11.8875,-5.0,-0.00050,11.8888,-5.0,-0.00050,11.8888,-5.0,-0.00050,11.8900,-7.5,-0.00075,138.56
5,1036352,1,0,44.19,1463.3,1346.7,1343.2,0.0,8.7525,760.0,0.76000,11.8950,477.5,0.47750,11.8950,1202.5,0.03644,5.0812,700.0,0.07000,11.8925,1782.5,0.17825,11.8888,2262.5,0.22625,11.8938,565.0,0.05650,11.8938,-5.0,-0.00050,11.8950,-7.5,-0.00075,11.8925,-7.5,-0.00075,11.8925,-5.0,-0.00050,11.8938,-5.0,-0.00050,11.8938,-5.0,-0.00050,11.8950,-7.5,-0.00075,138.90
5,1036688,1,0,43.91,1231.3,1451.0,1384.8,0.0,8.7537,760.0,0.76000,11.8938,477.5,0.47750,11.8950,1207.5,0.03659,5.0812,700.0,0.07000,11.8912,1777.5,0.17775,11.8888,2237.5,0.22375,11.8938,567.5,0.05675,11.8938,-5.0,-0.00050,11.8950,-7.5,-0.00075,11.8925,-7.5,-0.00075,11.8938,-5.0,-0.00050,11.8938,-5.0,-0.00050,11.8938,-5.0,-0.00050,11.8950,-7.5,-0.00075,139.25
5,1037046,1,0,43.61,1384.3,1442.2,1330.2,0.0,8.7550,745.0,0.74500,11.8975,470.0,0.47000,11.8987,1202.5,0.03644,5.0812,700.0,0.07000,11.8950,1742.5,0.17425,11.8925,2200.0,0.22000,11.8975,545.0,0.05450,11.8975,-5.0,-0.00050,11.8987,-7.5,-0.00075,11.8950,-7.5,-0.00075,11.8962,-5.0,-0.00050,11.8962,-5.0,-0.00050,11.8975,-5.0,-0.00050,11.8987,-7.5,-0.00075,139.59
5,1037382,1,0,43.33,1329.2,1478.5,1213.1,0.0,8.7550,745.0,0.74500,11.8962,470.0,0.47000,11.8975,1205.0,0.03652,5.0812,700.0,0.07000,11.8938,1740.0,0.17400,11.8912,2225.0,0.22250,11.8962,547.5,0.05475,11.8962,-5.0,-0.00050,11.8975,-7.5,-0.00075,11.8950,-7.5,-0.00075,11.8962,-5.0,-0.00050,11.8962,-5.0,-0.00050,11.8975,-5.0,-0.00050,11.8987,-7.5,-0.00075,139.92
5,1037718,1,0,43.05,1432.2,1260.4,1536.1,0.0,8.7575,725.0,0.72500,11.9012,455.0,0.45500,11.9025,1207.5,0.03659,5.0812,700.0,0.07000,11.9000,1690.0,0.16900,11.8975,2160.0,0.21600,11.9012,537.5,0.05375,11.9025,-5.0,-0.00050,11.9037,-7.5,-0.00075,11.9000,-7.5,-0.00075,11.9012,-5.0,-0.00050,11.9012,-5.0,-0.00050,11.9025,-5.0,-0.00050,11.9025,-7.5,-0.00075,140.25
5,1038054,1,0,42.77,1204.9,1200.8,1440.6,0.0,8.7575,725.0,0.72500,11.9012,455.0,0.45500,11.9025,1205.0,0.03652,5.0812,700.0,0.07000,11.9000,1685.0,0.16850,11.8975,2150.0,0.21500,11.9012,532.5,0.05325,11.9025,-5.0,-0.00050,11.9037,-7.5,-0.00075,11.9000,-7.5,-0.00075,11.9012,-5.0,-0.00050,11.9012,-5.0,-0.00050,11.9012,-5.0,-0.00050,11.9025,-7.5,-0.00075,140.60
5,1038391,1,0,42.49,1306.5,1410.7,1411.7,0.0,8.7587,710.0,0.71000,11.9050,445.0,0.44500,11.9063,1205.0,0.03652,5.0812,700.0,0.07000,11.9037,1652.5,0.16525,11.9012,2092.5,0.20925,11.9050,522.5,0.05225,11.9063,-5.0,-0.00050,11.9075,-7.5,-0.00075,11.9037,-7.5,-0.00075,11.9050,-5.0,-0.00050,11.9063,-5.0,-0.00050,11.9063,-5.0,-0.00050,11.9063,-7.5,-0.00075,140.92
5,1038727,1,0,42.21,1190.7,1187.0,1188.3,0.0,8.7587,707.5,0.70750,11.9063,442.5,0.44250,11.9063,1207.5,0.03659,5.0812,700.0,0.07000,11.9037,1645.0,0.16450,11.9000,2115.0,0.21150,11.9050,517.5,0.05175,11.9063,-5.0,-0.00050,11.9063,-7.5,-0.00075,11.9037,-7.5,-0.00075,11.9050,-5.0,-0.00050,11.9050,-5.0,-0.00050,11.9063,-5.0,-0.00050,11.9063,-7.5,-0.00075,141.28
5,1039084,1,0,41.91,1400.3,1396.2,1300.6,0.0,8.7600,710.0,0.71000,11.9050,445.0,0.44500,11.9063,1207.5,0.03659,5.0812,700.0,0.07000,11.9025,1667.5,0.16675,11.9000,2117.5,0.21175,11.9050,515.0,0.05150,11.9050,-5.0,-0.00050,11.9063,-7.5,-0.00075,11.9025,-7.5,-0.00075,11.9050,-5.0,-0.00050,11.9050,-5.0,-0.00050,11.9050,-5.0,-0.00050,11.9063,-7.5,-0.00075,141.63
5,1039420,1,0,41.63,1415.0,1410.7,1233.4,0.0,8.7625,690.0,0.69000,11.9100,432.5,0.43250,11.9113,1205.0,0.03652,5.0812,700.0,0.07000,11.9075,1597.5,0.15975,11.9063,2037.5,0.20375,11.9100,497.5,0.04975,11.9100,-5.0,-0.00050,11.9113,-7.5,-0.00075,11.9075,-7.5,-0.00075,11.9087,-5.0,-0.00050,11.9087,-5.0,-0.00050,11.9087,-5.0,-0.00050,11.9100,-7.5,-0.00075,141.96
5,1039757,1,0,41.35,1407.7,1594.1,1275.9,0.0,8.7638,680.0,0.68000,11.9125,425.0,0.42500,11.9137,1205.0,0.03652,5.0812,700.0,0.07000,11.9113,1580.0,0.15800,11.9075,2020.0,0.20200,11.9125,500.0,0.05000,11.9125,-5.0,-0.00050,11.9137,-7.5,-0.00075,11.9113,-7.5,-0.00075,11.9125,-5.0,-0.00050,11.9125,-5.0,-0.00050,11.9137,-5.0,-0.00050,11.9137,-7.5,-0.00075,142.30
5,1040093,1,0,41.07,1400.2,1510.5,1374.3,0.0,8.7650,677.5,0.67750,11.9113,425.0,0.42500,11.9137,1202.5,0.03644,5.0812,700.0,0.07000,11.9100,1562.5,0.15625,11.9075,2035.0,0.20350,11.9125,500.0,0.05000,11.9125,-5.0,-0.00050,11.9137,-7.5,-0.00075,11.9100,-7.5,-0.00075,11.9113,-5.0,-0.00050,11.9125,-5.0,-0.00050,11.9125,-5.0,-0.00050,11.9137,-7.5,-0.00075,142.63
5,1040429,1,0,40.79,1393.2,1503.1,1156.2,0.0,8.7650,675.0,0.67500,11.9125,422.5,0.42250,11.9137,1207.5,0.03659,5.0812,700.0,0.07000,11.9113,1572.5,0.15725,11.9087,2017.5,0.20175,11.9125,487.5,0.04875,11.9137,-5.0,-0.00050,11.9150,-7.5,-0.00075,11.9113,-7.5,-0.00075,11.9125,-5.0,-0.00050,11.9125,-5.0,-0.00050,11.9137,-5.0,-0.00050,11.9150,-7.5,-0.00075,142.97
5,1040765,1,0,40.51,1385.8,1314.8,1263.8,0.0,8.7675,657.5,0.65750,11.9175,410.0,0.41000,11.9187,1207.5,0.03659,5.0812,700.0,0.07000,11.9150,1512.5,0.15125,11.9137,1947.5,0.19475,11.9175,475.0,0.04750,11.9187,-5.0,-0.00050,11.9200,-7.5,-0.00075,11.9150,-7.5,-0.00075,11.9175,-5.0,-0.00050,11.9175,-5.0,-0.00050,11.9175,-5.0,-0.00050,11.9187,-7.5,-0.00075,143.32
5,1041123,1,0,40.21,1147.4,1143.5,1197.2,0.0,8.7662,657.5,0.65750,11.9162,410.0,0.41000,11.9187,1200.0,0.03636,5.0812,700.0,0.07000,11.9162,1527.5,0.15275,11.9137,1935.0,0.19350,11.9175,482.5,0.04825,11.9175,-5.0,-0.00050,11.9187,-7.5,-0.00075,11.9162,-7.5,-0.00075,11.9162,-5.0,-0.00050,11.9175,-5.0,-0.00050,11.9175,-5.0,-0.00050,11.9187,-7.5,-0.00075,143.66
5,1041459,1,0,39.93,1140.8,1137.7,1248.8,0.0,8.7675,647.5,0.64750,11.9200,402.5,0.40250,11.9212,1202.5,0.03644,5.0812,700.0,0.07000,11.9175,1495.0,0.14950,11.9162,1905.0,0.19050,11.9200,467.5,0.04675,11.9212,-5.0,-0.00050,11.9225,-7.5,-0.00075,11.9187,-7.5,-0.00075,11.9200,-5.0,-0.00050,11.9200,-5.0,-0.00050,11.9212,-5.0,-0.00050,11.9225,-7.5,-0.00075,144.00
5,1041795,1,0,39.65,1444.2,1357.1,1582.1,0.0,8.7675,650.0,0.65000,11.9187,405.0,0.40500,11.9200,1205.0,0.03652,5.0812,700.0,0.07000,11.9175,1497.5,0.14975,11.9162,1907.5,0.19075,11.9200,477.5,0.04775,11.9200,-5.0,-0.00050,11.9212,-7.5,-0.00075,11.9175,-7.5,-0.00075,11.9200,-5.0,-0.00050,11.9187,-5.0,-0.00050,11.9200,-5.0,-0.00050,11.9200,-7.5,-0.00075,144.34
5,1042131,1,0,39.37,1129.1,1350.0,1349.3,0.0,8.7688,640.0,0.64000,11.9212,397.5,0.39750,11.9225,1202.5,0.03644,5.0812,700.0,0.07000,11.9200,1475.0,0.14750,11.9175,1885.0,0.18850,11.9225,462.5,0.04625,11.9225,-5.0,-0.00050,11.9237,-7.5,-0.00075,11.9200,-7.5,-0.00075,11.9212,-5.0,-0.00050,11.9212,-5.0,-0.00050,11.9212,-5.0,-0.00050,11.9225,-7.5,-0.00075,144.67
5,1042468,1,0,39.09,1177.0,1280.1,1117.9,0.0,8.7675,640.0,0.64000,11.9212,397.5,0.39750,11.9225,1202.5,0.03644,5.0812,700.0,0.07000,11.9200,1480.0,0.14800,11.9175,1900.0,0.19000,11.9212,467.5,0.04675,11.9212,-5.0,-0.00050,11.9225,-7.5,-0.00075,11.9200,-7.5,-0.00075,11.9200,-5.0,-0.00050,11.9212,-5.0,-0.00050,11.9212,-5.0,-0.00050,11.9225,-7.5,-0.00075,145.01
5,1042804,1,0,38.81,1342.2,1225.6,1333.6,0.0,8.7712,622.5,0.62250,11.9262,385.0,0.38500,11.9275,1200.0,0.03636,5.0812,697.5,0.06975,11.9250,1432.5,0.14325,11.9225,1820.0,0.18200,11.9262,462.5,0.04625,11.9262,-5.0,-0.00050,11.9275,-7.5,-0.00075,11.9250,-7.5,-0.00075,11.9262,-5.0,-0.00050,11.9262,-5.0,-0.00050,11.9262,-5.0,-0.00050,11.9275,-7.5,-0.00075,145.36
5,1043161,1,0,38.51,1111.3,1328.7,1215.2,0.0,8.7712,620.0,0.62000,11.9262,382.5,0.38250,11.9275,1202.5,0.03644,5.0812,700.0,0.07000,11.9262,1420.0,0.14200,11.9225,1810.0,0.18100,11.9275,452.5,0.04525,11.9275,-5.0,-0.00050,11.9288,-7.5,-0.00075,11.9250,-7.5,-0.00075,11.9262,-5.0,-0.00050,11.9275,-5.0,-0.00050,11.9275,-5.0,-0.00050,11.9288,-7.5,-0.00075,145.71
5,1043497,1,0,38.23,1325.5,1390.3,1463.7,0.0,8.7725,602.5,0.60250,11.9300,372.5,0.37250,11.9312,1202.5,0.03644,5.0812,700.0,0.07000,11.9300,1380.0,0.13800,11.9275,1757.5,0.17575,11.9312,447.5,0.04475,11.9312,-5.0,-0.00050,11.9325,-7.5,-0.00075,11.9300,-7.5,-0.00075,11.9312,-5.0,-0.00050,11.9312,-5.0,-0.00050,11.9312,-5.0,-0.00050,11.9325,-7.5,-0.00075,146.03
5,1043834,1,0,37.95,1220.1,1312.6,1310.8,0.0,8.7725,600.0,0.60000,11.9312,367.5,0.36750,11.9325,1202.5,0.03644,5.0812,700.0,0.07000,11.9300,1360.0,0.13600,11.9275,1752.5,0.17525,11.9312,437.5,0.04375,11.9325,-5.0,-0.00050,11.9325,-7.5,-0.00075,11.9300,-7.5,-0.00075,11.9312,-5.0,-0.00050,11.9312,-5.0,-0.00050,11.9312,-5.0,-0.00050,11.9325,-7.5,-0.00075,146.38
5,1044170,1,0,37.67,1200.2,1304.1,1194.9,0.0,8.7750,582.5,0.58250,11.9350,357.5,0.35750,11.9362,1200.0,0.03636,5.0812,700.0,0.07000,11.9350,1322.5,0.13225,11.9325,1692.5,0.16925,11.9362,437.5,0.04375,11.9362,-5.0,-0.00050,11.9375,-7.5,-0.00075,11.9338,-7.5,-0.00075,11.9362,-5.0,-0.00050,11.9362,-5.0,-0.00050,11.9362,-5.0,-0.00050,11.9375,-7.5,-0.00075,146.70
5,1044506,1,0,37.39,1408.8,1403.4,1404.6,0.0,8.7737,582.5,0.58250,11.9350,357.5,0.35750,11.9362,1205.0,0.03652,5.0812,700.0,0.07000,11.9338,1330.0,0.13300,11.9312,1700.0,0.17000,11.9350,430.0,0.04300,11.9362,-5.0,-0.00050,11.9362,-7.5,-0.00075,11.9338,-7.5,-0.00075,11.9350,-5.0,-0.00050,11.9350,-5.0,-0.00050,11.9350,-5.0,-0.00050,11.9362,-7.5,-0.00075,147.04
5,1044842,1,0,37.11,1184.8,1287.3,1074.3,0.0,8.7737,575.0,0.57500,11.9362,352.5,0.35250,11.9375,1200.0,0.03636,5.0812,697.5,0.06975,11.9362,1307.5,0.13075,11.9338,1670.0,0.16700,11.9375,425.0,0.04250,11.9375,-5.0,-0.00050,11.9387,-7.5,-0.00075,11.9350,-7.5,-0.00075,11.9362,-5.0,-0.00050,11.9362,-5.0,-0.00050,11.9375,-5.0,-0.00050,11.9375,-7.5,-0.00075,147.40
5,1045200,1,0,36.81,1070.3,1066.0,1174.8,0.0,8.7737,580.0,0.58000,11.9350,355.0,0.35500,11.9362,1202.5,0.03644,5.0812,697.5,0.06975,11.9350,1322.5,0.13225,11.9312,1690.0,0.16900,11.9362,422.5,0.04225,11.9362,-5.0,-0.00050,11.9375,-7.5,-0.00075,11.9350,-7.5,-0.00075,11.9350,-5.0,-0.00050,11.9362,-5.0,-0.00050,11.9362,-5.0,-0.00050,11.9375,-7.5,-0.00075,147.74
5,1045536,1,0,36.53,1302.0,1166.8,1274.7,0.0,8.7750,577.5,0.57750,11.9350,355.0,0.35500,11.9362,1202.5,0.03644,5.0812,700.0,0.07000,11.9350,1337.5,0.13375,11.9325,1672.5,0.16725,11.9362,410.0,0.04100,11.9362,-5.0,-0.00050,11.9375,-7.5,-0.00075,11.9338,-7.5,-0.00075,11.9350,-5.0,-0.00050,11.9350,-5.0,-0.00050,11.9362,-5.0,-0.00050,11.9375,-7.5,-0.00075,148.07
5,1045872,1,0,36.25,1177.3,1172.8,1160.8,0.0,8.7762,562.5,0.56250,11.9400,342.5,0.34250,11.9412,1202.5,0.03644,5.0812,700.0,0.07000,11.9387,1277.5,0.12775,11.9375,1607.5,0.16075,11.9412,417.5,0.04175,11.9412,-5.0,-0.00050,11.9425,-7.5,-0.00075,11.9387,-7.5,-0.00075,11.9400,-5.0,-0.00050,11.9400,-5.0,-0.00050,11.9412,-5.0,-0.00050,11.9412,-7.5,-0.00075,148.42
5,1046208,1,0,35.97,1330.7,1166.0,1282.4,0.0,8.7762,562.5,0.56250,11.9400,345.0,0.34500,11.9412,1197.5,0.03629,5.0812,700.0,0.07000,11.9387,1282.5,0.12825,11.9362,1627.5,0.16275,11.9412,407.5,0.04075,11.9412,-5.0,-0.00050,11.9425,-7.5,-0.00075,11.9387,-7.5,-0.00075,11.9400,-5.0,-0.00050,11.9400,-5.0,-0.00050,11.9400,-5.0,-0.00050,11.9412,-7.5,-0.00075,148.75
5,1046545,1,0,35.69,1280.2,1275.4,1158.6,0.0,8.7787,550.0,0.55000,11.9437,335.0,0.33500,11.9450,1200.0,0.03636,5.0812,697.5,0.06975,11.9425,1245.0,0.12450,11.9400,1590.0,0.15900,11.9437,400.0,0.04000,11.9450,-5.0,-0.00050,11.9450,-7.5,-0.00075,11.9412,-7.5,-0.00075,11.9425,-5.0,-0.00050,11.9437,-5.0,-0.00050,11.9437,-5.0,-0.00050,11.9450,-7.5,-0.00075,149.08
5,1046881,1,0,35.41,1354.0,1038.5,1035.5,0.0,8.7787,547.5,0.54750,11.9437,332.5,0.33250,11.9437,1200.0,0.03636,5.0812,700.0,0.07000,11.9425,1260.0,0.12600,11.9400,1577.5,0.15775,11.9437,382.5,0.03825,11.9437,-5.0,-0.00050,11.9450,-7.5,-0.00075,11.9425,-7.5,-0.00075,11.9437,-5.0,-0.00050,11.9437,-5.0,-0.00050,11.9437,-5.0,-0.00050,11.9450,-7.5,-0.00075,149.43
5,1047238,1,0,35.11,1264.9,1304.2,1485.9,0.0,8.7812,532.5,0.53250,11.9475,322.5,0.32250,11.9487,1200.0,0.03636,5.0812,700.0,0.07000,11.9462,1197.5,0.11975,11.9437,1532.5,0.15325,11.9487,392.5,0.03925,11.9487,-5.0,-0.00050,11.9500,-7.5,-0.00075,11.9462,-7.5,-0.00075,11.9475,-5.0,-0.00050,11.9475,-5.0,-0.00050,11.9487,-5.0,-0.00050,11.9487,-7.5,-0.00075,149.77
5,1047574,1,0,34.83,1142.6,1139.7,1136.4,0.0,8.7800,532.5,0.53250,11.9475,322.5,0.32250,11.9487,1202.5,0.03644,5.0812,700.0,0.07000,11.9462,1200.0,0.12000,11.9437,1527.5,0.15275,11.9487,390.0,0.03900,11.9487,-5.0,-0.00050,11.9500,-7.5,-0.00075,11.9462,-7.5,-0.00075,11.9462,-5.0,-0.00050,11.9475,-5.0,-0.00050,11.9475,-5.0,-0.00050,11.9487,-7.5,-0.00075,150.11
5,1047911,1,0,34.55,1362.2,1471.5,1242.2,0.0,8.7812,522.5,0.52250,11.9500,315.0,0.31500,11.9513,1200.0,0.03636,5.0812,700.0,0.07000,11.9500,1175.0,0.11750,11.9462,1495.0,0.14950,11.9513,372.5,0.03725,11.9513,-5.0,-0.00050,11.9525,-7.5,-0.00075,11.9487,-7.5,-0.00075,11.9500,-5.0,-0.00050,11.9500,-5.0,-0.00050,11.9513,-5.0,-0.00050,11.9513,-7.5,-0.00075,150.44
5,1048247,1,0,34.27,1014.9,1065.1,1062.6,0.0,8.7800,522.5,0.52250,11.9500,317.5,0.31750,11.9500,1197.5,0.03629,5.0812,697.5,0.06975,11.9487,1185.0,0.11850,11.9462,1490.0,0.14900,11.9500,380.0,0.03800,11.9500,-5.0,-0.00050,11.9513,-7.5,-0.00075,11.9475,-7.5,-0.00075,11.9500,-5.0,-0.00050,11.9500,-5.0,-0.00050,11.9500,-5.0,-0.00050,11.9513,-7.5,-0.00075,150.78
5,1048583,1,0,33.99,1344.9,1451.9,1380.9,0.0,8.7825,512.5,0.51250,11.9525,307.5,0.30750,11.9537,1197.5,0.03629,5.0812,697.5,0.06975,11.9525,1155.0,0.11550,11.9500,1462.5,0.14625,11.9537,362.5,0.03625,11.9537,-5.0,-0.00050,11.9550,-7.5,-0.00075,11.9525,-7.5,-0.00075,11.9525,-5.0,-0.00050,11.9537,-5.0,-0.00050,11.9537,-5.0,-0.00050,11.9550,-7.5,-0.00075,151.13
5,1048919,1,0,33.71,1225.3,1220.8,1219.5,0.0,8.7825,512.5,0.51250,11.9513,310.0,0.31000,11.9525,1197.5,0.03629,5.0812,700.0,0.07000,11.9513,1162.5,0.11625,11.9487,1465.0,0.14650,11.9525,370.0,0.03700,11.9525,-5.0,-0.00050,11.9537,-7.5,-0.00075,11.9500,-7.5,-0.00075,11.9513,-5.0,-0.00050,11.9513,-5.0,-0.00050,11.9525,-5.0,-0.00050,11.9525,-7.5,-0.00075,151.48
5,1049277,1,0,33.41,1217.3,1051.2,1049.1,0.0,8.7850,500.0,0.50000,11.9563,297.5,0.29750,11.9575,1197.5,0.03629,5.0812,700.0,0.07000,11.9550,1115.0,0.11150,11.9537,1417.5,0.14175,11.9575,365.0,0.03650,11.9575,-5.0,-0.00050,11.9587,-7.5,-0.00075,11.9537,-7.5,-0.00075,11.9563,-5.0,-0.00050,11.9563,-5.0,-0.00050,11.9563,-5.0,-0.00050,11.9575,-7.5,-0.00075,151.81
5,1049613,1,0,33.13,1209.4,1314.1,1108.2,0.0,8.7837,500.0,0.50000,11.9550,300.0,0.30000,11.9563,1197.5,0.03629,5.0812,697.5,0.06975,11.9550,1117.5,0.11175,11.9525,1422.5,0.14225,11.9563,370.0,0.03700,11.9563,-5.0,-0.00050,11.9575,-7.5,-0.00075,11.9537,-7.5,-0.00075,11.9550,-5.0,-0.00050,11.9550,-5.0,-0.00050,11.9563,-5.0,-0.00050,11.9575,-7.5,-0.00075,152.16
5,1049949,1,0,32.85,1092.8,1102.5,1346.5,0.0,8.7850,490.0,0.49000,11.9575,292.5,0.29250,11.9587,1197.5,0.03629,5.0812,700.0,0.07000,11.9575,1100.0,0.11000,11.9550,1390.0,0.13900,11.9587,352.5,0.03525,11.9587,-5.0,-0.00050,11.9600,-7.5,-0.00075,11.9563,-7.5,-0.00075,11.9575,-5.0,-0.00050,11.9587,-5.0,-0.00050,11.9587,-5.0,-0.00050,11.9600,-7.5,-0.00075,152.49
5,1050285,1,0,32.57,976.9,1095.5,972.7,0.0,8.7863,485.0,0.48500,11.9600,287.5,0.28750,11.9612,1197.5,0.03629,5.0812,697.5,0.06975,11.9587,1085.0,0.10850,11.9563,1367.5,0.13675,11.9612,347.5,0.03475,11.9612,-5.0,-0.00050,11.9625,-7.5,-0.00075,11.9587,-7.5,-0.00075,11.9600,-5.0,-0.00050,11.9600,-5.0,-0.00050,11.9600,-5.0,-0.00050,11.9612,-7.5,-0.00075,152.83
5,1050622,1,0,32.29,1077.6,966.1,1022.1,0.0,8.7875,475.0,0.47500,11.9612,282.5,0.28250,11.9625,1195.0,0.03621,5.0812,697.5,0.06975,11.9612,1052.5,0.10525,11.9587,1342.5,0.13425,11.9625,340.0,0.03400,11.9625,-5.0,-0.00050,11.9637,-7.5,-0.00075,11.9600,-7.5,-0.00075,11.9612,-5.0,-0.00050,11.9612,-5.0,-0.00050,11.9625,-5.0,-0.00050,11.9637,-7.5,-0.00075,153.17
5,1050958,1,0,32.01,962.9,1198.4,959.0,0.0,8.7863,477.5,0.47750,11.9612,285.0,0.28500,11.9612,1197.5,0.03629,5.0812,697.5,0.06975,11.9600,1067.5,0.10675,11.9587,1345.0,0.13450,11.9612,342.5,0.03425,11.9625,-5.0,-0.00050,11.9625,-7.5,-0.00075,11.9600,-7.5,-0.00075,11.9612,-5.0,-0.00050,11.9612,-5.0,-0.00050,11.9612,-5.0,-0.00050,11.9625,-7.5,-0.00075,153.51
5,1051315,1,0,31.72,956.4,1008.3,1071.7,0.0,8.7863,477.5,0.47750,11.9612,282.5,0.28250,11.9625,1197.5,0.03629,5.0812,700.0,0.07000,11.9612,1080.0,0.10800,11.9587,1335.0,0.13350,11.9625,325.0,0.03250,11.9625,-5.0,-0.00050,11.9637,-7.5,-0.00075,11.9600,-7.5,-0.00075,11.9612,-5.0,-0.00050,11.9625,-5.0,-0.00050,11.9625,-5.0,-0.00050,11.9637,-7.5,-0.00075,153.86
5,1051651,1,0,31.44,951.3,1182.8,1063.7,0.0,8.7875,472.5,0.47250,11.9625,280.0,0.28000,11.9625,1197.5,0.03629,5.0812,700.0,0.07000,11.9612,1070.0,0.10700,11.9600,1325.0,0.13250,11.9625,330.0,0.03300,11.9625,-5.0,-0.00050,11.9637,-7.5,-0.00075,11.9600,-7.5,-0.00075,11.9625,-5.0,-0.00050,11.9625,-5.0,-0.00050,11.9625,-5.0,-0.00050,11.9637,-7.5,-0.00075,154.20
5,1051988,1,0,31.16,1051.7,1059.2,1056.5,0.0,8.7863,475.0,0.47500,11.9612,285.0,0.28500,11.9625,1195.0,0.03621,5.0812,697.5,0.06975,11.9612,1062.5,0.10625,11.9587,1345.0,0.13450,11.9625,332.5,0.03325,11.9625,-5.0,-0.00050,11.9637,-7.5,-0.00075,11.9600,-7.5,-0.00075,11.9625,-5.0,-0.00050,11.9625,-5.0,-0.00050,11.9625,-5.0,-0.00050,11.9637,-7.5,-0.00075,154.53
5,1052324,1,0,30.88,941.0,935.7,1165.9,0.0,8.7887,460.0,0.46000,11.9650,272.5,0.27250,11.9662,1195.0,0.03621,5.0812,700.0,0.07000,11.9650,1010.0,0.10100,11.9625,1295.0,0.12950,11.9662,332.5,0.03325,11.9662,-5.0,-0.00050,11.9675,-7.5,-0.00075,11.9637,-7.5,-0.00075,11.9662,-5.0,-0.00050,11.9662,-5.0,-0.00050,11.9662,-5.0,-0.00050,11.9675,-7.5,-0.00075,154.86
5,1052660,1,0,30.60,1168.2,1162.4,1159.4,0.0,8.7887,460.0,0.46000,11.9650,272.5,0.27250,11.9662,1197.5,0.03629,5.0812,700.0,0.07000,11.9650,1002.5,0.10025,11.9625,1295.0,0.12950,11.9662,330.0,0.03300,11.9662,-5.0,-0.00050,11.9675,-7.5,-0.00075,11.9637,-7.5,-0.00075,11.9650,-5.0,-0.00050,11.9650,-5.0,-0.00050,11.9662,-5.0,-0.00050,11.9662,-7.5,-0.00075,155.19
5,1052996,1,0,30.32,1031.4,1155.1,1152.1,0.0,8.7900,450.0,0.45000,11.9675,265.0,0.26500,11.9687,1197.5,0.03629,5.0812,700.0,0.07000,11.9675,987.5,0.09875,11.9650,1270.0,0.12700,11.9687,315.0,0.03150,11.9687,-5.0,-0.00050,11.9700,-7.5,-0.00075,11.9675,-7.5,-0.00075,11.9675,-5.0,-0.00050,11.9675,-5.0,-0.00050,11.9687,-5.0,-0.00050,11.9700,-7.5,-0.00075,155.54
5,1053354,1,0,30.02,1035.6,971.8,1045.7,0.0,8.7913,445.0,0.44500,11.9687,262.5,0.26250,11.9700,1197.5,0.03629,5.0812,700.0,0.07000,11.9687,982.5,0.09825,11.9662,1260.0,0.12600,11.9700,307.5,0.03075,11.9700,-5.0,-0.00050,11.9712,-7.5,-0.00075,11.9675,-7.5,-0.00075,11.9687,-5.0,-0.00050,11.9687,-5.0,-0.00050,11.9687,-5.0,-0.00050,11.9700,-7.5,-0.00075,155.89
5,1053690,1,0,29.74,914.4,911.7,1134.8,0.0,8.7925,432.5,0.43250,11.9725,252.5,0.25250,11.9738,1197.5,0.03629,5.0812,700.0,0.07000,11.9725,940.0,0.09400,11.9700,1187.5,0.11875,11.9738,307.5,0.03075,11.9738,-5.0,-0.00050,11.9750,-7.5,-0.00075,11.9712,-7.5,-0.00075,11.9725,-5.0,-0.00050,11.9738,-5.0,-0.00050,11.9738,-5.0,-0.00050,11.9750,-7.5,-0.00075,156.22
5,1054026,1,0,29.46,1133.7,1017.5,902.5,0.0,8.7925,432.5,0.43250,11.9712,255.0,0.25500,11.9725,1192.5,0.03614,5.0812,697.5,0.06975,11.9712,945.0,0.09450,11.9700,1217.5,0.12175,11.9725,305.0,0.03050,11.9725,-5.0,-0.00050,11.9738,-7.5,-0.00075,11.9700,-7.5,-0.00075,11.9725,-5.0,-0.00050,11.9725,-5.0,-0.00050,11.9725,-5.0,-0.00050,11.9725,-7.5,-0.00075,156.56
5,1054362,1,0,29.18,900.3,1010.0,1008.6,0.0,8.7937,422.5,0.42250,11.9738,247.5,0.24750,11.9750,1192.5,0.03614,5.0812,697.5,0.06975,11.9738,922.5,0.09225,11.9712,1200.0,0.12000,11.9750,297.5,0.02975,11.9750,-5.0,-0.00050,11.9762,-7.5,-0.00075,11.9725,-7.5,-0.00075,11.9738,-5.0,-0.00050,11.9738,-5.0,-0.00050,11.9738,-5.0,-0.00050,11.9750,-7.5,-0.00075,156.90
5,1054699,1,0,28.90,1117.8,1002.7,1113.1,0.0,8.7925,430.0,0.43000,11.9725,252.5,0.25250,11.9738,1197.5,0.03629,5.0812,697.5,0.06975,11.9738,932.5,0.09325,11.9700,1202.5,0.12025,11.9750,307.5,0.03075,11.9750,-5.0,-0.00050,11.9750,-7.5,-0.00075,11.9725,-7.5,-0.00075,11.9738,-5.0,-0.00050,11.9738,-5.0,-0.00050,11.9738,-5.0,-0.00050,11.9750,-7.5,-0.00075,157.23
5,1055035,1,0,28.62,1045.3,1107.3,995.0,0.0,8.7937,427.5,0.42750,11.9725,252.5,0.25250,11.9738,1195.0,0.03621,5.0812,697.5,0.06975,11.9725,937.5,0.09375,11.9700,1200.0,0.12000,11.9738,290.0,0.02900,11.9738,-5.0,-0.00050,11.9750,-7.5,-0.00075,11.9712,-7.5,-0.00075,11.9738,-5.0,-0.00050,11.9738,-5.0,-0.00050,11.9738,-5.0,-0.00050,11.9750,-7.5,-0.00075,157.59
5,1055392,1,0,28.32,993.0,1172.8,877.9,0.0,8.7950,415.0,0.41500,11.9762,242.5,0.24250,11.9775,1195.0,0.03621,5.0812,697.5,0.06975,11.9762,892.5,0.08925,11.9738,1155.0,0.11550,11.9775,290.0,0.02900,11.9775,-5.0,-0.00050,11.9787,-7.5,-0.00075,11.9750,-7.5,-0.00075,11.9775,-5.0,-0.00050,11.9775,-5.0,-0.00050,11.9775,-5.0,-0.00050,11.9775,-7.5,-0.00075,157.93
5,1055728,1,0,28.04,1001.1,872.6,981.1,0.0,8.7962,407.5,0.40750,11.9787,237.5,0.23750,11.9787,1195.0,0.03621,5.0812,697.5,0.06975,11.9775,902.5,0.09025,11.9762,1127.5,0.11275,11.9787,287.5,0.02875,11.9787,-5.0,-0.00050,11.9800,-7.5,-0.00075,11.9775,-7.5,-0.00075,11.9787,-5.0,-0.00050,11.9787,-5.0,-0.00050,11.9787,-5.0,-0.00050,11.9800,-7.5,-0.00075,158.27
5,1056065,1,0,27.76,869.2,1113.4,1082.0,0.0,8.7950,410.0,0.41000,11.9775,237.5,0.23750,11.9787,1195.0,0.03621,5.0812,697.5,0.06975,11.9787,882.5,0.08825,11.9750,1125.0,0.11250,11.9787,290.0,0.02900,11.9787,-5.0,-0.00050,11.9800,-7.5,-0.00075,11.9762,-7.5,-0.00075,11.9775,-5.0,-0.00050,11.9775,-5.0,-0.00050,11.9775,-5.0,-0.00050,11.9787,-7.5,-0.00075,158.60
5,1056401,1,0,27.48,971.7,1182.9,1031.8,0.0,8.7950,410.0,0.41000,11.9775,237.5,0.23750,11.9787,1195.0,0.03621,5.0812,697.5,0.06975,11.9775,910.0,0.09100,11.9750,1132.5,0.11325,11.9787,275.0,0.02750,11.9787,-5.0,-0.00050,11.9800,-7.5,-0.00075,11.9775,-7.5,-0.00075,11.9775,-5.0,-0.00050,11.9787,-5.0,-0.00050,11.9787,-5.0,-0.00050,11.9800,-7.5,-0.00075,158.94
5,1056737,1,0,27.20,979.9,1025.0,1021.9,0.0,8.7962,397.5,0.39750,11.9812,227.5,0.22750,11.9812,1192.5,0.03614,5.0812,697.5,0.06975,11.9812,860.0,0.08600,11.9787,1097.5,0.10975,11.9825,280.0,0.02800,11.9825,-5.0,-0.00050,11.9837,-7.5,-0.00075,11.9800,-7.5,-0.00075,11.9812,-5.0,-0.00050,11.9812,-5.0,-0.00050,11.9812,-5.0,-0.00050,11.9825,-7.5,-0.00075,159.27
5,1057073,1,0,26.92,971.4,1060.0,845.4,0.0,8.7975,390.0,0.39000,11.9825,222.5,0.22250,11.9837,1195.0,0.03621,5.0812,697.5,0.06975,11.9837,837.5,0.08375,11.9812,1065.0,0.10650,11.9850,272.5,0.02725,11.9850,-5.0,-0.00050,11.9850,-7.5,-0.00075,11.9825,-7.5,-0.00075,11.9837,-5.0,-0.00050,11.9837,-5.0,-0.00050,11.9837,-5.0,-0.00050,11.9850,-7.5,-0.00075,159.62
5,1057431,1,0,26.62,899.1,1080.6,1198.4,0.0,8.7962,390.0,0.39000,11.9825,225.0,0.22500,11.9837,1195.0,0.03621,5.0812,697.5,0.06975,11.9825,852.5,0.08525,11.9800,1062.5,0.10625,11.9837,277.5,0.02775,11.9837,-5.0,-0.00050,11.9850,-7.5,-0.00075,11.9812,-7.5,-0.00075,11.9825,-5.0,-0.00050,11.9825,-5.0,-0.00050,11.9825,-5.0,-0.00050,11.9837,-7.5,-0.00075,159.96
5,1057767,1,0,26.34,956.8,834.3,950.7,0.0,8.7962,392.5,0.39250,11.9825,225.0,0.22500,11.9837,1195.0,0.03621,5.0812,697.5,0.06975,11.9825,852.5,0.08525,11.9800,1072.5,0.10725,11.9837,262.5,0.02625,11.9837,-5.0,-0.00050,11.9850,-7.5,-0.00075,11.9812,-7.5,-0.00075,11.9825,-5.0,-0.00050,11.9825,-5.0,-0.00050,11.9825,-5.0,-0.00050,11.9837,-7.5,-0.00075,160.30
5,1058103,1,0,26.06,1068.3,828.8,825.8,0.0,8.7975,385.0,0.38500,11.9837,220.0,0.22000,11.9850,1195.0,0.03621,5.0812,697.5,0.06975,11.9837,837.5,0.08375,11.9812,1047.5,0.10475,11.9850,265.0,0.02650,11.9850,-5.0,-0.00050,11.9862,-7.5,-0.00075,11.9825,-7.5,-0.00075,11.9837,-5.0,-0.00050,11.9850,-5.0,-0.00050,11.9850,-5.0,-0.00050,11.9862,-7.5,-0.00075,160.64
5,1058439,1,0,25.78,943.2,822.9,873.6,0.0,8.7975,382.5,0.38250,11.9837,220.0,0.22000,11.9850,1195.0,0.03621,5.0812,697.5,0.06975,11.9850,825.0,0.08250,11.9825,1045.0,0.10450,11.9862,255.0,0.02550,11.9862,-5.0,-0.00050,11.9875,-7.5,-0.00075,11.9837,-7.5,-0.00075,11.9850,-5.0,-0.00050,11.9850,-5.0,-0.00050,11.9850,-5.0,-0.00050,11.9862,-7.5,-0.00075,160.97
5,1058776,1,0,25.50,819.8,933.8,813.5,0.0,8.7987,372.5,0.37250,11.9875,212.5,0.21250,11.9875,1192.5,0.03614,5.0812,697.5,0.06975,11.9875,802.5,0.08025,11.9850,1015.0,0.10150,11.9887,262.5,0.02625,11.9887,-5.0,-0.00050,11.9900,-7.5,-0.00075,11.9862,-7.5,-0.00075,11.9875,-5.0,-0.00050,11.9875,-5.0,-0.00050,11.9875,-5.0,-0.00050,11.9887,-7.5,-0.00075,161.31
5,1059112,1,0,25.22,813.5,810.4,922.9,0.0,8.7987,372.5,0.37250,11.9862,212.5,0.21250,11.9875,1192.5,0.03614,5.0812,697.5,0.06975,11.9862,800.0,0.08000,11.9850,1015.0,0.10150,11.9875,262.5,0.02625,11.9875,-5.0,-0.00050,11.9887,-7.5,-0.00075,11.9862,-7.5,-0.00075,11.9875,-5.0,-0.00050,11.9875,-5.0,-0.00050,11.9887,-5.0,-0.00050,11.9887,-7.5,-0.00075,161.66
5,1059469,1,0,24.92,921.6,938.0,801.7,0.0,8.7987,365.0,0.36500,11.9887,207.5,0.20750,11.9900,1192.5,0.03614,5.0812,697.5,0.06975,11.9887,777.5,0.07775,11.9875,987.5,0.09875,11.9900,250.0,0.02500,11.9900,-5.0,-0.00050,11.9913,-7.5,-0.00075,11.9875,-7.5,-0.00075,11.9900,-5.0,-0.00050,11.9900,-5.0,-0.00050,11.9900,-5.0,-0.00050,11.9900,-7.5,-0.00075,162.00
5,1059805,1,0,24.64,800.4,798.0,909.6,0.0,8.7975,367.5,0.36750,11.9887,207.5,0.20750,11.9887,1192.5,0.03614,5.0812,697.5,0.06975,11.9887,785.0,0.07850,11.9862,992.5,0.09925,11.9900,252.5,0.02525,11.9900,-5.0,-0.00050,11.9913,-7.5,-0.00075,11.9875,-7.5,-0.00075,11.9887,-5.0,-0.00050,11.9887,-5.0,-0.00050,11.9887,-5.0,-0.00050,11.9900,-7.5,-0.00075,162.34
5,1060142,1,0,24.36,907.6,923.3,1014.4,0.0,8.7975,355.0,0.35500,11.9925,200.0,0.20000,11.9925,1192.5,0.03614,5.0812,697.5,0.06975,11.9925,750.0,0.07500,11.9900,950.0,0.09500,11.9937,240.0,0.02400,11.9937,-5.0,-0.00050,11.9950,-7.5,-0.00075,11.9913,-7.5,-0.00075,11.9925,-5.0,-0.00050,11.9925,-5.0,-0.00050,11.9925,-5.0,-0.00050,11.9937,-7.5,-0.00075,162.68
5,1060478,1,0,24.08,1124.4,1045.8,783.6,0.0,8.7987,355.0,0.35500,11.9913,202.5,0.20250,11.9913,1192.5,0.03614,5.0812,697.5,0.06975,11.9913,752.5,0.07525,11.9887,960.0,0.09600,11.9925,250.0,0.02500,11.9925,-5.0,-0.00050,11.9937,-7.5,-0.00075,11.9900,-7.5,-0.00075,11.9913,-5.0,-0.00050,11.9913,-5.0,-0.00050,11.9913,-5.0,-0.00050,11.9925,-7.5,-0.00075,163.01
5,1060814,1,0,23.80,780.9,889.0,906.2,0.0,8.8000,347.5,0.34750,11.9937,195.0,0.19500,11.9937,1192.5,0.03614,5.0812,697.5,0.06975,11.9937,735.0,0.07350,11.9913,930.0,0.09300,11.9950,232.5,0.02325,11.9950,-5.0,-0.00050,11.9963,-7.5,-0.00075,11.9925,-7.5,-0.00075,11.9925,-5.0,-0.00050,11.9937,-5.0,-0.00050,11.9937,-5.0,-0.00050,11.9950,-7.5,-0.00075,163.36
5,1061150,1,0,23.52,996.1,1068.6,991.3,0.0,8.7987,352.5,0.35250,11.9925,197.5,0.19750,11.9925,1190.0,0.03606,5.0812,697.5,0.06975,11.9925,747.5,0.07475,11.9900,947.5,0.09475,11.9925,245.0,0.02450,11.9937,-5.0,-0.00050,11.9937,-7.5,-0.00075,11.9913,-7.5,-0.00075,11.9925,-5.0,-0.00050,11.9925,-5.0,-0.00050,11.9937,-5.0,-0.00050,11.9937,-7.5,-0.00075,163.71
5,1061508,1,0,23.22,1281.4,875.1,765.3,0.0,8.8000,352.5,0.35250,11.9913,197.5,0.19750,11.9925,1195.0,0.03621,5.0812,697.5,0.06975,11.9925,755.0,0.07550,11.9887,947.5,0.09475,11.9937,232.5,0.02325,11.9925,-5.0,-0.00050,11.9937,-7.5,-0.00075,11.9900,-7.5,-0.00075,11.9925,-5.0,-0.00050,11.9925,-5.0,-0.00050,11.9925,-5.0,-0.00050,11.9925,-7.5,-0.00075,164.04
5,1061844,1,0,22.94,763.5,978.4,934.1,0.0,8.8000,342.5,0.34250,11.9950,190.0,0.19000,11.9963,1192.5,0.03614,5.0812,697.5,0.06975,11.9963,717.5,0.07175,11.9925,912.5,0.09125,11.9963,230.0,0.02300,11.9963,-5.0,-0.00050,11.9975,-7.5,-0.00075,11.9937,-7.5,-0.00075,11.9963,-5.0,-0.00050,11.9950,-5.0,-0.00050,11.9950,-5.0,-0.00050,11.9963,-7.5,-0.00075,164.38
5,1062180,1,0,22.66,882.6,1185.6,752.4,0.0,8.8025,332.5,0.33250,11.9975,185.0,0.18500,11.9975,1190.0,0.03606,5.0812,697.5,0.06975,11.9975,697.5,0.06975,11.9950,885.0,0.08850,11.9987,227.5,0.02275,11.9975,-5.0,-0.00050,11.9987,-7.5,-0.00075,11.9950,-7.5,-0.00075,11.9975,-5.0,-0.00050,11.9975,-5.0,-0.00050,11.9975,-5.0,-0.00050,11.9987,-7.5,-0.00075,164.71
5,1062516,1,0,22.38,749.4,872.1,1171.3,0.0,8.8012,335.0,0.33500,11.9963,185.0,0.18500,11.9975,1192.5,0.03614,5.0812,697.5,0.06975,11.9963,705.0,0.07050,11.9950,887.5,0.08875,11.9975,227.5,0.02275,11.9975,-5.0,-0.00050,11.9987,-7.5,-0.00075,11.9963,-7.5,-0.00075,11.9975,-5.0,-0.00050,11.9975,-5.0,-0.00050,11.9975,-5.0,-0.00050,11.9987,-7.5,-0.00075,165.05
5,1062853,1,0,22.10,743.2,741.5,1057.0,0.0,8.8012,335.0,0.33500,11.9963,187.5,0.18750,11.9975,1190.0,0.03606,5.0812,697.5,0.06975,11.9975,707.5,0.07075,11.9950,877.5,0.08775,11.9987,217.5,0.02175,11.9987,-5.0,-0.00050,12.0000,-7.5,-0.00075,11.9963,-7.5,-0.00075,11.9975,-5.0,-0.00050,11.9975,-5.0,-0.00050,11.9975,-5.0,-0.00050,11.9987,-7.5,-0.00075,165.40
5,1063189,1,0,21.82,859.3,840.4,732.6,0.0,8.8025,320.0,0.32000,12.0000,175.0,0.17500,12.0000,1192.5,0.03614,5.0812,697.5,0.06975,12.0000,677.5,0.06775,11.9975,847.5,0.08475,12.0012,215.0,0.02150,12.0000,-5.0,-0.00050,12.0012,-7.5,-0.00075,11.9987,-7.5,-0.00075,12.0000,-5.0,-0.00050,12.0012,-5.0,-0.00050,12.0012,-5.0,-0.00050,12.0012,-7.5,-0.00075,165.74
5,1063546,1,0,21.52,972.7,728.2,848.0,0.0,8.8012,322.5,0.32250,11.9987,177.5,0.17750,12.0012,1190.0,0.03606,5.0812,697.5,0.06975,12.0012,670.0,0.06700,11.9975,835.0,0.08350,12.0025,220.0,0.02200,12.0012,-5.0,-0.00050,12.0025,-7.5,-0.00075,11.9987,-7.5,-0.00075,12.0000,-5.0,-0.00050,12.0000,-5.0,-0.00050,12.0012,-5.0,-0.00050,12.0012,-7.5,-0.00075,166.08
5,1063882,1,0,21.24,844.0,962.6,720.9,0.0,8.8025,317.5,0.31750,12.0012,172.5,0.17250,12.0025,1190.0,0.03606,5.0812,697.5,0.06975,12.0025,657.5,0.06575,12.0000,822.5,0.08225,12.0037,205.0,0.02050,12.0037,-5.0,-0.00050,12.0050,-7.5,-0.00075,12.0012,-7.5,-0.00075,12.0012,-5.0,-0.00050,12.0012,-5.0,-0.00050,12.0025,-5.0,-0.00050,12.0025,-7.5,-0.00075,166.41
5,1064219,1,0,20.96,717.4,835.2,952.0,0.0,8.8038,317.5,0.31750,12.0012,175.0,0.17500,12.0012,1190.0,0.03606,5.0812,697.5,0.06975,12.0012,675.0,0.06750,11.9987,830.0,0.08300,12.0025,200.0,0.02000,12.0025,-5.0,-0.00050,12.0037,-7.5,-0.00075,12.0000,-7.5,-0.00075,12.0012,-5.0,-0.00050,12.0012,-5.0,-0.00050,12.0012,-5.0,-0.00050,12.0025,-7.5,-0.00075,166.75
5,1064555,1,0,20.68,830.5,828.5,824.4,0.0,8.8038,312.5,0.31250,12.0025,170.0,0.17000,12.0025,1190.0,0.03606,5.0812,697.5,0.06975,12.0025,660.0,0.06600,12.0000,815.0,0.08150,12.0037,202.5,0.02025,12.0037,-5.0,-0.00050,12.0050,-7.5,-0.00075,12.0012,-7.5,-0.00075,12.0025,-5.0,-0.00050,12.0025,-5.0,-0.00050,12.0025,-5.0,-0.00050,12.0037,-7.5,-0.00075,167.09
5,1064891,1,0,20.40,868.7,865.7,860.5,0.0,8.8038,315.0,0.31500,12.0012,172.5,0.17250,12.0025,1190.0,0.03606,5.0812,697.5,0.06975,12.0025,665.0,0.06650,12.0000,822.5,0.08225,12.0025,207.5,0.02075,12.0025,-5.0,-0.00050,12.0037,-7.5,-0.00075,12.0000,-7.5,-0.00075,12.0012,-5.0,-0.00050,12.0012,-5.0,-0.00050,12.0025,-5.0,-0.00050,12.0025,-7.5,-0.00075,167.42
5,1065227,1,0,20.12,817.2,930.6,694.6,0.0,8.8050,305.0,0.30500,12.0037,165.0,0.16500,12.0050,1187.5,0.03598,5.0812,697.5,0.06975,12.0050,630.0,0.06300,12.0025,777.5,0.07775,12.0062,205.0,0.02050,12.0062,-5.0,-0.00050,12.0062,-7.5,-0.00075,12.0037,-7.5,-0.00075,12.0050,-5.0,-0.00050,12.0050,-5.0,-0.00050,12.0050,-5.0,-0.00050,12.0062,-7.5,-0.00075,167.77
5,1065585,1,0,19.82,809.2,805.9,1033.2,0.0,8.8050,305.0,0.30500,12.0037,165.0,0.16500,12.0037,1190.0,0.03606,5.0812,697.5,0.06975,12.0037,627.5,0.06275,12.0025,795.0,0.07950,12.0050,205.0,0.02050,12.0050,-5.0,-0.00050,12.0062,-7.5,-0.00075,12.0025,-7.5,-0.00075,12.0037,-5.0,-0.00050,12.0037,-5.0,-0.00050,12.0050,-5.0,-0.00050,12.0050,-7.5,-0.00075,168.12
5,1065921,1,0,19.54,686.8,684.5,683.7,0.0,8.8062,300.0,0.30000,12.0050,162.5,0.16250,12.0062,1190.0,0.03606,5.0812,697.5,0.06975,12.0062,615.0,0.06150,12.0037,765.0,0.07650,12.0075,197.5,0.01975,12.0075,-5.0,-0.00050,12.0075,-7.5,-0.00075,12.0050,-7.5,-0.00075,12.0062,-5.0,-0.00050,12.0062,-5.0,-0.00050,12.0062,-5.0,-0.00050,12.0075,-7.5,-0.00075,168.45
5,1066257,1,0,19.26,680.5,813.6,676.6,0.0,8.8062,300.0,0.30000,12.0050,162.5,0.16250,12.0062,1190.0,0.03606,5.0812,697.5,0.06975,12.0062,617.5,0.06175,12.0037,775.0,0.07750,12.0075,190.0,0.01900,12.0062,-5.0,-0.00050,12.0075,-7.5,-0.00075,12.0050,-7.5,-0.00075,12.0050,-5.0,-0.00050,12.0062,-5.0,-0.00050,12.0062,-5.0,-0.00050,12.0075,-7.5,-0.00075,168.79
5,1066593,1,0,18.98,787.1,672.2,671.9,0.0,8.8075,287.5,0.28750,12.0087,155.0,0.15500,12.0087,1190.0,0.03606,5.0812,697.5,0.06975,12.0087,585.0,0.05850,12.0062,747.5,0.07475,12.0100,185.0,0.01850,12.0100,-5.0,-0.00050,12.0112,-7.5,-0.00075,12.0075,-7.5,-0.00075,12.0087,-5.0,-0.00050,12.0087,-5.0,-0.00050,12.0087,-5.0,-0.00050,12.0100,-7.5,-0.00075,169.12
5,1066930,1,0,18.70,778.3,665.7,666.7,0.0,8.8062,290.0,0.29000,12.0075,155.0,0.15500,12.0087,1190.0,0.03606,5.0812,697.5,0.06975,12.0087,595.0,0.05950,12.0062,747.5,0.07475,12.0100,185.0,0.01850,12.0100,-5.0,-0.00050,12.0100,-7.5,-0.00075,12.0075,-7.5,-0.00075,12.0075,-5.0,-0.00050,12.0087,-5.0,-0.00050,12.0087,-5.0,-0.00050,12.0100,-7.5,-0.00075,169.46
5,1067266,1,0,18.42,660.9,768.8,768.9,0.0,8.8075,282.5,0.28250,12.0087,150.0,0.15000,12.0100,1192.5,0.03614,5.0812,697.5,0.06975,12.0100,572.5,0.05725,12.0075,727.5,0.07275,12.0112,175.0,0.01750,12.0112,-5.0,-0.00050,12.0125,-7.5,-0.00075,12.0087,-7.5,-0.00075,12.0100,-5.0,-0.00050,12.0100,-5.0,-0.00050,12.0100,-5.0,-0.00050,12.0112,-7.5,-0.00075,169.81
5,1067623,1,0,18.13,762.6,977.5,868.4,0.0,8.8075,280.0,0.28000,12.0100,150.0,0.15000,12.0100,1190.0,0.03606,5.0812,697.5,0.06975,12.0112,572.5,0.05725,12.0087,715.0,0.07150,12.0112,180.0,0.01800,12.0112,-5.0,-0.00050,12.0125,-7.5,-0.00075,12.0100,-7.5,-0.00075,12.0100,-5.0,-0.00050,12.0112,-5.0,-0.00050,12.0112,-5.0,-0.00050,12.0125,-7.5,-0.00075,170.16
5,1067959,1,0,17.85,647.0,645.0,643.4,0.0,8.8062,287.5,0.28750,12.0075,155.0,0.15500,12.0087,1190.0,0.03606,5.0812,697.5,0.06975,12.0087,595.0,0.05950,12.0062,740.0,0.07400,12.0100,177.5,0.01775,12.0100,-5.0,-0.00050,12.0100,-7.5,-0.00075,12.0062,-7.5,-0.00075,12.0087,-5.0,-0.00050,12.0087,-5.0,-0.00050,12.0087,-5.0,-0.00050,12.0087,-7.5,-0.00075,170.49
5,1068296,1,0,17.57,700.3,640.1,697.3,0.0,8.8075,280.0,0.28000,12.0100,150.0,0.15000,12.0112,1187.5,0.03598,5.0812,697.5,0.06975,12.0112,570.0,0.05700,12.0087,715.0,0.07150,12.0112,177.5,0.01775,12.0112,-5.0,-0.00050,12.0125,-7.5,-0.00075,12.0100,-7.5,-0.00075,12.0100,-5.0,-0.00050,12.0112,-5.0,-0.00050,12.0112,-5.0,-0.00050,12.0125,-7.5,-0.00075,170.83
5,1068632,1,0,17.28,635.8,887.3,758.1,0.0,8.8075,280.0,0.28000,12.0100,150.0,0.15000,12.0100,1190.0,0.03606,5.0812,697.5,0.06975,12.0100,572.5,0.05725,12.0087,717.5,0.07175,12.0112,175.0,0.01750,12.0112,-5.0,-0.00050,12.0125,-7.5,-0.00075,12.0087,-7.5,-0.00075,12.0100,-5.0,-0.00050,12.0100,-5.0,-0.00050,12.0112,-5.0,-0.00050,12.0112,-7.5,-0.00075,171.17
5,1068968,1,0,17.00,630.8,799.1,627.9,0.0,8.8075,275.0,0.27500,12.0112,145.0,0.14500,12.0112,1190.0,0.03606,5.0812,697.5,0.06975,12.0125,562.5,0.05625,12.0100,700.0,0.07000,12.0125,170.0,0.01700,12.0125,-5.0,-0.00050,12.0138,-7.5,-0.00075,12.0100,-7.5,-0.00075,12.0112,-5.0,-0.00050,12.0125,-5.0,-0.00050,12.0125,-5.0,-0.00050,12.0138,-7.5,-0.00075,171.50
5,1069304,1,0,16.72,999.1,904.2,1012.9,0.0,8.8088,272.5,0.27250,12.0112,145.0,0.14500,12.0125,1190.0,0.03606,5.0812,697.5,0.06975,12.0125,562.5,0.05625,12.0100,700.0,0.07000,12.0125,162.5,0.01625,12.0125,-5.0,-0.00050,12.0138,-7.5,-0.00075,12.0112,-7.5,-0.00075,12.0125,-5.0,-0.00050,12.0125,-5.0,-0.00050,12.0125,-5.0,-0.00050,12.0138,-7.5,-0.00075,171.85
5,1069662,1,0,16.43,740.8,615.0,736.2,0.0,8.8088,267.5,0.26750,12.0138,140.0,0.14000,12.0138,1187.5,0.03598,5.0812,697.5,0.06975,12.0138,537.5,0.05375,12.0125,677.5,0.06775,12.0150,162.5,0.01625,12.0150,-5.0,-0.00050,12.0162,-7.5,-0.00075,12.0125,-7.5,-0.00075,12.0138,-5.0,-0.00050,12.0138,-5.0,-0.00050,12.0138,-5.0,-0.00050,12.0150,-7.5,-0.00075,172.20
5,1069998,1,0,16.15,611.2,609.3,848.2,0.0,8.8088,270.0,0.27000,12.0125,142.5,0.14250,12.0138,1190.0,0.03606,5.0812,697.5,0.06975,12.0138,537.5,0.05375,12.0112,677.5,0.06775,12.0150,172.5,0.01725,12.0150,-5.0,-0.00050,12.0162,-7.5,-0.00075,12.0125,-7.5,-0.00075,12.0138,-5.0,-0.00050,12.0138,-5.0,-0.00050,12.0138,-5.0,-0.00050,12.0150,-7.5,-0.00075,172.54
5,1070334,1,0,15.87,726.5,603.4,721.5,0.0,8.8100,262.5,0.26250,12.0138,137.5,0.13750,12.0150,1187.5,0.03598,5.0812,697.5,0.06975,12.0150,527.5,0.05275,12.0138,665.0,0.06650,12.0162,157.5,0.01575,12.0162,-5.0,-0.00050,12.0175,-7.5,-0.00075,12.0138,-7.5,-0.00075,12.0150,-5.0,-0.00050,12.0150,-5.0,-0.00050,12.0150,-5.0,-0.00050,12.0162,-7.5,-0.00075,172.88
5,1070670,1,0,15.59,598.3,715.5,710.5,0.0,8.8100,262.5,0.26250,12.0138,137.5,0.13750,12.0150,1187.5,0.03598,5.0812,697.5,0.06975,12.0150,535.0,0.05350,12.0125,667.5,0.06675,12.0162,157.5,0.01575,12.0150,-5.0,-0.00050,12.0162,-7.5,-0.00075,12.0138,-7.5,-0.00075,12.0150,-5.0,-0.00050,12.0150,-5.0,-0.00050,12.0150,-5.0,-0.00050,12.0162,-7.5,-0.00075,173.21
5,1071007,1,0,15.31,592.3,590.7,702.9,0.0,8.8100,262.5,0.26250,12.0138,137.5,0.13750,12.0150,1190.0,0.03606,5.0812,697.5,0.06975,12.0150,525.0,0.05250,12.0125,660.0,0.06600,12.0162,160.0,0.01600,12.0162,-5.0,-0.00050,12.0175,-7.5,-0.00075,12.0138,-7.5,-0.00075,12.0150,-5.0,-0.00050,12.0150,-5.0,-0.00050,12.0150,-5.0,-0.00050,12.0162,-7.5,-0.00075,173.54
5,1071343,1,0,15.03,732.5,585.1,697.5,0.0,8.8100,262.5,0.26250,12.0138,137.5,0.13750,12.0150,1190.0,0.03606,5.0812,697.5,0.06975,12.0150,525.0,0.05250,12.0125,665.0,0.06650,12.0162,160.0,0.01600,12.0162,-5.0,-0.00050,12.0162,-7.5,-0.00075,12.0138,-7.5,-0.00075,12.0150,-5.0,-0.00050,12.0150,-5.0,-0.00050,12.0150,-5.0,-0.00050,12.0162,-7.5,-0.00075,173.90
5,1071700,1,0,14.73,724.7,694.1,573.6,0.0,8.8112,255.0,0.25500,12.0162,132.5,0.13250,12.0175,1187.5,0.03598,5.0812,697.5,0.06975,12.0175,502.5,0.05025,12.0150,637.5,0.06375,12.0188,152.5,0.01525,12.0188,-5.0,-0.00050,12.0188,-7.5,-0.00075,12.0162,-7.5,-0.00075,12.0175,-5.0,-0.00050,12.0175,-5.0,-0.00050,12.0175,-5.0,-0.00050,12.0188,-7.5,-0.00075,174.24
5,1072036,1,0,14.45,688.3,635.3,682.6,0.0,8.8088,255.0,0.25500,12.0162,132.5,0.13250,12.0162,1190.0,0.03606,5.0812,697.5,0.06975,12.0175,505.0,0.05050,12.0150,640.0,0.06400,12.0175,155.0,0.01550,12.0175,-5.0,-0.00050,12.0188,-7.5,-0.00075,12.0150,-7.5,-0.00075,12.0162,-5.0,-0.00050,12.0162,-5.0,-0.00050,12.0162,-5.0,-0.00050,12.0175,-7.5,-0.00075,174.58
5,1072373,1,0,14.17,567.8,679.3,704.6,0.0,8.8100,250.0,0.25000,12.0175,127.5,0.12750,12.0175,1187.5,0.03598,5.0812,697.5,0.06975,12.0188,490.0,0.04900,12.0162,622.5,0.06225,12.0188,150.0,0.01500,12.0188,-5.0,-0.00050,12.0200,-7.5,-0.00075,12.0162,-7.5,-0.00075,12.0175,-5.0,-0.00050,12.0175,-5.0,-0.00050,12.0175,-5.0,-0.00050,12.0188,-7.5,-0.00075,174.90
5,1072709,1,0,13.89,560.8,559.8,559.0,0.0,8.8100,247.5,0.24750,12.0175,127.5,0.12750,12.0188,1187.5,0.03598,5.0812,697.5,0.06975,12.0188,487.5,0.04875,12.0162,612.5,0.06125,12.0200,147.5,0.01475,12.0200,-5.0,-0.00050,12.0212,-7.5,-0.00075,12.0175,-7.5,-0.00075,12.0188,-5.0,-0.00050,12.0188,-5.0,-0.00050,12.0188,-5.0,-0.00050,12.0200,-7.5,-0.00075,175.24
5,1073045,1,0,13.61,553.5,614.3,553.5,0.0,8.8100,242.5,0.24250,12.0188,125.0,0.12500,12.0200,1190.0,0.03606,5.0812,697.5,0.06975,12.0200,472.5,0.04725,12.0188,602.5,0.06025,12.0212,145.0,0.01450,12.0212,-5.0,-0.00050,12.0225,-7.5,-0.00075,12.0188,-7.5,-0.00075,12.0200,-5.0,-0.00050,12.0200,-5.0,-0.00050,12.0200,-5.0,-0.00050,12.0212,-7.5,-0.00075,175.58
5,1073381,1,0,13.33,656.2,545.7,547.5,0.0,8.8100,245.0,0.24500,12.0188,125.0,0.12500,12.0188,1187.5,0.03598,5.0812,697.5,0.06975,12.0200,487.5,0.04875,12.0175,607.5,0.06075,12.0200,142.5,0.01425,12.0200,-5.0,-0.00050,12.0212,-7.5,-0.00075,12.0175,-7.5,-0.00075,12.0188,-5.0,-0.00050,12.0200,-5.0,-0.00050,12.0200,-5.0,-0.00050,12.0212,-7.5,-0.00075,175.94
5,1073739,1,0,13.03,540.9,647.3,539.6,0.0,8.8088,245.0,0.24500,12.0188,125.0,0.12500,12.0188,1187.5,0.03598,5.0812,697.5,0.06975,12.0188,497.5,0.04975,12.0175,607.5,0.06075,12.0200,135.0,0.01350,12.0200,-5.0,-0.00050,12.0212,-7.5,-0.00075,12.0175,-7.5,-0.00075,12.0188,-5.0,-0.00050,12.0188,-5.0,-0.00050,12.0200,-5.0,-0.00050,12.0200,-7.5,-0.00075,176.27
5,1074075,1,0,12.75,535.1,533.8,532.6,0.0,8.8100,237.5,0.23750,12.0200,120.0,0.12000,12.0212,1187.5,0.03598,5.0812,697.5,0.06975,12.0212,465.0,0.04650,12.0200,585.0,0.05850,12.0225,137.5,0.01375,12.0225,-5.0,-0.00050,12.0237,-7.5,-0.00075,12.0200,-7.5,-0.00075,12.0212,-5.0,-0.00050,12.0212,-5.0,-0.00050,12.0212,-5.0,-0.00050,12.0225,-7.5,-0.00075,176.61
5,1074411,1,0,12.47,528.5,738.3,525.5,0.0,8.8100,242.5,0.24250,12.0188,122.5,0.12250,12.0200,1187.5,0.03598,5.0812,697.5,0.06975,12.0200,477.5,0.04775,12.0188,592.5,0.05925,12.0212,135.0,0.01350,12.0212,-5.0,-0.00050,12.0225,-7.5,-0.00075,12.0188,-7.5,-0.00075,12.0200,-5.0,-0.00050,12.0200,-5.0,-0.00050,12.0200,-5.0,-0.00050,12.0212,-7.5,-0.00075,176.94
5,1074747,1,0,12.19,522.9,522.2,648.3,0.0,8.8088,237.5,0.23750,12.0212,120.0,0.12000,12.0212,1187.5,0.03598,5.0812,697.5,0.06975,12.0225,462.5,0.04625,12.0200,575.0,0.05750,12.0225,132.5,0.01325,12.0225,-5.0,-0.00050,12.0237,-7.5,-0.00075,12.0200,-7.5,-0.00075,12.0212,-5.0,-0.00050,12.0212,-5.0,-0.00050,12.0225,-5.0,-0.00050,12.0225,-7.5,-0.00075,177.28
5,1075084,1,0,11.91,645.8,515.5,512.5,0.0,8.8088,237.5,0.23750,12.0212,120.0,0.12000,12.0212,1187.5,0.03598,5.0812,697.5,0.06975,12.0212,465.0,0.04650,12.0188,580.0,0.05800,12.0225,140.0,0.01400,12.0225,-5.0,-0.00050,12.0225,-7.5,-0.00075,12.0200,-7.5,-0.00075,12.0212,-5.0,-0.00050,12.0212,-5.0,-0.00050,12.0212,-5.0,-0.00050,12.0225,-7.5,-0.00075,177.63
5,1075420,1,0,11.63,567.8,763.8,790.2,0.0,8.8100,232.5,0.23250,12.0212,117.5,0.11750,12.0225,1187.5,0.03598,5.0812,697.5,0.06975,12.0237,445.0,0.04450,12.0212,570.0,0.05700,12.0250,130.0,0.01300,12.0237,-5.0,-0.00050,12.0250,-7.5,-0.00075,12.0212,-7.5,-0.00075,12.0225,-5.0,-0.00050,12.0225,-5.0,-0.00050,12.0237,-5.0,-0.00050,12.0237,-7.5,-0.00075,177.98
5,1075777,1,0,11.33,841.7,628.7,500.8,0.0,8.8100,232.5,0.23250,12.0212,117.5,0.11750,12.0225,1187.5,0.03598,5.0812,697.5,0.06975,12.0237,445.0,0.04450,12.0212,570.0,0.05700,12.0237,125.0,0.01250,12.0237,-5.0,-0.00050,12.0250,-7.5,-0.00075,12.0212,-7.5,-0.00075,12.0225,-5.0,-0.00050,12.0225,-5.0,-0.00050,12.0225,-5.0,-0.00050,12.0237,-7.5,-0.00075,178.32
5,1076113,1,0,11.05,499.2,662.1,493.8,0.0,8.8112,225.0,0.22500,12.0237,112.5,0.11250,12.0237,1187.5,0.03598,5.0812,697.5,0.06975,12.0250,432.5,0.04325,12.0225,547.5,0.05475,12.0262,127.5,0.01275,12.0250,-5.0,-0.00050,12.0262,-7.5,-0.00075,12.0225,-7.5,-0.00075,12.0237,-5.0,-0.00050,12.0237,-5.0,-0.00050,12.0237,-5.0,-0.00050,12.0250,-7.5,-0.00075,178.66
5,1076450,1,0,10.77,614.6,490.2,559.4,0.0,8.8112,227.5,0.22750,12.0225,115.0,0.11500,12.0237,1187.5,0.03598,5.0812,697.5,0.06975,12.0237,440.0,0.04400,12.0212,552.5,0.05525,12.0250,127.5,0.01275,12.0250,-5.0,-0.00050,12.0250,-7.5,-0.00075,12.0225,-7.5,-0.00075,12.0237,-5.0,-0.00050,12.0237,-5.0,-0.00050,12.0237,-5.0,-0.00050,12.0250,-7.5,-0.00075,178.99
5,1076786,1,0,10.49,539.8,484.2,602.8,0.0,8.8112,222.5,0.22250,12.0237,110.0,0.11000,12.0250,1187.5,0.03598,5.0812,697.5,0.06975,12.0250,430.0,0.04300,12.0225,537.5,0.05375,12.0262,122.5,0.01225,12.0262,-5.0,-0.00050,12.0262,-7.5,-0.00075,12.0237,-7.5,-0.00075,12.0250,-5.0,-0.00050,12.0250,-5.0,-0.00050,12.0250,-5.0,-0.00050,12.0262,-7.5,-0.00075,179.33
5,1077122,1,0,10.21,800.4,716.6,594.8,0.0,8.8125,225.0,0.22500,12.0237,112.5,0.11250,12.0237,1187.5,0.03598,5.0812,697.5,0.06975,12.0250,432.5,0.04325,12.0225,547.5,0.05475,12.0262,125.0,0.01250,12.0250,-5.0,-0.00050,12.0262,-7.5,-0.00075,12.0225,-7.5,-0.00075,12.0237,-5.0,-0.00050,12.0237,-5.0,-0.00050,12.0250,-5.0,-0.00050,12.0250,-7.5,-0.00075,179.66
5,1077458,1,0,9.93,473.6,590.9,783.5,0.0,8.8125,227.5,0.22750,12.0237,112.5,0.11250,12.0237,1187.5,0.03598,5.0812,697.5,0.06975,12.0250,437.5,0.04375,12.0225,550.0,0.05500,12.0250,120.0,0.01200,12.0250,-5.0,-0.00050,12.0262,-7.5,-0.00075,12.0225,-7.5,-0.00075,12.0237,-5.0,-0.00050,12.0250,-5.0,-0.00050,12.0250,-5.0,-0.00050,12.0250,-7.5,-0.00075,180.01
5,1077816,1,0,9.63,467.3,583.1,462.8,0.0,8.8138,220.0,0.22000,12.0250,107.5,0.10750,12.0250,1187.5,0.03598,5.0812,697.5,0.06975,12.0262,420.0,0.04200,12.0237,532.5,0.05325,12.0275,120.0,0.01200,12.0262,-5.0,-0.00050,12.0275,-7.5,-0.00075,12.0237,-7.5,-0.00075,12.0250,-5.0,-0.00050,12.0262,-5.0,-0.00050,12.0262,-5.0,-0.00050,12.0262,-7.5,-0.00075,180.35
5,1078152,1,0,9.35,461.7,460.2,455.1,0.0,8.8138,215.0,0.21500,12.0250,105.0,0.10500,12.0275,1187.5,0.03598,5.0812,697.5,0.06975,12.0275,407.5,0.04075,12.0250,512.5,0.05125,12.0287,120.0,0.01200,12.0275,-5.0,-0.00050,12.0287,-7.5,-0.00075,12.0250,-7.5,-0.00075,12.0262,-5.0,-0.00050,12.0262,-5.0,-0.00050,12.0262,-5.0,-0.00050,12.0275,-7.5,-0.00075,180.69
5,1078488,1,0,9.07,454.1,453.3,602.6,0.0,8.8138,217.5,0.21750,12.0250,107.5,0.10750,12.0262,1187.5,0.03598,5.0812,697.5,0.06975,12.0262,415.0,0.04150,12.0250,520.0,0.05200,12.0275,125.0,0.01250,12.0275,-5.0,-0.00050,12.0275,-7.5,-0.00075,12.0250,-7.5,-0.00075,12.0250,-5.0,-0.00050,12.0262,-5.0,-0.00050,12.0262,-5.0,-0.00050,12.0275,-7.5,-0.00075,181.03
5,1078824,1,0,8.79,560.3,447.3,444.1,0.0,8.8125,217.5,0.21750,12.0250,107.5,0.10750,12.0262,1185.0,0.03591,5.0812,697.5,0.06975,12.0262,422.5,0.04225,12.0250,520.0,0.05200,12.0275,117.5,0.01175,12.0275,-5.0,-0.00050,12.0275,-7.5,-0.00075,12.0250,-7.5,-0.00075,12.0250,-5.0,-0.00050,12.0262,-5.0,-0.00050,12.0262,-5.0,-0.00050,12.0275,-7.5,-0.00075,181.37
5,1079161,1,0,8.51,442.4,440.5,439.7,0.0,8.8138,212.5,0.21250,12.0262,102.5,0.10250,12.0275,1185.0,0.03591,5.0812,697.5,0.06975,12.0275,402.5,0.04025,12.0262,502.5,0.05025,12.0287,115.0,0.01150,12.0287,-5.0,-0.00050,12.0287,-7.5,-0.00075,12.0262,-7.5,-0.00075,12.0262,-5.0,-0.00050,12.0275,-5.0,-0.00050,12.0275,-5.0,-0.00050,12.0287,-7.5,-0.00075,181.70
5,1079497,1,0,8.23,582.3,434.2,493.4,0.0,8.8138,207.5,0.20750,12.0275,100.0,0.10000,12.0287,1187.5,0.03598,5.0812,697.5,0.06975,12.0287,390.0,0.03900,12.0262,492.5,0.04925,12.0300,112.5,0.01125,12.0300,-5.0,-0.00050,12.0300,-7.5,-0.00075,12.0262,-7.5,-0.00075,12.0275,-5.0,-0.00050,12.0287,-5.0,-0.00050,12.0287,-5.0,-0.00050,12.0287,-7.5,-0.00075,182.05
5,1079854,1,0,7.93,428.7,610.0,488.0,0.0,8.8125,215.0,0.21500,12.0250,105.0,0.10500,12.0262,1185.0,0.03591,5.0812,697.5,0.06975,12.0275,410.0,0.04100,12.0250,515.0,0.05150,12.0275,117.5,0.01175,12.0275,-5.0,-0.00050,12.0287,-7.5,-0.00075,12.0250,-7.5,-0.00075,12.0262,-5.0,-0.00050,12.0262,-5.0,-0.00050,12.0262,-5.0,-0.00050,12.0275,-7.5,-0.00075,182.40
5,1080190,1,0,7.65,424.8,633.6,420.4,0.0,8.8125,222.5,0.22250,12.0237,110.0,0.11000,12.0237,1185.0,0.03591,5.0812,697.5,0.06975,12.0250,427.5,0.04275,12.0225,535.0,0.05350,12.0262,122.5,0.01225,12.0250,-5.0,-0.00050,12.0262,-7.5,-0.00075,12.0237,-7.5,-0.00075,12.0250,-5.0,-0.00050,12.0250,-5.0,-0.00050,12.0250,-5.0,-0.00050,12.0262,-7.5,-0.00075,182.72
5,1080527,1,0,7.37,420.7,559.6,418.2,0.0,8.8100,227.5,0.22750,12.0225,115.0,0.11500,12.0237,1187.5,0.03598,5.0812,697.5,0.06975,12.0237,440.0,0.04400,12.0212,555.0,0.05550,12.0250,125.0,0.01250,12.0250,-5.0,-0.00050,12.0262,-7.5,-0.00075,12.0225,-7.5,-0.00075,12.0225,-5.0,-0.00050,12.0237,-5.0,-0.00050,12.0237,-5.0,-0.00050,12.0250,-7.5,-0.00075,183.06
5,1080863,1,0,7.09,419.0,556.2,558.0,0.0,8.8100,232.5,0.23250,12.0212,117.5,0.11750,12.0225,1185.0,0.03591,5.0812,695.0,0.06950,12.0225,452.5,0.04525,12.0200,565.0,0.05650,12.0237,130.0,0.01300,12.0237,-5.0,-0.00050,12.0237,-7.5,-0.00075,12.0212,-7.5,-0.00075,12.0225,-5.0,-0.00050,12.0225,-5.0,-0.00050,12.0225,-5.0,-0.00050,12.0237,-7.5,-0.00075,183.40
5,1081198,1,0,6.81,557.8,417.0,415.2,0.0,8.8088,235.0,0.23500,12.0200,120.0,0.12000,12.0212,1187.5,0.03598,5.0812,697.5,0.06975,12.0225,462.5,0.04625,12.0188,580.0,0.05800,12.0225,132.5,0.01325,12.0225,-5.0,-0.00050,12.0237,-7.5,-0.00075,12.0200,-7.5,-0.00075,12.0212,-5.0,-0.00050,12.0212,-5.0,-0.00050,12.0212,-5.0,-0.00050,12.0225,-7.5,-0.00075,183.73
5,1081534,1,0,6.53,417.7,556.1,415.0,0.0,8.8088,237.5,0.23750,12.0200,120.0,0.12000,12.0212,1187.5,0.03598,5.0812,695.0,0.06950,12.0212,470.0,0.04700,12.0188,585.0,0.05850,12.0225,132.5,0.01325,12.0225,-5.0,-0.00050,12.0225,-7.5,-0.00075,12.0200,-7.5,-0.00075,12.0212,-5.0,-0.00050,12.0212,-5.0,-0.00050,12.0212,-5.0,-0.00050,12.0225,-7.5,-0.00075,184.08
5,1081892,1,0,6.24,418.7,416.7,556.6,0.0,8.8075,240.0,0.24000,12.0200,122.5,0.12250,12.0200,1187.5,0.03598,5.0812,697.5,0.06975,12.0212,475.0,0.04750,12.0188,590.0,0.05900,12.0212,135.0,0.01350,12.0212,-5.0,-0.00050,12.0225,-7.5,-0.00075,12.0188,-7.5,-0.00075,12.0200,-5.0,-0.00050,12.0200,-5.0,-0.00050,12.0212,-5.0,-0.00050,12.0212,-7.5,-0.00075,184.43
5,1082228,1,0,5.96,418.3,417.8,594.0,0.0,8.8088,240.0,0.24000,12.0200,122.5,0.12250,12.0212,1187.5,0.03598,5.0812,697.5,0.06975,12.0212,475.0,0.04750,12.0188,590.0,0.05900,12.0225,130.0,0.01300,12.0225,-5.0,-0.00050,12.0225,-7.5,-0.00075,12.0188,-7.5,-0.00075,12.0200,-5.0,-0.00050,12.0212,-5.0,-0.00050,12.0212,-5.0,-0.00050,12.0225,-7.5,-0.00075,184.76
5,1082564,1,0,5.68,418.6,417.6,418.2,0.0,8.8088,240.0,0.24000,12.0188,122.5,0.12250,12.0200,1185.0,0.03591,5.0812,695.0,0.06950,12.0200,475.0,0.04750,12.0188,592.5,0.05925,12.0212,137.5,0.01375,12.0212,-5.0,-0.00050,12.0225,-7.5,-0.00075,12.0188,-7.5,-0.00075,12.0200,-5.0,-0.00050,12.0200,-5.0,-0.00050,12.0200,-5.0,-0.00050,12.0212,-7.5,-0.00075,185.10
5,1082900,1,0,5.40,559.3,417.7,557.7,0.0,8.8062,240.0,0.24000,12.0200,122.5,0.12250,12.0200,1187.5,0.03598,5.0812,697.5,0.06975,12.0212,472.5,0.04725,12.0188,592.5,0.05925,12.0212,135.0,0.01350,12.0212,-5.0,-0.00050,12.0225,-7.5,-0.00075,12.0188,-7.5,-0.00075,12.0200,-5.0,-0.00050,12.0200,-5.0,-0.00050,12.0212,-5.0,-0.00050,12.0212,-7.5,-0.00075,185.43
5,1083237,1,0,5.11,419.2,418.4,416.2,0.0,8.8062,240.0,0.24000,12.0200,122.5,0.12250,12.0200,1185.0,0.03591,5.0812,695.0,0.06950,12.0212,475.0,0.04750,12.0188,592.5,0.05925,12.0225,132.5,0.01325,12.0212,-5.0,-0.00050,12.0225,-7.5,-0.00075,12.0188,-7.5,-0.00075,12.0200,-5.0,-0.00050,12.0200,-5.0,-0.00050,12.0212,-5.0,-0.00050,12.0212,-7.5,-0.00075,185.77
5,1083573,1,0,4.83,419.8,477.9,418.9,0.0,8.8062,240.0,0.24000,12.0188,122.5,0.12250,12.0200,1187.5,0.03598,5.0812,695.0,0.06950,12.0200,475.0,0.04750,12.0188,595.0,0.05950,12.0212,137.5,0.01375,12.0212,-5.0,-0.00050,12.0212,-7.5,-0.00075,12.0188,-7.5,-0.00075,12.0200,-5.0,-0.00050,12.0200,-5.0,-0.00050,12.0200,-5.0,-0.00050,12.0212,-7.5,-0.00075,186.12
5,1083929,1,0,4.54,420.1,418.6,417.3,0.0,8.8062,240.0,0.24000,12.0200,122.5,0.12250,12.0200,1187.5,0.03598,5.0812,697.5,0.06975,12.0212,475.0,0.04750,12.0188,597.5,0.05975,12.0212,137.5,0.01375,12.0212,-5.0,-0.00050,12.0225,-7.5,-0.00075,12.0188,-7.5,-0.00075,12.0200,-5.0,-0.00050,12.0200,-5.0,-0.00050,12.0200,-5.0,-0.00050,12.0212,-7.5,-0.00075,186.46
5,1084265,1,0,4.26,0.0,0.0,0.0,0.0,8.8138,185.0,0.18500,12.0350,82.5,0.08250,12.0350,1185.0,0.03591,5.0812,695.0,0.06950,12.0363,352.5,0.03525,12.0337,425.0,0.04250,12.0375,52.5,0.00525,12.0363,-5.0,-0.00050,12.0375,-7.5,-0.00075,12.0337,-7.5,-0.00075,12.0350,-5.0,-0.00050,12.0350,-5.0,-0.00050,12.0363,-5.0,-0.00050,12.0363,-7.5,-0.00075,186.80
5,1084602,1,0,3.98,0.0,0.0,0.0,0.0,8.8187,145.0,0.14500,12.0437,57.5,0.05750,12.0450,1182.5,0.03583,5.0812,695.0,0.06950,12.0462,225.0,0.02250,12.0437,290.0,0.02900,12.0475,52.5,0.00525,12.0462,-5.0,-0.00050,12.0475,-7.5,-0.00075,12.0437,-7.5,-0.00075,12.0450,-5.0,-0.00050,12.0450,-5.0,-0.00050,12.0450,-5.0,-0.00050,12.0462,-7.5,-0.00075,187.13
5,1084938,1,0,3.70,0.0,0.0,0.0,0.0,8.8200,145.0,0.14500,12.0437,57.5,0.05750,12.0450,1182.5,0.03583,5.0812,695.0,0.06950,12.0462,225.0,0.02250,12.0437,290.0,0.02900,12.0462,52.5,0.00525,12.0462,-5.0,-0.00050,12.0462,-7.5,-0.00075,12.0437,-7.5,-0.00075,12.0450,-5.0,-0.00050,12.0450,-5.0,-0.00050,12.0450,-5.0,-0.00050,12.0462,-7.5,-0.00075,187.47
5,1085273,1,0,3.42,0.0,0.0,0.0,0.0,8.8200,145.0,0.14500,12.0437,57.5,0.05750,12.0437,1182.5,0.03583,5.0812,695.0,0.06950,12.0450,225.0,0.02250,12.0437,290.0,0.02900,12.0462,52.5,0.00525,12.0462,-5.0,-0.00050,12.0462,-7.5,-0.00075,12.0437,-7.5,-0.00075,12.0450,-5.0,-0.00050,12.0450,-5.0,-0.00050,12.0450,-5.0,-0.00050,12.0462,-7.5,-0.00075,187.80
5,1085608,1,0,3.14,0.0,0.0,0.0,0.0,8.8200,145.0,0.14500,12.0437,55.0,0.05500,12.0437,1182.5,0.03583,5.0812,695.0,0.06950,12.0462,225.0,0.02250,12.0437,290.0,0.02900,12.0462,52.5,0.00525,12.0462,-5.0,-0.00050,12.0462,-7.5,-0.00075,12.0437,-7.5,-0.00075,12.0450,-5.0,-0.00050,12.0450,-5.0,-0.00050,12.0450,-5.0,-0.00050,12.0462,-7.5,-0.00075,188.16
5,1085965,1,0,2.84,0.0,0.0,0.0,0.0,8.8212,145.0,0.14500,12.0437,55.0,0.05500,12.0450,1182.5,0.03583,5.0812,695.0,0.06950,12.0462,225.0,0.02250,12.0437,290.0,0.02900,12.0462,52.5,0.00525,12.0462,-5.0,-0.00050,12.0475,-7.5,-0.00075,12.0437,-7.5,-0.00075,12.0450,-5.0,-0.00050,12.0450,-5.0,-0.00050,12.0450,-5.0,-0.00050,12.0462,-7.5,-0.00075,188.50
5,1086301,1,0,2.56,0.0,0.0,0.0,0.0,8.8212,145.0,0.14500,12.0437,55.0,0.05500,12.0450,1182.5,0.03583,5.0812,695.0,0.06950,12.0462,225.0,0.02250,12.0437,290.0,0.02900,12.0462,52.5,0.00525,12.0462,-5.0,-0.00050,12.0475,-7.5,-0.00075,12.0437,-7.5,-0.00075,12.0450,-5.0,-0.00050,12.0450,-5.0,-0.00050,12.0450,-5.0,-0.00050,12.0462,-7.5,-0.00075,188.83
5,1086637,1,0,2.28,0.0,0.0,0.0,0.0,8.8212,145.0,0.14500,12.0437,57.5,0.05750,12.0450,1182.5,0.03583,5.0812,695.0,0.06950,12.0462,225.0,0.02250,12.0437,290.0,0.02900,12.0462,52.5,0.00525,12.0462,-5.0,-0.00050,12.0475,-7.5,-0.00075,12.0437,-7.5,-0.00075,12.0450,-5.0,-0.00050,12.0450,-5.0,-0.00050,12.0450,-5.0,-0.00050,12.0462,-7.5,-0.00075,189.18
5,1086972,1,0,2.00,0.0,0.0,0.0,0.0,8.8225,145.0,0.14500,12.0437,55.0,0.05500,12.0450,1182.5,0.03583,5.0812,695.0,0.06950,12.0462,225.0,0.02250,12.0437,290.0,0.02900,12.0462,52.5,0.00525,12.0462,-5.0,-0.00050,12.0462,-7.5,-0.00075,12.0437,-7.5,-0.00075,12.0450,-5.0,-0.00050,12.0450,-5.0,-0.00050,12.0450,-5.0,-0.00050,12.0462,-7.5,-0.00075,189.50
5,1087308,1,0,1.72,0.0,0.0,0.0,0.0,8.8212,145.0,0.14500,12.0437,57.5,0.05750,12.0450,1182.5,0.03583,5.0812,695.0,0.06950,12.0462,225.0,0.02250,12.0437,290.0,0.02900,12.0462,52.5,0.00525,12.0462,-5.0,-0.00050,12.0475,-7.5,-0.00075,12.0437,-7.5,-0.00075,12.0450,-5.0,-0.00050,12.0450,-5.0,-0.00050,12.0450,-5.0,-0.00050,12.0462,-7.5,-0.00075,189.85
5,1087644,1,0,1.44,0.0,0.0,0.0,0.0,8.8212,145.0,0.14500,12.0437,57.5,0.05750,12.0450,1182.5,0.03583,5.0812,695.0,0.06950,12.0462,225.0,0.02250,12.0437,290.0,0.02900,12.0462,52.5,0.00525,12.0462,-5.0,-0.00050,12.0462,-7.5,-0.00075,12.0437,-7.5,-0.00075,12.0450,-5.0,-0.00050,12.0450,-5.0,-0.00050,12.0450,-5.0,-0.00050,12.0462,-7.5,-0.00075,190.20
5,1088000,1,0,1.15,0.0,0.0,0.0,0.0,8.8200,145.0,0.14500,12.0437,57.5,0.05750,12.0450,1182.5,0.03583,5.0812,695.0,0.06950,12.0462,225.0,0.02250,12.0437,290.0,0.02900,12.0462,52.5,0.00525,12.0462,-5.0,-0.00050,12.0475,-7.5,-0.00075,12.0437,-7.5,-0.00075,12.0450,-5.0,-0.00050,12.0450,-5.0,-0.00050,12.0450,-5.0,-0.00050,12.0462,-7.5,-0.00075,190.54
5,1088336,1,0,0.87,0.0,0.0,0.0,0.0,8.8200,145.0,0.14500,12.0437,55.0,0.05500,12.0450,1182.5,0.03583,5.0812,695.0,0.06950,12.0462,225.0,0.02250,12.0437,290.0,0.02900,12.0462,52.5,0.00525,12.0462,-5.0,-0.00050,12.0475,-7.5,-0.00075,12.0437,-7.5,-0.00075,12.0450,-5.0,-0.00050,12.0450,-5.0,-0.00050,12.0450,-5.0,-0.00050,12.0462,-7.5,-0.00075,190.88
5,1088673,1,0,0.58,0.0,0.0,0.0,0.0,8.8200,145.0,0.14500,12.0437,57.5,0.05750,12.0437,1182.5,0.03583,5.0812,695.0,0.06950,12.0450,225.0,0.02250,12.0437,290.0,0.02900,12.0462,52.5,0.00525,12.0450,-5.0,-0.00050,12.0462,-7.5,-0.00075,12.0437,-7.5,-0.00075,12.0437,-5.0,-0.00050,12.0450,-5.0,-0.00050,12.0450,-5.0,-0.00050,12.0462,-7.5,-0.00075,191.21
5,1089009,1,0,0.30,0.0,0.0,0.0,0.0,8.8200,145.0,0.14500,12.0437,55.0,0.05500,12.0437,1180.0,0.03576,5.0812,695.0,0.06950,12.0462,225.0,0.02250,12.0437,290.0,0.02900,12.0462,52.5,0.00525,12.0462,-5.0,-0.00050,12.0462,-7.5,-0.00075,12.0437,-7.5,-0.00075,12.0450,-5.0,-0.00050,12.0450,-5.0,-0.00050,12.0450,-5.0,-0.00050,12.0462,-7.5,-0.00075,191.54
5,1089344,1,0,0.03,0.0,0.0,0.0,0.0,8.8200,145.0,0.14500,12.0437,57.5,0.05750,12.0437,1180.0,0.03576,5.0812,695.0,0.06950,12.0450,227.5,0.02275,12.0437,292.5,0.02925,12.0462,52.5,0.00525,12.0462,-5.0,-0.00050,12.0462,-7.5,-0.00075,12.0425,-7.5,-0.00075,12.0437,-5.0,-0.00050,12.0450,-5.0,-0.00050,12.0450,-5.0,-0.00050,12.0462,-7.5,-0.00075,191.88
5,1089689,1,0,0.00,0.0,0.0,0.0,0.0,8.8200,145.0,0.14500,12.0437,57.5,0.05750,12.0437,1180.0,0.03576,5.0812,695.0,0.06950,12.0450,227.5,0.02275,12.0437,292.5,0.02925,12.0462,52.5,0.00525,12.0462,-5.0,-0.00050,12.0462,-7.5,-0.00075,12.0437,-7.5,-0.00075,12.0450,-5.0,-0.00050,12.0450,-5.0,-0.00050,12.0450,-5.0,-0.00050,12.0450,-7.5,-0.00075,192.25
5,1090047,1,0,0.00,0.0,0.0,0.0,0.0,8.8200,145.0,0.14500,12.0437,57.5,0.05750,12.0450,1180.0,0.03576,5.0812,695.0,0.06950,12.0462,227.5,0.02275,12.0437,292.5,0.02925,12.0462,52.5,0.00525,12.0462,-5.0,-0.00050,12.0475,-7.5,-0.00075,12.0437,-7.5,-0.00075,12.0450,-5.0,-0.00050,12.0450,-5.0,-0.00050,12.0450,-5.0,-0.00050,12.0462,-7.5,-0.00075,192.58
5,1090383,1,0,0.00,0.0,0.0,0.0,0.0,8.8187,145.0,0.14500,12.0437,57.5,0.05750,12.0450,1182.5,0.03583,5.0812,695.0,0.06950,12.0462,227.5,0.02275,12.0437,292.5,0.02925,12.0462,52.5,0.00525,12.0462,-5.0,-0.00050,12.0475,-7.5,-0.00075,12.0437,-7.5,-0.00075,12.0450,-5.0,-0.00050,12.0450,-5.0,-0.00050,12.0450,-5.0,-0.00050,12.0462,-7.5,-0.00075,192.92
5,1090718,1,0,0.00,0.0,0.0,0.0,0.0,8.8200,145.0,0.14500,12.0437,57.5,0.05750,12.0437,1180.0,0.03576,5.0812,692.5,0.06925,12.0462,227.5,0.02275,12.0437,292.5,0.02925,12.0462,52.5,0.00525,12.0462,-5.0,-0.00050,12.0475,-7.5,-0.00075,12.0437,-7.5,-0.00075,12.0450,-5.0,-0.00050,12.0450,-5.0,-0.00050,12.0450,-5.0,-0.00050,12.0462,-7.5,-0.00075,193.26
5,1091053,1,0,0.00,0.0,0.0,0.0,0.0,8.8200,145.0,0.14500,12.0437,57.5,0.05750,12.0450,1180.0,0.03576,5.0812,695.0,0.06950,12.0462,227.5,0.02275,12.0437,292.5,0.02925,12.0462,52.5,0.00525,12.0462,-5.0,-0.00050,12.0462,-7.5,-0.00075,12.0437,-7.5,-0.00075,12.0450,-5.0,-0.00050,12.0450,-5.0,-0.00050,12.0450,-5.0,-0.00050,12.0462,-7.5,-0.00075,193.58
5,1091389,1,0,0.00,0.0,0.0,0.0,0.0,8.8200,145.0,0.14500,12.0437,57.5,0.05750,12.0437,1182.5,0.03583,5.0812,695.0,0.06950,12.0450,227.5,0.02275,12.0437,292.5,0.02925,12.0462,52.5,0.00525,12.0462,-5.0,-0.00050,12.0462,-7.5,-0.00075,12.0437,-7.5,-0.00075,12.0450,-5.0,-0.00050,12.0450,-5.0,-0.00050,12.0450,-5.0,-0.00050,12.0462,-7.5,-0.00075,193.93
5,1091725,1,0,0.00,0.0,0.0,0.0,0.0,8.8200,145.0,0.14500,12.0437,57.5,0.05750,12.0437,1180.0,0.03576,5.0812,695.0,0.06950,12.0450,227.5,0.02275,12.0437,292.5,0.02925,12.0462,52.5,0.00525,12.0462,-5.0,-0.00050,12.0462,-7.5,-0.00075,12.0437,-7.5,-0.00075,12.0450,-5.0,-0.00050,12.0450,-5.0,-0.00050,12.0450,-5.0,-0.00050,12.0462,-7.5,-0.00075,194.28
5,1092081,1,0,0.00,0.0,0.0,0.0,0.0,8.8200,145.0,0.14500,12.0437,57.5,0.05750,12.0450,1180.0,0.03576,5.0812,695.0,0.06950,12.0462,227.5,0.02275,12.0437,292.5,0.02925,12.0462,52.5,0.00525,12.0462,-5.0,-0.00050,12.0475,-7.5,-0.00075,12.0437,-7.5,-0.00075,12.0450,-5.0,-0.00050,12.0450,-5.0,-0.00050,12.0450,-5.0,-0.00050,12.0462,-7.5,-0.00075,194.61
5,1092416,1,0,0.00,0.0,0.0,0.0,0.0,8.8200,145.0,0.14500,12.0437,57.5,0.05750,12.0450,1182.5,0.03583,5.0812,695.0,0.06950,12.0462,227.5,0.02275,12.0437,292.5,0.02925,12.0462,52.5,0.00525,12.0462,-5.0,-0.00050,12.0475,-7.5,-0.00075,12.0437,-7.5,-0.00075,12.0450,-5.0,-0.00050,12.0450,-5.0,-0.00050,12.0450,-5.0,-0.00050,12.0462,-7.5,-0.00075,194.96
