run,t_ms,n,flags,pwm_pct,fan1_rpm,fan2_rpm,fan3_rpm,fan4_rpm,in_V,in_uV,in_A,fan12_V,fan12_uV,fan12_A,b5in_V,b5in_uV,b5in_A,b5out_V,b5out_uV,b5out_A,fan1_V,fan1_uV,fan1_A,fan2_V,fan2_uV,fan2_A,fan3_V,fan3_uV,fan3_A,fan4_V,fan4_uV,fan4_A,fan5_V,fan5_uV,fan5_A,fan6_V,fan6_uV,fan6_A,fan7_V,fan7_uV,fan7_A,fan8_V,fan8_uV,fan8_A,fan9_V,fan9_uV,fan9_A,fan10_V,fan10_uV,fan10_A,pc_time_s
6,373728,1,0,0.00,0.0,0.0,0.0,0.0,20.1800,65.0,0.06500,12.0500,60.0,0.06000,12.0512,1190.0,0.03606,5.0812,695.0,0.06950,12.0525,227.5,0.02275,12.0500,292.5,0.02925,12.0525,52.5,0.00525,12.0525,-5.0,-0.00050,12.0538,-7.5,-0.00075,12.0500,-7.5,-0.00075,12.0512,-5.0,-0.00050,12.0512,-5.0,-0.00050,12.0512,-5.0,-0.00050,12.0525,-7.5,-0.00075,0.60
6,374076,1,0,0.01,0.0,0.0,0.0,0.0,20.1812,65.0,0.06500,12.0500,60.0,0.06000,12.0512,1185.0,0.03591,5.0812,695.0,0.06950,12.0525,227.5,0.02275,12.0500,292.5,0.02925,12.0525,52.5,0.00525,12.0525,-5.0,-0.00050,12.0538,-7.5,-0.00075,12.0500,-7.5,-0.00075,12.0512,-5.0,-0.00050,12.0512,-5.0,-0.00050,12.0512,-5.0,-0.00050,12.0525,-7.5,-0.00075,0.94
6,374412,1,0,0.29,0.0,0.0,0.0,0.0,20.1800,65.0,0.06500,12.0500,60.0,0.06000,12.0512,1187.5,0.03598,5.0812,695.0,0.06950,12.0525,225.0,0.02250,12.0500,290.0,0.02900,12.0525,52.5,0.00525,12.0525,-5.0,-0.00050,12.0538,-7.5,-0.00075,12.0500,-7.5,-0.00075,12.0512,-5.0,-0.00050,12.0512,-5.0,-0.00050,12.0512,-5.0,-0.00050,12.0525,-7.5,-0.00075,1.28
6,374748,1,0,0.57,0.0,0.0,0.0,0.0,20.1812,65.0,0.06500,12.0500,57.5,0.05750,12.0512,1187.5,0.03598,5.0812,695.0,0.06950,12.0525,225.0,0.02250,12.0500,290.0,0.02900,12.0525,52.5,0.00525,12.0525,-5.0,-0.00050,12.0538,-7.5,-0.00075,12.0500,-7.5,-0.00075,12.0512,-5.0,-0.00050,12.0512,-5.0,-0.00050,12.0512,-5.0,-0.00050,12.0525,-7.5,-0.00075,1.63
6,375104,1,0,0.87,0.0,0.0,0.0,0.0,20.1825,65.0,0.06500,12.0500,60.0,0.06000,12.0512,1190.0,0.03606,5.0812,695.0,0.06950,12.0525,225.0,0.02250,12.0500,290.0,0.02900,12.0525,52.5,0.00525,12.0525,-5.0,-0.00050,12.0538,-7.5,-0.00075,12.0500,-7.5,-0.00075,12.0512,-5.0,-0.00050,12.0512,-5.0,-0.00050,12.0512,-5.0,-0.00050,12.0525,-7.5,-0.00075,1.97
6,375441,1,0,1.15,0.0,0.0,0.0,0.0,20.1825,65.0,0.06500,12.0500,60.0,0.06000,12.0512,1187.5,0.03598,5.0812,695.0,0.06950,12.0525,225.0,0.02250,12.0500,290.0,0.02900,12.0525,52.5,0.00525,12.0525,-5.0,-0.00050,12.0538,-7.5,-0.00075,12.0500,-7.5,-0.00075,12.0512,-5.0,-0.00050,12.0512,-5.0,-0.00050,12.0512,-5.0,-0.00050,12.0525,-7.5,-0.00075,2.31
6,375777,1,0,1.43,0.0,0.0,0.0,0.0,20.1812,65.0,0.06500,12.0500,57.5,0.05750,12.0512,1187.5,0.03598,5.0812,695.0,0.06950,12.0525,225.0,0.02250,12.0500,290.0,0.02900,12.0525,52.5,0.00525,12.0525,-5.0,-0.00050,12.0538,-7.5,-0.00075,12.0500,-7.5,-0.00075,12.0512,-5.0,-0.00050,12.0512,-5.0,-0.00050,12.0512,-5.0,-0.00050,12.0525,-7.5,-0.00075,2.64
6,376112,1,0,1.71,0.0,0.0,0.0,0.0,20.1825,65.0,0.06500,12.0500,60.0,0.06000,12.0512,1190.0,0.03606,5.0812,695.0,0.06950,12.0525,227.5,0.02275,12.0500,290.0,0.02900,12.0525,52.5,0.00525,12.0525,-5.0,-0.00050,12.0538,-7.5,-0.00075,12.0500,-7.5,-0.00075,12.0512,-5.0,-0.00050,12.0512,-5.0,-0.00050,12.0512,-5.0,-0.00050,12.0525,-7.5,-0.00075,2.98
6,376447,1,0,1.99,0.0,0.0,0.0,0.0,20.1838,65.0,0.06500,12.0512,60.0,0.06000,12.0512,1187.5,0.03598,5.0812,695.0,0.06950,12.0525,225.0,0.02250,12.0500,290.0,0.02900,12.0525,52.5,0.00525,12.0525,-5.0,-0.00050,12.0538,-7.5,-0.00075,12.0500,-7.5,-0.00075,12.0512,-5.0,-0.00050,12.0512,-5.0,-0.00050,12.0525,-5.0,-0.00050,12.0525,-7.5,-0.00075,3.31
6,376783,1,0,2.27,0.0,0.0,0.0,0.0,20.1850,65.0,0.06500,12.0512,60.0,0.06000,12.0512,1187.5,0.03598,5.0812,695.0,0.06950,12.0525,225.0,0.02250,12.0500,290.0,0.02900,12.0538,52.5,0.00525,12.0525,-5.0,-0.00050,12.0538,-7.5,-0.00075,12.0500,-7.5,-0.00075,12.0512,-5.0,-0.00050,12.0512,-5.0,-0.00050,12.0525,-5.0,-0.00050,12.0525,-7.5,-0.00075,3.66
6,377140,1,0,2.56,0.0,0.0,0.0,0.0,20.1850,65.0,0.06500,12.0500,57.5,0.05750,12.0512,1187.5,0.03598,5.0812,695.0,0.06950,12.0525,225.0,0.02250,12.0500,290.0,0.02900,12.0525,52.5,0.00525,12.0525,-5.0,-0.00050,12.0538,-7.5,-0.00075,12.0500,-7.5,-0.00075,12.0512,-5.0,-0.00050,12.0512,-5.0,-0.00050,12.0512,-5.0,-0.00050,12.0525,-7.5,-0.00075,4.00
6,377476,1,0,2.84,0.0,0.0,0.0,0.0,20.1850,65.0,0.06500,12.0500,57.5,0.05750,12.0512,1187.5,0.03598,5.0812,695.0,0.06950,12.0525,227.5,0.02275,12.0500,290.0,0.02900,12.0525,52.5,0.00525,12.0525,-5.0,-0.00050,12.0538,-7.5,-0.00075,12.0500,-7.5,-0.00075,12.0512,-5.0,-0.00050,12.0512,-5.0,-0.00050,12.0512,-5.0,-0.00050,12.0525,-7.5,-0.00075,4.34
6,377812,1,0,3.12,0.0,0.0,0.0,0.0,20.1862,65.0,0.06500,12.0500,57.5,0.05750,12.0512,1190.0,0.03606,5.0812,695.0,0.06950,12.0525,225.0,0.02250,12.0500,290.0,0.02900,12.0525,52.5,0.00525,12.0525,-5.0,-0.00050,12.0538,-7.5,-0.00075,12.0500,-7.5,-0.00075,12.0512,-5.0,-0.00050,12.0512,-5.0,-0.00050,12.0512,-5.0,-0.00050,12.0525,-7.5,-0.00075,4.67
6,378148,1,0,3.40,0.0,0.0,0.0,0.0,20.1825,65.0,0.06500,12.0500,57.5,0.05750,12.0512,1190.0,0.03606,5.0812,695.0,0.06950,12.0525,227.5,0.02275,12.0500,290.0,0.02900,12.0525,52.5,0.00525,12.0525,-5.0,-0.00050,12.0538,-7.5,-0.00075,12.0500,-7.5,-0.00075,12.0512,-5.0,-0.00050,12.0512,-5.0,-0.00050,12.0512,-5.0,-0.00050,12.0525,-7.5,-0.00075,5.01
6,378484,1,0,3.68,0.0,0.0,0.0,0.0,20.1838,65.0,0.06500,12.0500,57.5,0.05750,12.0512,1187.5,0.03598,5.0812,695.0,0.06950,12.0525,225.0,0.02250,12.0500,290.0,0.02900,12.0525,52.5,0.00525,12.0525,-5.0,-0.00050,12.0538,-7.5,-0.00075,12.0500,-7.5,-0.00075,12.0512,-5.0,-0.00050,12.0512,-5.0,-0.00050,12.0512,-5.0,-0.00050,12.0525,-7.5,-0.00075,5.35
6,378819,1,0,3.96,0.0,0.0,0.0,0.0,20.1850,65.0,0.06500,12.0500,57.5,0.05750,12.0512,1187.5,0.03598,5.0812,695.0,0.06950,12.0525,225.0,0.02250,12.0500,290.0,0.02900,12.0525,52.5,0.00525,12.0525,-5.0,-0.00050,12.0538,-7.5,-0.00075,12.0500,-7.5,-0.00075,12.0512,-5.0,-0.00050,12.0512,-5.0,-0.00050,12.0512,-5.0,-0.00050,12.0525,-7.5,-0.00075,5.70
6,379175,1,0,4.26,0.0,0.0,0.0,0.0,20.1850,65.0,0.06500,12.0500,60.0,0.06000,12.0512,1187.5,0.03598,5.0812,695.0,0.06950,12.0525,225.0,0.02250,12.0500,290.0,0.02900,12.0525,52.5,0.00525,12.0525,-5.0,-0.00050,12.0538,-7.5,-0.00075,12.0500,-7.5,-0.00075,12.0512,-5.0,-0.00050,12.0512,-5.0,-0.00050,12.0512,-5.0,-0.00050,12.0525,-7.5,-0.00075,6.04
6,379512,1,0,4.54,0.0,0.0,0.0,0.0,20.1850,65.0,0.06500,12.0512,60.0,0.06000,12.0512,1190.0,0.03606,5.0812,697.5,0.06975,12.0525,225.0,0.02250,12.0500,290.0,0.02900,12.0525,52.5,0.00525,12.0525,-5.0,-0.00050,12.0538,-7.5,-0.00075,12.0500,-7.5,-0.00075,12.0512,-5.0,-0.00050,12.0512,-5.0,-0.00050,12.0525,-5.0,-0.00050,12.0525,-7.5,-0.00075,6.38
6,379848,1,0,4.82,0.0,0.0,0.0,0.0,20.1850,65.0,0.06500,12.0500,60.0,0.06000,12.0512,1190.0,0.03606,5.0812,695.0,0.06950,12.0525,225.0,0.02250,12.0500,290.0,0.02900,12.0525,52.5,0.00525,12.0525,-5.0,-0.00050,12.0538,-7.5,-0.00075,12.0500,-7.5,-0.00075,12.0512,-5.0,-0.00050,12.0512,-5.0,-0.00050,12.0512,-5.0,-0.00050,12.0525,-7.5,-0.00075,6.71
6,380183,1,0,5.10,0.0,0.0,0.0,0.0,20.1838,62.5,0.06250,12.0512,57.5,0.05750,12.0512,1192.5,0.03614,5.0812,695.0,0.06950,12.0525,222.5,0.02225,12.0500,287.5,0.02875,12.0525,50.0,0.00500,12.0525,-5.0,-0.00050,12.0538,-7.5,-0.00075,12.0500,-7.5,-0.00075,12.0512,-5.0,-0.00050,12.0512,-5.0,-0.00050,12.0512,-5.0,-0.00050,12.0525,-7.5,-0.00075,7.05
6,380518,1,0,5.38,0.0,0.0,0.0,0.0,20.1850,62.5,0.06250,12.0500,57.5,0.05750,12.0512,1190.0,0.03606,5.0812,695.0,0.06950,12.0525,222.5,0.02225,12.0500,287.5,0.02875,12.0525,50.0,0.00500,12.0525,-5.0,-0.00050,12.0538,-7.5,-0.00075,12.0500,-7.5,-0.00075,12.0512,-5.0,-0.00050,12.0512,-5.0,-0.00050,12.0512,-5.0,-0.00050,12.0525,-7.5,-0.00075,7.39
6,380854,1,0,5.66,0.0,0.0,0.0,0.0,20.1862,62.5,0.06250,12.0500,57.5,0.05750,12.0512,1187.5,0.03598,5.0812,695.0,0.06950,12.0525,222.5,0.02225,12.0500,287.5,0.02875,12.0525,50.0,0.00500,12.0525,-5.0,-0.00050,12.0538,-7.5,-0.00075,12.0500,-7.5,-0.00075,12.0512,-5.0,-0.00050,12.0512,-5.0,-0.00050,12.0512,-5.0,-0.00050,12.0525,-7.5,-0.00075,7.75
6,381211,1,0,5.96,0.0,0.0,0.0,0.0,20.0887,807.5,0.80750,12.0412,1260.0,1.26000,12.0437,1190.0,0.03606,5.0812,695.0,0.06950,12.0313,4722.5,0.47225,12.0287,5855.0,0.58550,12.0375,1162.5,0.11625,12.0387,-5.0,-0.00050,12.0412,-7.5,-0.00075,12.0375,-7.5,-0.00075,12.0387,-5.0,-0.00050,12.0400,-5.0,-0.00050,12.0400,-5.0,-0.00050,12.0412,-7.5,-0.00075,8.09
6,381547,1,0,6.24,0.0,0.0,0.0,0.0,20.1075,657.5,0.65750,12.0538,1002.5,1.00250,12.0550,1190.0,0.03606,5.0812,695.0,0.06950,12.0450,3752.5,0.37525,12.0425,4892.5,0.48925,12.0500,875.0,0.08750,12.0512,-5.0,-0.00050,12.0525,-7.5,-0.00075,12.0500,-7.5,-0.00075,12.0500,-5.0,-0.00050,12.0512,-5.0,-0.00050,12.0525,-5.0,-0.00050,12.0538,-7.5,-0.00075,8.42
6,381883,1,0,6.52,329.4,381.5,461.4,0.0,20.1462,362.5,0.36250,12.0475,540.0,0.54000,12.0487,1192.5,0.03614,5.0812,697.5,0.06975,12.0450,1972.5,0.19725,12.0425,2530.0,0.25300,12.0475,512.5,0.05125,12.0487,-5.0,-0.00050,12.0500,-7.5,-0.00075,12.0462,-7.5,-0.00075,12.0475,-5.0,-0.00050,12.0487,-5.0,-0.00050,12.0487,-5.0,-0.00050,12.0500,-7.5,-0.00075,8.76
6,382219,1,0,6.80,406.3,597.5,450.9,0.0,20.1488,337.5,0.33750,12.0462,505.0,0.50500,12.0475,1195.0,0.03621,5.0812,697.5,0.06975,12.0437,1892.5,0.18925,12.0412,2327.5,0.23275,12.0462,477.5,0.04775,12.0475,-5.0,-0.00050,12.0475,-7.5,-0.00075,12.0450,-7.5,-0.00075,12.0462,-5.0,-0.00050,12.0462,-5.0,-0.00050,12.0462,-5.0,-0.00050,12.0475,-7.5,-0.00075,9.10
6,382555,1,0,7.08,463.3,693.7,513.5,0.0,20.1525,312.5,0.31250,12.0487,462.5,0.46250,12.0500,1187.5,0.03598,5.0812,697.5,0.06975,12.0462,1695.0,0.16950,12.0437,2182.5,0.21825,12.0487,432.5,0.04325,12.0487,-5.0,-0.00050,12.0500,-7.5,-0.00075,12.0475,-7.5,-0.00075,12.0487,-5.0,-0.00050,12.0487,-5.0,-0.00050,12.0487,-5.0,-0.00050,12.0500,-7.5,-0.00075,9.42
6,382891,1,0,7.36,617.4,637.4,502.3,0.0,20.1550,280.0,0.28000,12.0487,412.5,0.41250,12.0500,1190.0,0.03606,5.0812,697.5,0.06975,12.0475,1537.5,0.15375,12.0450,1930.0,0.19300,12.0500,392.5,0.03925,12.0500,-5.0,-0.00050,12.0512,-7.5,-0.00075,12.0475,-7.5,-0.00075,12.0487,-5.0,-0.00050,12.0487,-5.0,-0.00050,12.0487,-5.0,-0.00050,12.0500,-7.5,-0.00075,9.78
6,383248,1,0,7.65,559.0,554.6,684.0,0.0,20.1587,250.0,0.25000,12.0487,365.0,0.36500,12.0512,1190.0,0.03606,5.0812,697.5,0.06975,12.0487,1370.0,0.13700,12.0462,1690.0,0.16900,12.0500,355.0,0.03550,12.0500,-5.0,-0.00050,12.0512,-7.5,-0.00075,12.0475,-7.5,-0.00075,12.0487,-5.0,-0.00050,12.0487,-5.0,-0.00050,12.0487,-5.0,-0.00050,12.0500,-7.5,-0.00075,10.13
6,383585,1,0,7.93,591.1,734.0,816.7,0.0,20.1612,227.5,0.22750,12.0487,325.0,0.32500,12.0500,1190.0,0.03606,5.0812,697.5,0.06975,12.0487,1217.5,0.12175,12.0462,1510.0,0.15100,12.0500,312.5,0.03125,12.0500,-5.0,-0.00050,12.0512,-7.5,-0.00075,12.0475,-7.5,-0.00075,12.0487,-5.0,-0.00050,12.0487,-5.0,-0.00050,12.0500,-5.0,-0.00050,12.0512,-7.5,-0.00075,10.45
6,383921,1,0,8.21,737.9,777.4,608.4,0.0,20.1650,202.5,0.20250,12.0487,285.0,0.28500,12.0500,1190.0,0.03606,5.0812,697.5,0.06975,12.0500,1062.5,0.10625,12.0462,1327.5,0.13275,12.0512,282.5,0.02825,12.0512,-5.0,-0.00050,12.0525,-7.5,-0.00075,12.0487,-7.5,-0.00075,12.0500,-5.0,-0.00050,12.0500,-5.0,-0.00050,12.0500,-5.0,-0.00050,12.0512,-7.5,-0.00075,10.79
6,384257,1,0,8.49,630.5,627.1,880.8,0.0,20.1675,182.5,0.18250,12.0487,252.5,0.25250,12.0500,1190.0,0.03606,5.0812,697.5,0.06975,12.0500,947.5,0.09475,12.0475,1180.0,0.11800,12.0512,255.0,0.02550,12.0512,-5.0,-0.00050,12.0525,-7.5,-0.00075,12.0487,-7.5,-0.00075,12.0500,-5.0,-0.00050,12.0500,-5.0,-0.00050,12.0500,-5.0,-0.00050,12.0512,-7.5,-0.00075,11.12
6,384593,1,0,8.77,769.5,764.4,638.8,0.0,20.1700,165.0,0.16500,12.0500,222.5,0.22250,12.0500,1195.0,0.03621,5.0812,697.5,0.06975,12.0500,845.0,0.08450,12.0475,1047.5,0.10475,12.0512,220.0,0.02200,12.0512,-5.0,-0.00050,12.0525,-7.5,-0.00075,12.0487,-7.5,-0.00075,12.0500,-5.0,-0.00050,12.0500,-5.0,-0.00050,12.0500,-5.0,-0.00050,12.0512,-7.5,-0.00075,11.46
6,384930,1,0,9.05,647.1,1071.2,647.1,0.0,20.1725,150.0,0.15000,12.0500,197.5,0.19750,12.0500,1192.5,0.03614,5.0812,697.5,0.06975,12.0500,750.0,0.07500,12.0475,937.5,0.09375,12.0512,197.5,0.01975,12.0512,-5.0,-0.00050,12.0525,-7.5,-0.00075,12.0487,-7.5,-0.00075,12.0500,-5.0,-0.00050,12.0500,-5.0,-0.00050,12.0500,-5.0,-0.00050,12.0512,-7.5,-0.00075,11.81
6,385287,1,0,9.35,754.5,643.0,648.9,0.0,20.1737,132.5,0.13250,12.0500,172.5,0.17250,12.0512,1190.0,0.03606,5.0812,697.5,0.06975,12.0512,655.0,0.06550,12.0487,812.5,0.08125,12.0512,172.5,0.01725,12.0512,-5.0,-0.00050,12.0525,-7.5,-0.00075,12.0487,-7.5,-0.00075,12.0500,-5.0,-0.00050,12.0512,-5.0,-0.00050,12.0512,-5.0,-0.00050,12.0525,-7.5,-0.00075,12.16
6,385623,1,0,9.63,770.9,766.5,643.8,0.0,20.1763,122.5,0.12250,12.0500,155.0,0.15500,12.0500,1192.5,0.03614,5.0812,697.5,0.06975,12.0512,585.0,0.05850,12.0487,740.0,0.07400,12.0512,155.0,0.01550,12.0512,-5.0,-0.00050,12.0525,-7.5,-0.00075,12.0487,-7.5,-0.00075,12.0512,-5.0,-0.00050,12.0512,-5.0,-0.00050,12.0512,-5.0,-0.00050,12.0525,-7.5,-0.00075,12.50
6,385959,1,0,9.91,636.4,737.2,768.2,0.0,20.1775,115.0,0.11500,12.0500,142.5,0.14250,12.0500,1192.5,0.03614,5.0812,697.5,0.06975,12.0512,535.0,0.05350,12.0487,675.0,0.06750,12.0512,140.0,0.01400,12.0512,-5.0,-0.00050,12.0525,-7.5,-0.00075,12.0487,-7.5,-0.00075,12.0500,-5.0,-0.00050,12.0500,-5.0,-0.00050,12.0500,-5.0,-0.00050,12.0512,-7.5,-0.00075,12.84
6,386296,1,0,10.19,752.8,623.1,1007.8,0.0,20.1775,110.0,0.11000,12.0500,135.0,0.13500,12.0500,1192.5,0.03614,5.0812,697.5,0.06975,12.0512,502.5,0.05025,12.0487,637.5,0.06375,12.0525,130.0,0.01300,12.0512,-5.0,-0.00050,12.0525,-7.5,-0.00075,12.0487,-7.5,-0.00075,12.0500,-5.0,-0.00050,12.0500,-5.0,-0.00050,12.0512,-5.0,-0.00050,12.0512,-7.5,-0.00075,13.17
6,386632,1,0,10.47,785.7,737.3,745.9,0.0,20.1787,107.5,0.10750,12.0500,127.5,0.12750,12.0500,1192.5,0.03614,5.0812,697.5,0.06975,12.0512,477.5,0.04775,12.0487,610.0,0.06100,12.0525,120.0,0.01200,12.0512,-5.0,-0.00050,12.0525,-7.5,-0.00075,12.0487,-7.5,-0.00075,12.0500,-5.0,-0.00050,12.0512,-5.0,-0.00050,12.0512,-5.0,-0.00050,12.0525,-7.5,-0.00075,13.50
6,386968,1,0,10.75,607.0,604.1,608.3,0.0,20.1787,105.0,0.10500,12.0500,125.0,0.12500,12.0500,1190.0,0.03606,5.0812,697.5,0.06975,12.0512,480.0,0.04800,12.0487,600.0,0.06000,12.0512,120.0,0.01200,12.0512,-5.0,-0.00050,12.0525,-7.5,-0.00075,12.0487,-7.5,-0.00075,12.0500,-5.0,-0.00050,12.0500,-5.0,-0.00050,12.0512,-5.0,-0.00050,12.0512,-7.5,-0.00075,13.85
6,387325,1,0,11.05,716.6,951.2,719.2,0.0,20.1787,105.0,0.10500,12.0500,125.0,0.12500,12.0500,1192.5,0.03614,5.0812,697.5,0.06975,12.0512,470.0,0.04700,12.0487,592.5,0.05925,12.0525,117.5,0.01175,12.0512,-5.0,-0.00050,12.0525,-7.5,-0.00075,12.0487,-7.5,-0.00075,12.0500,-5.0,-0.00050,12.0512,-5.0,-0.00050,12.0512,-5.0,-0.00050,12.0525,-7.5,-0.00075,14.19
6,387662,1,0,11.33,586.7,935.8,704.7,0.0,20.1787,105.0,0.10500,12.0500,127.5,0.12750,12.0500,1192.5,0.03614,5.0812,697.5,0.06975,12.0512,485.0,0.04850,12.0487,607.5,0.06075,12.0525,117.5,0.01175,12.0512,-5.0,-0.00050,12.0525,-7.5,-0.00075,12.0487,-7.5,-0.00075,12.0500,-5.0,-0.00050,12.0512,-5.0,-0.00050,12.0512,-5.0,-0.00050,12.0512,-7.5,-0.00075,14.53
6,387998,1,0,11.61,811.2,577.7,643.7,0.0,20.1775,107.5,0.10750,12.0500,130.0,0.13000,12.0500,1192.5,0.03614,5.0812,697.5,0.06975,12.0512,495.0,0.04950,12.0487,620.0,0.06200,12.0525,120.0,0.01200,12.0512,-5.0,-0.00050,12.0525,-7.5,-0.00075,12.0487,-7.5,-0.00075,12.0500,-5.0,-0.00050,12.0512,-5.0,-0.00050,12.0512,-5.0,-0.00050,12.0512,-7.5,-0.00075,14.87
6,388334,1,0,11.89,687.9,800.3,572.6,0.0,20.1775,112.5,0.11250,12.0500,137.5,0.13750,12.0500,1192.5,0.03614,5.0812,697.5,0.06975,12.0512,515.0,0.05150,12.0487,650.0,0.06500,12.0512,125.0,0.01250,12.0512,-5.0,-0.00050,12.0525,-7.5,-0.00075,12.0487,-7.5,-0.00075,12.0500,-5.0,-0.00050,12.0500,-5.0,-0.00050,12.0500,-5.0,-0.00050,12.0512,-7.5,-0.00075,15.20
6,388670,1,0,12.17,682.6,566.7,566.0,0.0,20.1775,115.0,0.11500,12.0500,142.5,0.14250,12.0500,1190.0,0.03606,5.0812,697.5,0.06975,12.0500,542.5,0.05425,12.0475,680.0,0.06800,12.0512,132.5,0.01325,12.0512,-5.0,-0.00050,12.0525,-7.5,-0.00075,12.0487,-7.5,-0.00075,12.0500,-5.0,-0.00050,12.0500,-5.0,-0.00050,12.0512,-5.0,-0.00050,12.0512,-7.5,-0.00075,15.54
6,389007,1,0,12.45,565.1,845.6,562.1,0.0,20.1775,117.5,0.11750,12.0500,145.0,0.14500,12.0500,1192.5,0.03614,5.0812,697.5,0.06975,12.0512,562.5,0.05625,12.0487,695.0,0.06950,12.0512,132.5,0.01325,12.0512,-5.0,-0.00050,12.0525,-7.5,-0.00075,12.0487,-7.5,-0.00075,12.0500,-5.0,-0.00050,12.0500,-5.0,-0.00050,12.0500,-5.0,-0.00050,12.0512,-7.5,-0.00075,15.89
6,389364,1,0,12.75,674.7,561.2,559.4,0.0,20.1763,122.5,0.12250,12.0500,152.5,0.15250,12.0500,1192.5,0.03614,5.0812,697.5,0.06975,12.0500,585.0,0.05850,12.0487,732.5,0.07325,12.0512,145.0,0.01450,12.0512,-5.0,-0.00050,12.0525,-7.5,-0.00075,12.0487,-7.5,-0.00075,12.0500,-5.0,-0.00050,12.0500,-5.0,-0.00050,12.0500,-5.0,-0.00050,12.0512,-7.5,-0.00075,16.23
6,389700,1,0,13.03,562.4,561.0,558.6,0.0,20.1763,127.5,0.12750,12.0500,162.5,0.16250,12.0500,1190.0,0.03606,5.0812,697.5,0.06975,12.0500,622.5,0.06225,12.0487,775.0,0.07750,12.0512,145.0,0.01450,12.0512,-5.0,-0.00050,12.0525,-7.5,-0.00075,12.0487,-7.5,-0.00075,12.0500,-5.0,-0.00050,12.0500,-5.0,-0.00050,12.0500,-5.0,-0.00050,12.0512,-7.5,-0.00075,16.57
6,390036,1,0,13.31,564.7,675.6,672.3,0.0,20.1763,130.0,0.13000,12.0500,167.5,0.16750,12.0500,1190.0,0.03606,5.0812,697.5,0.06975,12.0500,637.5,0.06375,12.0487,802.5,0.08025,12.0512,160.0,0.01600,12.0512,-5.0,-0.00050,12.0525,-7.5,-0.00075,12.0487,-7.5,-0.00075,12.0500,-5.0,-0.00050,12.0500,-5.0,-0.00050,12.0500,-5.0,-0.00050,12.0512,-7.5,-0.00075,16.90
6,390373,1,0,13.59,566.9,847.9,562.8,0.0,20.1763,135.0,0.13500,12.0500,172.5,0.17250,12.0500,1190.0,0.03606,5.0812,697.5,0.06975,12.0512,660.0,0.06600,12.0475,820.0,0.08200,12.0512,160.0,0.01600,12.0512,-5.0,-0.00050,12.0525,-7.5,-0.00075,12.0487,-7.5,-0.00075,12.0500,-5.0,-0.00050,12.0500,-5.0,-0.00050,12.0500,-5.0,-0.00050,12.0512,-7.5,-0.00075,17.24
6,390709,1,0,13.87,570.1,632.1,879.4,0.0,20.1750,137.5,0.13750,12.0500,180.0,0.18000,12.0500,1192.5,0.03614,5.0812,697.5,0.06975,12.0500,685.0,0.06850,12.0475,860.0,0.08600,12.0512,172.5,0.01725,12.0512,-5.0,-0.00050,12.0525,-7.5,-0.00075,12.0487,-7.5,-0.00075,12.0500,-5.0,-0.00050,12.0500,-5.0,-0.00050,12.0500,-5.0,-0.00050,12.0512,-7.5,-0.00075,17.59
6,391045,1,0,14.15,574.5,802.2,797.0,0.0,20.1750,140.0,0.14000,12.0500,185.0,0.18500,12.0500,1192.5,0.03614,5.0812,697.5,0.06975,12.0500,702.5,0.07025,12.0475,885.0,0.08850,12.0512,177.5,0.01775,12.0512,-5.0,-0.00050,12.0525,-7.5,-0.00075,12.0487,-7.5,-0.00075,12.0500,-5.0,-0.00050,12.0500,-5.0,-0.00050,12.0500,-5.0,-0.00050,12.0512,-7.5,-0.00075,17.93
6,391402,1,0,14.45,697.5,811.0,628.8,0.0,20.1737,145.0,0.14500,12.0500,190.0,0.19000,12.0500,1190.0,0.03606,5.0812,697.5,0.06975,12.0500,725.0,0.07250,12.0475,900.0,0.09000,12.0512,180.0,0.01800,12.0512,-5.0,-0.00050,12.0525,-7.5,-0.00075,12.0487,-7.5,-0.00075,12.0500,-5.0,-0.00050,12.0500,-5.0,-0.00050,12.0500,-5.0,-0.00050,12.0512,-7.5,-0.00075,18.28
6,391739,1,0,14.73,586.8,877.5,582.4,0.0,20.1725,145.0,0.14500,12.0500,192.5,0.19250,12.0500,1192.5,0.03614,5.0812,697.5,0.06975,12.0500,732.5,0.07325,12.0475,912.5,0.09125,12.0512,182.5,0.01825,12.0512,-5.0,-0.00050,12.0525,-7.5,-0.00075,12.0487,-7.5,-0.00075,12.0500,-5.0,-0.00050,12.0500,-5.0,-0.00050,12.0500,-5.0,-0.00050,12.0512,-7.5,-0.00075,18.61
6,392075,1,0,15.01,592.7,709.3,587.3,0.0,20.1725,150.0,0.15000,12.0500,200.0,0.20000,12.0500,1192.5,0.03614,5.0812,697.5,0.06975,12.0500,757.5,0.07575,12.0475,952.5,0.09525,12.0512,187.5,0.01875,12.0512,-5.0,-0.00050,12.0512,-7.5,-0.00075,12.0487,-7.5,-0.00075,12.0500,-5.0,-0.00050,12.0500,-5.0,-0.00050,12.0500,-5.0,-0.00050,12.0512,-7.5,-0.00075,18.94
6,392411,1,0,15.29,720.1,718.3,949.4,0.0,20.1725,150.0,0.15000,12.0487,200.0,0.20000,12.0500,1195.0,0.03621,5.0812,697.5,0.06975,12.0500,752.5,0.07525,12.0475,945.0,0.09450,12.0512,190.0,0.01900,12.0512,-5.0,-0.00050,12.0512,-7.5,-0.00075,12.0487,-7.5,-0.00075,12.0500,-5.0,-0.00050,12.0500,-5.0,-0.00050,12.0500,-5.0,-0.00050,12.0512,-7.5,-0.00075,19.28
6,392747,1,0,15.57,726.5,603.9,721.8,0.0,20.1712,152.5,0.15250,12.0487,202.5,0.20250,12.0500,1195.0,0.03621,5.0812,697.5,0.06975,12.0500,765.0,0.07650,12.0475,967.5,0.09675,12.0512,190.0,0.01900,12.0500,-5.0,-0.00050,12.0512,-7.5,-0.00075,12.0487,-7.5,-0.00075,12.0500,-5.0,-0.00050,12.0500,-5.0,-0.00050,12.0500,-5.0,-0.00050,12.0512,-7.5,-0.00075,19.61
6,393084,1,0,15.85,856.3,732.6,606.5,0.0,20.1712,152.5,0.15250,12.0487,205.0,0.20500,12.0500,1190.0,0.03606,5.0812,697.5,0.06975,12.0500,787.5,0.07875,12.0475,967.5,0.09675,12.0512,192.5,0.01925,12.0512,-5.0,-0.00050,12.0512,-7.5,-0.00075,12.0487,-7.5,-0.00075,12.0500,-5.0,-0.00050,12.0500,-5.0,-0.00050,12.0500,-5.0,-0.00050,12.0512,-7.5,-0.00075,19.96
6,393441,1,0,16.15,743.1,823.2,860.4,0.0,20.1712,155.0,0.15500,12.0487,207.5,0.20750,12.0500,1190.0,0.03606,5.0812,697.5,0.06975,12.0500,782.5,0.07825,12.0475,987.5,0.09875,12.0512,202.5,0.02025,12.0512,-5.0,-0.00050,12.0525,-7.5,-0.00075,12.0487,-7.5,-0.00075,12.0500,-5.0,-0.00050,12.0500,-5.0,-0.00050,12.0500,-5.0,-0.00050,12.0512,-7.5,-0.00075,20.31
6,393777,1,0,16.43,834.1,623.8,620.0,0.0,20.1712,155.0,0.15500,12.0500,207.5,0.20750,12.0512,1192.5,0.03614,5.0812,697.5,0.06975,12.0500,772.5,0.07725,12.0475,980.0,0.09800,12.0512,197.5,0.01975,12.0512,-5.0,-0.00050,12.0525,-7.5,-0.00075,12.0487,-7.5,-0.00075,12.0500,-5.0,-0.00050,12.0500,-5.0,-0.00050,12.0500,-5.0,-0.00050,12.0512,-7.5,-0.00075,20.65
6,394113,1,0,16.71,631.6,629.5,753.1,0.0,20.1712,157.5,0.15750,12.0487,210.0,0.21000,12.0500,1192.5,0.03614,5.0812,697.5,0.06975,12.0500,805.0,0.08050,12.0475,1002.5,0.10025,12.0512,197.5,0.01975,12.0512,-5.0,-0.00050,12.0525,-7.5,-0.00075,12.0487,-7.5,-0.00075,12.0500,-5.0,-0.00050,12.0500,-5.0,-0.00050,12.0500,-5.0,-0.00050,12.0512,-7.5,-0.00075,20.99
6,394450,1,0,16.99,638.8,741.8,631.2,0.0,20.1712,157.5,0.15750,12.0500,210.0,0.21000,12.0500,1192.5,0.03614,5.0812,697.5,0.06975,12.0500,805.0,0.08050,12.0475,1007.5,0.10075,12.0512,202.5,0.02025,12.0512,-5.0,-0.00050,12.0512,-7.5,-0.00075,12.0487,-7.5,-0.00075,12.0500,-5.0,-0.00050,12.0500,-5.0,-0.00050,12.0500,-5.0,-0.00050,12.0512,-7.5,-0.00075,21.32
6,394786,1,0,17.27,773.1,770.4,767.6,0.0,20.1712,160.0,0.16000,12.0487,217.5,0.21750,12.0500,1192.5,0.03614,5.0812,697.5,0.06975,12.0500,815.0,0.08150,12.0462,1025.0,0.10250,12.0512,212.5,0.02125,12.0500,-5.0,-0.00050,12.0512,-7.5,-0.00075,12.0475,-7.5,-0.00075,12.0487,-5.0,-0.00050,12.0487,-5.0,-0.00050,12.0500,-5.0,-0.00050,12.0500,-7.5,-0.00075,21.66
6,395122,1,0,17.55,651.0,648.3,968.4,0.0,20.1700,160.0,0.16000,12.0500,215.0,0.21500,12.0500,1192.5,0.03614,5.0812,697.5,0.06975,12.0500,812.5,0.08125,12.0475,1012.5,0.10125,12.0512,207.5,0.02075,12.0512,-5.0,-0.00050,12.0525,-7.5,-0.00075,12.0487,-7.5,-0.00075,12.0500,-5.0,-0.00050,12.0500,-5.0,-0.00050,12.0500,-5.0,-0.00050,12.0512,-7.5,-0.00075,22.01
6,395479,1,0,17.84,789.3,785.4,709.8,0.0,20.1700,162.5,0.16250,12.0487,220.0,0.22000,12.0500,1195.0,0.03621,5.0812,697.5,0.06975,12.0500,837.5,0.08375,12.0475,1042.5,0.10425,12.0512,205.0,0.02050,12.0512,-5.0,-0.00050,12.0512,-7.5,-0.00075,12.0487,-7.5,-0.00075,12.0487,-5.0,-0.00050,12.0500,-5.0,-0.00050,12.0500,-5.0,-0.00050,12.0512,-7.5,-0.00075,22.35
6,395816,1,0,18.13,663.3,791.7,767.0,0.0,20.1712,160.0,0.16000,12.0500,217.5,0.21750,12.0500,1192.5,0.03614,5.0812,697.5,0.06975,12.0500,807.5,0.08075,12.0475,1025.0,0.10250,12.0512,215.0,0.02150,12.0512,-5.0,-0.00050,12.0525,-7.5,-0.00075,12.0487,-7.5,-0.00075,12.0500,-5.0,-0.00050,12.0500,-5.0,-0.00050,12.0500,-5.0,-0.00050,12.0512,-7.5,-0.00075,22.69
6,396152,1,0,18.41,667.8,998.1,724.0,0.0,20.1700,162.5,0.16250,12.0487,217.5,0.21750,12.0500,1192.5,0.03614,5.0812,697.5,0.06975,12.0500,815.0,0.08150,12.0462,1037.5,0.10375,12.0512,212.5,0.02125,12.0500,-5.0,-0.00050,12.0512,-7.5,-0.00075,12.0487,-7.5,-0.00075,12.0500,-5.0,-0.00050,12.0500,-5.0,-0.00050,12.0500,-5.0,-0.00050,12.0512,-7.5,-0.00075,23.03
6,396488,1,0,18.69,1010.9,804.9,891.9,0.0,20.1700,165.0,0.16500,12.0487,225.0,0.22500,12.0500,1192.5,0.03614,5.0812,697.5,0.06975,12.0500,840.0,0.08400,12.0475,1065.0,0.10650,12.0500,220.0,0.02200,12.0500,-5.0,-0.00050,12.0512,-7.5,-0.00075,12.0487,-7.5,-0.00075,12.0500,-5.0,-0.00050,12.0500,-5.0,-0.00050,12.0500,-5.0,-0.00050,12.0512,-7.5,-0.00075,23.37
6,396824,1,0,18.97,864.3,788.5,674.0,0.0,20.1700,165.0,0.16500,12.0487,225.0,0.22500,12.0500,1190.0,0.03606,5.0812,697.5,0.06975,12.0500,840.0,0.08400,12.0475,1067.5,0.10675,12.0512,220.0,0.02200,12.0512,-5.0,-0.00050,12.0512,-7.5,-0.00075,12.0487,-7.5,-0.00075,12.0500,-5.0,-0.00050,12.0500,-5.0,-0.00050,12.0500,-5.0,-0.00050,12.0512,-7.5,-0.00075,23.70
6,397161,1,0,19.25,684.4,991.5,680.6,0.0,20.1700,170.0,0.17000,12.0487,232.5,0.23250,12.0500,1195.0,0.03621,5.0812,697.5,0.06975,12.0500,875.0,0.08750,12.0462,1092.5,0.10925,12.0500,225.0,0.02250,12.0512,-5.0,-0.00050,12.0512,-7.5,-0.00075,12.0475,-7.5,-0.00075,12.0500,-5.0,-0.00050,12.0500,-5.0,-0.00050,12.0500,-5.0,-0.00050,12.0512,-7.5,-0.00075,24.05
6,397518,1,0,19.54,690.6,688.5,686.5,0.0,20.1700,170.0,0.17000,12.0500,230.0,0.23000,12.0500,1192.5,0.03614,5.0812,697.5,0.06975,12.0500,875.0,0.08750,12.0475,1080.0,0.10800,12.0512,220.0,0.02200,12.0512,-5.0,-0.00050,12.0525,-7.5,-0.00075,12.0487,-7.5,-0.00075,12.0500,-5.0,-0.00050,12.0500,-5.0,-0.00050,12.0500,-5.0,-0.00050,12.0512,-7.5,-0.00075,24.40
6,397854,1,0,19.82,696.9,832.7,1154.7,0.0,20.1700,172.5,0.17250,12.0487,237.5,0.23750,12.0500,1195.0,0.03621,5.0812,697.5,0.06975,12.0500,890.0,0.08900,12.0475,1132.5,0.11325,12.0512,230.0,0.02300,12.0500,-5.0,-0.00050,12.0512,-7.5,-0.00075,12.0487,-7.5,-0.00075,12.0500,-5.0,-0.00050,12.0500,-5.0,-0.00050,12.0500,-5.0,-0.00050,12.0512,-7.5,-0.00075,24.72
6,398190,1,0,20.10,820.0,754.0,815.6,0.0,20.1700,172.5,0.17250,12.0500,235.0,0.23500,12.0500,1195.0,0.03621,5.0812,697.5,0.06975,12.0487,892.5,0.08925,12.0475,1102.5,0.11025,12.0500,230.0,0.02300,12.0500,-5.0,-0.00050,12.0512,-7.5,-0.00075,12.0487,-7.5,-0.00075,12.0500,-5.0,-0.00050,12.0500,-5.0,-0.00050,12.0500,-5.0,-0.00050,12.0512,-7.5,-0.00075,25.07
6,398527,1,0,20.39,708.7,869.2,706.4,0.0,20.1700,177.5,0.17750,12.0487,245.0,0.24500,12.0500,1195.0,0.03621,5.0812,697.5,0.06975,12.0487,930.0,0.09300,12.0475,1147.5,0.11475,12.0500,232.5,0.02325,12.0500,-5.0,-0.00050,12.0512,-7.5,-0.00075,12.0487,-7.5,-0.00075,12.0487,-5.0,-0.00050,12.0500,-5.0,-0.00050,12.0500,-5.0,-0.00050,12.0512,-7.5,-0.00075,25.40
6,398863,1,0,20.67,714.8,830.9,874.5,0.0,20.1700,175.0,0.17500,12.0487,240.0,0.24000,12.0500,1192.5,0.03614,5.0812,697.5,0.06975,12.0487,910.0,0.09100,12.0475,1130.0,0.11300,12.0512,232.5,0.02325,12.0512,-5.0,-0.00050,12.0512,-7.5,-0.00075,12.0487,-7.5,-0.00075,12.0487,-5.0,-0.00050,12.0500,-5.0,-0.00050,12.0500,-5.0,-0.00050,12.0512,-7.5,-0.00075,25.74
6,399199,1,0,20.95,840.9,837.4,955.0,0.0,20.1687,177.5,0.17750,12.0487,245.0,0.24500,12.0500,1192.5,0.03614,5.0812,697.5,0.06975,12.0487,942.5,0.09425,12.0462,1155.0,0.11550,12.0500,227.5,0.02275,12.0500,-5.0,-0.00050,12.0512,-7.5,-0.00075,12.0475,-7.5,-0.00075,12.0487,-5.0,-0.00050,12.0487,-5.0,-0.00050,12.0500,-5.0,-0.00050,12.0512,-7.5,-0.00075,26.09
6,399556,1,0,21.24,727.0,966.2,842.1,0.0,20.1687,177.5,0.17750,12.0487,247.5,0.24750,12.0500,1192.5,0.03614,5.0812,697.5,0.06975,12.0487,935.0,0.09350,12.0462,1175.0,0.11750,12.0500,232.5,0.02325,12.0500,-5.0,-0.00050,12.0512,-7.5,-0.00075,12.0475,-7.5,-0.00075,12.0500,-5.0,-0.00050,12.0500,-5.0,-0.00050,12.0500,-5.0,-0.00050,12.0512,-7.5,-0.00075,26.42
6,399893,1,0,21.52,732.9,974.2,1212.9,0.0,20.1675,182.5,0.18250,12.0487,252.5,0.25250,12.0500,1195.0,0.03621,5.0812,697.5,0.06975,12.0500,942.5,0.09425,12.0462,1180.0,0.11800,12.0512,252.5,0.02525,12.0500,-5.0,-0.00050,12.0512,-7.5,-0.00075,12.0487,-7.5,-0.00075,12.0487,-5.0,-0.00050,12.0500,-5.0,-0.00050,12.0500,-5.0,-0.00050,12.0512,-7.5,-0.00075,26.77
6,400229,1,0,21.80,795.9,858.8,734.1,0.0,20.1687,180.0,0.18000,12.0500,250.0,0.25000,12.0500,1195.0,0.03621,5.0812,697.5,0.06975,12.0487,942.5,0.09425,12.0475,1170.0,0.11700,12.0500,252.5,0.02525,12.0500,-5.0,-0.00050,12.0512,-7.5,-0.00075,12.0487,-7.5,-0.00075,12.0500,-5.0,-0.00050,12.0500,-5.0,-0.00050,12.0500,-5.0,-0.00050,12.0512,-7.5,-0.00075,27.11
6,400565,1,0,22.08,744.4,847.1,952.4,0.0,20.1687,180.0,0.18000,12.0487,250.0,0.25000,12.0500,1195.0,0.03621,5.0812,697.5,0.06975,12.0487,940.0,0.09400,12.0462,1185.0,0.11850,12.0500,240.0,0.02400,12.0500,-5.0,-0.00050,12.0512,-7.5,-0.00075,12.0475,-7.5,-0.00075,12.0487,-5.0,-0.00050,12.0500,-5.0,-0.00050,12.0500,-5.0,-0.00050,12.0512,-7.5,-0.00075,27.43
6,400901,1,0,22.36,855.9,746.2,801.6,0.0,20.1687,175.0,0.17500,12.0500,242.5,0.24250,12.0500,1195.0,0.03621,5.0812,697.5,0.06975,12.0500,912.5,0.09125,12.0475,1157.5,0.11575,12.0500,242.5,0.02425,12.0512,-5.0,-0.00050,12.0512,-7.5,-0.00075,12.0487,-7.5,-0.00075,12.0500,-5.0,-0.00050,12.0500,-5.0,-0.00050,12.0500,-5.0,-0.00050,12.0512,-7.5,-0.00075,27.78
6,401238,1,0,22.64,751.6,921.8,872.5,0.0,20.1700,172.5,0.17250,12.0487,235.0,0.23500,12.0500,1190.0,0.03606,5.0812,697.5,0.06975,12.0500,895.0,0.08950,12.0475,1112.5,0.11125,12.0512,237.5,0.02375,12.0512,-5.0,-0.00050,12.0525,-7.5,-0.00075,12.0487,-7.5,-0.00075,12.0500,-5.0,-0.00050,12.0500,-5.0,-0.00050,12.0500,-5.0,-0.00050,12.0512,-7.5,-0.00075,28.13
6,401595,1,0,22.94,754.0,809.1,751.0,0.0,20.1700,175.0,0.17500,12.0487,240.0,0.24000,12.0500,1190.0,0.03606,5.0812,697.5,0.06975,12.0487,905.0,0.09050,12.0475,1117.5,0.11175,12.0500,240.0,0.02400,12.0512,-5.0,-0.00050,12.0512,-7.5,-0.00075,12.0487,-7.5,-0.00075,12.0500,-5.0,-0.00050,12.0500,-5.0,-0.00050,12.0500,-5.0,-0.00050,12.0512,-7.5,-0.00075,28.46
6,401931,1,0,23.22,758.1,970.3,970.6,0.0,20.1687,182.5,0.18250,12.0487,255.0,0.25500,12.0500,1195.0,0.03621,5.0812,697.5,0.06975,12.0487,960.0,0.09600,12.0462,1185.0,0.11850,12.0500,240.0,0.02400,12.0500,-5.0,-0.00050,12.0512,-7.5,-0.00075,12.0475,-7.5,-0.00075,12.0487,-5.0,-0.00050,12.0487,-5.0,-0.00050,12.0500,-5.0,-0.00050,12.0512,-7.5,-0.00075,28.81
6,402267,1,0,23.50,890.0,1052.4,973.5,0.0,20.1687,185.0,0.18500,12.0487,257.5,0.25750,12.0500,1192.5,0.03614,5.0812,697.5,0.06975,12.0487,967.5,0.09675,12.0462,1200.0,0.12000,12.0500,247.5,0.02475,12.0500,-5.0,-0.00050,12.0512,-7.5,-0.00075,12.0487,-7.5,-0.00075,12.0487,-5.0,-0.00050,12.0500,-5.0,-0.00050,12.0500,-5.0,-0.00050,12.0512,-7.5,-0.00075,29.14
6,402604,1,0,23.78,985.8,764.5,978.2,0.0,20.1687,185.0,0.18500,12.0487,257.5,0.25750,12.0500,1190.0,0.03606,5.0812,697.5,0.06975,12.0487,980.0,0.09800,12.0462,1202.5,0.12025,12.0500,245.0,0.02450,12.0500,-5.0,-0.00050,12.0512,-7.5,-0.00075,12.0475,-7.5,-0.00075,12.0487,-5.0,-0.00050,12.0500,-5.0,-0.00050,12.0500,-5.0,-0.00050,12.0512,-7.5,-0.00075,29.48
6,402940,1,0,24.06,771.9,897.3,1021.7,0.0,20.1687,190.0,0.19000,12.0487,267.5,0.26750,12.0487,1195.0,0.03621,5.0812,697.5,0.06975,12.0487,1002.5,0.10025,12.0462,1255.0,0.12550,12.0500,260.0,0.02600,12.0500,-5.0,-0.00050,12.0512,-7.5,-0.00075,12.0475,-7.5,-0.00075,12.0487,-5.0,-0.00050,12.0500,-5.0,-0.00050,12.0500,-5.0,-0.00050,12.0512,-7.5,-0.00075,29.82
6,403276,1,0,24.34,777.3,774.6,950.1,0.0,20.1687,192.5,0.19250,12.0487,267.5,0.26750,12.0500,1197.5,0.03629,5.0812,697.5,0.06975,12.0500,990.0,0.09900,12.0462,1257.5,0.12575,12.0512,262.5,0.02625,12.0500,-5.0,-0.00050,12.0512,-7.5,-0.00075,12.0475,-7.5,-0.00075,12.0487,-5.0,-0.00050,12.0487,-5.0,-0.00050,12.0500,-5.0,-0.00050,12.0500,-7.5,-0.00075,30.16
6,403633,1,0,24.64,913.9,910.6,908.4,0.0,20.1675,197.5,0.19750,12.0487,282.5,0.28250,12.0487,1192.5,0.03614,5.0812,697.5,0.06975,12.0475,1060.0,0.10600,12.0462,1327.5,0.13275,12.0500,277.5,0.02775,12.0500,-5.0,-0.00050,12.0500,-7.5,-0.00075,12.0475,-7.5,-0.00075,12.0487,-5.0,-0.00050,12.0487,-5.0,-0.00050,12.0487,-5.0,-0.00050,12.0500,-7.5,-0.00075,30.50
6,403970,1,0,24.92,948.6,847.9,785.0,0.0,20.1675,202.5,0.20250,12.0487,282.5,0.28250,12.0500,1197.5,0.03629,5.0812,697.5,0.06975,12.0487,1065.0,0.10650,12.0462,1322.5,0.13225,12.0512,275.0,0.02750,12.0512,-5.0,-0.00050,12.0525,-7.5,-0.00075,12.0487,-7.5,-0.00075,12.0487,-5.0,-0.00050,12.0500,-5.0,-0.00050,12.0500,-5.0,-0.00050,12.0512,-7.5,-0.00075,30.84
6,404306,1,0,25.20,910.9,907.0,1055.2,0.0,20.1663,207.5,0.20750,12.0487,295.0,0.29500,12.0500,1192.5,0.03614,5.0812,697.5,0.06975,12.0487,1092.5,0.10925,12.0450,1375.0,0.13750,12.0500,292.5,0.02925,12.0500,-5.0,-0.00050,12.0512,-7.5,-0.00075,12.0475,-7.5,-0.00075,12.0487,-5.0,-0.00050,12.0487,-5.0,-0.00050,12.0487,-5.0,-0.00050,12.0500,-7.5,-0.00075,31.17
6,404642,1,0,25.48,918.7,799.9,913.1,0.0,20.1663,205.0,0.20500,12.0487,292.5,0.29250,12.0500,1195.0,0.03621,5.0812,697.5,0.06975,12.0487,1092.5,0.10925,12.0462,1377.5,0.13775,12.0500,295.0,0.02950,12.0500,-5.0,-0.00050,12.0512,-7.5,-0.00075,12.0475,-7.5,-0.00075,12.0487,-5.0,-0.00050,12.0487,-5.0,-0.00050,12.0487,-5.0,-0.00050,12.0500,-7.5,-0.00075,31.51
6,404978,1,0,25.76,810.5,806.5,805.3,0.0,20.1663,210.0,0.21000,12.0487,300.0,0.30000,12.0500,1195.0,0.03621,5.0812,697.5,0.06975,12.0487,1132.5,0.11325,12.0462,1405.0,0.14050,12.0500,292.5,0.02925,12.0500,-5.0,-0.00050,12.0512,-7.5,-0.00075,12.0475,-7.5,-0.00075,12.0487,-5.0,-0.00050,12.0487,-5.0,-0.00050,12.0487,-5.0,-0.00050,12.0500,-7.5,-0.00075,31.84
6,405315,1,0,26.04,817.5,929.9,1044.0,0.0,20.1663,207.5,0.20750,12.0487,292.5,0.29250,12.0500,1190.0,0.03606,5.0812,697.5,0.06975,12.0487,1077.5,0.10775,12.0462,1380.0,0.13800,12.0500,297.5,0.02975,12.0500,-5.0,-0.00050,12.0512,-7.5,-0.00075,12.0475,-7.5,-0.00075,12.0487,-5.0,-0.00050,12.0500,-5.0,-0.00050,12.0500,-5.0,-0.00050,12.0512,-7.5,-0.00075,32.21
6,405672,1,0,26.34,942.1,937.5,935.4,0.0,20.1663,212.5,0.21250,12.0487,300.0,0.30000,12.0500,1192.5,0.03614,5.0812,697.5,0.06975,12.0487,1147.5,0.11475,12.0462,1412.5,0.14125,12.0500,297.5,0.02975,12.0500,-5.0,-0.00050,12.0512,-7.5,-0.00075,12.0475,-7.5,-0.00075,12.0487,-5.0,-0.00050,12.0487,-5.0,-0.00050,12.0487,-5.0,-0.00050,12.0500,-7.5,-0.00075,32.54
6,406008,1,0,26.62,830.7,826.8,941.7,0.0,20.1650,212.5,0.21250,12.0487,302.5,0.30250,12.0500,1192.5,0.03614,5.0812,697.5,0.06975,12.0487,1102.5,0.11025,12.0462,1422.5,0.14225,12.0500,305.0,0.03050,12.0500,-5.0,-0.00050,12.0512,-7.5,-0.00075,12.0475,-7.5,-0.00075,12.0487,-5.0,-0.00050,12.0487,-5.0,-0.00050,12.0500,-5.0,-0.00050,12.0500,-7.5,-0.00075,32.89
6,406344,1,0,26.90,836.6,1041.1,1108.1,0.0,20.1663,212.5,0.21250,12.0487,302.5,0.30250,12.0500,1195.0,0.03621,5.0812,697.5,0.06975,12.0487,1122.5,0.11225,12.0462,1417.5,0.14175,12.0500,312.5,0.03125,12.0500,-5.0,-0.00050,12.0512,-7.5,-0.00075,12.0475,-7.5,-0.00075,12.0487,-5.0,-0.00050,12.0487,-5.0,-0.00050,12.0500,-5.0,-0.00050,12.0500,-7.5,-0.00075,33.22
6,406681,1,0,27.18,841.9,838.6,837.7,0.0,20.1663,215.0,0.21500,12.0487,307.5,0.30750,12.0500,1192.5,0.03614,5.0812,697.5,0.06975,12.0475,1142.5,0.11425,12.0462,1455.0,0.14550,12.0500,315.0,0.03150,12.0500,-5.0,-0.00050,12.0512,-7.5,-0.00075,12.0475,-7.5,-0.00075,12.0487,-5.0,-0.00050,12.0487,-5.0,-0.00050,12.0487,-5.0,-0.00050,12.0500,-7.5,-0.00075,33.55
6,407017,1,0,27.46,969.9,1014.0,963.4,0.0,20.1650,222.5,0.22250,12.0487,317.5,0.31750,12.0500,1197.5,0.03629,5.0812,700.0,0.07000,12.0475,1190.0,0.11900,12.0462,1502.5,0.15025,12.0500,307.5,0.03075,12.0500,-5.0,-0.00050,12.0512,-7.5,-0.00075,12.0475,-7.5,-0.00075,12.0487,-5.0,-0.00050,12.0487,-5.0,-0.00050,12.0500,-5.0,-0.00050,12.0500,-7.5,-0.00075,33.89
6,407353,1,0,27.74,977.7,1095.8,1061.9,0.0,20.1650,222.5,0.22250,12.0487,320.0,0.32000,12.0500,1192.5,0.03614,5.0812,697.5,0.06975,12.0487,1182.5,0.11825,12.0462,1515.0,0.15150,12.0500,322.5,0.03225,12.0500,-5.0,-0.00050,12.0512,-7.5,-0.00075,12.0475,-7.5,-0.00075,12.0487,-5.0,-0.00050,12.0487,-5.0,-0.00050,12.0487,-5.0,-0.00050,12.0500,-7.5,-0.00075,34.24
6,407710,1,0,28.04,970.2,1031.0,856.8,0.0,20.1663,222.5,0.22250,12.0487,317.5,0.31750,12.0500,1195.0,0.03621,5.0812,697.5,0.06975,12.0475,1180.0,0.11800,12.0450,1490.0,0.14900,12.0500,330.0,0.03300,12.0500,-5.0,-0.00050,12.0512,-7.5,-0.00075,12.0475,-7.5,-0.00075,12.0487,-5.0,-0.00050,12.0487,-5.0,-0.00050,12.0487,-5.0,-0.00050,12.0500,-7.5,-0.00075,34.58
6,408047,1,0,28.32,1116.2,973.0,971.7,0.0,20.1663,225.0,0.22500,12.0487,322.5,0.32250,12.0487,1197.5,0.03629,5.0812,697.5,0.06975,12.0475,1187.5,0.11875,12.0450,1505.0,0.15050,12.0500,332.5,0.03325,12.0500,-5.0,-0.00050,12.0512,-7.5,-0.00075,12.0475,-7.5,-0.00075,12.0487,-5.0,-0.00050,12.0487,-5.0,-0.00050,12.0487,-5.0,-0.00050,12.0500,-7.5,-0.00075,34.92
6,408383,1,0,28.60,1125.5,980.2,870.1,0.0,20.1650,232.5,0.23250,12.0487,335.0,0.33500,12.0487,1195.0,0.03621,5.0812,700.0,0.07000,12.0475,1255.0,0.12550,12.0450,1570.0,0.15700,12.0487,337.5,0.03375,12.0500,-5.0,-0.00050,12.0500,-7.5,-0.00075,12.0475,-7.5,-0.00075,12.0487,-5.0,-0.00050,12.0487,-5.0,-0.00050,12.0487,-5.0,-0.00050,12.0500,-7.5,-0.00075,35.26
6,408719,1,0,28.88,992.7,878.8,876.4,0.0,20.1650,235.0,0.23500,12.0487,337.5,0.33750,12.0500,1195.0,0.03621,5.0812,697.5,0.06975,12.0487,1245.0,0.12450,12.0450,1572.5,0.15725,12.0500,337.5,0.03375,12.0500,-5.0,-0.00050,12.0512,-7.5,-0.00075,12.0475,-7.5,-0.00075,12.0487,-5.0,-0.00050,12.0487,-5.0,-0.00050,12.0487,-5.0,-0.00050,12.0500,-7.5,-0.00075,35.59
6,409055,1,0,29.16,1000.2,1011.3,1102.5,0.0,20.1650,232.5,0.23250,12.0487,335.0,0.33500,12.0487,1192.5,0.03614,5.0812,697.5,0.06975,12.0475,1232.5,0.12325,12.0450,1557.5,0.15575,12.0487,337.5,0.03375,12.0500,-5.0,-0.00050,12.0500,-7.5,-0.00075,12.0475,-7.5,-0.00075,12.0487,-5.0,-0.00050,12.0487,-5.0,-0.00050,12.0487,-5.0,-0.00050,12.0500,-7.5,-0.00075,35.93
6,409392,1,0,29.44,1007.0,1145.6,999.0,0.0,20.1650,237.5,0.23750,12.0475,342.5,0.34250,12.0487,1192.5,0.03614,5.0812,697.5,0.06975,12.0475,1252.5,0.12525,12.0450,1592.5,0.15925,12.0487,352.5,0.03525,12.0487,-5.0,-0.00050,12.0500,-7.5,-0.00075,12.0462,-7.5,-0.00075,12.0487,-5.0,-0.00050,12.0487,-5.0,-0.00050,12.0487,-5.0,-0.00050,12.0500,-7.5,-0.00075,36.28
6,409749,1,0,29.74,954.6,1233.3,946.9,0.0,20.1650,235.0,0.23500,12.0487,337.5,0.33750,12.0500,1192.5,0.03614,5.0812,700.0,0.07000,12.0475,1245.0,0.12450,12.0450,1587.5,0.15875,12.0500,350.0,0.03500,12.0500,-5.0,-0.00050,12.0512,-7.5,-0.00075,12.0475,-7.5,-0.00075,12.0487,-5.0,-0.00050,12.0487,-5.0,-0.00050,12.0487,-5.0,-0.00050,12.0500,-7.5,-0.00075,36.62
6,410085,1,0,30.02,1020.7,1015.8,1351.9,0.0,20.1637,240.0,0.24000,12.0487,347.5,0.34750,12.0487,1195.0,0.03621,5.0812,697.5,0.06975,12.0475,1290.0,0.12900,12.0450,1630.0,0.16300,12.0487,347.5,0.03475,12.0487,-5.0,-0.00050,12.0500,-7.5,-0.00075,12.0475,-7.5,-0.00075,12.0487,-5.0,-0.00050,12.0487,-5.0,-0.00050,12.0487,-5.0,-0.00050,12.0500,-7.5,-0.00075,36.95
6,410421,1,0,30.30,913.9,1364.0,906.8,0.0,20.1637,242.5,0.24250,12.0487,347.5,0.34750,12.0500,1192.5,0.03614,5.0812,700.0,0.07000,12.0475,1292.5,0.12925,12.0450,1617.5,0.16175,12.0487,357.5,0.03575,12.0500,-5.0,-0.00050,12.0512,-7.5,-0.00075,12.0475,-7.5,-0.00075,12.0487,-5.0,-0.00050,12.0487,-5.0,-0.00050,12.0487,-5.0,-0.00050,12.0500,-7.5,-0.00075,37.28
6,410758,1,0,30.58,981.9,1077.6,912.7,0.0,20.1637,247.5,0.24750,12.0487,357.5,0.35750,12.0487,1192.5,0.03614,5.0812,697.5,0.06975,12.0475,1300.0,0.13000,12.0450,1685.0,0.16850,12.0487,372.5,0.03725,12.0487,-5.0,-0.00050,12.0500,-7.5,-0.00075,12.0475,-7.5,-0.00075,12.0475,-5.0,-0.00050,12.0487,-5.0,-0.00050,12.0487,-5.0,-0.00050,12.0500,-7.5,-0.00075,37.63
6,411094,1,0,30.86,1042.2,1268.2,919.8,0.0,20.1637,245.0,0.24500,12.0487,357.5,0.35750,12.0500,1192.5,0.03614,5.0812,697.5,0.06975,12.0475,1317.5,0.13175,12.0450,1662.5,0.16625,12.0487,375.0,0.03750,12.0500,-5.0,-0.00050,12.0512,-7.5,-0.00075,12.0475,-7.5,-0.00075,12.0487,-5.0,-0.00050,12.0487,-5.0,-0.00050,12.0500,-5.0,-0.00050,12.0500,-7.5,-0.00075,37.97
6,411430,1,0,31.14,1165.4,1393.2,1158.4,0.0,20.1625,252.5,0.25250,12.0487,367.5,0.36750,12.0487,1197.5,0.03629,5.0812,700.0,0.07000,12.0475,1362.5,0.13625,12.0450,1722.5,0.17225,12.0487,380.0,0.03800,12.0487,-5.0,-0.00050,12.0500,-7.5,-0.00075,12.0462,-7.5,-0.00075,12.0475,-5.0,-0.00050,12.0475,-5.0,-0.00050,12.0487,-5.0,-0.00050,12.0500,-7.5,-0.00075,38.32
6,411787,1,0,31.44,1057.1,1040.9,1166.5,0.0,20.1625,252.5,0.25250,12.0487,370.0,0.37000,12.0487,1195.0,0.03621,5.0812,700.0,0.07000,12.0475,1355.0,0.13550,12.0450,1725.0,0.17250,12.0487,390.0,0.03900,12.0487,-5.0,-0.00050,12.0500,-7.5,-0.00075,12.0462,-7.5,-0.00075,12.0487,-5.0,-0.00050,12.0487,-5.0,-0.00050,12.0487,-5.0,-0.00050,12.0500,-7.5,-0.00075,38.66
6,412124,1,0,31.72,1002.3,1109.7,1173.3,0.0,20.1625,255.0,0.25500,12.0475,375.0,0.37500,12.0487,1195.0,0.03621,5.0812,700.0,0.07000,12.0475,1375.0,0.13750,12.0450,1757.5,0.17575,12.0487,387.5,0.03875,12.0487,-5.0,-0.00050,12.0500,-7.5,-0.00075,12.0462,-7.5,-0.00075,12.0487,-5.0,-0.00050,12.0487,-5.0,-0.00050,12.0487,-5.0,-0.00050,12.0500,-7.5,-0.00075,38.99
6,412460,1,0,32.00,1059.7,1266.0,1181.7,0.0,20.1625,257.5,0.25750,12.0475,377.5,0.37750,12.0487,1195.0,0.03621,5.0812,700.0,0.07000,12.0475,1370.0,0.13700,12.0437,1765.0,0.17650,12.0487,400.0,0.04000,12.0487,-5.0,-0.00050,12.0500,-7.5,-0.00075,12.0462,-7.5,-0.00075,12.0475,-5.0,-0.00050,12.0487,-5.0,-0.00050,12.0487,-5.0,-0.00050,12.0500,-7.5,-0.00075,39.34
6,412796,1,0,32.28,1172.7,1236.5,1480.9,0.0,20.1625,255.0,0.25500,12.0487,372.5,0.37250,12.0500,1197.5,0.03629,5.0812,700.0,0.07000,12.0475,1355.0,0.13550,12.0450,1727.5,0.17275,12.0487,395.0,0.03950,12.0500,-5.0,-0.00050,12.0500,-7.5,-0.00075,12.0475,-7.5,-0.00075,12.0487,-5.0,-0.00050,12.0487,-5.0,-0.00050,12.0487,-5.0,-0.00050,12.0500,-7.5,-0.00075,39.66
6,413132,1,0,32.56,1085.0,1201.0,1078.7,0.0,20.1612,260.0,0.26000,12.0475,380.0,0.38000,12.0487,1197.5,0.03629,5.0812,700.0,0.07000,12.0462,1387.5,0.13875,12.0450,1780.0,0.17800,12.0487,405.0,0.04050,12.0487,-5.0,-0.00050,12.0500,-7.5,-0.00075,12.0462,-7.5,-0.00075,12.0475,-5.0,-0.00050,12.0487,-5.0,-0.00050,12.0487,-5.0,-0.00050,12.0487,-7.5,-0.00075,40.01
6,413469,1,0,32.84,969.9,1087.8,1085.7,0.0,20.1612,265.0,0.26500,12.0487,387.5,0.38750,12.0487,1192.5,0.03614,5.0812,700.0,0.07000,12.0475,1425.0,0.14250,12.0450,1787.5,0.17875,12.0487,402.5,0.04025,12.0487,-5.0,-0.00050,12.0500,-7.5,-0.00075,12.0475,-7.5,-0.00075,12.0487,-5.0,-0.00050,12.0487,-5.0,-0.00050,12.0487,-5.0,-0.00050,12.0500,-7.5,-0.00075,40.36
6,413826,1,0,33.13,976.4,1081.8,1295.4,0.0,20.1600,270.0,0.27000,12.0475,397.5,0.39750,12.0487,1195.0,0.03621,5.0812,700.0,0.07000,12.0462,1460.0,0.14600,12.0437,1832.5,0.18325,12.0487,417.5,0.04175,12.0487,-5.0,-0.00050,12.0500,-7.5,-0.00075,12.0462,-7.5,-0.00075,12.0475,-5.0,-0.00050,12.0487,-5.0,-0.00050,12.0487,-5.0,-0.00050,12.0500,-7.5,-0.00075,40.70
6,414162,1,0,33.41,982.6,1415.6,978.4,0.0,20.1600,270.0,0.27000,12.0487,397.5,0.39750,12.0487,1195.0,0.03621,5.0812,700.0,0.07000,12.0475,1460.0,0.14600,12.0450,1837.5,0.18375,12.0487,420.0,0.04200,12.0487,-5.0,-0.00050,12.0500,-7.5,-0.00075,12.0462,-7.5,-0.00075,12.0475,-5.0,-0.00050,12.0487,-5.0,-0.00050,12.0487,-5.0,-0.00050,12.0500,-7.5,-0.00075,41.04
6,414498,1,0,33.69,989.1,1315.1,1094.6,0.0,20.1600,277.5,0.27750,12.0475,410.0,0.41000,12.0487,1192.5,0.03614,5.0812,700.0,0.07000,12.0462,1500.0,0.15000,12.0437,1902.5,0.19025,12.0487,430.0,0.04300,12.0487,-5.0,-0.00050,12.0500,-7.5,-0.00075,12.0462,-7.5,-0.00075,12.0475,-5.0,-0.00050,12.0475,-5.0,-0.00050,12.0487,-5.0,-0.00050,12.0500,-7.5,-0.00075,41.37
6,414835,1,0,33.98,1258.6,1213.8,1101.8,0.0,20.1600,277.5,0.27750,12.0475,407.5,0.40750,12.0487,1195.0,0.03621,5.0812,700.0,0.07000,12.0462,1510.0,0.15100,12.0437,1887.5,0.18875,12.0487,432.5,0.04325,12.0487,-5.0,-0.00050,12.0500,-7.5,-0.00075,12.0462,-7.5,-0.00075,12.0475,-5.0,-0.00050,12.0487,-5.0,-0.00050,12.0487,-5.0,-0.00050,12.0500,-7.5,-0.00075,41.71
6,415171,1,0,34.26,1003.7,1110.3,1107.8,0.0,20.1587,280.0,0.28000,12.0475,412.5,0.41250,12.0487,1195.0,0.03621,5.0812,700.0,0.07000,12.0462,1522.5,0.15225,12.0437,1905.0,0.19050,12.0487,425.0,0.04250,12.0487,-5.0,-0.00050,12.0500,-7.5,-0.00075,12.0462,-7.5,-0.00075,12.0475,-5.0,-0.00050,12.0475,-5.0,-0.00050,12.0487,-5.0,-0.00050,12.0487,-7.5,-0.00075,42.05
6,415507,1,0,34.54,1010.4,1228.8,1159.7,0.0,20.1587,277.5,0.27750,12.0487,410.0,0.41000,12.0500,1195.0,0.03621,5.0812,700.0,0.07000,12.0475,1512.5,0.15125,12.0437,1907.5,0.19075,12.0487,422.5,0.04225,12.0487,-5.0,-0.00050,12.0500,-7.5,-0.00075,12.0462,-7.5,-0.00075,12.0475,-5.0,-0.00050,12.0487,-5.0,-0.00050,12.0487,-5.0,-0.00050,12.0500,-7.5,-0.00075,42.40
6,415864,1,0,34.83,1129.7,1236.1,1272.8,0.0,20.1587,285.0,0.28500,12.0475,417.5,0.41750,12.0487,1197.5,0.03629,5.0812,700.0,0.07000,12.0462,1535.0,0.15350,12.0437,1942.5,0.19425,12.0487,442.5,0.04425,12.0487,-5.0,-0.00050,12.0500,-7.5,-0.00075,12.0462,-7.5,-0.00075,12.0475,-5.0,-0.00050,12.0475,-5.0,-0.00050,12.0487,-5.0,-0.00050,12.0500,-7.5,-0.00075,42.74
6,416201,1,0,35.11,1022.3,1285.3,1283.0,0.0,20.1587,282.5,0.28250,12.0475,417.5,0.41750,12.0487,1197.5,0.03629,5.0812,700.0,0.07000,12.0462,1525.0,0.15250,12.0437,1937.5,0.19375,12.0487,452.5,0.04525,12.0487,-5.0,-0.00050,12.0500,-7.5,-0.00075,12.0462,-7.5,-0.00075,12.0475,-5.0,-0.00050,12.0475,-5.0,-0.00050,12.0487,-5.0,-0.00050,12.0487,-7.5,-0.00075,43.07
6,416537,1,0,35.39,1028.8,1293.4,1021.8,0.0,20.1587,290.0,0.29000,12.0475,427.5,0.42750,12.0487,1197.5,0.03629,5.0812,700.0,0.07000,12.0462,1575.0,0.15750,12.0437,1980.0,0.19800,12.0475,452.5,0.04525,12.0487,-5.0,-0.00050,12.0500,-7.5,-0.00075,12.0462,-7.5,-0.00075,12.0475,-5.0,-0.00050,12.0475,-5.0,-0.00050,12.0475,-5.0,-0.00050,12.0487,-7.5,-0.00075,43.41
6,416873,1,0,35.67,1035.2,1145.3,1142.2,0.0,20.1575,292.5,0.29250,12.0475,430.0,0.43000,12.0487,1195.0,0.03621,5.0812,700.0,0.07000,12.0462,1577.5,0.15775,12.0437,2000.0,0.20000,12.0475,457.5,0.04575,12.0487,-5.0,-0.00050,12.0487,-7.5,-0.00075,12.0462,-7.5,-0.00075,12.0475,-5.0,-0.00050,12.0475,-5.0,-0.00050,12.0475,-5.0,-0.00050,12.0487,-7.5,-0.00075,43.75
6,417209,1,0,35.95,1273.4,1419.0,1264.8,0.0,20.1575,297.5,0.29750,12.0475,440.0,0.44000,12.0487,1195.0,0.03621,5.0812,700.0,0.07000,12.0462,1615.0,0.16150,12.0437,2050.0,0.20500,12.0487,467.5,0.04675,12.0487,-5.0,-0.00050,12.0500,-7.5,-0.00075,12.0462,-7.5,-0.00075,12.0475,-5.0,-0.00050,12.0475,-5.0,-0.00050,12.0475,-5.0,-0.00050,12.0487,-7.5,-0.00075,44.08
6,417546,1,0,36.23,1281.3,1318.5,1273.9,0.0,20.1575,297.5,0.29750,12.0475,445.0,0.44500,12.0487,1197.5,0.03629,5.0812,700.0,0.07000,12.0462,1612.5,0.16125,12.0437,2052.5,0.20525,12.0475,480.0,0.04800,12.0475,-5.0,-0.00050,12.0500,-7.5,-0.00075,12.0462,-7.5,-0.00075,12.0475,-5.0,-0.00050,12.0475,-5.0,-0.00050,12.0475,-5.0,-0.00050,12.0487,-7.5,-0.00075,44.43
6,417903,1,0,36.53,1172.1,1260.7,1282.7,0.0,20.1563,305.0,0.30500,12.0475,455.0,0.45500,12.0487,1192.5,0.03614,5.0812,700.0,0.07000,12.0450,1680.0,0.16800,12.0437,2097.5,0.20975,12.0475,475.0,0.04750,12.0475,-5.0,-0.00050,12.0487,-7.5,-0.00075,12.0450,-7.5,-0.00075,12.0475,-5.0,-0.00050,12.0475,-5.0,-0.00050,12.0475,-5.0,-0.00050,12.0487,-7.5,-0.00075,44.78
6,418239,1,0,36.81,1061.8,1175.0,1110.9,0.0,20.1550,310.0,0.31000,12.0475,457.5,0.45750,12.0487,1197.5,0.03629,5.0812,700.0,0.07000,12.0462,1687.5,0.16875,12.0437,2122.5,0.21225,12.0487,485.0,0.04850,12.0487,-5.0,-0.00050,12.0500,-7.5,-0.00075,12.0462,-7.5,-0.00075,12.0475,-5.0,-0.00050,12.0475,-5.0,-0.00050,12.0487,-5.0,-0.00050,12.0500,-7.5,-0.00075,45.12
6,418575,1,0,37.09,1187.0,1232.0,1298.6,0.0,20.1563,307.5,0.30750,12.0475,455.0,0.45500,12.0487,1195.0,0.03621,5.0812,700.0,0.07000,12.0462,1672.5,0.16725,12.0437,2107.5,0.21075,12.0487,485.0,0.04850,12.0487,-5.0,-0.00050,12.0487,-7.5,-0.00075,12.0462,-7.5,-0.00075,12.0475,-5.0,-0.00050,12.0475,-5.0,-0.00050,12.0487,-5.0,-0.00050,12.0500,-7.5,-0.00075,45.45
6,418912,1,0,37.37,1193.7,1283.6,1187.4,0.0,20.1550,310.0,0.31000,12.0475,460.0,0.46000,12.0487,1195.0,0.03621,5.0812,700.0,0.07000,12.0462,1695.0,0.16950,12.0425,2127.5,0.21275,12.0475,495.0,0.04950,12.0475,-5.0,-0.00050,12.0487,-7.5,-0.00075,12.0462,-7.5,-0.00075,12.0475,-5.0,-0.00050,12.0475,-5.0,-0.00050,12.0475,-5.0,-0.00050,12.0487,-7.5,-0.00075,45.79
6,419248,1,0,37.65,1199.6,1194.6,1132.1,0.0,20.1563,310.0,0.31000,12.0475,460.0,0.46000,12.0487,1197.5,0.03629,5.0812,700.0,0.07000,12.0462,1690.0,0.16900,12.0425,2120.0,0.21200,12.0475,495.0,0.04950,12.0487,-5.0,-0.00050,12.0487,-7.5,-0.00075,12.0462,-7.5,-0.00075,12.0475,-5.0,-0.00050,12.0475,-5.0,-0.00050,12.0475,-5.0,-0.00050,12.0487,-7.5,-0.00075,46.13
6,419584,1,0,37.93,1447.5,1365.4,1201.2,0.0,20.1550,317.5,0.31750,12.0475,472.5,0.47250,12.0487,1195.0,0.03621,5.0812,700.0,0.07000,12.0450,1750.0,0.17500,12.0425,2195.0,0.21950,12.0475,500.0,0.05000,12.0475,-5.0,-0.00050,12.0487,-7.5,-0.00075,12.0462,-7.5,-0.00075,12.0462,-5.0,-0.00050,12.0475,-5.0,-0.00050,12.0475,-5.0,-0.00050,12.0487,-7.5,-0.00075,46.47
6,419941,1,0,38.23,1265.5,1330.6,1208.2,0.0,20.1550,317.5,0.31750,12.0475,472.5,0.47250,12.0487,1200.0,0.03636,5.0812,700.0,0.07000,12.0462,1742.5,0.17425,12.0425,2185.0,0.21850,12.0475,492.5,0.04925,12.0487,-5.0,-0.00050,12.0487,-7.5,-0.00075,12.0462,-7.5,-0.00075,12.0475,-5.0,-0.00050,12.0475,-5.0,-0.00050,12.0475,-5.0,-0.00050,12.0487,-7.5,-0.00075,46.82
6,420278,1,0,38.51,1428.6,1314.3,1335.7,0.0,20.1537,322.5,0.32250,12.0475,485.0,0.48500,12.0487,1195.0,0.03621,5.0812,700.0,0.07000,12.0450,1775.0,0.17750,12.0425,2227.5,0.22275,12.0475,522.5,0.05225,12.0475,-5.0,-0.00050,12.0487,-7.5,-0.00075,12.0450,-7.5,-0.00075,12.0462,-5.0,-0.00050,12.0475,-5.0,-0.00050,12.0475,-5.0,-0.00050,12.0487,-7.5,-0.00075,47.16
6,420614,1,0,38.79,1325.5,1211.5,1099.0,0.0,20.1537,325.0,0.32500,12.0475,482.5,0.48250,12.0487,1195.0,0.03621,5.0812,700.0,0.07000,12.0462,1780.0,0.17800,12.0425,2232.5,0.22325,12.0475,510.0,0.05100,12.0487,-5.0,-0.00050,12.0487,-7.5,-0.00075,12.0462,-7.5,-0.00075,12.0475,-5.0,-0.00050,12.0475,-5.0,-0.00050,12.0475,-5.0,-0.00050,12.0487,-7.5,-0.00075,47.48
6,420950,1,0,39.07,1221.9,1398.6,1156.9,0.0,20.1525,335.0,0.33500,12.0462,502.5,0.50250,12.0475,1195.0,0.03621,5.0812,700.0,0.07000,12.0450,1837.5,0.18375,12.0412,2315.0,0.23150,12.0462,532.5,0.05325,12.0462,-5.0,-0.00050,12.0475,-7.5,-0.00075,12.0450,-7.5,-0.00075,12.0462,-5.0,-0.00050,12.0462,-5.0,-0.00050,12.0462,-5.0,-0.00050,12.0475,-7.5,-0.00075,47.82
6,421286,1,0,39.35,1229.4,1114.5,1444.7,0.0,20.1525,335.0,0.33500,12.0475,502.5,0.50250,12.0487,1197.5,0.03629,5.0812,700.0,0.07000,12.0450,1835.0,0.18350,12.0425,2315.0,0.23150,12.0462,540.0,0.05400,12.0475,-5.0,-0.00050,12.0487,-7.5,-0.00075,12.0450,-7.5,-0.00075,12.0462,-5.0,-0.00050,12.0462,-5.0,-0.00050,12.0462,-5.0,-0.00050,12.0475,-7.5,-0.00075,48.15
6,421623,1,0,39.63,1349.9,1244.8,1228.6,0.0,20.1525,337.5,0.33750,12.0475,507.5,0.50750,12.0487,1197.5,0.03629,5.0812,700.0,0.07000,12.0450,1862.5,0.18625,12.0412,2345.0,0.23450,12.0462,535.0,0.05350,12.0475,-5.0,-0.00050,12.0475,-7.5,-0.00075,12.0450,-7.5,-0.00075,12.0462,-5.0,-0.00050,12.0462,-5.0,-0.00050,12.0462,-5.0,-0.00050,12.0487,-7.5,-0.00075,48.51
6,421980,1,0,39.93,1358.5,1287.9,1122.5,0.0,20.1525,337.5,0.33750,12.0475,505.0,0.50500,12.0487,1195.0,0.03621,5.0812,700.0,0.07000,12.0450,1835.0,0.18350,12.0425,2322.5,0.23225,12.0475,535.0,0.05350,12.0475,-5.0,-0.00050,12.0487,-7.5,-0.00075,12.0450,-7.5,-0.00075,12.0462,-5.0,-0.00050,12.0475,-5.0,-0.00050,12.0475,-5.0,-0.00050,12.0487,-7.5,-0.00075,48.85
6,422316,1,0,40.21,1252.6,1235.4,1354.7,0.0,20.1512,342.5,0.34250,12.0475,515.0,0.51500,12.0487,1197.5,0.03629,5.0812,700.0,0.07000,12.0450,1890.0,0.18900,12.0425,2385.0,0.23850,12.0475,562.5,0.05625,12.0475,-5.0,-0.00050,12.0487,-7.5,-0.00075,12.0450,-7.5,-0.00075,12.0462,-5.0,-0.00050,12.0462,-5.0,-0.00050,12.0475,-5.0,-0.00050,12.0487,-7.5,-0.00075,49.18
6,422652,1,0,40.49,1373.6,1252.6,1477.8,0.0,20.1512,345.0,0.34500,12.0475,515.0,0.51500,12.0487,1195.0,0.03621,5.0812,700.0,0.07000,12.0450,1847.5,0.18475,12.0425,2380.0,0.23800,12.0475,565.0,0.05650,12.0475,-5.0,-0.00050,12.0487,-7.5,-0.00075,12.0450,-7.5,-0.00075,12.0462,-5.0,-0.00050,12.0475,-5.0,-0.00050,12.0475,-5.0,-0.00050,12.0487,-7.5,-0.00075,49.52
6,422989,1,0,40.77,1359.6,1374.4,1258.4,0.0,20.1500,355.0,0.35500,12.0462,532.5,0.53250,12.0475,1197.5,0.03629,5.0812,700.0,0.07000,12.0437,1952.5,0.19525,12.0412,2465.0,0.24650,12.0462,560.0,0.05600,12.0475,-5.0,-0.00050,12.0487,-7.5,-0.00075,12.0450,-7.5,-0.00075,12.0462,-5.0,-0.00050,12.0462,-5.0,-0.00050,12.0475,-5.0,-0.00050,12.0475,-7.5,-0.00075,49.87
6,423325,1,0,41.05,1367.6,1466.3,1255.2,0.0,20.1500,357.5,0.35750,12.0462,537.5,0.53750,12.0475,1195.0,0.03621,5.0812,700.0,0.07000,12.0437,1975.0,0.19750,12.0412,2462.5,0.24625,12.0462,585.0,0.05850,12.0475,-5.0,-0.00050,12.0487,-7.5,-0.00075,12.0450,-7.5,-0.00075,12.0462,-5.0,-0.00050,12.0462,-5.0,-0.00050,12.0462,-5.0,-0.00050,12.0475,-7.5,-0.00075,50.20
6,423661,1,0,41.33,1480.6,1274.3,1263.1,0.0,20.1512,355.0,0.35500,12.0475,535.0,0.53500,12.0487,1195.0,0.03621,5.0812,700.0,0.07000,12.0437,1960.0,0.19600,12.0412,2450.0,0.24500,12.0462,587.5,0.05875,12.0475,-5.0,-0.00050,12.0487,-7.5,-0.00075,12.0450,-7.5,-0.00075,12.0462,-5.0,-0.00050,12.0462,-5.0,-0.00050,12.0462,-5.0,-0.00050,12.0475,-7.5,-0.00075,50.54
6,424018,1,0,41.63,1169.2,1692.8,1397.7,0.0,20.1500,357.5,0.35750,12.0462,537.5,0.53750,12.0487,1197.5,0.03629,5.0812,700.0,0.07000,12.0437,1975.0,0.19750,12.0412,2462.5,0.24625,12.0462,575.0,0.05750,12.0475,-5.0,-0.00050,12.0487,-7.5,-0.00075,12.0450,-7.5,-0.00075,12.0462,-5.0,-0.00050,12.0462,-5.0,-0.00050,12.0475,-5.0,-0.00050,12.0487,-7.5,-0.00075,50.89
6,424355,1,0,41.91,1496.1,1170.2,1170.5,0.0,20.1488,367.5,0.36750,12.0462,552.5,0.55250,12.0475,1195.0,0.03621,5.0812,700.0,0.07000,12.0437,2040.0,0.20400,12.0412,2542.5,0.25425,12.0462,577.5,0.05775,12.0462,-5.0,-0.00050,12.0475,-7.5,-0.00075,12.0450,-7.5,-0.00075,12.0462,-5.0,-0.00050,12.0462,-5.0,-0.00050,12.0462,-5.0,-0.00050,12.0475,-7.5,-0.00075,51.22
6,424691,1,0,42.19,1290.3,1531.0,1390.4,0.0,20.1488,370.0,0.37000,12.0462,557.5,0.55750,12.0475,1197.5,0.03629,5.0812,700.0,0.07000,12.0437,2050.0,0.20500,12.0412,2595.0,0.25950,12.0462,605.0,0.06050,12.0462,-5.0,-0.00050,12.0475,-7.5,-0.00075,12.0450,-7.5,-0.00075,12.0462,-5.0,-0.00050,12.0462,-5.0,-0.00050,12.0462,-5.0,-0.00050,12.0475,-7.5,-0.00075,51.56
6,425027,1,0,42.47,1245.3,1466.3,1290.4,0.0,20.1488,367.5,0.36750,12.0462,552.5,0.55250,12.0487,1195.0,0.03621,5.0812,700.0,0.07000,12.0437,2010.0,0.20100,12.0412,2540.0,0.25400,12.0462,587.5,0.05875,12.0475,-5.0,-0.00050,12.0487,-7.5,-0.00075,12.0450,-7.5,-0.00075,12.0462,-5.0,-0.00050,12.0462,-5.0,-0.00050,12.0475,-5.0,-0.00050,12.0475,-7.5,-0.00075,51.89
6,425363,1,0,42.75,1194.8,1515.2,1544.2,0.0,20.1488,372.5,0.37250,12.0462,562.5,0.56250,12.0475,1197.5,0.03629,5.0812,700.0,0.07000,12.0437,2067.5,0.20675,12.0400,2610.0,0.26100,12.0462,605.0,0.06050,12.0462,-5.0,-0.00050,12.0475,-7.5,-0.00075,12.0450,-7.5,-0.00075,12.0450,-5.0,-0.00050,12.0462,-5.0,-0.00050,12.0462,-5.0,-0.00050,12.0475,-7.5,-0.00075,52.23
6,425700,1,0,43.03,1418.5,1435.6,1411.2,0.0,20.1488,375.0,0.37500,12.0462,562.5,0.56250,12.0475,1197.5,0.03629,5.0812,700.0,0.07000,12.0437,2075.0,0.20750,12.0412,2587.5,0.25875,12.0462,617.5,0.06175,12.0462,-5.0,-0.00050,12.0475,-7.5,-0.00075,12.0450,-7.5,-0.00075,12.0462,-5.0,-0.00050,12.0462,-5.0,-0.00050,12.0462,-5.0,-0.00050,12.0475,-7.5,-0.00075,52.58
6,426057,1,0,43.33,1316.6,1563.3,1199.2,0.0,20.1475,382.5,0.38250,12.0462,580.0,0.58000,12.0475,1197.5,0.03629,5.0812,700.0,0.07000,12.0425,2115.0,0.21150,12.0400,2660.0,0.26600,12.0462,627.5,0.06275,12.0462,-5.0,-0.00050,12.0475,-7.5,-0.00075,12.0437,-7.5,-0.00075,12.0450,-5.0,-0.00050,12.0462,-5.0,-0.00050,12.0462,-5.0,-0.00050,12.0475,-7.5,-0.00075,52.92
6,426393,1,0,43.61,1213.3,1208.7,1325.7,0.0,20.1475,385.0,0.38500,12.0462,580.0,0.58000,12.0475,1197.5,0.03629,5.0812,700.0,0.07000,12.0437,2122.5,0.21225,12.0412,2667.5,0.26675,12.0462,630.0,0.06300,12.0462,-5.0,-0.00050,12.0475,-7.5,-0.00075,12.0450,-7.5,-0.00075,12.0462,-5.0,-0.00050,12.0462,-5.0,-0.00050,12.0462,-5.0,-0.00050,12.0475,-7.5,-0.00075,53.26
6,426729,1,0,43.89,1330.9,1373.0,1321.8,0.0,20.1462,392.5,0.39250,12.0462,592.5,0.59250,12.0475,1197.5,0.03629,5.0812,700.0,0.07000,12.0437,2157.5,0.21575,12.0400,2712.5,0.27125,12.0462,657.5,0.06575,12.0462,-5.0,-0.00050,12.0475,-7.5,-0.00075,12.0437,-7.5,-0.00075,12.0450,-5.0,-0.00050,12.0462,-5.0,-0.00050,12.0462,-5.0,-0.00050,12.0475,-7.5,-0.00075,53.60
6,427066,1,0,44.17,1226.6,1273.6,1272.8,0.0,20.1462,392.5,0.39250,12.0462,592.5,0.59250,12.0475,1197.5,0.03629,5.0812,700.0,0.07000,12.0437,2150.0,0.21500,12.0412,2717.5,0.27175,12.0462,667.5,0.06675,12.0462,-5.0,-0.00050,12.0475,-7.5,-0.00075,12.0450,-7.5,-0.00075,12.0462,-5.0,-0.00050,12.0462,-5.0,-0.00050,12.0462,-5.0,-0.00050,12.0475,-7.5,-0.00075,53.93
6,427402,1,0,44.45,1232.5,1561.8,1448.3,0.0,20.1450,402.5,0.40250,12.0462,610.0,0.61000,12.0475,1197.5,0.03629,5.0812,700.0,0.07000,12.0425,2225.0,0.22250,12.0400,2807.5,0.28075,12.0450,660.0,0.06600,12.0462,-5.0,-0.00050,12.0475,-7.5,-0.00075,12.0437,-7.5,-0.00075,12.0450,-5.0,-0.00050,12.0462,-5.0,-0.00050,12.0462,-5.0,-0.00050,12.0475,-7.5,-0.00075,54.27
6,427738,1,0,44.73,1465.7,1347.0,1456.3,0.0,20.1450,407.5,0.40750,12.0462,615.0,0.61500,12.0475,1197.5,0.03629,5.0812,700.0,0.07000,12.0425,2242.5,0.22425,12.0400,2840.0,0.28400,12.0450,682.5,0.06825,12.0462,-5.0,-0.00050,12.0475,-7.5,-0.00075,12.0437,-7.5,-0.00075,12.0450,-5.0,-0.00050,12.0462,-5.0,-0.00050,12.0462,-5.0,-0.00050,12.0475,-7.5,-0.00075,54.62
6,428095,1,0,45.03,1360.9,1355.4,1352.5,0.0,20.1437,415.0,0.41500,12.0462,630.0,0.63000,12.0475,1195.0,0.03621,5.0812,700.0,0.07000,12.0425,2285.0,0.22850,12.0400,2872.5,0.28725,12.0450,702.5,0.07025,12.0462,-5.0,-0.00050,12.0475,-7.5,-0.00075,12.0437,-7.5,-0.00075,12.0450,-5.0,-0.00050,12.0462,-5.0,-0.00050,12.0462,-5.0,-0.00050,12.0475,-7.5,-0.00075,54.96
6,428432,1,0,45.31,1368.3,1476.1,1473.9,0.0,20.1437,412.5,0.41250,12.0462,625.0,0.62500,12.0475,1197.5,0.03629,5.0812,700.0,0.07000,12.0437,2255.0,0.22550,12.0400,2862.5,0.28625,12.0462,705.0,0.07050,12.0462,-5.0,-0.00050,12.0475,-7.5,-0.00075,12.0437,-7.5,-0.00075,12.0462,-5.0,-0.00050,12.0462,-5.0,-0.00050,12.0462,-5.0,-0.00050,12.0475,-7.5,-0.00075,55.30
6,428768,1,0,45.59,1374.2,1358.9,1481.0,0.0,20.1437,410.0,0.41000,12.0462,617.5,0.61750,12.0475,1197.5,0.03629,5.0812,700.0,0.07000,12.0437,2235.0,0.22350,12.0412,2840.0,0.28400,12.0462,700.0,0.07000,12.0462,-5.0,-0.00050,12.0475,-7.5,-0.00075,12.0437,-7.5,-0.00075,12.0462,-5.0,-0.00050,12.0462,-5.0,-0.00050,12.0462,-5.0,-0.00050,12.0475,-7.5,-0.00075,55.64
6,429104,1,0,45.87,1609.5,1751.5,1259.0,0.0,20.1437,412.5,0.41250,12.0462,625.0,0.62500,12.0475,1197.5,0.03629,5.0812,700.0,0.07000,12.0425,2270.0,0.22700,12.0400,2862.5,0.28625,12.0462,717.5,0.07175,12.0462,-5.0,-0.00050,12.0475,-7.5,-0.00075,12.0437,-7.5,-0.00075,12.0450,-5.0,-0.00050,12.0462,-5.0,-0.00050,12.0462,-5.0,-0.00050,12.0475,-7.5,-0.00075,55.97
6,429440,1,0,46.15,1376.2,1609.4,1264.8,0.0,20.1425,422.5,0.42250,12.0462,645.0,0.64500,12.0475,1195.0,0.03621,5.0812,700.0,0.07000,12.0425,2355.0,0.23550,12.0400,2937.5,0.29375,12.0450,715.0,0.07150,12.0462,-5.0,-0.00050,12.0475,-7.5,-0.00075,12.0437,-7.5,-0.00075,12.0450,-5.0,-0.00050,12.0450,-5.0,-0.00050,12.0450,-5.0,-0.00050,12.0462,-7.5,-0.00075,56.32
6,429777,1,0,46.43,1665.6,1617.5,1501.7,0.0,20.1425,427.5,0.42750,12.0462,650.0,0.65000,12.0475,1197.5,0.03629,5.0812,700.0,0.07000,12.0425,2357.5,0.23575,12.0400,2987.5,0.29875,12.0450,725.0,0.07250,12.0462,-5.0,-0.00050,12.0475,-7.5,-0.00075,12.0437,-7.5,-0.00075,12.0450,-5.0,-0.00050,12.0462,-5.0,-0.00050,12.0462,-5.0,-0.00050,12.0475,-7.5,-0.00075,56.66
6,430134,1,0,46.72,1399.8,1555.8,1704.0,0.0,20.1425,427.5,0.42750,12.0462,652.5,0.65250,12.0475,1197.5,0.03629,5.0812,700.0,0.07000,12.0425,2355.0,0.23550,12.0400,2975.0,0.29750,12.0450,740.0,0.07400,12.0462,-5.0,-0.00050,12.0475,-7.5,-0.00075,12.0437,-7.5,-0.00075,12.0450,-5.0,-0.00050,12.0462,-5.0,-0.00050,12.0462,-5.0,-0.00050,12.0475,-7.5,-0.00075,57.01
6,430470,1,0,47.00,1396.7,1497.9,1498.3,0.0,20.1412,432.5,0.43250,12.0462,660.0,0.66000,12.0475,1197.5,0.03629,5.0812,700.0,0.07000,12.0425,2375.0,0.23750,12.0400,3045.0,0.30450,12.0450,742.5,0.07425,12.0462,-5.0,-0.00050,12.0475,-7.5,-0.00075,12.0437,-7.5,-0.00075,12.0450,-5.0,-0.00050,12.0450,-5.0,-0.00050,12.0462,-5.0,-0.00050,12.0475,-7.5,-0.00075,57.35
6,430806,1,0,47.28,1531.7,1460.2,1407.9,0.0,20.1400,442.5,0.44250,12.0462,675.0,0.67500,12.0475,1200.0,0.03636,5.0812,700.0,0.07000,12.0425,2440.0,0.24400,12.0387,3120.0,0.31200,12.0450,745.0,0.07450,12.0462,-5.0,-0.00050,12.0475,-7.5,-0.00075,12.0437,-7.5,-0.00075,12.0450,-5.0,-0.00050,12.0450,-5.0,-0.00050,12.0462,-5.0,-0.00050,12.0475,-7.5,-0.00075,57.68
6,431143,1,0,47.57,1629.3,1407.3,1512.9,0.0,20.1400,450.0,0.45000,12.0462,682.5,0.68250,12.0475,1200.0,0.03636,5.0812,700.0,0.07000,12.0425,2447.5,0.24475,12.0387,3160.0,0.31600,12.0450,767.5,0.07675,12.0462,-5.0,-0.00050,12.0475,-7.5,-0.00075,12.0437,-7.5,-0.00075,12.0450,-5.0,-0.00050,12.0462,-5.0,-0.00050,12.0462,-5.0,-0.00050,12.0475,-7.5,-0.00075,58.02
6,431479,1,0,47.85,1309.8,1566.6,1411.8,0.0,20.1400,445.0,0.44500,12.0462,682.5,0.68250,12.0475,1197.5,0.03629,5.0812,700.0,0.07000,12.0425,2470.0,0.24700,12.0400,3135.0,0.31350,12.0450,760.0,0.07600,12.0462,-5.0,-0.00050,12.0475,-7.5,-0.00075,12.0437,-7.5,-0.00075,12.0450,-5.0,-0.00050,12.0450,-5.0,-0.00050,12.0462,-5.0,-0.00050,12.0475,-7.5,-0.00075,58.36
6,431815,1,0,48.13,1473.4,1639.1,1546.8,0.0,20.1400,450.0,0.45000,12.0450,692.5,0.69250,12.0462,1200.0,0.03636,5.0812,700.0,0.07000,12.0412,2495.0,0.24950,12.0387,3167.5,0.31675,12.0437,770.0,0.07700,12.0450,-5.0,-0.00050,12.0462,-7.5,-0.00075,12.0437,-7.5,-0.00075,12.0450,-5.0,-0.00050,12.0450,-5.0,-0.00050,12.0450,-5.0,-0.00050,12.0462,-7.5,-0.00075,58.71
6,432172,1,0,48.42,1652.6,1537.0,1315.7,0.0,20.1388,455.0,0.45500,12.0462,690.0,0.69000,12.0475,1197.5,0.03629,5.0812,700.0,0.07000,12.0425,2482.5,0.24825,12.0387,3175.0,0.31750,12.0450,775.0,0.07750,12.0462,-5.0,-0.00050,12.0475,-7.5,-0.00075,12.0437,-7.5,-0.00075,12.0450,-5.0,-0.00050,12.0462,-5.0,-0.00050,12.0462,-5.0,-0.00050,12.0462,-7.5,-0.00075,59.05
6,432509,1,0,48.70,1700.5,1322.5,1762.2,0.0,20.1375,465.0,0.46500,12.0450,710.0,0.71000,12.0462,1200.0,0.03636,5.0812,700.0,0.07000,12.0412,2582.5,0.25825,12.0387,3265.0,0.32650,12.0437,777.5,0.07775,12.0450,-5.0,-0.00050,12.0462,-7.5,-0.00075,12.0425,-7.5,-0.00075,12.0437,-5.0,-0.00050,12.0450,-5.0,-0.00050,12.0450,-5.0,-0.00050,12.0462,-7.5,-0.00075,59.38
6,432845,1,0,48.98,1557.8,1440.1,1437.5,0.0,20.1375,470.0,0.47000,12.0462,717.5,0.71750,12.0475,1200.0,0.03636,5.0812,700.0,0.07000,12.0412,2615.0,0.26150,12.0387,3300.0,0.33000,12.0450,800.0,0.08000,12.0450,-5.0,-0.00050,12.0462,-7.5,-0.00075,12.0437,-7.5,-0.00075,12.0437,-5.0,-0.00050,12.0450,-5.0,-0.00050,12.0450,-5.0,-0.00050,12.0462,-7.5,-0.00075,59.72
6,433181,1,0,49.26,1677.7,1541.2,1494.2,0.0,20.1362,477.5,0.47750,12.0462,730.0,0.73000,12.0475,1197.5,0.03629,5.0812,700.0,0.07000,12.0412,2637.5,0.26375,12.0387,3360.0,0.33600,12.0437,817.5,0.08175,12.0450,-5.0,-0.00050,12.0462,-7.5,-0.00075,12.0437,-7.5,-0.00075,12.0437,-5.0,-0.00050,12.0450,-5.0,-0.00050,12.0450,-5.0,-0.00050,12.0462,-7.5,-0.00075,60.06
6,433517,1,0,49.54,1573.4,1755.4,1547.6,0.0,20.1362,475.0,0.47500,12.0462,727.5,0.72750,12.0475,1197.5,0.03629,5.0812,700.0,0.07000,12.0412,2622.5,0.26225,12.0387,3347.5,0.33475,12.0450,825.0,0.08250,12.0450,-5.0,-0.00050,12.0462,-7.5,-0.00075,12.0437,-7.5,-0.00075,12.0437,-5.0,-0.00050,12.0450,-5.0,-0.00050,12.0450,-5.0,-0.00050,12.0462,-7.5,-0.00075,60.39
6,433854,1,0,49.82,1580.8,1574.4,1797.4,0.0,20.1350,487.5,0.48750,12.0450,747.5,0.74750,12.0475,1200.0,0.03636,5.0812,700.0,0.07000,12.0412,2705.0,0.27050,12.0375,3470.0,0.34700,12.0437,827.5,0.08275,12.0450,-5.0,-0.00050,12.0462,-7.5,-0.00075,12.0425,-7.5,-0.00075,12.0437,-5.0,-0.00050,12.0450,-5.0,-0.00050,12.0450,-5.0,-0.00050,12.0462,-7.5,-0.00075,60.75
6,434211,1,0,50.12,1361.9,1519.6,1466.6,0.0,20.1350,487.5,0.48750,12.0462,747.5,0.74750,12.0475,1197.5,0.03629,5.0812,700.0,0.07000,12.0412,2665.0,0.26650,12.0375,3467.5,0.34675,12.0437,825.0,0.08250,12.0450,-5.0,-0.00050,12.0462,-7.5,-0.00075,12.0425,-7.5,-0.00075,12.0437,-5.0,-0.00050,12.0450,-5.0,-0.00050,12.0450,-5.0,-0.00050,12.0462,-7.5,-0.00075,61.09
6,434547,1,0,50.40,1578.7,1476.8,1473.5,0.0,20.1350,490.0,0.49000,12.0450,755.0,0.75500,12.0475,1200.0,0.03636,5.0812,700.0,0.07000,12.0412,2712.5,0.27125,12.0375,3470.0,0.34700,12.0437,857.5,0.08575,12.0450,-5.0,-0.00050,12.0462,-7.5,-0.00075,12.0425,-7.5,-0.00075,12.0437,-5.0,-0.00050,12.0450,-5.0,-0.00050,12.0450,-5.0,-0.00050,12.0462,-7.5,-0.00075,61.42
6,434883,1,0,50.68,1488.9,1482.9,1709.1,0.0,20.1350,492.5,0.49250,12.0462,752.5,0.75250,12.0475,1197.5,0.03629,5.0812,700.0,0.07000,12.0412,2705.0,0.27050,12.0387,3470.0,0.34700,12.0450,850.0,0.08500,12.0450,-5.0,-0.00050,12.0462,-7.5,-0.00075,12.0437,-7.5,-0.00075,12.0450,-5.0,-0.00050,12.0450,-5.0,-0.00050,12.0450,-5.0,-0.00050,12.0462,-7.5,-0.00075,61.76
6,435220,1,0,50.96,1592.2,1690.9,1796.6,0.0,20.1350,490.0,0.49000,12.0462,750.0,0.75000,12.0475,1200.0,0.03636,5.0812,700.0,0.07000,12.0412,2702.5,0.27025,12.0375,3440.0,0.34400,12.0437,860.0,0.08600,12.0450,-5.0,-0.00050,12.0462,-7.5,-0.00075,12.0425,-7.5,-0.00075,12.0450,-5.0,-0.00050,12.0450,-5.0,-0.00050,12.0450,-5.0,-0.00050,12.0462,-7.5,-0.00075,62.10
6,435556,1,0,51.24,1616.2,1544.8,1609.3,0.0,20.1337,500.0,0.50000,12.0450,770.0,0.77000,12.0462,1197.5,0.03629,5.0812,700.0,0.07000,12.0400,2780.0,0.27800,12.0375,3535.0,0.35350,12.0437,880.0,0.08800,12.0450,-5.0,-0.00050,12.0462,-7.5,-0.00075,12.0425,-7.5,-0.00075,12.0437,-5.0,-0.00050,12.0450,-5.0,-0.00050,12.0450,-5.0,-0.00050,12.0462,-7.5,-0.00075,62.42
6,435892,1,0,51.52,1499.1,1705.8,1491.7,0.0,20.1325,507.5,0.50750,12.0450,782.5,0.78250,12.0462,1197.5,0.03629,5.0812,700.0,0.07000,12.0400,2842.5,0.28425,12.0375,3607.5,0.36075,12.0437,877.5,0.08775,12.0450,-5.0,-0.00050,12.0450,-7.5,-0.00075,12.0425,-7.5,-0.00075,12.0437,-5.0,-0.00050,12.0437,-5.0,-0.00050,12.0450,-5.0,-0.00050,12.0462,-7.5,-0.00075,62.77
6,436249,1,0,51.82,1749.0,1858.1,1739.3,0.0,20.1325,510.0,0.51000,12.0450,785.0,0.78500,12.0462,1200.0,0.03636,5.0812,700.0,0.07000,12.0400,2822.5,0.28225,12.0375,3632.5,0.36325,12.0437,897.5,0.08975,12.0450,-5.0,-0.00050,12.0450,-7.5,-0.00075,12.0425,-7.5,-0.00075,12.0437,-5.0,-0.00050,12.0437,-5.0,-0.00050,12.0450,-5.0,-0.00050,12.0462,-7.5,-0.00075,63.12
6,436586,1,0,52.10,1404.9,1614.8,1720.2,0.0,20.1325,512.5,0.51250,12.0450,790.0,0.79000,12.0475,1200.0,0.03636,5.0812,700.0,0.07000,12.0400,2855.0,0.28550,12.0375,3557.5,0.35575,12.0437,905.0,0.09050,12.0450,-5.0,-0.00050,12.0462,-7.5,-0.00075,12.0425,-7.5,-0.00075,12.0437,-5.0,-0.00050,12.0450,-5.0,-0.00050,12.0450,-5.0,-0.00050,12.0462,-7.5,-0.00075,63.46
6,436922,1,0,52.38,1628.0,1838.0,1620.7,0.0,20.1313,525.0,0.52500,12.0450,805.0,0.80500,12.0462,1200.0,0.03636,5.0812,700.0,0.07000,12.0400,2910.0,0.29100,12.0363,3717.5,0.37175,12.0437,917.5,0.09175,12.0437,-5.0,-0.00050,12.0450,-7.5,-0.00075,12.0425,-7.5,-0.00075,12.0437,-5.0,-0.00050,12.0437,-5.0,-0.00050,12.0450,-5.0,-0.00050,12.0462,-7.5,-0.00075,63.80
6,437258,1,0,52.66,1745.0,1629.9,1673.8,0.0,20.1300,527.5,0.52750,12.0450,815.0,0.81500,12.0462,1195.0,0.03621,5.0812,700.0,0.07000,12.0400,2925.0,0.29250,12.0375,3710.0,0.37100,12.0425,922.5,0.09225,12.0437,-5.0,-0.00050,12.0450,-7.5,-0.00075,12.0425,-7.5,-0.00075,12.0437,-5.0,-0.00050,12.0437,-5.0,-0.00050,12.0450,-5.0,-0.00050,12.0462,-7.5,-0.00075,64.13
6,437594,1,0,52.94,1754.0,1747.1,1589.5,0.0,20.1287,537.5,0.53750,12.0450,832.5,0.83250,12.0462,1197.5,0.03629,5.0812,700.0,0.07000,12.0387,2992.5,0.29925,12.0363,3805.0,0.38050,12.0425,932.5,0.09325,12.0437,-5.0,-0.00050,12.0450,-7.5,-0.00075,12.0425,-7.5,-0.00075,12.0437,-5.0,-0.00050,12.0437,-5.0,-0.00050,12.0437,-5.0,-0.00050,12.0450,-7.5,-0.00075,64.46
6,437931,1,0,53.22,1542.4,1646.0,1544.1,0.0,20.1287,535.0,0.53500,12.0450,825.0,0.82500,12.0462,1200.0,0.03636,5.0812,700.0,0.07000,12.0400,2975.0,0.29750,12.0363,3785.0,0.37850,12.0425,922.5,0.09225,12.0437,-5.0,-0.00050,12.0450,-7.5,-0.00075,12.0425,-7.5,-0.00075,12.0437,-5.0,-0.00050,12.0437,-5.0,-0.00050,12.0450,-5.0,-0.00050,12.0462,-7.5,-0.00075,64.82
6,438288,1,0,53.52,1439.1,1699.1,1589.4,0.0,20.1275,545.0,0.54500,12.0450,842.5,0.84250,12.0462,1197.5,0.03629,5.0812,702.5,0.07025,12.0387,3047.5,0.30475,12.0363,3850.0,0.38500,12.0425,942.5,0.09425,12.0437,-5.0,-0.00050,12.0450,-7.5,-0.00075,12.0412,-7.5,-0.00075,12.0425,-5.0,-0.00050,12.0437,-5.0,-0.00050,12.0437,-5.0,-0.00050,12.0450,-7.5,-0.00075,65.16
6,438624,1,0,53.80,1651.4,1661.2,1642.5,0.0,20.1287,542.5,0.54250,12.0450,837.5,0.83750,12.0475,1197.5,0.03629,5.0812,700.0,0.07000,12.0400,3025.0,0.30250,12.0375,3820.0,0.38200,12.0437,947.5,0.09475,12.0450,-5.0,-0.00050,12.0462,-7.5,-0.00075,12.0425,-7.5,-0.00075,12.0437,-5.0,-0.00050,12.0437,-5.0,-0.00050,12.0450,-5.0,-0.00050,12.0462,-7.5,-0.00075,65.49
6,438960,1,0,54.08,1784.9,1667.7,1602.0,0.0,20.1275,550.0,0.55000,12.0450,847.5,0.84750,12.0462,1200.0,0.03636,5.0812,702.5,0.07025,12.0387,3082.5,0.30825,12.0363,3895.0,0.38950,12.0425,955.0,0.09550,12.0437,-5.0,-0.00050,12.0450,-7.5,-0.00075,12.0425,-7.5,-0.00075,12.0425,-5.0,-0.00050,12.0437,-5.0,-0.00050,12.0437,-5.0,-0.00050,12.0450,-7.5,-0.00075,65.83
6,439297,1,0,54.36,1664.8,1563.4,1559.6,0.0,20.1275,552.5,0.55250,12.0450,855.0,0.85500,12.0462,1200.0,0.03636,5.0812,700.0,0.07000,12.0387,3092.5,0.30925,12.0363,3875.0,0.38750,12.0425,980.0,0.09800,12.0437,-5.0,-0.00050,12.0450,-7.5,-0.00075,12.0425,-7.5,-0.00075,12.0437,-5.0,-0.00050,12.0437,-5.0,-0.00050,12.0437,-5.0,-0.00050,12.0450,-7.5,-0.00075,66.16
6,439633,1,0,54.64,1462.7,1665.6,1791.2,0.0,20.1262,562.5,0.56250,12.0450,870.0,0.87000,12.0462,1200.0,0.03636,5.0812,700.0,0.07000,12.0387,3155.0,0.31550,12.0350,3970.0,0.39700,12.0425,1002.5,0.10025,12.0437,-5.0,-0.00050,12.0450,-7.5,-0.00075,12.0412,-7.5,-0.00075,12.0425,-5.0,-0.00050,12.0437,-5.0,-0.00050,12.0437,-5.0,-0.00050,12.0450,-7.5,-0.00075,66.51
6,439969,1,0,54.92,1468.7,1800.5,1880.0,0.0,20.1262,562.5,0.56250,12.0450,867.5,0.86750,12.0462,1197.5,0.03629,5.0812,700.0,0.07000,12.0400,3122.5,0.31225,12.0363,3965.0,0.39650,12.0425,1012.5,0.10125,12.0437,-5.0,-0.00050,12.0450,-7.5,-0.00075,12.0412,-7.5,-0.00075,12.0437,-5.0,-0.00050,12.0437,-5.0,-0.00050,12.0450,-5.0,-0.00050,12.0450,-7.5,-0.00075,66.86
6,440326,1,0,55.22,1474.9,1740.4,1920.9,0.0,20.1237,575.0,0.57500,12.0450,887.5,0.88750,12.0462,1197.5,0.03629,5.0812,700.0,0.07000,12.0387,3210.0,0.32100,12.0350,4050.0,0.40500,12.0425,1020.0,0.10200,12.0425,-5.0,-0.00050,12.0437,-7.5,-0.00075,12.0412,-7.5,-0.00075,12.0425,-5.0,-0.00050,12.0425,-5.0,-0.00050,12.0437,-5.0,-0.00050,12.0450,-7.5,-0.00075,67.20
6,440663,1,0,55.50,1694.1,2077.4,1476.3,0.0,20.1237,580.0,0.58000,12.0450,895.0,0.89500,12.0462,1200.0,0.03636,5.0812,702.5,0.07025,12.0387,3240.0,0.32400,12.0350,4090.0,0.40900,12.0425,1042.5,0.10425,12.0437,-5.0,-0.00050,12.0450,-7.5,-0.00075,12.0412,-7.5,-0.00075,12.0425,-5.0,-0.00050,12.0437,-5.0,-0.00050,12.0437,-5.0,-0.00050,12.0450,-7.5,-0.00075,67.54
6,440999,1,0,55.78,1488.9,1799.0,2013.8,0.0,20.1237,577.5,0.57750,12.0450,892.5,0.89250,12.0462,1200.0,0.03636,5.0812,700.0,0.07000,12.0387,3220.0,0.32200,12.0363,4075.0,0.40750,12.0425,1040.0,0.10400,12.0437,-5.0,-0.00050,12.0450,-7.5,-0.00075,12.0412,-7.5,-0.00075,12.0425,-5.0,-0.00050,12.0437,-5.0,-0.00050,12.0437,-5.0,-0.00050,12.0450,-7.5,-0.00075,67.87
6,441335,1,0,56.06,1708.2,1716.5,1596.9,0.0,20.1237,580.0,0.58000,12.0450,897.5,0.89750,12.0462,1197.5,0.03629,5.0812,702.5,0.07025,12.0387,3247.5,0.32475,12.0363,4097.5,0.40975,12.0425,1030.0,0.10300,12.0437,-5.0,-0.00050,12.0450,-7.5,-0.00075,12.0412,-7.5,-0.00075,12.0425,-5.0,-0.00050,12.0437,-5.0,-0.00050,12.0437,-5.0,-0.00050,12.0450,-7.5,-0.00075,68.21
6,441671,1,0,56.34,1821.7,1706.7,1603.4,0.0,20.1237,582.5,0.58250,12.0450,900.0,0.90000,12.0462,1197.5,0.03629,5.0812,700.0,0.07000,12.0387,3267.5,0.32675,12.0350,4107.5,0.41075,12.0425,1025.0,0.10250,12.0437,-5.0,-0.00050,12.0450,-7.5,-0.00075,12.0412,-7.5,-0.00075,12.0425,-5.0,-0.00050,12.0437,-5.0,-0.00050,12.0437,-5.0,-0.00050,12.0450,-7.5,-0.00075,68.54
6,442008,1,0,56.62,1613.9,1927.7,1609.0,0.0,20.1225,597.5,0.59750,12.0437,925.0,0.92500,12.0462,1197.5,0.03629,5.0812,700.0,0.07000,12.0375,3357.5,0.33575,12.0350,4222.5,0.42225,12.0412,1037.5,0.10375,12.0425,-5.0,-0.00050,12.0437,-7.5,-0.00075,12.0412,-7.5,-0.00075,12.0425,-5.0,-0.00050,12.0425,-5.0,-0.00050,12.0437,-5.0,-0.00050,12.0437,-7.5,-0.00075,68.90
6,442365,1,0,56.92,1513.5,1614.8,1829.6,0.0,20.1213,602.5,0.60250,12.0450,937.5,0.93750,12.0462,1200.0,0.03636,5.0812,700.0,0.07000,12.0375,3402.5,0.34025,12.0350,4255.0,0.42550,12.0425,1052.5,0.10525,12.0437,-5.0,-0.00050,12.0450,-7.5,-0.00075,12.0412,-7.5,-0.00075,12.0425,-5.0,-0.00050,12.0425,-5.0,-0.00050,12.0437,-5.0,-0.00050,12.0450,-7.5,-0.00075,69.24
6,442701,1,0,57.20,1954.3,1670.7,1567.5,0.0,20.1200,612.5,0.61250,12.0437,952.5,0.95250,12.0462,1197.5,0.03629,5.0812,702.5,0.07025,12.0375,3455.0,0.34550,12.0337,4345.0,0.43450,12.0412,1075.0,0.10750,12.0425,-5.0,-0.00050,12.0437,-7.5,-0.00075,12.0412,-7.5,-0.00075,12.0425,-5.0,-0.00050,12.0425,-5.0,-0.00050,12.0425,-5.0,-0.00050,12.0437,-7.5,-0.00075,69.56
6,443037,1,0,57.48,1744.3,1846.6,1752.1,0.0,20.1200,612.5,0.61250,12.0437,952.5,0.95250,12.0462,1202.5,0.03644,5.0812,702.5,0.07025,12.0375,3442.5,0.34425,12.0350,4362.5,0.43625,12.0412,1077.5,0.10775,12.0437,-5.0,-0.00050,12.0450,-7.5,-0.00075,12.0412,-7.5,-0.00075,12.0425,-5.0,-0.00050,12.0425,-5.0,-0.00050,12.0437,-5.0,-0.00050,12.0437,-7.5,-0.00075,69.91
6,443374,1,0,57.76,1532.2,1791.1,1891.5,0.0,20.1175,627.5,0.62750,12.0437,977.5,0.97750,12.0462,1200.0,0.03636,5.0812,700.0,0.07000,12.0375,3542.5,0.35425,12.0337,4460.0,0.44600,12.0412,1100.0,0.11000,12.0425,-5.0,-0.00050,12.0437,-7.5,-0.00075,12.0400,-7.5,-0.00075,12.0412,-5.0,-0.00050,12.0425,-5.0,-0.00050,12.0425,-5.0,-0.00050,12.0437,-7.5,-0.00075,70.24
6,443710,1,0,58.04,1649.0,1753.6,1859.7,0.0,20.1175,630.0,0.63000,12.0437,980.0,0.98000,12.0450,1197.5,0.03629,5.0812,702.5,0.07025,12.0375,3537.5,0.35375,12.0337,4480.0,0.44800,12.0412,1122.5,0.11225,12.0425,-5.0,-0.00050,12.0437,-7.5,-0.00075,12.0412,-7.5,-0.00075,12.0425,-5.0,-0.00050,12.0425,-5.0,-0.00050,12.0437,-5.0,-0.00050,12.0450,-7.5,-0.00075,70.58
6,444046,1,0,58.32,1545.8,1650.5,1648.4,0.0,20.1162,640.0,0.64000,12.0437,997.5,0.99750,12.0462,1200.0,0.03636,5.0812,702.5,0.07025,12.0363,3597.5,0.35975,12.0337,4557.5,0.45575,12.0412,1142.5,0.11425,12.0425,-5.0,-0.00050,12.0437,-7.5,-0.00075,12.0400,-7.5,-0.00075,12.0412,-5.0,-0.00050,12.0412,-5.0,-0.00050,12.0425,-5.0,-0.00050,12.0437,-7.5,-0.00075,70.93
6,444403,1,0,58.61,1606.2,1878.1,1657.8,0.0,20.1162,640.0,0.64000,12.0437,997.5,0.99750,12.0462,1200.0,0.03636,5.0812,702.5,0.07025,12.0375,3592.5,0.35925,12.0337,4562.5,0.45625,12.0412,1150.0,0.11500,12.0425,-5.0,-0.00050,12.0437,-7.5,-0.00075,12.0400,-7.5,-0.00075,12.0425,-5.0,-0.00050,12.0425,-5.0,-0.00050,12.0425,-5.0,-0.00050,12.0437,-7.5,-0.00075,71.27
6,444740,1,0,58.90,1766.9,1820.1,1776.4,0.0,20.1150,652.5,0.65250,12.0437,1015.0,1.01500,12.0450,1200.0,0.03636,5.0812,702.5,0.07025,12.0363,3675.0,0.36750,12.0325,4670.0,0.46700,12.0412,1140.0,0.11400,12.0425,-5.0,-0.00050,12.0437,-7.5,-0.00075,12.0400,-7.5,-0.00075,12.0412,-5.0,-0.00050,12.0425,-5.0,-0.00050,12.0425,-5.0,-0.00050,12.0437,-7.5,-0.00075,71.62
6,445076,1,0,59.18,1677.7,1870.9,1560.2,0.0,20.1162,642.5,0.64250,12.0450,1000.0,1.00000,12.0462,1200.0,0.03636,5.0812,702.5,0.07025,12.0375,3610.0,0.36100,12.0337,4602.5,0.46025,12.0412,1135.0,0.11350,12.0425,-5.0,-0.00050,12.0437,-7.5,-0.00075,12.0412,-7.5,-0.00075,12.0425,-5.0,-0.00050,12.0425,-5.0,-0.00050,12.0437,-5.0,-0.00050,12.0450,-7.5,-0.00075,71.95
6,445412,1,0,59.46,1571.5,2011.2,1878.9,0.0,20.1150,652.5,0.65250,12.0437,1017.5,1.01750,12.0450,1200.0,0.03636,5.0812,702.5,0.07025,12.0363,3672.5,0.36725,12.0325,4690.0,0.46900,12.0400,1132.5,0.11325,12.0412,-5.0,-0.00050,12.0437,-7.5,-0.00075,12.0400,-7.5,-0.00075,12.0412,-5.0,-0.00050,12.0425,-5.0,-0.00050,12.0425,-5.0,-0.00050,12.0437,-7.5,-0.00075,72.29
6,445748,1,0,59.74,1690.3,1675.0,1841.7,0.0,20.1150,655.0,0.65500,12.0437,1022.5,1.02250,12.0450,1197.5,0.03629,5.0812,700.0,0.07000,12.0363,3675.0,0.36750,12.0337,4687.5,0.46875,12.0400,1150.0,0.11500,12.0425,-5.0,-0.00050,12.0437,-7.5,-0.00075,12.0400,-7.5,-0.00075,12.0412,-5.0,-0.00050,12.0425,-5.0,-0.00050,12.0425,-5.0,-0.00050,12.0437,-7.5,-0.00075,72.62
6,446085,1,0,60.02,1922.9,1802.1,1689.5,0.0,20.1150,655.0,0.65500,12.0437,1022.5,1.02250,12.0462,1200.0,0.03636,5.0812,702.5,0.07025,12.0363,3712.5,0.37125,12.0337,4665.0,0.46650,12.0412,1152.5,0.11525,12.0425,-5.0,-0.00050,12.0437,-7.5,-0.00075,12.0400,-7.5,-0.00075,12.0412,-5.0,-0.00050,12.0425,-5.0,-0.00050,12.0425,-5.0,-0.00050,12.0437,-7.5,-0.00075,72.97
6,446442,1,0,60.31,1862.5,2034.5,2004.3,0.0,20.1138,662.5,0.66250,12.0437,1032.5,1.03250,12.0450,1200.0,0.03636,5.0812,702.5,0.07025,12.0363,3710.0,0.37100,12.0325,4730.0,0.47300,12.0400,1170.0,0.11700,12.0412,-5.0,-0.00050,12.0425,-7.5,-0.00075,12.0400,-7.5,-0.00075,12.0412,-5.0,-0.00050,12.0425,-5.0,-0.00050,12.0425,-5.0,-0.00050,12.0437,-7.5,-0.00075,73.31
6,446778,1,0,60.59,1700.9,1799.7,1906.1,0.0,20.1112,680.0,0.68000,12.0437,1060.0,1.06000,12.0450,1200.0,0.03636,5.0812,702.5,0.07025,12.0350,3835.0,0.38350,12.0325,4875.0,0.48750,12.0400,1180.0,0.11800,12.0412,-5.0,-0.00050,12.0425,-7.5,-0.00075,12.0387,-7.5,-0.00075,12.0412,-5.0,-0.00050,12.0412,-5.0,-0.00050,12.0425,-5.0,-0.00050,12.0425,-7.5,-0.00075,73.64
6,447114,1,0,60.87,1602.3,1702.4,1749.0,0.0,20.1100,695.0,0.69500,12.0437,1085.0,1.08500,12.0450,1200.0,0.03636,5.0812,702.5,0.07025,12.0350,3897.5,0.38975,12.0325,4990.0,0.49900,12.0387,1217.5,0.12175,12.0412,-5.0,-0.00050,12.0425,-7.5,-0.00075,12.0400,-7.5,-0.00075,12.0400,-5.0,-0.00050,12.0412,-5.0,-0.00050,12.0425,-5.0,-0.00050,12.0425,-7.5,-0.00075,73.98
6,447451,1,0,61.15,1824.3,1924.4,1710.2,0.0,20.1100,697.5,0.69750,12.0437,1085.0,1.08500,12.0450,1202.5,0.03644,5.0812,702.5,0.07025,12.0363,3917.5,0.39175,12.0325,4965.0,0.49650,12.0400,1222.5,0.12225,12.0412,-5.0,-0.00050,12.0425,-7.5,-0.00075,12.0400,-7.5,-0.00075,12.0412,-5.0,-0.00050,12.0412,-5.0,-0.00050,12.0425,-5.0,-0.00050,12.0437,-7.5,-0.00075,74.32
6,447787,1,0,61.43,1616.4,1715.8,1932.0,0.0,20.1087,702.5,0.70250,12.0437,1092.5,1.09250,12.0450,1200.0,0.03636,5.0812,702.5,0.07025,12.0350,3935.0,0.39350,12.0325,4995.0,0.49950,12.0387,1240.0,0.12400,12.0412,-5.0,-0.00050,12.0425,-7.5,-0.00075,12.0387,-7.5,-0.00075,12.0400,-5.0,-0.00050,12.0412,-5.0,-0.00050,12.0412,-5.0,-0.00050,12.0425,-7.5,-0.00075,74.67
6,448123,1,0,61.71,1946.7,2366.4,1875.8,0.0,20.1087,700.0,0.70000,12.0437,1092.5,1.09250,12.0450,1197.5,0.03629,5.0812,702.5,0.07025,12.0350,3940.0,0.39400,12.0325,5010.0,0.50100,12.0400,1235.0,0.12350,12.0412,-5.0,-0.00050,12.0425,-7.5,-0.00075,12.0387,-7.5,-0.00075,12.0412,-5.0,-0.00050,12.0412,-5.0,-0.00050,12.0425,-5.0,-0.00050,12.0425,-7.5,-0.00075,75.01
6,448480,1,0,62.01,1628.5,1835.5,2053.9,0.0,20.1075,712.5,0.71250,12.0425,1120.0,1.12000,12.0450,1200.0,0.03636,5.0812,702.5,0.07025,12.0337,3977.5,0.39775,12.0313,5192.5,0.51925,12.0387,1235.0,0.12350,12.0400,-5.0,-0.00050,12.0412,-7.5,-0.00075,12.0387,-7.5,-0.00075,12.0400,-5.0,-0.00050,12.0400,-5.0,-0.00050,12.0412,-5.0,-0.00050,12.0425,-7.5,-0.00075,75.36
6,448817,1,0,62.29,1634.4,2131.2,1843.3,0.0,20.1062,717.5,0.71750,12.0437,1120.0,1.12000,12.0450,1197.5,0.03629,5.0812,702.5,0.07025,12.0350,4000.0,0.40000,12.0325,5172.5,0.51725,12.0400,1262.5,0.12625,12.0412,-5.0,-0.00050,12.0425,-7.5,-0.00075,12.0387,-7.5,-0.00075,12.0400,-5.0,-0.00050,12.0412,-5.0,-0.00050,12.0425,-5.0,-0.00050,12.0437,-7.5,-0.00075,75.69
6,449153,1,0,62.57,1639.9,1685.7,2285.9,0.0,20.1050,727.5,0.72750,12.0425,1140.0,1.14000,12.0450,1200.0,0.03636,5.0812,702.5,0.07025,12.0337,4040.0,0.40400,12.0313,5285.0,0.52850,12.0387,1270.0,0.12700,12.0400,-5.0,-0.00050,12.0412,-7.5,-0.00075,12.0387,-7.5,-0.00075,12.0400,-5.0,-0.00050,12.0400,-5.0,-0.00050,12.0412,-5.0,-0.00050,12.0425,-7.5,-0.00075,76.03
6,449489,1,0,62.85,2018.5,1967.5,2076.8,0.0,20.1050,727.5,0.72750,12.0425,1137.5,1.13750,12.0450,1202.5,0.03644,5.0812,702.5,0.07025,12.0350,4042.5,0.40425,12.0313,5275.0,0.52750,12.0387,1307.5,0.13075,12.0412,-5.0,-0.00050,12.0425,-7.5,-0.00075,12.0387,-7.5,-0.00075,12.0400,-5.0,-0.00050,12.0412,-5.0,-0.00050,12.0412,-5.0,-0.00050,12.0425,-7.5,-0.00075,76.36
6,449825,1,0,63.13,1763.4,1750.1,2125.5,0.0,20.1038,742.5,0.74250,12.0425,1160.0,1.16000,12.0437,1200.0,0.03636,5.0812,702.5,0.07025,12.0337,4147.5,0.41475,12.0300,5367.5,0.53675,12.0375,1325.0,0.13250,12.0400,-5.0,-0.00050,12.0412,-7.5,-0.00075,12.0387,-7.5,-0.00075,12.0387,-5.0,-0.00050,12.0400,-5.0,-0.00050,12.0412,-5.0,-0.00050,12.0425,-7.5,-0.00075,76.70
6,450162,1,0,63.41,1770.5,2095.6,1813.8,0.0,20.1038,745.0,0.74500,12.0425,1165.0,1.16500,12.0450,1200.0,0.03636,5.0812,702.5,0.07025,12.0350,4175.0,0.41750,12.0313,5385.0,0.53850,12.0387,1320.0,0.13200,12.0412,-5.0,-0.00050,12.0425,-7.5,-0.00075,12.0387,-7.5,-0.00075,12.0400,-5.0,-0.00050,12.0412,-5.0,-0.00050,12.0412,-5.0,-0.00050,12.0425,-7.5,-0.00075,77.06
6,450519,1,0,63.71,2291.4,2215.4,1867.3,0.0,20.1025,752.5,0.75250,12.0425,1177.5,1.17750,12.0450,1200.0,0.03636,5.0812,702.5,0.07025,12.0337,4242.5,0.42425,12.0313,5357.5,0.53575,12.0387,1327.5,0.13275,12.0412,-5.0,-0.00050,12.0425,-7.5,-0.00075,12.0387,-7.5,-0.00075,12.0400,-5.0,-0.00050,12.0400,-5.0,-0.00050,12.0412,-5.0,-0.00050,12.0425,-7.5,-0.00075,77.40
6,450855,1,0,63.99,2195.9,1876.1,2000.3,0.0,20.1025,752.5,0.75250,12.0425,1175.0,1.17500,12.0450,1200.0,0.03636,5.0812,702.5,0.07025,12.0350,4230.0,0.42300,12.0313,5392.5,0.53925,12.0387,1340.0,0.13400,12.0412,-5.0,-0.00050,12.0425,-7.5,-0.00075,12.0387,-7.5,-0.00075,12.0400,-5.0,-0.00050,12.0412,-5.0,-0.00050,12.0412,-5.0,-0.00050,12.0425,-7.5,-0.00075,77.73
6,451191,1,0,64.27,1902.5,1942.5,1896.5,0.0,20.1025,747.5,0.74750,12.0425,1170.0,1.17000,12.0450,1202.5,0.03644,5.0812,702.5,0.07025,12.0337,4202.5,0.42025,12.0313,5390.0,0.53900,12.0387,1332.5,0.13325,12.0412,-5.0,-0.00050,12.0425,-7.5,-0.00075,12.0387,-7.5,-0.00075,12.0400,-5.0,-0.00050,12.0412,-5.0,-0.00050,12.0412,-5.0,-0.00050,12.0425,-7.5,-0.00075,78.07
6,451528,1,0,64.55,1846.7,1900.9,1903.4,0.0,20.1025,755.0,0.75500,12.0425,1182.5,1.18250,12.0450,1202.5,0.03644,5.0812,702.5,0.07025,12.0337,4247.5,0.42475,12.0300,5450.0,0.54500,12.0387,1355.0,0.13550,12.0400,-5.0,-0.00050,12.0412,-7.5,-0.00075,12.0375,-7.5,-0.00075,12.0400,-5.0,-0.00050,12.0400,-5.0,-0.00050,12.0400,-5.0,-0.00050,12.0412,-7.5,-0.00075,78.40
6,451864,1,0,64.83,1854.5,1906.7,1684.9,0.0,20.0987,777.5,0.77750,12.0425,1220.0,1.22000,12.0450,1200.0,0.03636,5.0812,702.5,0.07025,12.0337,4337.5,0.43375,12.0300,5625.0,0.56250,12.0375,1377.5,0.13775,12.0400,-5.0,-0.00050,12.0412,-7.5,-0.00075,12.0375,-7.5,-0.00075,12.0400,-5.0,-0.00050,12.0400,-5.0,-0.00050,12.0400,-5.0,-0.00050,12.0412,-7.5,-0.00075,78.74
6,452200,1,0,65.11,1924.4,2112.1,2007.8,0.0,20.0975,792.5,0.79250,12.0425,1242.5,1.24250,12.0450,1200.0,0.03636,5.0812,702.5,0.07025,12.0325,4422.5,0.44225,12.0287,5720.0,0.57200,12.0387,1392.5,0.13925,12.0400,-5.0,-0.00050,12.0412,-7.5,-0.00075,12.0375,-7.5,-0.00075,12.0400,-5.0,-0.00050,12.0400,-5.0,-0.00050,12.0400,-5.0,-0.00050,12.0412,-7.5,-0.00075,79.09
6,452557,1,0,65.41,1870.3,2150.4,1909.3,0.0,20.0975,790.0,0.79000,12.0425,1237.5,1.23750,12.0450,1202.5,0.03644,5.0812,702.5,0.07025,12.0325,4460.0,0.44600,12.0300,5677.5,0.56775,12.0375,1420.0,0.14200,12.0400,-5.0,-0.00050,12.0412,-7.5,-0.00075,12.0375,-7.5,-0.00075,12.0387,-5.0,-0.00050,12.0400,-5.0,-0.00050,12.0412,-5.0,-0.00050,12.0412,-7.5,-0.00075,79.42
6,452894,1,0,65.69,2177.7,1931.4,1702.4,0.0,20.0962,805.0,0.80500,12.0425,1265.0,1.26500,12.0437,1200.0,0.03636,5.0812,702.5,0.07025,12.0325,4562.5,0.45625,12.0287,5777.5,0.57775,12.0375,1425.0,0.14250,12.0400,-5.0,-0.00050,12.0412,-7.5,-0.00075,12.0375,-7.5,-0.00075,12.0400,-5.0,-0.00050,12.0400,-5.0,-0.00050,12.0400,-5.0,-0.00050,12.0412,-7.5,-0.00075,79.76
6,453230,1,0,65.97,1826.2,2246.7,1814.9,0.0,20.0950,812.5,0.81250,12.0425,1275.0,1.27500,12.0450,1200.0,0.03636,5.0812,702.5,0.07025,12.0325,4582.5,0.45825,12.0287,5842.5,0.58425,12.0375,1425.0,0.14250,12.0400,-5.0,-0.00050,12.0412,-7.5,-0.00075,12.0375,-7.5,-0.00075,12.0387,-5.0,-0.00050,12.0400,-5.0,-0.00050,12.0400,-5.0,-0.00050,12.0412,-7.5,-0.00075,80.11
6,453566,1,0,66.25,1941.6,1933.6,1943.7,0.0,20.0938,817.5,0.81750,12.0425,1285.0,1.28500,12.0450,1200.0,0.03636,5.0812,702.5,0.07025,12.0325,4625.0,0.46250,12.0287,5890.0,0.58900,12.0375,1470.0,0.14700,12.0400,-5.0,-0.00050,12.0412,-7.5,-0.00075,12.0375,-7.5,-0.00075,12.0387,-5.0,-0.00050,12.0400,-5.0,-0.00050,12.0400,-5.0,-0.00050,12.0412,-7.5,-0.00075,80.43
6,453902,1,0,66.53,2099.6,2048.0,2045.3,0.0,20.0938,817.5,0.81750,12.0425,1282.5,1.28250,12.0450,1202.5,0.03644,5.0812,702.5,0.07025,12.0325,4552.5,0.45525,12.0300,5875.0,0.58750,12.0375,1482.5,0.14825,12.0400,-5.0,-0.00050,12.0412,-7.5,-0.00075,12.0375,-7.5,-0.00075,12.0387,-5.0,-0.00050,12.0400,-5.0,-0.00050,12.0400,-5.0,-0.00050,12.0412,-7.5,-0.00075,80.77
6,454239,1,0,66.81,1954.2,2076.3,1729.5,0.0,20.0925,825.0,0.82500,12.0425,1295.0,1.29500,12.0450,1197.5,0.03629,5.0812,702.5,0.07025,12.0325,4595.0,0.45950,12.0287,5965.0,0.59650,12.0375,1495.0,0.14950,12.0387,-5.0,-0.00050,12.0412,-7.5,-0.00075,12.0375,-7.5,-0.00075,12.0387,-5.0,-0.00050,12.0400,-5.0,-0.00050,12.0400,-5.0,-0.00050,12.0412,-7.5,-0.00075,81.13
6,454596,1,0,67.11,2069.4,1952.2,1790.9,0.0,20.0925,832.5,0.83250,12.0425,1310.0,1.31000,12.0437,1205.0,0.03652,5.0812,702.5,0.07025,12.0325,4637.5,0.46375,12.0287,5997.5,0.59975,12.0375,1505.0,0.15050,12.0387,-5.0,-0.00050,12.0412,-7.5,-0.00075,12.0375,-7.5,-0.00075,12.0387,-5.0,-0.00050,12.0400,-5.0,-0.00050,12.0400,-5.0,-0.00050,12.0412,-7.5,-0.00075,81.47
6,454932,1,0,67.39,1748.3,2067.9,1901.6,0.0,20.0912,842.5,0.84250,12.0412,1327.5,1.32750,12.0437,1202.5,0.03644,5.0812,702.5,0.07025,12.0313,4737.5,0.47375,12.0287,6097.5,0.60975,12.0375,1497.5,0.14975,12.0387,-5.0,-0.00050,12.0400,-7.5,-0.00075,12.0375,-7.5,-0.00075,12.0387,-5.0,-0.00050,12.0387,-5.0,-0.00050,12.0400,-5.0,-0.00050,12.0412,-7.5,-0.00075,81.81
6,455268,1,0,67.67,2084.1,2074.5,1858.5,0.0,20.0900,845.0,0.84500,12.0425,1327.5,1.32750,12.0450,1202.5,0.03644,5.0812,702.5,0.07025,12.0325,4757.5,0.47575,12.0287,6105.0,0.61050,12.0375,1502.5,0.15025,12.0387,-5.0,-0.00050,12.0412,-7.5,-0.00075,12.0375,-7.5,-0.00075,12.0387,-5.0,-0.00050,12.0400,-5.0,-0.00050,12.0400,-5.0,-0.00050,12.0412,-7.5,-0.00075,82.14
6,455605,1,0,67.95,1982.1,1863.8,1960.2,0.0,20.0887,860.0,0.86000,12.0412,1350.0,1.35000,12.0437,1200.0,0.03636,5.0812,702.5,0.07025,12.0313,4825.0,0.48250,12.0275,6202.5,0.62025,12.0363,1530.0,0.15300,12.0387,-5.0,-0.00050,12.0400,-7.5,-0.00075,12.0375,-7.5,-0.00075,12.0387,-5.0,-0.00050,12.0387,-5.0,-0.00050,12.0400,-5.0,-0.00050,12.0412,-7.5,-0.00075,82.48
6,455941,1,0,68.23,1767.9,1864.5,2347.8,0.0,20.0875,862.5,0.86250,12.0412,1355.0,1.35500,12.0437,1200.0,0.03636,5.0812,702.5,0.07025,12.0313,4832.5,0.48325,12.0275,6245.0,0.62450,12.0363,1530.0,0.15300,12.0387,-5.0,-0.00050,12.0400,-7.5,-0.00075,12.0375,-7.5,-0.00075,12.0387,-5.0,-0.00050,12.0400,-5.0,-0.00050,12.0400,-5.0,-0.00050,12.0412,-7.5,-0.00075,82.82
6,456277,1,0,68.51,2087.5,2209.4,1988.3,0.0,20.0863,880.0,0.88000,12.0412,1380.0,1.38000,12.0437,1200.0,0.03636,5.0812,702.5,0.07025,12.0300,4917.5,0.49175,12.0262,6377.5,0.63775,12.0363,1572.5,0.15725,12.0375,-5.0,-0.00050,12.0387,-7.5,-0.00075,12.0363,-7.5,-0.00075,12.0375,-5.0,-0.00050,12.0387,-5.0,-0.00050,12.0387,-5.0,-0.00050,12.0400,-7.5,-0.00075,83.17
6,456634,1,0,68.81,1886.8,2259.5,2441.3,0.0,20.0837,892.5,0.89250,12.0412,1405.0,1.40500,12.0437,1200.0,0.03636,5.0812,702.5,0.07025,12.0300,5005.0,0.50050,12.0262,6482.5,0.64825,12.0363,1600.0,0.16000,12.0387,-5.0,-0.00050,12.0400,-7.5,-0.00075,12.0363,-7.5,-0.00075,12.0375,-5.0,-0.00050,12.0387,-5.0,-0.00050,12.0387,-5.0,-0.00050,12.0400,-7.5,-0.00075,83.50
6,456971,1,0,69.09,1893.8,2227.5,1894.2,0.0,20.0825,902.5,0.90250,12.0412,1420.0,1.42000,12.0437,1202.5,0.03644,5.0812,702.5,0.07025,12.0300,5057.5,0.50575,12.0262,6562.5,0.65625,12.0363,1615.0,0.16150,12.0387,-5.0,-0.00050,12.0400,-7.5,-0.00075,12.0363,-7.5,-0.00075,12.0375,-5.0,-0.00050,12.0387,-5.0,-0.00050,12.0400,-5.0,-0.00050,12.0412,-7.5,-0.00075,83.85
6,457307,1,0,69.37,2217.5,2124.0,2013.3,0.0,20.0825,902.5,0.90250,12.0412,1422.5,1.42250,12.0437,1202.5,0.03644,5.0812,702.5,0.07025,12.0300,5070.0,0.50700,12.0262,6575.0,0.65750,12.0350,1610.0,0.16100,12.0387,-5.0,-0.00050,12.0400,-7.5,-0.00075,12.0363,-7.5,-0.00075,12.0375,-5.0,-0.00050,12.0387,-5.0,-0.00050,12.0400,-5.0,-0.00050,12.0412,-7.5,-0.00075,84.18
6,457643,1,0,69.65,2013.5,1900.2,2176.2,0.0,20.0812,915.0,0.91500,12.0412,1442.5,1.44250,12.0425,1200.0,0.03636,5.0812,702.5,0.07025,12.0300,5157.5,0.51575,12.0262,6640.0,0.66400,12.0350,1625.0,0.16250,12.0375,-5.0,-0.00050,12.0387,-7.5,-0.00075,12.0350,-7.5,-0.00075,12.0375,-5.0,-0.00050,12.0387,-5.0,-0.00050,12.0387,-5.0,-0.00050,12.0400,-7.5,-0.00075,84.51
6,457979,1,0,69.93,2192.7,2119.0,2013.7,0.0,20.0800,920.0,0.92000,12.0412,1447.5,1.44750,12.0437,1200.0,0.03636,5.0812,702.5,0.07025,12.0300,5152.5,0.51525,12.0262,6675.0,0.66750,12.0363,1622.5,0.16225,12.0375,-5.0,-0.00050,12.0400,-7.5,-0.00075,12.0363,-7.5,-0.00075,12.0375,-5.0,-0.00050,12.0387,-5.0,-0.00050,12.0387,-5.0,-0.00050,12.0400,-7.5,-0.00075,84.85
6,458316,1,0,70.21,1815.3,1914.4,2339.8,0.0,20.0800,930.0,0.93000,12.0412,1457.5,1.45750,12.0437,1202.5,0.03644,5.0812,702.5,0.07025,12.0287,5187.5,0.51875,12.0250,6782.5,0.67825,12.0350,1642.5,0.16425,12.0375,-5.0,-0.00050,12.0387,-7.5,-0.00075,12.0363,-7.5,-0.00075,12.0375,-5.0,-0.00050,12.0375,-5.0,-0.00050,12.0387,-5.0,-0.00050,12.0400,-7.5,-0.00075,85.20
6,458673,1,0,70.51,2049.3,2385.3,2154.9,0.0,20.0800,927.5,0.92750,12.0412,1455.0,1.45500,12.0437,1200.0,0.03636,5.0812,702.5,0.07025,12.0300,5160.0,0.51600,12.0262,6780.0,0.67800,12.0350,1652.5,0.16525,12.0375,-5.0,-0.00050,12.0387,-7.5,-0.00075,12.0363,-7.5,-0.00075,12.0375,-5.0,-0.00050,12.0375,-5.0,-0.00050,12.0387,-5.0,-0.00050,12.0400,-7.5,-0.00075,85.54
6,459009,1,0,70.79,2041.5,2034.2,2141.1,0.0,20.0800,927.5,0.92750,12.0412,1460.0,1.46000,12.0437,1202.5,0.03644,5.0812,702.5,0.07025,12.0300,5175.0,0.51750,12.0262,6737.5,0.67375,12.0363,1642.5,0.16425,12.0387,-5.0,-0.00050,12.0400,-7.5,-0.00075,12.0363,-7.5,-0.00075,12.0375,-5.0,-0.00050,12.0387,-5.0,-0.00050,12.0387,-5.0,-0.00050,12.0412,-7.5,-0.00075,85.88
6,459345,1,0,71.07,2154.9,2167.2,2468.8,0.0,20.0775,945.0,0.94500,12.0400,1492.5,1.49250,12.0425,1202.5,0.03644,5.0812,702.5,0.07025,12.0287,5297.5,0.52975,12.0250,6885.0,0.68850,12.0337,1667.5,0.16675,12.0363,-5.0,-0.00050,12.0387,-7.5,-0.00075,12.0350,-7.5,-0.00075,12.0363,-5.0,-0.00050,12.0375,-5.0,-0.00050,12.0375,-5.0,-0.00050,12.0400,-7.5,-0.00075,86.21
6,459682,1,0,71.35,1946.3,1938.7,1937.7,0.0,20.0763,950.0,0.95000,12.0412,1497.5,1.49750,12.0437,1202.5,0.03644,5.0812,702.5,0.07025,12.0300,5330.0,0.53300,12.0250,6910.0,0.69100,12.0350,1682.5,0.16825,12.0375,-5.0,-0.00050,12.0387,-7.5,-0.00075,12.0363,-7.5,-0.00075,12.0375,-5.0,-0.00050,12.0375,-5.0,-0.00050,12.0387,-5.0,-0.00050,12.0400,-7.5,-0.00075,86.55
6,460018,1,0,71.63,1952.7,1836.3,1888.3,0.0,20.0750,962.5,0.96250,12.0400,1520.0,1.52000,12.0437,1200.0,0.03636,5.0812,702.5,0.07025,12.0287,5405.0,0.54050,12.0250,7010.0,0.70100,12.0350,1727.5,0.17275,12.0363,-5.0,-0.00050,12.0387,-7.5,-0.00075,12.0350,-7.5,-0.00075,12.0363,-5.0,-0.00050,12.0363,-5.0,-0.00050,12.0375,-5.0,-0.00050,12.0387,-7.5,-0.00075,86.88
6,460354,1,0,71.91,1959.2,2058.4,2060.0,0.0,20.0750,965.0,0.96500,12.0412,1520.0,1.52000,12.0437,1200.0,0.03636,5.0812,702.5,0.07025,12.0287,5447.5,0.54475,12.0250,7010.0,0.70100,12.0350,1750.0,0.17500,12.0375,-5.0,-0.00050,12.0387,-7.5,-0.00075,12.0363,-7.5,-0.00075,12.0363,-5.0,-0.00050,12.0375,-5.0,-0.00050,12.0387,-5.0,-0.00050,12.0400,-7.5,-0.00075,87.24
6,460711,1,0,72.20,2075.9,2175.0,2067.3,0.0,20.0725,982.5,0.98250,12.0412,1550.0,1.55000,12.0425,1202.5,0.03644,5.0812,702.5,0.07025,12.0275,5535.0,0.55350,12.0237,7150.0,0.71500,12.0337,1767.5,0.17675,12.0363,-5.0,-0.00050,12.0375,-7.5,-0.00075,12.0350,-7.5,-0.00075,12.0363,-5.0,-0.00050,12.0375,-5.0,-0.00050,12.0387,-5.0,-0.00050,12.0400,-7.5,-0.00075,87.58
6,461048,1,0,72.49,1865.2,2402.0,2227.7,0.0,20.0712,987.5,0.98750,12.0412,1555.0,1.55500,12.0437,1200.0,0.03636,5.0812,702.5,0.07025,12.0287,5515.0,0.55150,12.0250,7190.0,0.71900,12.0350,1767.5,0.17675,12.0375,-5.0,-0.00050,12.0387,-7.5,-0.00075,12.0350,-7.5,-0.00075,12.0363,-5.0,-0.00050,12.0375,-5.0,-0.00050,12.0387,-5.0,-0.00050,12.0400,-7.5,-0.00075,87.91
6,461384,1,0,72.77,2423.3,2521.3,1966.4,0.0,20.0688,1005.0,1.00500,12.0400,1582.5,1.58250,12.0425,1202.5,0.03644,5.0812,702.5,0.07025,12.0275,5597.5,0.55975,12.0237,7330.0,0.73300,12.0337,1805.0,0.18050,12.0363,-5.0,-0.00050,12.0375,-7.5,-0.00075,12.0337,-7.5,-0.00075,12.0363,-5.0,-0.00050,12.0363,-5.0,-0.00050,12.0375,-5.0,-0.00050,12.0387,-7.5,-0.00075,88.25
6,461720,1,0,73.05,2211.3,2458.3,2182.6,0.0,20.0688,1007.5,1.00750,12.0412,1585.0,1.58500,12.0437,1202.5,0.03644,5.0812,702.5,0.07025,12.0287,5580.0,0.55800,12.0250,7347.5,0.73475,12.0337,1825.0,0.18250,12.0375,-5.0,-0.00050,12.0387,-7.5,-0.00075,12.0350,-7.5,-0.00075,12.0363,-5.0,-0.00050,12.0375,-5.0,-0.00050,12.0387,-5.0,-0.00050,12.0400,-7.5,-0.00075,88.59
6,462056,1,0,73.33,2200.0,2759.2,1981.7,0.0,20.0675,1017.5,1.01750,12.0400,1602.5,1.60250,12.0425,1202.5,0.03644,5.0812,702.5,0.07025,12.0275,5635.0,0.56350,12.0237,7435.0,0.74350,12.0337,1840.0,0.18400,12.0363,-5.0,-0.00050,12.0375,-7.5,-0.00075,12.0337,-7.5,-0.00075,12.0363,-5.0,-0.00050,12.0363,-5.0,-0.00050,12.0375,-5.0,-0.00050,12.0387,-7.5,-0.00075,88.92
6,462393,1,0,73.61,1996.1,2365.0,2198.0,0.0,20.0675,1017.5,1.01750,12.0412,1605.0,1.60500,12.0437,1202.5,0.03644,5.0812,702.5,0.07025,12.0275,5705.0,0.57050,12.0237,7395.0,0.73950,12.0337,1837.5,0.18375,12.0363,-5.0,-0.00050,12.0387,-7.5,-0.00075,12.0350,-7.5,-0.00075,12.0363,-5.0,-0.00050,12.0375,-5.0,-0.00050,12.0375,-5.0,-0.00050,12.0400,-7.5,-0.00075,89.27
6,462750,1,0,73.90,2007.2,2330.6,1942.5,0.0,20.0662,1030.0,1.03000,12.0400,1625.0,1.62500,12.0425,1202.5,0.03644,5.0812,702.5,0.07025,12.0262,5785.0,0.57850,12.0225,7502.5,0.75025,12.0325,1822.5,0.18225,12.0363,-5.0,-0.00050,12.0375,-7.5,-0.00075,12.0337,-7.5,-0.00075,12.0363,-5.0,-0.00050,12.0363,-5.0,-0.00050,12.0375,-5.0,-0.00050,12.0387,-7.5,-0.00075,89.62
6,463086,1,0,74.18,2007.2,2103.2,2165.1,0.0,20.0650,1042.5,1.04250,12.0400,1645.0,1.64500,12.0425,1202.5,0.03644,5.0812,702.5,0.07025,12.0275,5805.0,0.58050,12.0225,7610.0,0.76100,12.0337,1870.0,0.18700,12.0363,-5.0,-0.00050,12.0375,-7.5,-0.00075,12.0337,-7.5,-0.00075,12.0363,-5.0,-0.00050,12.0363,-5.0,-0.00050,12.0375,-5.0,-0.00050,12.0387,-7.5,-0.00075,89.95
6,463422,1,0,74.46,2014.1,2005.6,2111.7,0.0,20.0625,1055.0,1.05500,12.0400,1667.5,1.66750,12.0425,1202.5,0.03644,5.0812,702.5,0.07025,12.0262,5932.5,0.59325,12.0225,7697.5,0.76975,12.0325,1887.5,0.18875,12.0363,-5.0,-0.00050,12.0375,-7.5,-0.00075,12.0337,-7.5,-0.00075,12.0350,-5.0,-0.00050,12.0363,-5.0,-0.00050,12.0375,-5.0,-0.00050,12.0387,-7.5,-0.00075,90.29
6,463759,1,0,74.74,2021.9,2244.2,2244.7,0.0,20.0625,1060.0,1.06000,12.0400,1675.0,1.67500,12.0425,1200.0,0.03636,5.0812,702.5,0.07025,12.0262,5930.0,0.59300,12.0225,7722.5,0.77225,12.0337,1890.0,0.18900,12.0363,-5.0,-0.00050,12.0375,-7.5,-0.00075,12.0350,-7.5,-0.00075,12.0363,-5.0,-0.00050,12.0363,-5.0,-0.00050,12.0375,-5.0,-0.00050,12.0387,-7.5,-0.00075,90.62
6,464095,1,0,75.02,2349.1,2020.8,2021.5,0.0,20.0600,1075.0,1.07500,12.0400,1700.0,1.70000,12.0425,1200.0,0.03636,5.0812,702.5,0.07025,12.0262,6012.5,0.60125,12.0225,7860.0,0.78600,12.0325,1937.5,0.19375,12.0350,-5.0,-0.00050,12.0363,-7.5,-0.00075,12.0337,-7.5,-0.00075,12.0350,-5.0,-0.00050,12.0363,-5.0,-0.00050,12.0363,-5.0,-0.00050,12.0375,-7.5,-0.00075,90.96
6,464431,1,0,75.30,2144.0,2456.0,2242.3,0.0,20.0600,1075.0,1.07500,12.0400,1702.5,1.70250,12.0425,1202.5,0.03644,5.0812,702.5,0.07025,12.0262,6020.0,0.60200,12.0225,7887.5,0.78875,12.0325,1930.0,0.19300,12.0363,-5.0,-0.00050,12.0375,-7.5,-0.00075,12.0350,-7.5,-0.00075,12.0363,-5.0,-0.00050,12.0363,-5.0,-0.00050,12.0375,-5.0,-0.00050,12.0387,-7.5,-0.00075,91.31
6,464788,1,0,75.60,2151.1,2292.9,2463.5,0.0,20.0600,1075.0,1.07500,12.0400,1702.5,1.70250,12.0425,1202.5,0.03644,5.0812,702.5,0.07025,12.0262,5987.5,0.59875,12.0225,7900.0,0.79000,12.0325,1945.0,0.19450,12.0350,-5.0,-0.00050,12.0375,-7.5,-0.00075,12.0337,-7.5,-0.00075,12.0363,-5.0,-0.00050,12.0363,-5.0,-0.00050,12.0375,-5.0,-0.00050,12.0387,-7.5,-0.00075,91.65
6,465125,1,0,75.88,2050.2,2147.8,2090.0,0.0,20.0588,1087.5,1.08750,12.0400,1717.5,1.71750,12.0425,1200.0,0.03636,5.0812,702.5,0.07025,12.0262,6025.0,0.60250,12.0212,7975.0,0.79750,12.0325,1947.5,0.19475,12.0363,-5.0,-0.00050,12.0375,-7.5,-0.00075,12.0337,-7.5,-0.00075,12.0350,-5.0,-0.00050,12.0363,-5.0,-0.00050,12.0375,-5.0,-0.00050,12.0387,-7.5,-0.00075,91.99
6,465461,1,0,76.16,2055.6,2154.3,2263.3,0.0,20.0588,1090.0,1.09000,12.0400,1720.0,1.72000,12.0425,1202.5,0.03644,5.0812,702.5,0.07025,12.0262,6035.0,0.60350,12.0225,8002.5,0.80025,12.0325,1957.5,0.19575,12.0363,-5.0,-0.00050,12.0375,-7.5,-0.00075,12.0337,-7.5,-0.00075,12.0350,-5.0,-0.00050,12.0363,-5.0,-0.00050,12.0375,-5.0,-0.00050,12.0387,-7.5,-0.00075,92.33
6,465797,1,0,76.44,2169.3,2053.0,2161.4,0.0,20.0550,1115.0,1.11500,12.0387,1760.0,1.76000,12.0425,1202.5,0.03644,5.0812,702.5,0.07025,12.0250,6185.0,0.61850,12.0200,8215.0,0.82150,12.0313,2007.5,0.20075,12.0337,-5.0,-0.00050,12.0350,-7.5,-0.00075,12.0325,-7.5,-0.00075,12.0350,-5.0,-0.00050,12.0350,-5.0,-0.00050,12.0363,-5.0,-0.00050,12.0375,-7.5,-0.00075,92.67
6,466133,1,0,76.72,2174.7,2170.0,2278.2,0.0,20.0537,1125.0,1.12500,12.0387,1782.5,1.78250,12.0412,1205.0,0.03652,5.0812,702.5,0.07025,12.0250,6222.5,0.62225,12.0212,8267.5,0.82675,12.0313,2030.0,0.20300,12.0350,-5.0,-0.00050,12.0363,-7.5,-0.00075,12.0325,-7.5,-0.00075,12.0350,-5.0,-0.00050,12.0350,-5.0,-0.00050,12.0363,-5.0,-0.00050,12.0375,-7.5,-0.00075,93.00
6,466470,1,0,77.00,2182.7,2286.8,2503.5,0.0,20.0513,1145.0,1.14500,12.0387,1812.5,1.81250,12.0412,1202.5,0.03644,5.0812,702.5,0.07025,12.0237,6402.5,0.64025,12.0200,8390.0,0.83900,12.0313,2050.0,0.20500,12.0337,-5.0,-0.00050,12.0363,-7.5,-0.00075,12.0325,-7.5,-0.00075,12.0337,-5.0,-0.00050,12.0350,-5.0,-0.00050,12.0363,-5.0,-0.00050,12.0375,-7.5,-0.00075,93.35
6,466827,1,0,77.30,2180.3,2379.0,2276.1,0.0,20.0513,1147.5,1.14750,12.0387,1815.0,1.81500,12.0425,1200.0,0.03636,5.0812,702.5,0.07025,12.0237,6445.0,0.64450,12.0200,8375.0,0.83750,12.0313,2082.5,0.20825,12.0350,-5.0,-0.00050,12.0363,-7.5,-0.00075,12.0325,-7.5,-0.00075,12.0337,-5.0,-0.00050,12.0350,-5.0,-0.00050,12.0363,-5.0,-0.00050,12.0375,-7.5,-0.00075,93.69
6,467163,1,0,77.58,2188.5,2281.3,2385.9,0.0,20.0487,1165.0,1.16500,12.0387,1842.5,1.84250,12.0412,1202.5,0.03644,5.0812,702.5,0.07025,12.0237,6522.5,0.65225,12.0188,8520.0,0.85200,12.0313,2105.0,0.21050,12.0337,-5.0,-0.00050,12.0350,-7.5,-0.00075,12.0325,-7.5,-0.00075,12.0337,-5.0,-0.00050,12.0337,-5.0,-0.00050,12.0350,-5.0,-0.00050,12.0363,-7.5,-0.00075,94.03
6,467499,1,0,77.86,2097.9,2086.3,2289.6,0.0,20.0487,1170.0,1.17000,12.0387,1847.5,1.84750,12.0425,1200.0,0.03636,5.0812,702.5,0.07025,12.0237,6482.5,0.64825,12.0200,8570.0,0.85700,12.0313,2110.0,0.21100,12.0337,-5.0,-0.00050,12.0363,-7.5,-0.00075,12.0325,-7.5,-0.00075,12.0337,-5.0,-0.00050,12.0350,-5.0,-0.00050,12.0363,-5.0,-0.00050,12.0375,-7.5,-0.00075,94.37
6,467836,1,0,78.14,2104.2,2251.8,2315.1,0.0,20.0475,1177.5,1.17750,12.0387,1865.0,1.86500,12.0425,1202.5,0.03644,5.0812,702.5,0.07025,12.0237,6572.5,0.65725,12.0200,8640.0,0.86400,12.0313,2155.0,0.21550,12.0337,-5.0,-0.00050,12.0363,-7.5,-0.00075,12.0325,-7.5,-0.00075,12.0337,-5.0,-0.00050,12.0350,-5.0,-0.00050,12.0363,-5.0,-0.00050,12.0375,-7.5,-0.00075,94.70
6,468172,1,0,78.42,2104.9,2211.5,2323.0,0.0,20.0462,1180.0,1.18000,12.0400,1862.5,1.86250,12.0425,1202.5,0.03644,5.0812,702.5,0.07025,12.0237,6557.5,0.65575,12.0200,8615.0,0.86150,12.0313,2157.5,0.21575,12.0337,-5.0,-0.00050,12.0363,-7.5,-0.00075,12.0325,-7.5,-0.00075,12.0337,-5.0,-0.00050,12.0350,-5.0,-0.00050,12.0363,-5.0,-0.00050,12.0375,-7.5,-0.00075,95.04
6,468508,1,0,78.70,2059.0,2205.2,2312.6,0.0,20.0462,1180.0,1.18000,12.0387,1865.0,1.86500,12.0425,1200.0,0.03636,5.0812,702.5,0.07025,12.0237,6605.0,0.66050,12.0188,8657.5,0.86575,12.0313,2145.0,0.21450,12.0337,-5.0,-0.00050,12.0350,-7.5,-0.00075,12.0325,-7.5,-0.00075,12.0337,-5.0,-0.00050,12.0350,-5.0,-0.00050,12.0363,-5.0,-0.00050,12.0375,-7.5,-0.00075,95.39
6,468865,1,0,79.00,2232.6,2524.8,2424.7,0.0,20.0450,1190.0,1.19000,12.0387,1882.5,1.88250,12.0412,1202.5,0.03644,5.0812,702.5,0.07025,12.0237,6677.5,0.66775,12.0188,8627.5,0.86275,12.0300,2170.0,0.21700,12.0337,-5.0,-0.00050,12.0350,-7.5,-0.00075,12.0325,-7.5,-0.00075,12.0337,-5.0,-0.00050,12.0337,-5.0,-0.00050,12.0350,-5.0,-0.00050,12.0363,-7.5,-0.00075,95.73
6,469202,1,0,79.28,2227.1,2275.4,2566.7,0.0,20.0425,1212.5,1.21250,12.0387,1915.0,1.91500,12.0412,1202.5,0.03644,5.0812,702.5,0.07025,12.0225,6825.0,0.68250,12.0188,8790.0,0.87900,12.0300,2177.5,0.21775,12.0337,-5.0,-0.00050,12.0350,-7.5,-0.00075,12.0313,-7.5,-0.00075,12.0337,-5.0,-0.00050,12.0337,-5.0,-0.00050,12.0350,-5.0,-0.00050,12.0363,-7.5,-0.00075,96.07
6,469538,1,0,79.56,2133.4,2330.3,2121.9,0.0,20.0413,1222.5,1.22250,12.0387,1937.5,1.93750,12.0412,1205.0,0.03652,5.0812,702.5,0.07025,12.0225,6870.0,0.68700,12.0188,8885.0,0.88850,12.0300,2217.5,0.22175,12.0337,-5.0,-0.00050,12.0350,-7.5,-0.00075,12.0313,-7.5,-0.00075,12.0337,-5.0,-0.00050,12.0337,-5.0,-0.00050,12.0350,-5.0,-0.00050,12.0363,-7.5,-0.00075,96.41
6,469874,1,0,79.84,2134.6,2337.4,2360.1,0.0,20.0413,1222.5,1.22250,12.0387,1935.0,1.93500,12.0425,1202.5,0.03644,5.0812,702.5,0.07025,12.0225,6887.5,0.68875,12.0188,8892.5,0.88925,12.0300,2200.0,0.22000,12.0337,-5.0,-0.00050,12.0350,-7.5,-0.00075,12.0325,-7.5,-0.00075,12.0337,-5.0,-0.00050,12.0350,-5.0,-0.00050,12.0350,-5.0,-0.00050,12.0375,-7.5,-0.00075,96.74
6,470210,1,0,80.12,2142.6,2132.2,2670.9,0.0,20.0387,1237.5,1.23750,12.0387,1955.0,1.95500,12.0412,1202.5,0.03644,5.0812,702.5,0.07025,12.0225,6950.0,0.69500,12.0175,9017.5,0.90175,12.0300,2255.0,0.22550,12.0325,-5.0,-0.00050,12.0337,-7.5,-0.00075,12.0313,-7.5,-0.00075,12.0325,-5.0,-0.00050,12.0337,-5.0,-0.00050,12.0350,-5.0,-0.00050,12.0363,-7.5,-0.00075,97.08
6,470547,1,0,80.40,2150.8,2504.5,2573.5,0.0,20.0375,1250.0,1.25000,12.0387,1975.0,1.97500,12.0412,1205.0,0.03652,5.0812,702.5,0.07025,12.0212,7025.0,0.70250,12.0175,9110.0,0.91100,12.0300,2257.5,0.22575,12.0337,-5.0,-0.00050,12.0350,-7.5,-0.00075,12.0313,-7.5,-0.00075,12.0325,-5.0,-0.00050,12.0337,-5.0,-0.00050,12.0350,-5.0,-0.00050,12.0363,-7.5,-0.00075,97.43
6,470904,1,0,80.70,2159.5,2306.6,2259.0,0.0,20.0362,1265.0,1.26500,12.0387,2000.0,2.00000,12.0412,1200.0,0.03636,5.0812,702.5,0.07025,12.0212,7062.5,0.70625,12.0175,9240.0,0.92400,12.0287,2315.0,0.23150,12.0325,-5.0,-0.00050,12.0337,-7.5,-0.00075,12.0313,-7.5,-0.00075,12.0325,-5.0,-0.00050,12.0337,-5.0,-0.00050,12.0337,-5.0,-0.00050,12.0363,-7.5,-0.00075,97.77
6,471240,1,0,80.98,2491.9,2734.5,2372.2,0.0,20.0350,1267.5,1.26750,12.0387,2005.0,2.00500,12.0412,1205.0,0.03652,5.0812,702.5,0.07025,12.0225,7080.0,0.70800,12.0175,9237.5,0.92375,12.0300,2290.0,0.22900,12.0325,-5.0,-0.00050,12.0337,-7.5,-0.00075,12.0313,-7.5,-0.00075,12.0337,-5.0,-0.00050,12.0337,-5.0,-0.00050,12.0350,-5.0,-0.00050,12.0363,-7.5,-0.00075,98.11
6,471576,1,0,81.26,2391.1,2489.3,2594.6,0.0,20.0337,1275.0,1.27500,12.0375,2017.5,2.01750,12.0412,1202.5,0.03644,5.0812,702.5,0.07025,12.0212,7140.0,0.71400,12.0175,9282.5,0.92825,12.0287,2325.0,0.23250,12.0325,-5.0,-0.00050,12.0337,-7.5,-0.00075,12.0313,-7.5,-0.00075,12.0325,-5.0,-0.00050,12.0325,-5.0,-0.00050,12.0337,-5.0,-0.00050,12.0350,-7.5,-0.00075,98.44
6,471913,1,0,81.54,2070.0,2277.9,2218.9,0.0,20.0337,1275.0,1.27500,12.0387,2017.5,2.01750,12.0412,1202.5,0.03644,5.0812,702.5,0.07025,12.0212,7102.5,0.71025,12.0175,9332.5,0.93325,12.0287,2340.0,0.23400,12.0325,-5.0,-0.00050,12.0337,-7.5,-0.00075,12.0313,-7.5,-0.00075,12.0325,-5.0,-0.00050,12.0337,-5.0,-0.00050,12.0350,-5.0,-0.00050,12.0363,-7.5,-0.00075,98.78
6,472249,1,0,81.82,2401.3,2392.0,2377.0,0.0,20.0313,1297.5,1.29750,12.0375,2055.0,2.05500,12.0412,1205.0,0.03652,5.0812,702.5,0.07025,12.0200,7237.5,0.72375,12.0162,9495.0,0.94950,12.0287,2400.0,0.24000,12.0313,-5.0,-0.00050,12.0337,-7.5,-0.00075,12.0300,-7.5,-0.00075,12.0313,-5.0,-0.00050,12.0325,-5.0,-0.00050,12.0337,-5.0,-0.00050,12.0350,-7.5,-0.00075,99.12
6,472585,1,0,82.10,2190.2,2382.6,2488.7,0.0,20.0300,1307.5,1.30750,12.0387,2067.5,2.06750,12.0412,1202.5,0.03644,5.0812,702.5,0.07025,12.0212,7312.5,0.73125,12.0162,9575.0,0.95750,12.0287,2397.5,0.23975,12.0325,-5.0,-0.00050,12.0337,-7.5,-0.00075,12.0300,-7.5,-0.00075,12.0325,-5.0,-0.00050,12.0337,-5.0,-0.00050,12.0350,-5.0,-0.00050,12.0363,-7.5,-0.00075,99.46
6,472942,1,0,82.40,2197.5,2187.7,2497.9,0.0,20.0287,1322.5,1.32250,12.0375,2097.5,2.09750,12.0400,1202.5,0.03644,5.0812,702.5,0.07025,12.0200,7410.0,0.74100,12.0150,9657.5,0.96575,12.0275,2410.0,0.24100,12.0313,-5.0,-0.00050,12.0337,-7.5,-0.00075,12.0300,-7.5,-0.00075,12.0313,-5.0,-0.00050,12.0325,-5.0,-0.00050,12.0337,-5.0,-0.00050,12.0350,-7.5,-0.00075,99.81
6,473279,1,0,82.68,2511.8,2606.2,2636.6,0.0,20.0275,1325.0,1.32500,12.0375,2097.5,2.09750,12.0412,1202.5,0.03644,5.0812,702.5,0.07025,12.0200,7405.0,0.74050,12.0162,9710.0,0.97100,12.0287,2397.5,0.23975,12.0313,-5.0,-0.00050,12.0337,-7.5,-0.00075,12.0300,-7.5,-0.00075,12.0325,-5.0,-0.00050,12.0337,-5.0,-0.00050,12.0337,-5.0,-0.00050,12.0350,-7.5,-0.00075,100.15
6,473615,1,0,82.96,2430.8,2311.4,2361.4,0.0,20.0262,1337.5,1.33750,12.0375,2115.0,2.11500,12.0412,1202.5,0.03644,5.0812,702.5,0.07025,12.0200,7505.0,0.75050,12.0150,9745.0,0.97450,12.0275,2427.5,0.24275,12.0313,-5.0,-0.00050,12.0325,-7.5,-0.00075,12.0300,-7.5,-0.00075,12.0313,-5.0,-0.00050,12.0325,-5.0,-0.00050,12.0337,-5.0,-0.00050,12.0350,-7.5,-0.00075,100.48
6,473951,1,0,83.24,2106.3,2623.5,2309.6,0.0,20.0262,1340.0,1.34000,12.0375,2122.5,2.12250,12.0412,1202.5,0.03644,5.0812,702.5,0.07025,12.0200,7510.0,0.75100,12.0162,9762.5,0.97625,12.0287,2455.0,0.24550,12.0325,-5.0,-0.00050,12.0337,-7.5,-0.00075,12.0313,-7.5,-0.00075,12.0325,-5.0,-0.00050,12.0325,-5.0,-0.00050,12.0337,-5.0,-0.00050,12.0363,-7.5,-0.00075,100.82
6,474287,1,0,83.52,2557.8,2439.0,2424.0,0.0,20.0250,1347.5,1.34750,12.0375,2132.5,2.13250,12.0412,1202.5,0.03644,5.0812,702.5,0.07025,12.0200,7537.5,0.75375,12.0150,9812.5,0.98125,12.0275,2480.0,0.24800,12.0313,-5.0,-0.00050,12.0325,-7.5,-0.00075,12.0300,-7.5,-0.00075,12.0313,-5.0,-0.00050,12.0325,-5.0,-0.00050,12.0337,-5.0,-0.00050,12.0350,-7.5,-0.00075,101.15
6,474624,1,0,83.80,2332.2,2429.6,2224.1,0.0,20.0250,1350.0,1.35000,12.0375,2140.0,2.14000,12.0412,1202.5,0.03644,5.0812,702.5,0.07025,12.0200,7570.0,0.75700,12.0150,9840.0,0.98400,12.0275,2470.0,0.24700,12.0313,-5.0,-0.00050,12.0337,-7.5,-0.00075,12.0300,-7.5,-0.00075,12.0313,-5.0,-0.00050,12.0325,-5.0,-0.00050,12.0337,-5.0,-0.00050,12.0350,-7.5,-0.00075,101.50
6,474981,1,0,84.10,2508.0,2540.6,2496.5,0.0,20.0250,1347.5,1.34750,12.0387,2132.5,2.13250,12.0412,1207.5,0.03659,5.0812,702.5,0.07025,12.0200,7542.5,0.75425,12.0150,9812.5,0.98125,12.0275,2480.0,0.24800,12.0325,-5.0,-0.00050,12.0337,-7.5,-0.00075,12.0300,-7.5,-0.00075,12.0325,-5.0,-0.00050,12.0325,-5.0,-0.00050,12.0337,-5.0,-0.00050,12.0350,-7.5,-0.00075,101.84
6,475317,1,0,84.38,2130.9,2543.6,2440.3,0.0,20.0212,1370.0,1.37000,12.0363,2177.5,2.17750,12.0400,1200.0,0.03636,5.0812,702.5,0.07025,12.0188,7677.5,0.76775,12.0150,9970.0,0.99700,12.0275,2535.0,0.25350,12.0300,-5.0,-0.00050,12.0325,-7.5,-0.00075,12.0300,-7.5,-0.00075,12.0313,-5.0,-0.00050,12.0313,-5.0,-0.00050,12.0325,-5.0,-0.00050,12.0337,-7.5,-0.00075,102.19
6,475653,1,0,84.66,2351.7,2549.1,2699.3,0.0,20.0187,1392.5,1.39250,12.0363,2205.0,2.20500,12.0400,1205.0,0.03652,5.0812,702.5,0.07025,12.0188,7805.0,0.78050,12.0138,10155.0,1.01550,12.0262,2570.0,0.25700,12.0300,-5.0,-0.00050,12.0325,-7.5,-0.00075,12.0287,-7.5,-0.00075,12.0300,-5.0,-0.00050,12.0313,-5.0,-0.00050,12.0325,-5.0,-0.00050,12.0337,-7.5,-0.00075,102.53
6,475990,1,0,84.94,2682.5,2238.2,2396.3,0.0,20.0162,1415.0,1.41500,12.0363,2240.0,2.24000,12.0400,1205.0,0.03652,5.0812,702.5,0.07025,12.0175,7922.5,0.79225,12.0138,10280.0,1.02800,12.0262,2637.5,0.26375,12.0300,-5.0,-0.00050,12.0313,-7.5,-0.00075,12.0287,-7.5,-0.00075,12.0300,-5.0,-0.00050,12.0313,-5.0,-0.00050,12.0325,-5.0,-0.00050,12.0337,-7.5,-0.00075,102.87
6,476326,1,0,85.22,2475.2,2463.0,2359.1,0.0,20.0162,1415.0,1.41500,12.0375,2240.0,2.24000,12.0412,1202.5,0.03644,5.0812,702.5,0.07025,12.0175,7982.5,0.79825,12.0138,10205.0,1.02050,12.0275,2642.5,0.26425,12.0313,-5.0,-0.00050,12.0325,-7.5,-0.00075,12.0287,-7.5,-0.00075,12.0313,-5.0,-0.00050,12.0313,-5.0,-0.00050,12.0337,-5.0,-0.00050,12.0350,-7.5,-0.00075,103.19
6,476662,1,0,85.50,2374.1,2366.1,2414.6,0.0,20.0150,1422.5,1.42250,12.0363,2252.5,2.25250,12.0400,1200.0,0.03636,5.0812,702.5,0.07025,12.0175,8087.5,0.80875,12.0125,10262.5,1.02625,12.0262,2667.5,0.26675,12.0300,-5.0,-0.00050,12.0325,-7.5,-0.00075,12.0287,-7.5,-0.00075,12.0300,-5.0,-0.00050,12.0313,-5.0,-0.00050,12.0325,-5.0,-0.00050,12.0337,-7.5,-0.00075,103.54
6,477019,1,0,85.79,2274.5,2211.6,2484.8,0.0,20.0138,1435.0,1.43500,12.0363,2277.5,2.27750,12.0400,1205.0,0.03652,5.0812,702.5,0.07025,12.0175,8160.0,0.81600,12.0138,10275.0,1.02750,12.0262,2662.5,0.26625,12.0300,-5.0,-0.00050,12.0325,-7.5,-0.00075,12.0287,-7.5,-0.00075,12.0300,-5.0,-0.00050,12.0313,-5.0,-0.00050,12.0325,-5.0,-0.00050,12.0337,-7.5,-0.00075,103.89
6,477356,1,0,86.08,2282.7,2681.1,2599.9,0.0,20.0125,1442.5,1.44250,12.0375,2290.0,2.29000,12.0400,1202.5,0.03644,5.0812,702.5,0.07025,12.0175,8130.0,0.81300,12.0125,10470.0,1.04700,12.0262,2687.5,0.26875,12.0300,-5.0,-0.00050,12.0325,-7.5,-0.00075,12.0287,-7.5,-0.00075,12.0300,-5.0,-0.00050,12.0313,-5.0,-0.00050,12.0325,-5.0,-0.00050,12.0337,-7.5,-0.00075,104.22
6,477692,1,0,86.36,2288.2,2495.4,2539.6,0.0,20.0125,1437.5,1.43750,12.0375,2277.5,2.27750,12.0412,1202.5,0.03644,5.0812,702.5,0.07025,12.0175,8102.5,0.81025,12.0138,10420.0,1.04200,12.0262,2660.0,0.26600,12.0313,-5.0,-0.00050,12.0325,-7.5,-0.00075,12.0300,-7.5,-0.00075,12.0313,-5.0,-0.00050,12.0325,-5.0,-0.00050,12.0337,-5.0,-0.00050,12.0350,-7.5,-0.00075,104.56
6,478028,1,0,86.64,2494.8,2389.7,2935.2,0.0,20.0112,1455.0,1.45500,12.0363,2300.0,2.30000,12.0400,1205.0,0.03652,5.0812,702.5,0.07025,12.0175,8182.5,0.81825,12.0125,10522.5,1.05225,12.0250,2685.0,0.26850,12.0300,-5.0,-0.00050,12.0313,-7.5,-0.00075,12.0287,-7.5,-0.00075,12.0300,-5.0,-0.00050,12.0313,-5.0,-0.00050,12.0325,-5.0,-0.00050,12.0337,-7.5,-0.00075,104.89
6,478364,1,0,86.92,2623.3,2799.1,2614.9,0.0,20.0100,1465.0,1.46500,12.0375,2312.5,2.31250,12.0400,1205.0,0.03652,5.0812,702.5,0.07025,12.0175,8265.0,0.82650,12.0125,10602.5,1.06025,12.0250,2752.5,0.27525,12.0300,-5.0,-0.00050,12.0313,-7.5,-0.00075,12.0275,-7.5,-0.00075,12.0300,-5.0,-0.00050,12.0313,-5.0,-0.00050,12.0325,-5.0,-0.00050,12.0337,-7.5,-0.00075,105.23
6,478701,1,0,87.20,2295.9,2620.5,2498.7,0.0,20.0075,1487.5,1.48750,12.0363,2360.0,2.36000,12.0400,1202.5,0.03644,5.0812,702.5,0.07025,12.0162,8490.0,0.84900,12.0112,10670.0,1.06700,12.0237,2770.0,0.27700,12.0287,-5.0,-0.00050,12.0300,-7.5,-0.00075,12.0275,-7.5,-0.00075,12.0287,-5.0,-0.00050,12.0300,-5.0,-0.00050,12.0313,-5.0,-0.00050,12.0325,-7.5,-0.00075,105.58
6,479058,1,0,87.49,2200.7,2412.1,2297.8,0.0,20.0037,1510.0,1.51000,12.0363,2390.0,2.39000,12.0400,1205.0,0.03652,5.0812,702.5,0.07025,12.0150,8575.0,0.85750,12.0112,10902.5,1.09025,12.0250,2777.5,0.27775,12.0287,-5.0,-0.00050,12.0313,-7.5,-0.00075,12.0275,-7.5,-0.00075,12.0287,-5.0,-0.00050,12.0300,-5.0,-0.00050,12.0313,-5.0,-0.00050,12.0337,-7.5,-0.00075,105.92
6,479394,1,0,87.77,2313.9,2725.1,2618.2,0.0,20.0012,1532.5,1.53250,12.0363,2427.5,2.42750,12.0400,1207.5,0.03659,5.0812,702.5,0.07025,12.0150,8615.0,0.86150,12.0100,11150.0,1.11500,12.0237,2810.0,0.28100,12.0287,-5.0,-0.00050,12.0300,-7.5,-0.00075,12.0275,-7.5,-0.00075,12.0287,-5.0,-0.00050,12.0300,-5.0,-0.00050,12.0313,-5.0,-0.00050,12.0325,-7.5,-0.00075,106.26
6,479730,1,0,88.05,2810.7,2522.2,2536.6,0.0,20.0000,1542.5,1.54250,12.0363,2442.5,2.44250,12.0400,1202.5,0.03644,5.0812,702.5,0.07025,12.0162,8632.5,0.86325,12.0112,11220.0,1.12200,12.0250,2827.5,0.28275,12.0287,-5.0,-0.00050,12.0313,-7.5,-0.00075,12.0275,-7.5,-0.00075,12.0300,-5.0,-0.00050,12.0300,-5.0,-0.00050,12.0313,-5.0,-0.00050,12.0325,-7.5,-0.00075,106.59
6,480067,1,0,88.33,2385.1,2764.4,2633.4,0.0,19.9975,1562.5,1.56250,12.0350,2480.0,2.48000,12.0400,1207.5,0.03659,5.0812,702.5,0.07025,12.0150,8735.0,0.87350,12.0100,11405.0,1.14050,12.0237,2892.5,0.28925,12.0287,-5.0,-0.00050,12.0300,-7.5,-0.00075,12.0275,-7.5,-0.00075,12.0287,-5.0,-0.00050,12.0300,-5.0,-0.00050,12.0313,-5.0,-0.00050,12.0325,-7.5,-0.00075,106.93
6,480403,1,0,88.61,2563.3,2439.3,2854.2,0.0,19.9950,1575.0,1.57500,12.0363,2497.5,2.49750,12.0400,1202.5,0.03644,5.0812,702.5,0.07025,12.0150,8787.5,0.87875,12.0100,11482.5,1.14825,12.0237,2905.0,0.29050,12.0287,-5.0,-0.00050,12.0300,-7.5,-0.00075,12.0275,-7.5,-0.00075,12.0287,-5.0,-0.00050,12.0300,-5.0,-0.00050,12.0313,-5.0,-0.00050,12.0325,-7.5,-0.00075,107.27
6,480739,1,0,88.89,2459.1,2330.4,2547.2,0.0,19.9937,1592.5,1.59250,12.0350,2525.0,2.52500,12.0387,1205.0,0.03652,5.0812,702.5,0.07025,12.0138,8892.5,0.88925,12.0087,11582.5,1.15825,12.0225,2965.0,0.29650,12.0275,-5.0,-0.00050,12.0300,-7.5,-0.00075,12.0262,-7.5,-0.00075,12.0287,-5.0,-0.00050,12.0287,-5.0,-0.00050,12.0300,-5.0,-0.00050,12.0325,-7.5,-0.00075,107.62
6,481096,1,0,89.19,2350.0,2761.3,2460.8,0.0,19.9925,1595.0,1.59500,12.0350,2537.5,2.53750,12.0387,1202.5,0.03644,5.0812,702.5,0.07025,12.0138,8920.0,0.89200,12.0100,11617.5,1.16175,12.0237,2957.5,0.29575,12.0275,-5.0,-0.00050,12.0300,-7.5,-0.00075,12.0275,-7.5,-0.00075,12.0287,-5.0,-0.00050,12.0287,-5.0,-0.00050,12.0300,-5.0,-0.00050,12.0325,-7.5,-0.00075,107.96
6,481433,1,0,89.47,2462.3,2448.3,2564.2,0.0,19.9925,1592.5,1.59250,12.0363,2522.5,2.52250,12.0400,1202.5,0.03644,5.0812,702.5,0.07025,12.0150,8905.0,0.89050,12.0100,11592.5,1.15925,12.0250,2942.5,0.29425,12.0287,-5.0,-0.00050,12.0300,-7.5,-0.00075,12.0275,-7.5,-0.00075,12.0287,-5.0,-0.00050,12.0300,-5.0,-0.00050,12.0313,-5.0,-0.00050,12.0325,-7.5,-0.00075,108.30
6,481769,1,0,89.75,2407.9,2880.2,2675.8,0.0,19.9900,1615.0,1.61500,12.0350,2555.0,2.55500,12.0387,1205.0,0.03652,5.0812,702.5,0.07025,12.0125,9092.5,0.90925,12.0087,11762.5,1.17625,12.0225,2950.0,0.29500,12.0275,-5.0,-0.00050,12.0287,-7.5,-0.00075,12.0262,-7.5,-0.00075,12.0275,-5.0,-0.00050,12.0287,-5.0,-0.00050,12.0300,-5.0,-0.00050,12.0313,-7.5,-0.00075,108.63
6,482105,1,0,90.03,2578.3,2676.8,2574.8,0.0,19.9888,1625.0,1.62500,12.0363,2572.5,2.57250,12.0400,1205.0,0.03652,5.0812,702.5,0.07025,12.0138,9125.0,0.91250,12.0087,11790.0,1.17900,12.0237,2937.5,0.29375,12.0275,-5.0,-0.00050,12.0300,-7.5,-0.00075,12.0262,-7.5,-0.00075,12.0287,-5.0,-0.00050,12.0300,-5.0,-0.00050,12.0300,-5.0,-0.00050,12.0325,-7.5,-0.00075,108.97
6,482441,1,0,90.31,2584.9,2580.1,2473.7,0.0,19.9875,1640.0,1.64000,12.0350,2595.0,2.59500,12.0387,1202.5,0.03644,5.0812,702.5,0.07025,12.0125,9282.5,0.92825,12.0087,11847.5,1.18475,12.0225,2975.0,0.29750,12.0275,-5.0,-0.00050,12.0287,-7.5,-0.00075,12.0262,-7.5,-0.00075,12.0275,-5.0,-0.00050,12.0287,-5.0,-0.00050,12.0300,-5.0,-0.00050,12.0313,-7.5,-0.00075,109.31
6,482778,1,0,90.59,2593.0,3019.4,2420.9,0.0,19.9862,1647.5,1.64750,12.0350,2612.5,2.61250,12.0400,1207.5,0.03659,5.0812,702.5,0.07025,12.0138,9292.5,0.92925,12.0087,11912.5,1.19125,12.0225,2997.5,0.29975,12.0275,-5.0,-0.00050,12.0300,-7.5,-0.00075,12.0262,-7.5,-0.00075,12.0275,-5.0,-0.00050,12.0287,-5.0,-0.00050,12.0300,-5.0,-0.00050,12.0313,-7.5,-0.00075,109.67
6,483135,1,0,90.89,2276.7,2376.9,2485.8,0.0,19.9825,1670.0,1.67000,12.0337,2652.5,2.65250,12.0375,1205.0,0.03652,5.0812,702.5,0.07025,12.0112,9342.5,0.93425,12.0075,12142.5,1.21425,12.0212,3042.5,0.30425,12.0262,-5.0,-0.00050,12.0287,-7.5,-0.00075,12.0250,-7.5,-0.00075,12.0275,-5.0,-0.00050,12.0275,-5.0,-0.00050,12.0287,-5.0,-0.00050,12.0300,-7.5,-0.00075,110.01
6,483471,1,0,91.17,2392.9,2960.2,2494.1,0.0,19.9812,1677.5,1.67750,12.0350,2670.0,2.67000,12.0387,1205.0,0.03652,5.0812,702.5,0.07025,12.0125,9380.0,0.93800,12.0075,12275.0,1.22750,12.0225,3077.5,0.30775,12.0262,-5.0,-0.00050,12.0287,-7.5,-0.00075,12.0262,-7.5,-0.00075,12.0287,-5.0,-0.00050,12.0287,-5.0,-0.00050,12.0300,-5.0,-0.00050,12.0313,-7.5,-0.00075,110.35
6,483807,1,0,91.45,2400.6,2862.3,2936.9,0.0,19.9800,1695.0,1.69500,12.0337,2700.0,2.70000,12.0375,1202.5,0.03644,5.0812,702.5,0.07025,12.0112,9495.0,0.94950,12.0075,12407.5,1.24075,12.0212,3097.5,0.30975,12.0262,-5.0,-0.00050,12.0275,-7.5,-0.00075,12.0262,-7.5,-0.00075,12.0275,-5.0,-0.00050,12.0275,-5.0,-0.00050,12.0287,-5.0,-0.00050,12.0313,-7.5,-0.00075,110.68
6,484144,1,0,91.73,2613.3,2613.3,2604.3,0.0,19.9788,1705.0,1.70500,12.0350,2692.5,2.69250,12.0400,1205.0,0.03652,5.0812,702.5,0.07025,12.0125,9472.5,0.94725,12.0075,12455.0,1.24550,12.0225,3080.0,0.30800,12.0275,-5.0,-0.00050,12.0287,-7.5,-0.00075,12.0250,-7.5,-0.00075,12.0262,-5.0,-0.00050,12.0287,-5.0,-0.00050,12.0300,-5.0,-0.00050,12.0313,-7.5,-0.00075,111.02
6,484480,1,0,92.01,2410.6,2512.1,2885.5,0.0,19.9775,1715.0,1.71500,12.0350,2712.5,2.71250,12.0387,1202.5,0.03644,5.0812,702.5,0.07025,12.0112,9575.0,0.95750,12.0062,12552.5,1.25525,12.0212,3120.0,0.31200,12.0262,-5.0,-0.00050,12.0275,-7.5,-0.00075,12.0250,-7.5,-0.00075,12.0262,-5.0,-0.00050,12.0275,-5.0,-0.00050,12.0287,-5.0,-0.00050,12.0313,-7.5,-0.00075,111.36
6,484816,1,0,92.29,2465.0,2404.4,2679.7,0.0,19.9775,1710.0,1.71000,12.0350,2710.0,2.71000,12.0387,1205.0,0.03652,5.0812,702.5,0.07025,12.0112,9552.5,0.95525,12.0062,12550.0,1.25500,12.0212,3090.0,0.30900,12.0262,-5.0,-0.00050,12.0287,-7.5,-0.00075,12.0250,-7.5,-0.00075,12.0275,-5.0,-0.00050,12.0287,-5.0,-0.00050,12.0300,-5.0,-0.00050,12.0313,-7.5,-0.00075,111.71
6,485173,1,0,92.59,2526.3,2637.2,2520.4,0.0,19.9750,1727.5,1.72750,12.0350,2735.0,2.73500,12.0387,1207.5,0.03659,5.0812,702.5,0.07025,12.0112,9742.5,0.97425,12.0050,12617.5,1.26175,12.0212,3105.0,0.31050,12.0262,-5.0,-0.00050,12.0275,-7.5,-0.00075,12.0250,-7.5,-0.00075,12.0262,-5.0,-0.00050,12.0275,-5.0,-0.00050,12.0287,-5.0,-0.00050,12.0300,-7.5,-0.00075,112.05
6,485510,1,0,92.87,2533.7,2801.1,2629.8,0.0,19.9725,1752.5,1.75250,12.0337,2780.0,2.78000,12.0375,1202.5,0.03644,5.0812,702.5,0.07025,12.0100,9812.5,0.98125,12.0037,12795.0,1.27950,12.0200,3195.0,0.31950,12.0250,-5.0,-0.00050,12.0275,-7.5,-0.00075,12.0250,-7.5,-0.00075,12.0262,-5.0,-0.00050,12.0275,-5.0,-0.00050,12.0287,-5.0,-0.00050,12.0300,-7.5,-0.00075,112.39
6,485846,1,0,93.15,2753.1,3098.7,2636.0,0.0,19.9700,1770.0,1.77000,12.0337,2802.5,2.80250,12.0387,1202.5,0.03644,5.0812,705.0,0.07050,12.0100,9967.5,0.99675,12.0050,12835.0,1.28350,12.0200,3257.5,0.32575,12.0250,-5.0,-0.00050,12.0275,-7.5,-0.00075,12.0250,-7.5,-0.00075,12.0262,-5.0,-0.00050,12.0275,-5.0,-0.00050,12.0287,-5.0,-0.00050,12.0300,-7.5,-0.00075,112.71
6,486182,1,0,93.43,2716.9,2660.5,2749.9,0.0,19.9688,1780.0,1.78000,12.0337,2817.5,2.81750,12.0387,1202.5,0.03644,5.0812,702.5,0.07025,12.0100,9987.5,0.99875,12.0050,12892.5,1.28925,12.0200,3287.5,0.32875,12.0250,-5.0,-0.00050,12.0275,-7.5,-0.00075,12.0237,-7.5,-0.00075,12.0262,-5.0,-0.00050,12.0275,-5.0,-0.00050,12.0287,-5.0,-0.00050,12.0300,-7.5,-0.00075,113.05
6,486518,1,0,93.71,2555.2,2964.2,2759.1,0.0,19.9650,1807.5,1.80750,12.0337,2862.5,2.86250,12.0375,1205.0,0.03652,5.0812,702.5,0.07025,12.0087,10137.5,1.01375,12.0025,13155.0,1.31550,12.0188,3350.0,0.33500,12.0237,-5.0,-0.00050,12.0262,-7.5,-0.00075,12.0225,-7.5,-0.00075,12.0250,-5.0,-0.00050,12.0262,-5.0,-0.00050,12.0275,-5.0,-0.00050,12.0287,-7.5,-0.00075,113.38
6,486855,1,0,93.99,2563.4,2801.6,2876.3,0.0,19.9625,1825.0,1.82500,12.0337,2890.0,2.89000,12.0375,1205.0,0.03652,5.0812,705.0,0.07050,12.0087,10207.5,1.02075,12.0037,13382.5,1.33825,12.0200,3332.5,0.33325,12.0250,-5.0,-0.00050,12.0275,-7.5,-0.00075,12.0237,-7.5,-0.00075,12.0250,-5.0,-0.00050,12.0262,-5.0,-0.00050,12.0275,-5.0,-0.00050,12.0300,-7.5,-0.00075,113.74
6,487212,1,0,94.29,2514.1,2604.4,2925.1,0.0,19.9625,1822.5,1.82250,12.0337,2885.0,2.88500,12.0387,1205.0,0.03652,5.0812,702.5,0.07025,12.0087,10190.0,1.01900,12.0037,13402.5,1.34025,12.0200,3287.5,0.32875,12.0250,-5.0,-0.00050,12.0275,-7.5,-0.00075,12.0237,-7.5,-0.00075,12.0250,-5.0,-0.00050,12.0275,-5.0,-0.00050,12.0287,-5.0,-0.00050,12.0300,-7.5,-0.00075,114.08
6,487548,1,0,94.57,2771.8,3098.1,3105.0,0.0,19.9625,1827.5,1.82750,12.0337,2895.0,2.89500,12.0375,1207.5,0.03659,5.0812,702.5,0.07025,12.0087,10212.5,1.02125,12.0025,13370.0,1.33700,12.0188,3317.5,0.33175,12.0237,-5.0,-0.00050,12.0262,-7.5,-0.00075,12.0237,-7.5,-0.00075,12.0250,-5.0,-0.00050,12.0262,-5.0,-0.00050,12.0275,-5.0,-0.00050,12.0300,-7.5,-0.00075,114.41
6,487884,1,0,94.85,3011.2,2891.6,2896.4,0.0,19.9625,1832.5,1.83250,12.0337,2900.0,2.90000,12.0375,1207.5,0.03659,5.0812,705.0,0.07050,12.0087,10295.0,1.02950,12.0025,13372.5,1.33725,12.0188,3330.0,0.33300,12.0237,-5.0,-0.00050,12.0262,-7.5,-0.00075,12.0225,-7.5,-0.00075,12.0250,-5.0,-0.00050,12.0250,-5.0,-0.00050,12.0275,-5.0,-0.00050,12.0287,-7.5,-0.00075,114.76
6,488221,1,0,95.13,2475.1,3005.1,2579.1,0.0,19.9575,1865.0,1.86500,12.0325,2950.0,2.95000,12.0375,1205.0,0.03652,5.0812,705.0,0.07050,12.0075,10380.0,1.03800,12.0012,13665.0,1.36650,12.0175,3382.5,0.33825,12.0225,-5.0,-0.00050,12.0250,-7.5,-0.00075,12.0225,-7.5,-0.00075,12.0237,-5.0,-0.00050,12.0250,-5.0,-0.00050,12.0262,-5.0,-0.00050,12.0275,-7.5,-0.00075,115.09
6,488557,1,0,95.41,2702.3,2797.1,2632.7,0.0,19.9562,1875.0,1.87500,12.0337,2965.0,2.96500,12.0387,1205.0,0.03652,5.0812,702.5,0.07025,12.0087,10367.5,1.03675,12.0025,13787.5,1.37875,12.0188,3417.5,0.34175,12.0237,-5.0,-0.00050,12.0262,-7.5,-0.00075,12.0237,-7.5,-0.00075,12.0250,-5.0,-0.00050,12.0262,-5.0,-0.00050,12.0275,-5.0,-0.00050,12.0287,-7.5,-0.00075,115.43
6,488893,1,0,95.69,3035.9,2803.9,2686.4,0.0,19.9550,1885.0,1.88500,12.0337,2982.5,2.98250,12.0375,1202.5,0.03644,5.0812,705.0,0.07050,12.0075,10400.0,1.04000,12.0012,13897.5,1.38975,12.0188,3470.0,0.34700,12.0237,-5.0,-0.00050,12.0262,-7.5,-0.00075,12.0225,-7.5,-0.00075,12.0237,-5.0,-0.00050,12.0262,-5.0,-0.00050,12.0275,-5.0,-0.00050,12.0287,-7.5,-0.00075,115.78
6,489250,1,0,95.99,2609.9,2706.2,6929.6,0.0,19.9550,1887.5,1.88750,12.0337,2985.0,2.98500,12.0375,1212.5,0.03674,5.0812,710.0,0.07100,12.0075,10427.5,1.04275,12.0025,13872.5,1.38725,12.0188,3462.5,0.34625,12.0237,-5.0,-0.00050,12.0262,-7.5,-0.00075,12.0225,-7.5,-0.00075,12.0250,-5.0,-0.00050,12.0262,-5.0,-0.00050,12.0275,-5.0,-0.00050,12.0287,-7.5,-0.00075,116.13
6,489588,1,0,96.27,2878.6,2606.3,9676.7,0.0,19.9525,1905.0,1.90500,12.0325,3017.5,3.01750,12.0375,1220.0,0.03697,5.0812,715.0,0.07150,12.0062,10572.5,1.05725,12.0012,13945.0,1.39450,12.0175,3552.5,0.35525,12.0237,-5.0,-0.00050,12.0250,-7.5,-0.00075,12.0225,-7.5,-0.00075,12.0237,-5.0,-0.00050,12.0250,-5.0,-0.00050,12.0262,-5.0,-0.00050,12.0275,-7.5,-0.00075,116.46
6,489923,1,0,96.55,2843.2,2724.4,9630.0,0.0,19.9513,1912.5,1.91250,12.0337,3027.5,3.02750,12.0375,1215.0,0.03682,5.0812,712.5,0.07125,12.0075,10602.5,1.06025,12.0012,13950.0,1.39500,12.0175,3560.0,0.35600,12.0237,-5.0,-0.00050,12.0262,-7.5,-0.00075,12.0225,-7.5,-0.00075,12.0237,-5.0,-0.00050,12.0262,-5.0,-0.00050,12.0275,-5.0,-0.00050,12.0287,-7.5,-0.00075,116.80
6,490259,1,0,96.83,2852.0,2822.4,8255.8,0.0,19.9475,1945.0,1.94500,12.0325,3080.0,3.08000,12.0363,1212.5,0.03674,5.0812,707.5,0.07075,12.0050,10762.5,1.07625,12.0000,14180.0,1.41800,12.0162,3622.5,0.36225,12.0225,-5.0,-0.00050,12.0237,-7.5,-0.00075,12.0212,-7.5,-0.00075,12.0237,-5.0,-0.00050,12.0250,-5.0,-0.00050,12.0262,-5.0,-0.00050,12.0275,-7.5,-0.00075,117.13
6,490595,1,0,97.11,2529.6,2932.6,6768.9,0.0,19.9450,1957.5,1.95750,12.0325,3097.5,3.09750,12.0375,1205.0,0.03652,5.0812,705.0,0.07050,12.0062,10887.5,1.08875,12.0000,14305.0,1.43050,12.0175,3630.0,0.36300,12.0225,-5.0,-0.00050,12.0250,-7.5,-0.00075,12.0212,-7.5,-0.00075,12.0237,-5.0,-0.00050,12.0250,-5.0,-0.00050,12.0262,-5.0,-0.00050,12.0275,-7.5,-0.00075,117.46
6,490932,1,0,97.39,2742.0,2835.2,2959.6,0.0,19.9438,1967.5,1.96750,12.0325,3120.0,3.12000,12.0375,1205.0,0.03652,5.0812,705.0,0.07050,12.0062,10997.5,1.09975,12.0000,14340.0,1.43400,12.0175,3637.5,0.36375,12.0237,-5.0,-0.00050,12.0250,-7.5,-0.00075,12.0225,-7.5,-0.00075,12.0237,-5.0,-0.00050,12.0250,-5.0,-0.00050,12.0262,-5.0,-0.00050,12.0275,-7.5,-0.00075,117.82
6,491289,1,0,97.69,2643.7,2525.3,2645.8,0.0,19.9425,1980.0,1.98000,12.0325,3135.0,3.13500,12.0375,1205.0,0.03652,5.0812,705.0,0.07050,12.0050,11075.0,1.10750,12.0000,14460.0,1.44600,12.0162,3650.0,0.36500,12.0225,-5.0,-0.00050,12.0250,-7.5,-0.00075,12.0212,-7.5,-0.00075,12.0237,-5.0,-0.00050,12.0250,-5.0,-0.00050,12.0262,-5.0,-0.00050,12.0275,-7.5,-0.00075,118.16
6,491625,1,0,97.97,2863.6,2637.3,3071.4,0.0,19.9400,1997.5,1.99750,12.0325,3157.5,3.15750,12.0375,1202.5,0.03644,5.0812,705.0,0.07050,12.0050,11170.0,1.11700,12.0000,14547.5,1.45475,12.0175,3642.5,0.36425,12.0225,-5.0,-0.00050,12.0237,-7.5,-0.00075,12.0212,-7.5,-0.00075,12.0237,-5.0,-0.00050,12.0250,-5.0,-0.00050,12.0262,-5.0,-0.00050,12.0275,-7.5,-0.00075,118.50
6,491961,1,0,98.25,2552.1,2858.1,2684.5,0.0,19.9387,2007.5,2.00750,12.0325,3182.5,3.18250,12.0375,1202.5,0.03644,5.0812,702.5,0.07025,12.0050,11142.5,1.11425,11.9987,14745.0,1.47450,12.0162,3695.0,0.36950,12.0225,-5.0,-0.00050,12.0237,-7.5,-0.00075,12.0212,-7.5,-0.00075,12.0225,-5.0,-0.00050,12.0250,-5.0,-0.00050,12.0262,-5.0,-0.00050,12.0275,-7.5,-0.00075,118.83
6,492298,1,0,98.53,2921.7,2910.0,2759.4,0.0,19.9362,2027.5,2.02750,12.0325,3207.5,3.20750,12.0375,1202.5,0.03644,5.0812,705.0,0.07050,12.0037,11317.5,1.13175,11.9987,14842.5,1.48425,12.0162,3712.5,0.37125,12.0225,-5.0,-0.00050,12.0237,-7.5,-0.00075,12.0212,-7.5,-0.00075,12.0225,-5.0,-0.00050,12.0237,-5.0,-0.00050,12.0250,-5.0,-0.00050,12.0275,-7.5,-0.00075,119.16
6,492634,1,0,98.81,2567.0,2766.9,2913.7,0.0,19.9338,2045.0,2.04500,12.0325,3235.0,3.23500,12.0363,1205.0,0.03652,5.0812,705.0,0.07050,12.0037,11320.0,1.13200,11.9987,15035.0,1.50350,12.0162,3700.0,0.37000,12.0212,-5.0,-0.00050,12.0237,-7.5,-0.00075,12.0212,-7.5,-0.00075,12.0225,-5.0,-0.00050,12.0237,-5.0,-0.00050,12.0262,-5.0,-0.00050,12.0275,-7.5,-0.00075,119.50
6,492970,1,0,99.09,2680.5,2880.7,3202.1,0.0,19.9287,2080.0,2.08000,12.0313,3297.5,3.29750,12.0350,1205.0,0.03652,5.0812,705.0,0.07050,12.0012,11637.5,1.16375,11.9963,15332.5,1.53325,12.0150,3705.0,0.37050,12.0200,-5.0,-0.00050,12.0225,-7.5,-0.00075,12.0200,-7.5,-0.00075,12.0212,-5.0,-0.00050,12.0225,-5.0,-0.00050,12.0250,-5.0,-0.00050,12.0262,-7.5,-0.00075,119.85
6,493327,1,0,99.38,2581.1,2888.4,2879.9,0.0,19.9300,2075.0,2.07500,12.0337,3280.0,3.28000,12.0387,1207.5,0.03659,5.0812,705.0,0.07050,12.0050,11507.5,1.15075,11.9987,15285.0,1.52850,12.0162,3675.0,0.36750,12.0225,-5.0,-0.00050,12.0250,-7.5,-0.00075,12.0212,-7.5,-0.00075,12.0237,-5.0,-0.00050,12.0250,-5.0,-0.00050,12.0262,-5.0,-0.00050,12.0275,-7.5,-0.00075,120.19
6,493664,1,0,99.67,2585.0,3002.3,2818.7,0.0,19.9350,2037.5,2.03750,12.0337,3225.0,3.22500,12.0387,1207.5,0.03659,5.0812,705.0,0.07050,12.0062,11210.0,1.12100,12.0000,15027.5,1.50275,12.0175,3715.0,0.37150,12.0237,-5.0,-0.00050,12.0262,-7.5,-0.00075,12.0225,-7.5,-0.00075,12.0250,-5.0,-0.00050,12.0262,-5.0,-0.00050,12.0275,-5.0,-0.00050,12.0287,-7.5,-0.00075,120.53
6,494000,1,0,99.95,2800.5,3150.7,2905.7,0.0,19.9412,1987.5,1.98750,12.0337,3142.5,3.14250,12.0387,1205.0,0.03652,5.0812,705.0,0.07050,12.0062,10855.0,1.08550,12.0012,14722.5,1.47225,12.0188,3695.0,0.36950,12.0237,-5.0,-0.00050,12.0262,-7.5,-0.00075,12.0225,-7.5,-0.00075,12.0250,-5.0,-0.00050,12.0262,-5.0,-0.00050,12.0275,-5.0,-0.00050,12.0287,-7.5,-0.00075,120.87
6,494346,1,0,100.00,2474.2,2678.1,2672.9,0.0,19.9462,1950.0,1.95000,12.0337,3085.0,3.08500,12.0387,1202.5,0.03644,5.0812,702.5,0.07025,12.0062,10625.0,1.06250,12.0012,14422.5,1.44225,12.0188,3685.0,0.36850,12.0237,-5.0,-0.00050,12.0262,-7.5,-0.00075,12.0237,-7.5,-0.00075,12.0250,-5.0,-0.00050,12.0275,-5.0,-0.00050,12.0287,-5.0,-0.00050,12.0287,-7.5,-0.00075,121.21
6,494682,1,0,99.71,2577.9,2887.0,3000.7,0.0,19.9462,1947.5,1.94750,12.0325,3090.0,3.09000,12.0375,1202.5,0.03644,5.0812,705.0,0.07050,12.0062,10665.0,1.06650,12.0012,14310.0,1.43100,12.0175,3670.0,0.36700,12.0237,-5.0,-0.00050,12.0250,-7.5,-0.00075,12.0225,-7.5,-0.00075,12.0237,-5.0,-0.00050,12.0250,-5.0,-0.00050,12.0262,-5.0,-0.00050,12.0275,-7.5,-0.00075,121.55
6,495019,1,0,99.43,2898.7,2822.5,2920.4,0.0,19.9450,1960.0,1.96000,12.0325,3105.0,3.10500,12.0375,1205.0,0.03652,5.0812,705.0,0.07050,12.0062,10812.5,1.08125,12.0000,14410.0,1.44100,12.0162,3702.5,0.37025,12.0225,-5.0,-0.00050,12.0250,-7.5,-0.00075,12.0212,-7.5,-0.00075,12.0237,-5.0,-0.00050,12.0250,-5.0,-0.00050,12.0262,-5.0,-0.00050,12.0275,-7.5,-0.00075,121.90
6,495376,1,0,99.13,3112.4,2882.8,2780.4,0.0,19.9425,1977.5,1.97750,12.0325,3132.5,3.13250,12.0375,1205.0,0.03652,5.0812,705.0,0.07050,12.0050,10927.5,1.09275,12.0000,14432.5,1.44325,12.0175,3692.5,0.36925,12.0225,-5.0,-0.00050,12.0250,-7.5,-0.00075,12.0212,-7.5,-0.00075,12.0237,-5.0,-0.00050,12.0250,-5.0,-0.00050,12.0262,-5.0,-0.00050,12.0287,-7.5,-0.00075,122.24
6,495712,1,0,98.85,3044.1,2669.2,2814.2,0.0,19.9438,1970.0,1.97000,12.0337,3120.0,3.12000,12.0375,1202.5,0.03644,5.0812,705.0,0.07050,12.0062,10935.0,1.09350,12.0012,14412.5,1.44125,12.0175,3652.5,0.36525,12.0237,-5.0,-0.00050,12.0250,-7.5,-0.00075,12.0225,-7.5,-0.00075,12.0250,-5.0,-0.00050,12.0262,-5.0,-0.00050,12.0287,-5.0,-0.00050,12.0300,-7.5,-0.00075,122.58
6,496048,1,0,98.57,2667.3,2923.8,3004.3,0.0,19.9475,1937.5,1.93750,12.0350,3070.0,3.07000,12.0387,1205.0,0.03652,5.0812,705.0,0.07050,12.0075,10770.0,1.07700,12.0025,14180.0,1.41800,12.0188,3595.0,0.35950,12.0250,-5.0,-0.00050,12.0262,-7.5,-0.00075,12.0237,-7.5,-0.00075,12.0250,-5.0,-0.00050,12.0275,-5.0,-0.00050,12.0287,-5.0,-0.00050,12.0300,-7.5,-0.00075,122.91
6,496385,1,0,98.29,2563.4,3008.5,2797.2,0.0,19.9550,1887.5,1.88750,12.0350,2992.5,2.99250,12.0400,1202.5,0.03644,5.0812,705.0,0.07050,12.0100,10495.0,1.04950,12.0037,13790.0,1.37900,12.0200,3497.5,0.34975,12.0262,-5.0,-0.00050,12.0275,-7.5,-0.00075,12.0250,-7.5,-0.00075,12.0262,-5.0,-0.00050,12.0275,-5.0,-0.00050,12.0287,-5.0,-0.00050,12.0300,-7.5,-0.00075,123.25
6,496721,1,0,98.01,2767.7,2975.7,3020.2,0.0,19.9600,1850.0,1.85000,12.0350,2927.5,2.92750,12.0400,1205.0,0.03652,5.0812,705.0,0.07050,12.0100,10345.0,1.03450,12.0037,13515.0,1.35150,12.0212,3382.5,0.33825,12.0262,-5.0,-0.00050,12.0275,-7.5,-0.00075,12.0237,-7.5,-0.00075,12.0262,-5.0,-0.00050,12.0275,-5.0,-0.00050,12.0287,-5.0,-0.00050,12.0300,-7.5,-0.00075,123.59
6,497057,1,0,97.73,2653.0,2859.8,2759.3,0.0,19.9637,1815.0,1.81500,12.0350,2875.0,2.87500,12.0387,1202.5,0.03644,5.0812,705.0,0.07050,12.0100,10115.0,1.01150,12.0050,13267.5,1.32675,12.0212,3300.0,0.33000,12.0262,-5.0,-0.00050,12.0287,-7.5,-0.00075,12.0250,-7.5,-0.00075,12.0275,-5.0,-0.00050,12.0287,-5.0,-0.00050,12.0300,-5.0,-0.00050,12.0313,-7.5,-0.00075,123.94
6,497414,1,0,97.44,2537.7,2682.4,2858.0,0.0,19.9662,1802.5,1.80250,12.0350,2852.5,2.85250,12.0387,1205.0,0.03652,5.0812,705.0,0.07050,12.0100,10120.0,1.01200,12.0050,13132.5,1.31325,12.0200,3272.5,0.32725,12.0250,-5.0,-0.00050,12.0275,-7.5,-0.00075,12.0237,-7.5,-0.00075,12.0262,-5.0,-0.00050,12.0275,-5.0,-0.00050,12.0287,-5.0,-0.00050,12.0300,-7.5,-0.00075,124.28
6,497751,1,0,97.15,2846.1,3004.6,3805.3,0.0,19.9675,1790.0,1.79000,12.0350,2837.5,2.83750,12.0400,1207.5,0.03659,5.0812,702.5,0.07025,12.0112,10062.5,1.00625,12.0050,13050.0,1.30500,12.0212,3227.5,0.32275,12.0262,-5.0,-0.00050,12.0287,-7.5,-0.00075,12.0250,-7.5,-0.00075,12.0275,-5.0,-0.00050,12.0287,-5.0,-0.00050,12.0300,-5.0,-0.00050,12.0313,-7.5,-0.00075,124.62
6,498087,1,0,96.87,2858.4,3101.0,8712.4,0.0,19.9675,1790.0,1.79000,12.0350,2837.5,2.83750,12.0387,1210.0,0.03667,5.0812,707.5,0.07075,12.0100,10042.5,1.00425,12.0050,13095.0,1.30950,12.0212,3220.0,0.32200,12.0262,-5.0,-0.00050,12.0275,-7.5,-0.00075,12.0250,-7.5,-0.00075,12.0262,-5.0,-0.00050,12.0275,-5.0,-0.00050,12.0287,-5.0,-0.00050,12.0300,-7.5,-0.00075,124.95
6,498423,1,0,96.59,2897.8,3095.9,9395.8,0.0,19.9688,1780.0,1.78000,12.0350,2822.5,2.82250,12.0400,1215.0,0.03682,5.0812,712.5,0.07125,12.0112,9907.5,0.99075,12.0050,13062.5,1.30625,12.0212,3230.0,0.32300,12.0262,-5.0,-0.00050,12.0287,-7.5,-0.00075,12.0250,-7.5,-0.00075,12.0275,-5.0,-0.00050,12.0287,-5.0,-0.00050,12.0300,-5.0,-0.00050,12.0313,-7.5,-0.00075,125.29
6,498759,1,0,96.31,2678.7,2707.7,9575.2,0.0,19.9688,1782.5,1.78250,12.0337,2825.0,2.82500,12.0387,1222.5,0.03705,5.0812,715.0,0.07150,12.0100,9807.5,0.98075,12.0050,13090.0,1.30900,12.0200,3330.0,0.33300,12.0250,-5.0,-0.00050,12.0275,-7.5,-0.00075,12.0250,-7.5,-0.00075,12.0262,-5.0,-0.00050,12.0275,-5.0,-0.00050,12.0287,-5.0,-0.00050,12.0300,-7.5,-0.00075,125.64
6,499096,1,0,96.03,2949.5,2491.0,7441.5,0.0,19.9712,1762.5,1.76250,12.0350,2792.5,2.79250,12.0400,1217.5,0.03689,5.0812,710.0,0.07100,12.0112,9662.5,0.96625,12.0050,13005.0,1.30050,12.0212,3322.5,0.33225,12.0262,-5.0,-0.00050,12.0287,-7.5,-0.00075,12.0250,-7.5,-0.00075,12.0275,-5.0,-0.00050,12.0287,-5.0,-0.00050,12.0300,-5.0,-0.00050,12.0313,-7.5,-0.00075,125.98
6,499453,1,0,95.74,2602.5,2920.7,2602.2,0.0,19.9725,1750.0,1.75000,12.0350,2765.0,2.76500,12.0400,1202.5,0.03644,5.0812,702.5,0.07025,12.0112,9615.0,0.96150,12.0050,12870.0,1.28700,12.0212,3295.0,0.32950,12.0262,-5.0,-0.00050,12.0275,-7.5,-0.00075,12.0237,-7.5,-0.00075,12.0262,-5.0,-0.00050,12.0275,-5.0,-0.00050,12.0287,-5.0,-0.00050,12.0300,-7.5,-0.00075,126.33
6,499789,1,0,95.46,2594.3,2684.2,2795.6,0.0,19.9737,1740.0,1.74000,12.0350,2760.0,2.76000,12.0400,1205.0,0.03652,5.0812,705.0,0.07050,12.0112,9652.5,0.96525,12.0062,12777.5,1.27775,12.0212,3262.5,0.32625,12.0262,-5.0,-0.00050,12.0287,-7.5,-0.00075,12.0262,-7.5,-0.00075,12.0275,-5.0,-0.00050,12.0287,-5.0,-0.00050,12.0300,-5.0,-0.00050,12.0313,-7.5,-0.00075,126.66
6,500125,1,0,95.18,2810.9,2692.7,2484.3,0.0,19.9762,1725.0,1.72500,12.0350,2735.0,2.73500,12.0387,1202.5,0.03644,5.0812,702.5,0.07025,12.0112,9582.5,0.95825,12.0062,12607.5,1.26075,12.0212,3175.0,0.31750,12.0262,-5.0,-0.00050,12.0287,-7.5,-0.00075,12.0250,-7.5,-0.00075,12.0275,-5.0,-0.00050,12.0287,-5.0,-0.00050,12.0287,-5.0,-0.00050,12.0313,-7.5,-0.00075,127.00
6,500462,1,0,94.90,2373.3,2731.5,3125.7,0.0,19.9775,1712.5,1.71250,12.0350,2715.0,2.71500,12.0400,1205.0,0.03652,5.0812,702.5,0.07025,12.0125,9522.5,0.95225,12.0062,12532.5,1.25325,12.0225,3160.0,0.31600,12.0275,-5.0,-0.00050,12.0287,-7.5,-0.00075,12.0250,-7.5,-0.00075,12.0275,-5.0,-0.00050,12.0287,-5.0,-0.00050,12.0300,-5.0,-0.00050,12.0313,-7.5,-0.00075,127.34
6,500798,1,0,94.62,2801.1,3001.6,2571.8,0.0,19.9800,1700.0,1.70000,12.0350,2692.5,2.69250,12.0400,1200.0,0.03636,5.0812,702.5,0.07025,12.0125,9427.5,0.94275,12.0075,12462.5,1.24625,12.0225,3125.0,0.31250,12.0275,-5.0,-0.00050,12.0287,-7.5,-0.00075,12.0262,-7.5,-0.00075,12.0275,-5.0,-0.00050,12.0287,-5.0,-0.00050,12.0300,-5.0,-0.00050,12.0313,-7.5,-0.00075,127.67
6,501134,1,0,94.34,2472.4,3209.0,3144.5,0.0,19.9825,1677.5,1.67750,12.0363,2657.5,2.65750,12.0400,1202.5,0.03644,5.0812,702.5,0.07025,12.0138,9222.5,0.92225,12.0087,12367.5,1.23675,12.0225,3087.5,0.30875,12.0275,-5.0,-0.00050,12.0287,-7.5,-0.00075,12.0262,-7.5,-0.00075,12.0287,-5.0,-0.00050,12.0287,-5.0,-0.00050,12.0313,-5.0,-0.00050,12.0325,-7.5,-0.00075,128.02
6,501491,1,0,94.04,2464.1,3307.2,2989.3,0.0,19.9837,1662.5,1.66250,12.0363,2637.5,2.63750,12.0387,1202.5,0.03644,5.0812,702.5,0.07025,12.0125,9195.0,0.91950,12.0087,12245.0,1.22450,12.0225,3072.5,0.30725,12.0275,-5.0,-0.00050,12.0287,-7.5,-0.00075,12.0275,-7.5,-0.00075,12.0287,-5.0,-0.00050,12.0300,-5.0,-0.00050,12.0313,-5.0,-0.00050,12.0325,-7.5,-0.00075,128.37
6,501828,1,0,93.76,2457.0,2657.2,2662.5,0.0,19.9837,1665.0,1.66500,12.0363,2635.0,2.63500,12.0400,1202.5,0.03644,5.0812,702.5,0.07025,12.0125,9242.5,0.92425,12.0075,12235.0,1.22350,12.0225,3110.0,0.31100,12.0275,-5.0,-0.00050,12.0287,-7.5,-0.00075,12.0262,-7.5,-0.00075,12.0287,-5.0,-0.00050,12.0287,-5.0,-0.00050,12.0300,-5.0,-0.00050,12.0325,-7.5,-0.00075,128.69
6,502164,1,0,93.48,2556.8,2649.7,2449.4,0.0,19.9875,1637.5,1.63750,12.0363,2595.0,2.59500,12.0400,1202.5,0.03644,5.0812,702.5,0.07025,12.0150,9122.5,0.91225,12.0100,12030.0,1.20300,12.0237,3032.5,0.30325,12.0287,-5.0,-0.00050,12.0313,-7.5,-0.00075,12.0275,-7.5,-0.00075,12.0300,-5.0,-0.00050,12.0300,-5.0,-0.00050,12.0313,-5.0,-0.00050,12.0325,-7.5,-0.00075,129.03
6,502500,1,0,93.20,2492.7,2751.9,2861.3,0.0,19.9900,1617.5,1.61750,12.0363,2565.0,2.56500,12.0400,1202.5,0.03644,5.0812,702.5,0.07025,12.0150,8990.0,0.89900,12.0087,11802.5,1.18025,12.0237,2997.5,0.29975,12.0287,-5.0,-0.00050,12.0300,-7.5,-0.00075,12.0275,-7.5,-0.00075,12.0287,-5.0,-0.00050,12.0300,-5.0,-0.00050,12.0313,-5.0,-0.00050,12.0325,-7.5,-0.00075,129.37
6,502836,1,0,92.92,2435.1,3170.4,2642.3,0.0,19.9925,1605.0,1.60500,12.0363,2550.0,2.55000,12.0400,1202.5,0.03644,5.0812,702.5,0.07025,12.0150,8960.0,0.89600,12.0100,11720.0,1.17200,12.0237,2972.5,0.29725,12.0287,-5.0,-0.00050,12.0313,-7.5,-0.00075,12.0275,-7.5,-0.00075,12.0287,-5.0,-0.00050,12.0300,-5.0,-0.00050,12.0313,-5.0,-0.00050,12.0325,-7.5,-0.00075,129.70
6,503173,1,0,92.64,2428.5,2528.8,2636.1,0.0,19.9925,1597.5,1.59750,12.0363,2532.5,2.53250,12.0400,1202.5,0.03644,5.0812,705.0,0.07050,12.0150,8910.0,0.89100,12.0100,11622.5,1.16225,12.0237,2950.0,0.29500,12.0287,-5.0,-0.00050,12.0300,-7.5,-0.00075,12.0275,-7.5,-0.00075,12.0287,-5.0,-0.00050,12.0300,-5.0,-0.00050,12.0313,-5.0,-0.00050,12.0325,-7.5,-0.00075,130.05
6,503530,1,0,92.34,2633.4,2753.2,2531.4,0.0,19.9950,1585.0,1.58500,12.0363,2510.0,2.51000,12.0400,1202.5,0.03644,5.0812,702.5,0.07025,12.0150,8862.5,0.88625,12.0100,11527.5,1.15275,12.0237,2945.0,0.29450,12.0287,-5.0,-0.00050,12.0313,-7.5,-0.00075,12.0275,-7.5,-0.00075,12.0287,-5.0,-0.00050,12.0300,-5.0,-0.00050,12.0313,-5.0,-0.00050,12.0325,-7.5,-0.00075,130.40
6,503866,1,0,92.06,2312.3,2468.9,2408.7,0.0,19.9950,1585.0,1.58500,12.0363,2512.5,2.51250,12.0400,1205.0,0.03652,5.0812,702.5,0.07025,12.0138,8810.0,0.88100,12.0100,11597.5,1.15975,12.0237,2947.5,0.29475,12.0287,-5.0,-0.00050,12.0300,-7.5,-0.00075,12.0275,-7.5,-0.00075,12.0287,-5.0,-0.00050,12.0300,-5.0,-0.00050,12.0313,-5.0,-0.00050,12.0325,-7.5,-0.00075,130.73
6,504202,1,0,91.78,2745.1,2888.7,2401.1,0.0,19.9963,1570.0,1.57000,12.0375,2485.0,2.48500,12.0412,1202.5,0.03644,5.0812,702.5,0.07025,12.0162,8665.0,0.86650,12.0112,11485.0,1.14850,12.0250,2957.5,0.29575,12.0287,-5.0,-0.00050,12.0313,-7.5,-0.00075,12.0275,-7.5,-0.00075,12.0300,-5.0,-0.00050,12.0300,-5.0,-0.00050,12.0313,-5.0,-0.00050,12.0325,-7.5,-0.00075,131.07
6,504539,1,0,91.50,2847.3,2913.7,2399.7,0.0,19.9975,1560.0,1.56000,12.0363,2475.0,2.47500,12.0400,1205.0,0.03652,5.0812,702.5,0.07025,12.0150,8670.0,0.86700,12.0112,11377.5,1.13775,12.0250,2907.5,0.29075,12.0300,-5.0,-0.00050,12.0313,-7.5,-0.00075,12.0287,-7.5,-0.00075,12.0300,-5.0,-0.00050,12.0300,-5.0,-0.00050,12.0325,-5.0,-0.00050,12.0325,-7.5,-0.00075,131.41
6,504875,1,0,91.22,2607.3,2712.1,2612.0,0.0,20.0012,1540.0,1.54000,12.0375,2437.5,2.43750,12.0412,1200.0,0.03636,5.0812,702.5,0.07025,12.0175,8492.5,0.84925,12.0125,11220.0,1.12200,12.0262,2880.0,0.28800,12.0300,-5.0,-0.00050,12.0313,-7.5,-0.00075,12.0287,-7.5,-0.00075,12.0300,-5.0,-0.00050,12.0313,-5.0,-0.00050,12.0325,-5.0,-0.00050,12.0337,-7.5,-0.00075,131.74
6,505211,1,0,90.94,2614.4,2745.9,2590.7,0.0,20.0025,1525.0,1.52500,12.0375,2415.0,2.41500,12.0412,1205.0,0.03652,5.0812,702.5,0.07025,12.0175,8442.5,0.84425,12.0125,11087.5,1.10875,12.0262,2887.5,0.28875,12.0300,-5.0,-0.00050,12.0313,-7.5,-0.00075,12.0287,-7.5,-0.00075,12.0300,-5.0,-0.00050,12.0313,-5.0,-0.00050,12.0325,-5.0,-0.00050,12.0337,-7.5,-0.00075,132.09
6,505568,1,0,90.64,2899.1,2805.7,2584.6,0.0,20.0050,1507.5,1.50750,12.0375,2382.5,2.38250,12.0412,1202.5,0.03644,5.0812,702.5,0.07025,12.0175,8392.5,0.83925,12.0125,11002.5,1.10025,12.0262,2852.5,0.28525,12.0300,-5.0,-0.00050,12.0313,-7.5,-0.00075,12.0287,-7.5,-0.00075,12.0300,-5.0,-0.00050,12.0313,-5.0,-0.00050,12.0325,-5.0,-0.00050,12.0337,-7.5,-0.00075,132.44
6,505905,1,0,90.36,2638.4,2587.4,2700.7,0.0,20.0050,1505.0,1.50500,12.0375,2387.5,2.38750,12.0412,1202.5,0.03644,5.0812,702.5,0.07025,12.0175,8302.5,0.83025,12.0125,10977.5,1.09775,12.0262,2802.5,0.28025,12.0300,-5.0,-0.00050,12.0325,-7.5,-0.00075,12.0287,-7.5,-0.00075,12.0300,-5.0,-0.00050,12.0313,-5.0,-0.00050,12.0325,-5.0,-0.00050,12.0337,-7.5,-0.00075,132.78
6,506241,1,0,90.08,2586.7,2581.1,2691.5,0.0,20.0063,1500.0,1.50000,12.0375,2377.5,2.37750,12.0412,1202.5,0.03644,5.0812,702.5,0.07025,12.0175,8385.0,0.83850,12.0125,11000.0,1.10000,12.0262,2752.5,0.27525,12.0300,-5.0,-0.00050,12.0325,-7.5,-0.00075,12.0287,-7.5,-0.00075,12.0313,-5.0,-0.00050,12.0325,-5.0,-0.00050,12.0325,-5.0,-0.00050,12.0337,-7.5,-0.00075,133.11
6,506577,1,0,89.80,2580.5,2677.6,2789.8,0.0,20.0063,1497.5,1.49750,12.0375,2367.5,2.36750,12.0412,1202.5,0.03644,5.0812,702.5,0.07025,12.0175,8325.0,0.83250,12.0125,10940.0,1.09400,12.0250,2767.5,0.27675,12.0300,-5.0,-0.00050,12.0313,-7.5,-0.00075,12.0287,-7.5,-0.00075,12.0300,-5.0,-0.00050,12.0313,-5.0,-0.00050,12.0325,-5.0,-0.00050,12.0337,-7.5,-0.00075,133.44
6,506913,1,0,89.52,2469.5,2455.5,2784.2,0.0,20.0087,1482.5,1.48250,12.0375,2355.0,2.35500,12.0412,1200.0,0.03636,5.0812,702.5,0.07025,12.0188,8312.5,0.83125,12.0138,10735.0,1.07350,12.0262,2775.0,0.27750,12.0300,-5.0,-0.00050,12.0325,-7.5,-0.00075,12.0287,-7.5,-0.00075,12.0313,-5.0,-0.00050,12.0313,-5.0,-0.00050,12.0325,-5.0,-0.00050,12.0350,-7.5,-0.00075,133.78
6,507250,1,0,89.24,2359.1,2768.4,2565.0,0.0,20.0112,1457.5,1.45750,12.0375,2305.0,2.30500,12.0412,1202.5,0.03644,5.0812,702.5,0.07025,12.0188,8192.5,0.81925,12.0138,10522.5,1.05225,12.0275,2730.0,0.27300,12.0313,-5.0,-0.00050,12.0325,-7.5,-0.00075,12.0300,-7.5,-0.00075,12.0313,-5.0,-0.00050,12.0325,-5.0,-0.00050,12.0337,-5.0,-0.00050,12.0350,-7.5,-0.00075,134.13
6,507607,1,0,88.94,2673.4,2564.8,3090.0,0.0,20.0125,1447.5,1.44750,12.0375,2290.0,2.29000,12.0412,1202.5,0.03644,5.0812,702.5,0.07025,12.0188,8110.0,0.81100,12.0138,10502.5,1.05025,12.0275,2712.5,0.27125,12.0313,-5.0,-0.00050,12.0325,-7.5,-0.00075,12.0287,-7.5,-0.00075,12.0313,-5.0,-0.00050,12.0313,-5.0,-0.00050,12.0337,-5.0,-0.00050,12.0350,-7.5,-0.00075,134.48
6,507943,1,0,88.66,2452.5,2226.7,2336.2,0.0,20.0150,1427.5,1.42750,12.0387,2260.0,2.26000,12.0412,1202.5,0.03644,5.0812,702.5,0.07025,12.0188,7942.5,0.79425,12.0150,10402.5,1.04025,12.0275,2685.0,0.26850,12.0313,-5.0,-0.00050,12.0337,-7.5,-0.00075,12.0300,-7.5,-0.00075,12.0325,-5.0,-0.00050,12.0325,-5.0,-0.00050,12.0337,-5.0,-0.00050,12.0350,-7.5,-0.00075,134.82
6,508279,1,0,88.38,2338.1,2818.9,2482.3,0.0,20.0175,1415.0,1.41500,12.0375,2247.5,2.24750,12.0412,1205.0,0.03652,5.0812,702.5,0.07025,12.0200,7842.5,0.78425,12.0150,10280.0,1.02800,12.0275,2682.5,0.26825,12.0313,-5.0,-0.00050,12.0337,-7.5,-0.00075,12.0300,-7.5,-0.00075,12.0313,-5.0,-0.00050,12.0325,-5.0,-0.00050,12.0337,-5.0,-0.00050,12.0350,-7.5,-0.00075,135.15
6,508616,1,0,88.10,2378.4,2550.0,2533.7,0.0,20.0200,1395.0,1.39500,12.0387,2210.0,2.21000,12.0412,1202.5,0.03644,5.0812,702.5,0.07025,12.0200,7737.5,0.77375,12.0150,10175.0,1.01750,12.0275,2630.0,0.26300,12.0325,-5.0,-0.00050,12.0337,-7.5,-0.00075,12.0313,-7.5,-0.00075,12.0325,-5.0,-0.00050,12.0337,-5.0,-0.00050,12.0350,-5.0,-0.00050,12.0350,-7.5,-0.00075,135.48
6,508952,1,0,87.82,2531.1,2421.9,2321.2,0.0,20.0212,1385.0,1.38500,12.0387,2192.5,2.19250,12.0412,1200.0,0.03636,5.0812,702.5,0.07025,12.0200,7675.0,0.76750,12.0150,10107.5,1.01075,12.0275,2600.0,0.26000,12.0313,-5.0,-0.00050,12.0337,-7.5,-0.00075,12.0300,-7.5,-0.00075,12.0313,-5.0,-0.00050,12.0325,-5.0,-0.00050,12.0337,-5.0,-0.00050,12.0350,-7.5,-0.00075,135.83
6,509288,1,0,87.54,2417.4,2518.5,2518.8,0.0,20.0225,1375.0,1.37500,12.0375,2177.5,2.17750,12.0412,1202.5,0.03644,5.0812,702.5,0.07025,12.0200,7695.0,0.76950,12.0150,10012.5,1.00125,12.0275,2572.5,0.25725,12.0325,-5.0,-0.00050,12.0337,-7.5,-0.00075,12.0300,-7.5,-0.00075,12.0325,-5.0,-0.00050,12.0337,-5.0,-0.00050,12.0350,-5.0,-0.00050,12.0363,-7.5,-0.00075,136.18
6,509645,1,0,87.24,2410.3,3030.5,2464.0,0.0,20.0238,1365.0,1.36500,12.0375,2162.5,2.16250,12.0412,1202.5,0.03644,5.0812,702.5,0.07025,12.0200,7625.0,0.76250,12.0162,9895.0,0.98950,12.0275,2567.5,0.25675,12.0313,-5.0,-0.00050,12.0325,-7.5,-0.00075,12.0300,-7.5,-0.00075,12.0325,-5.0,-0.00050,12.0325,-5.0,-0.00050,12.0337,-5.0,-0.00050,12.0350,-7.5,-0.00075,136.51
6,509982,1,0,86.96,2305.6,2561.9,2504.2,0.0,20.0262,1347.5,1.34750,12.0387,2137.5,2.13750,12.0412,1202.5,0.03644,5.0812,702.5,0.07025,12.0200,7567.5,0.75675,12.0162,9777.5,0.97775,12.0287,2517.5,0.25175,12.0325,-5.0,-0.00050,12.0337,-7.5,-0.00075,12.0313,-7.5,-0.00075,12.0325,-5.0,-0.00050,12.0337,-5.0,-0.00050,12.0350,-5.0,-0.00050,12.0363,-7.5,-0.00075,136.85
6,510318,1,0,86.68,2300.2,2803.9,2345.8,0.0,20.0275,1337.5,1.33750,12.0375,2120.0,2.12000,12.0412,1202.5,0.03644,5.0812,702.5,0.07025,12.0200,7480.0,0.74800,12.0162,9715.0,0.97150,12.0287,2537.5,0.25375,12.0325,-5.0,-0.00050,12.0337,-7.5,-0.00075,12.0313,-7.5,-0.00075,12.0325,-5.0,-0.00050,12.0337,-5.0,-0.00050,12.0337,-5.0,-0.00050,12.0350,-7.5,-0.00075,137.18
6,510654,1,0,86.40,2294.7,2390.6,2803.5,0.0,20.0300,1312.5,1.31250,12.0400,2072.5,2.07250,12.0425,1200.0,0.03636,5.0812,702.5,0.07025,12.0212,7347.5,0.73475,12.0175,9542.5,0.95425,12.0300,2490.0,0.24900,12.0337,-5.0,-0.00050,12.0350,-7.5,-0.00075,12.0313,-7.5,-0.00075,12.0325,-5.0,-0.00050,12.0350,-5.0,-0.00050,12.0350,-5.0,-0.00050,12.0363,-7.5,-0.00075,137.52
6,510990,1,0,86.12,2723.5,2381.8,2391.9,0.0,20.0313,1305.0,1.30500,12.0375,2075.0,2.07500,12.0412,1202.5,0.03644,5.0812,702.5,0.07025,12.0212,7265.0,0.72650,12.0175,9445.0,0.94450,12.0300,2455.0,0.24550,12.0325,-5.0,-0.00050,12.0337,-7.5,-0.00075,12.0313,-7.5,-0.00075,12.0325,-5.0,-0.00050,12.0325,-5.0,-0.00050,12.0337,-5.0,-0.00050,12.0363,-7.5,-0.00075,137.87
6,511327,1,0,85.84,2607.4,2699.6,2492.0,0.0,20.0300,1317.5,1.31750,12.0375,2097.5,2.09750,12.0412,1202.5,0.03644,5.0812,702.5,0.07025,12.0200,7355.0,0.73550,12.0162,9612.5,0.96125,12.0287,2425.0,0.24250,12.0325,-5.0,-0.00050,12.0337,-7.5,-0.00075,12.0313,-7.5,-0.00075,12.0325,-5.0,-0.00050,12.0325,-5.0,-0.00050,12.0337,-5.0,-0.00050,12.0350,-7.5,-0.00075,138.21
6,511684,1,0,85.54,2707.0,2693.7,2700.2,0.0,20.0300,1320.0,1.32000,12.0387,2087.5,2.08750,12.0425,1200.0,0.03636,5.0812,702.5,0.07025,12.0212,7367.5,0.73675,12.0162,9627.5,0.96275,12.0287,2415.0,0.24150,12.0325,-5.0,-0.00050,12.0350,-7.5,-0.00075,12.0313,-7.5,-0.00075,12.0325,-5.0,-0.00050,12.0337,-5.0,-0.00050,12.0350,-5.0,-0.00050,12.0363,-7.5,-0.00075,138.56
6,512020,1,0,85.26,2266.6,2366.3,2689.9,0.0,20.0325,1297.5,1.29750,12.0387,2052.5,2.05250,12.0425,1202.5,0.03644,5.0812,702.5,0.07025,12.0225,7245.0,0.72450,12.0175,9422.5,0.94225,12.0300,2385.0,0.23850,12.0337,-5.0,-0.00050,12.0350,-7.5,-0.00075,12.0313,-7.5,-0.00075,12.0337,-5.0,-0.00050,12.0337,-5.0,-0.00050,12.0350,-5.0,-0.00050,12.0363,-7.5,-0.00075,138.90
6,512356,1,0,84.98,2368.4,2198.0,2466.0,0.0,20.0350,1282.5,1.28250,12.0387,2030.0,2.03000,12.0425,1205.0,0.03652,5.0812,702.5,0.07025,12.0225,7135.0,0.71350,12.0175,9367.5,0.93675,12.0300,2392.5,0.23925,12.0337,-5.0,-0.00050,12.0350,-7.5,-0.00075,12.0313,-7.5,-0.00075,12.0325,-5.0,-0.00050,12.0337,-5.0,-0.00050,12.0350,-5.0,-0.00050,12.0363,-7.5,-0.00075,139.23
6,512693,1,0,84.70,2372.5,2567.6,2459.4,0.0,20.0350,1277.5,1.27750,12.0387,2025.0,2.02500,12.0425,1200.0,0.03636,5.0812,702.5,0.07025,12.0225,7100.0,0.71000,12.0175,9307.5,0.93075,12.0300,2407.5,0.24075,12.0325,-5.0,-0.00050,12.0350,-7.5,-0.00075,12.0313,-7.5,-0.00075,12.0325,-5.0,-0.00050,12.0337,-5.0,-0.00050,12.0350,-5.0,-0.00050,12.0363,-7.5,-0.00075,139.57
6,513029,1,0,84.42,2252.5,2805.8,2562.0,0.0,20.0375,1262.5,1.26250,12.0387,1995.0,1.99500,12.0425,1200.0,0.03636,5.0812,702.5,0.07025,12.0225,7020.0,0.70200,12.0188,9157.5,0.91575,12.0300,2400.0,0.24000,12.0337,-5.0,-0.00050,12.0350,-7.5,-0.00075,12.0313,-7.5,-0.00075,12.0337,-5.0,-0.00050,12.0337,-5.0,-0.00050,12.0350,-5.0,-0.00050,12.0363,-7.5,-0.00075,139.91
6,513365,1,0,84.14,2240.7,2765.4,2494.0,0.0,20.0387,1255.0,1.25500,12.0387,1987.5,1.98750,12.0425,1200.0,0.03636,5.0812,702.5,0.07025,12.0225,7035.0,0.70350,12.0188,9077.5,0.90775,12.0300,2355.0,0.23550,12.0337,-5.0,-0.00050,12.0350,-7.5,-0.00075,12.0325,-7.5,-0.00075,12.0337,-5.0,-0.00050,12.0337,-5.0,-0.00050,12.0350,-5.0,-0.00050,12.0363,-7.5,-0.00075,140.25
6,513722,1,0,83.85,2448.9,2680.2,2461.4,0.0,20.0413,1232.5,1.23250,12.0400,1947.5,1.94750,12.0425,1202.5,0.03644,5.0812,702.5,0.07025,12.0237,6912.5,0.69125,12.0200,8927.5,0.89275,12.0313,2287.5,0.22875,12.0337,-5.0,-0.00050,12.0363,-7.5,-0.00075,12.0337,-7.5,-0.00075,12.0350,-5.0,-0.00050,12.0350,-5.0,-0.00050,12.0363,-5.0,-0.00050,12.0375,-7.5,-0.00075,140.59
6,514059,1,0,83.56,2123.3,2335.5,2966.1,0.0,20.0425,1222.5,1.22250,12.0400,1930.0,1.93000,12.0425,1200.0,0.03636,5.0812,702.5,0.07025,12.0237,6870.0,0.68700,12.0188,8822.5,0.88225,12.0300,2290.0,0.22900,12.0337,-5.0,-0.00050,12.0350,-7.5,-0.00075,12.0325,-7.5,-0.00075,12.0337,-5.0,-0.00050,12.0350,-5.0,-0.00050,12.0363,-5.0,-0.00050,12.0375,-7.5,-0.00075,140.92
6,514395,1,0,83.28,2339.8,2210.3,2427.1,0.0,20.0450,1207.5,1.20750,12.0387,1912.5,1.91250,12.0425,1202.5,0.03644,5.0812,702.5,0.07025,12.0237,6762.5,0.67625,12.0200,8707.5,0.87075,12.0313,2227.5,0.22275,12.0350,-5.0,-0.00050,12.0363,-7.5,-0.00075,12.0337,-7.5,-0.00075,12.0350,-5.0,-0.00050,12.0350,-5.0,-0.00050,12.0363,-5.0,-0.00050,12.0375,-7.5,-0.00075,141.26
6,514731,1,0,83.00,2637.4,2688.8,2371.5,0.0,20.0450,1200.0,1.20000,12.0387,1897.5,1.89750,12.0425,1200.0,0.03636,5.0812,702.5,0.07025,12.0237,6767.5,0.67675,12.0200,8655.0,0.86550,12.0313,2215.0,0.22150,12.0337,-5.0,-0.00050,12.0350,-7.5,-0.00075,12.0325,-7.5,-0.00075,12.0337,-5.0,-0.00050,12.0337,-5.0,-0.00050,12.0350,-5.0,-0.00050,12.0375,-7.5,-0.00075,141.60
6,515067,1,0,82.72,2323.6,2404.3,2828.7,0.0,20.0475,1180.0,1.18000,12.0400,1867.5,1.86750,12.0425,1200.0,0.03636,5.0812,702.5,0.07025,12.0250,6617.5,0.66175,12.0200,8592.5,0.85925,12.0313,2177.5,0.21775,12.0337,-5.0,-0.00050,12.0363,-7.5,-0.00075,12.0325,-7.5,-0.00075,12.0350,-5.0,-0.00050,12.0350,-5.0,-0.00050,12.0363,-5.0,-0.00050,12.0375,-7.5,-0.00075,141.93
6,515404,1,0,82.44,2469.6,2414.9,2569.8,0.0,20.0475,1182.5,1.18250,12.0387,1872.5,1.87250,12.0425,1202.5,0.03644,5.0812,702.5,0.07025,12.0237,6552.5,0.65525,12.0200,8692.5,0.86925,12.0313,2182.5,0.21825,12.0337,-5.0,-0.00050,12.0350,-7.5,-0.00075,12.0325,-7.5,-0.00075,12.0337,-5.0,-0.00050,12.0350,-5.0,-0.00050,12.0363,-5.0,-0.00050,12.0375,-7.5,-0.00075,142.28
6,515761,1,0,82.15,2293.5,2410.0,2300.7,0.0,20.0475,1182.5,1.18250,12.0400,1870.0,1.87000,12.0425,1202.5,0.03644,5.0812,702.5,0.07025,12.0250,6540.0,0.65400,12.0200,8680.0,0.86800,12.0313,2177.5,0.21775,12.0350,-5.0,-0.00050,12.0363,-7.5,-0.00075,12.0325,-7.5,-0.00075,12.0350,-5.0,-0.00050,12.0363,-5.0,-0.00050,12.0363,-5.0,-0.00050,12.0375,-7.5,-0.00075,142.63
6,516097,1,0,81.87,2296.6,2449.4,2295.1,0.0,20.0475,1185.0,1.18500,12.0387,1877.5,1.87750,12.0425,1205.0,0.03652,5.0812,702.5,0.07025,12.0237,6615.0,0.66150,12.0200,8630.0,0.86300,12.0313,2170.0,0.21700,12.0337,-5.0,-0.00050,12.0350,-7.5,-0.00075,12.0325,-7.5,-0.00075,12.0337,-5.0,-0.00050,12.0350,-5.0,-0.00050,12.0363,-5.0,-0.00050,12.0375,-7.5,-0.00075,142.96
6,516433,1,0,81.59,2291.1,2615.3,2383.6,0.0,20.0475,1180.0,1.18000,12.0400,1865.0,1.86500,12.0425,1200.0,0.03636,5.0812,702.5,0.07025,12.0250,6647.5,0.66475,12.0200,8547.5,0.85475,12.0313,2170.0,0.21700,12.0350,-5.0,-0.00050,12.0363,-7.5,-0.00075,12.0325,-7.5,-0.00075,12.0350,-5.0,-0.00050,12.0350,-5.0,-0.00050,12.0363,-5.0,-0.00050,12.0375,-7.5,-0.00075,143.30
6,516770,1,0,81.31,2173.9,2683.4,2502.8,0.0,20.0500,1167.5,1.16750,12.0400,1850.0,1.85000,12.0425,1202.5,0.03644,5.0812,702.5,0.07025,12.0250,6592.5,0.65925,12.0212,8445.0,0.84450,12.0313,2130.0,0.21300,12.0350,-5.0,-0.00050,12.0363,-7.5,-0.00075,12.0337,-7.5,-0.00075,12.0350,-5.0,-0.00050,12.0363,-5.0,-0.00050,12.0363,-5.0,-0.00050,12.0375,-7.5,-0.00075,143.64
6,517106,1,0,81.03,2285.2,2165.7,2713.3,0.0,20.0537,1140.0,1.14000,12.0400,1800.0,1.80000,12.0437,1200.0,0.03636,5.0812,702.5,0.07025,12.0262,6427.5,0.64275,12.0225,8227.5,0.82275,12.0325,2077.5,0.20775,12.0363,-5.0,-0.00050,12.0375,-7.5,-0.00075,12.0337,-7.5,-0.00075,12.0363,-5.0,-0.00050,12.0363,-5.0,-0.00050,12.0375,-5.0,-0.00050,12.0387,-7.5,-0.00075,143.97
6,517442,1,0,80.75,2170.4,2479.8,2269.9,0.0,20.0562,1122.5,1.12250,12.0400,1772.5,1.77250,12.0425,1202.5,0.03644,5.0812,702.5,0.07025,12.0250,6280.0,0.62800,12.0212,8162.5,0.81625,12.0325,2062.5,0.20625,12.0350,-5.0,-0.00050,12.0375,-7.5,-0.00075,12.0337,-7.5,-0.00075,12.0350,-5.0,-0.00050,12.0363,-5.0,-0.00050,12.0375,-5.0,-0.00050,12.0387,-7.5,-0.00075,144.32
6,517799,1,0,80.45,2378.2,2579.2,2516.8,0.0,20.0562,1120.0,1.12000,12.0400,1770.0,1.77000,12.0425,1200.0,0.03636,5.0812,702.5,0.07025,12.0250,6272.5,0.62725,12.0212,8142.5,0.81425,12.0325,2067.5,0.20675,12.0350,-5.0,-0.00050,12.0363,-7.5,-0.00075,12.0337,-7.5,-0.00075,12.0363,-5.0,-0.00050,12.0363,-5.0,-0.00050,12.0375,-5.0,-0.00050,12.0387,-7.5,-0.00075,144.66
6,518136,1,0,80.17,2262.5,2359.2,2253.9,0.0,20.0575,1112.5,1.11250,12.0400,1757.5,1.75750,12.0425,1197.5,0.03629,5.0812,702.5,0.07025,12.0262,6212.5,0.62125,12.0225,8050.0,0.80500,12.0325,2077.5,0.20775,12.0350,-5.0,-0.00050,12.0375,-7.5,-0.00075,12.0337,-7.5,-0.00075,12.0350,-5.0,-0.00050,12.0363,-5.0,-0.00050,12.0375,-5.0,-0.00050,12.0387,-7.5,-0.00075,145.00
6,518472,1,0,79.89,2147.7,2458.7,2139.5,0.0,20.0600,1092.5,1.09250,12.0400,1727.5,1.72750,12.0437,1202.5,0.03644,5.0812,702.5,0.07025,12.0262,6100.0,0.61000,12.0225,7930.0,0.79300,12.0337,2017.5,0.20175,12.0363,-5.0,-0.00050,12.0375,-7.5,-0.00075,12.0350,-7.5,-0.00075,12.0363,-5.0,-0.00050,12.0375,-5.0,-0.00050,12.0375,-5.0,-0.00050,12.0387,-7.5,-0.00075,145.34
6,518808,1,0,79.61,2138.1,2594.2,2558.6,0.0,20.0612,1082.5,1.08250,12.0412,1705.0,1.70500,12.0437,1197.5,0.03629,5.0812,702.5,0.07025,12.0275,6015.0,0.60150,12.0225,7850.0,0.78500,12.0337,2042.5,0.20425,12.0363,-5.0,-0.00050,12.0375,-7.5,-0.00075,12.0350,-7.5,-0.00075,12.0363,-5.0,-0.00050,12.0363,-5.0,-0.00050,12.0375,-5.0,-0.00050,12.0387,-7.5,-0.00075,145.67
6,519144,1,0,79.33,2448.1,2123.2,2339.9,0.0,20.0612,1080.0,1.08000,12.0400,1705.0,1.70500,12.0425,1200.0,0.03636,5.0812,702.5,0.07025,12.0262,6045.0,0.60450,12.0225,7807.5,0.78075,12.0325,2022.5,0.20225,12.0363,-5.0,-0.00050,12.0375,-7.5,-0.00075,12.0337,-7.5,-0.00075,12.0350,-5.0,-0.00050,12.0363,-5.0,-0.00050,12.0375,-5.0,-0.00050,12.0387,-7.5,-0.00075,146.01
6,519481,1,0,79.05,2463.7,2283.1,2227.6,0.0,20.0625,1070.0,1.07000,12.0400,1695.0,1.69500,12.0437,1200.0,0.03636,5.0812,702.5,0.07025,12.0275,6012.5,0.60125,12.0237,7715.0,0.77150,12.0337,1985.0,0.19850,12.0363,-5.0,-0.00050,12.0375,-7.5,-0.00075,12.0350,-7.5,-0.00075,12.0363,-5.0,-0.00050,12.0375,-5.0,-0.00050,12.0375,-5.0,-0.00050,12.0387,-7.5,-0.00075,146.36
6,519838,1,0,78.75,2220.9,2117.2,2327.5,0.0,20.0625,1067.5,1.06750,12.0400,1690.0,1.69000,12.0425,1200.0,0.03636,5.0812,702.5,0.07025,12.0262,6012.5,0.60125,12.0225,7762.5,0.77625,12.0337,1942.5,0.19425,12.0363,-5.0,-0.00050,12.0375,-7.5,-0.00075,12.0337,-7.5,-0.00075,12.0363,-5.0,-0.00050,12.0363,-5.0,-0.00050,12.0375,-5.0,-0.00050,12.0387,-7.5,-0.00075,146.70
6,520174,1,0,78.47,2213.4,2315.8,2274.1,0.0,20.0650,1050.0,1.05000,12.0412,1662.5,1.66250,12.0437,1200.0,0.03636,5.0812,702.5,0.07025,12.0275,5895.0,0.58950,12.0237,7605.0,0.76050,12.0337,1902.5,0.19025,12.0363,-5.0,-0.00050,12.0375,-7.5,-0.00075,12.0350,-7.5,-0.00075,12.0363,-5.0,-0.00050,12.0375,-5.0,-0.00050,12.0375,-5.0,-0.00050,12.0387,-7.5,-0.00075,147.04
6,520510,1,0,78.19,2416.6,2153.8,2523.3,0.0,20.0650,1047.5,1.04750,12.0400,1655.0,1.65500,12.0425,1200.0,0.03636,5.0812,702.5,0.07025,12.0275,5947.5,0.59475,12.0237,7562.5,0.75625,12.0337,1902.5,0.19025,12.0363,-5.0,-0.00050,12.0387,-7.5,-0.00075,12.0350,-7.5,-0.00075,12.0363,-5.0,-0.00050,12.0375,-5.0,-0.00050,12.0375,-5.0,-0.00050,12.0400,-7.5,-0.00075,147.38
6,520847,1,0,77.91,2370.0,2313.8,2321.9,0.0,20.0675,1037.5,1.03750,12.0412,1640.0,1.64000,12.0437,1202.5,0.03644,5.0812,702.5,0.07025,12.0275,5890.0,0.58900,12.0237,7520.0,0.75200,12.0337,1882.5,0.18825,12.0375,-5.0,-0.00050,12.0387,-7.5,-0.00075,12.0363,-7.5,-0.00075,12.0375,-5.0,-0.00050,12.0375,-5.0,-0.00050,12.0387,-5.0,-0.00050,12.0400,-7.5,-0.00075,147.71
6,521183,1,0,77.63,2196.7,2853.2,2094.2,0.0,20.0675,1035.0,1.03500,12.0412,1630.0,1.63000,12.0437,1200.0,0.03636,5.0812,702.5,0.07025,12.0275,5785.0,0.57850,12.0237,7502.5,0.75025,12.0337,1862.5,0.18625,12.0363,-5.0,-0.00050,12.0387,-7.5,-0.00075,12.0350,-7.5,-0.00075,12.0363,-5.0,-0.00050,12.0375,-5.0,-0.00050,12.0387,-5.0,-0.00050,12.0387,-7.5,-0.00075,148.05
6,521519,1,0,77.35,2086.0,2024.9,2196.2,0.0,20.0700,1012.5,1.01250,12.0412,1597.5,1.59750,12.0437,1200.0,0.03636,5.0812,702.5,0.07025,12.0287,5730.0,0.57300,12.0250,7342.5,0.73425,12.0350,1800.0,0.18000,12.0375,-5.0,-0.00050,12.0387,-7.5,-0.00075,12.0363,-7.5,-0.00075,12.0375,-5.0,-0.00050,12.0387,-5.0,-0.00050,12.0387,-5.0,-0.00050,12.0400,-7.5,-0.00075,148.40
6,521876,1,0,77.05,2084.9,2514.9,1967.7,0.0,20.0725,1000.0,1.00000,12.0412,1580.0,1.58000,12.0437,1200.0,0.03636,5.0812,702.5,0.07025,12.0287,5647.5,0.56475,12.0250,7217.5,0.72175,12.0350,1807.5,0.18075,12.0375,-5.0,-0.00050,12.0387,-7.5,-0.00075,12.0363,-7.5,-0.00075,12.0375,-5.0,-0.00050,12.0375,-5.0,-0.00050,12.0387,-5.0,-0.00050,12.0400,-7.5,-0.00075,148.74
6,522213,1,0,76.77,2078.4,2288.7,2396.7,0.0,20.0737,987.5,0.98750,12.0412,1555.0,1.55500,12.0450,1202.5,0.03644,5.0812,702.5,0.07025,12.0287,5560.0,0.55600,12.0250,7112.5,0.71125,12.0350,1795.0,0.17950,12.0375,-5.0,-0.00050,12.0387,-7.5,-0.00075,12.0363,-7.5,-0.00075,12.0375,-5.0,-0.00050,12.0375,-5.0,-0.00050,12.0387,-5.0,-0.00050,12.0400,-7.5,-0.00075,149.09
6,522549,1,0,76.49,2290.4,2172.2,2218.5,0.0,20.0737,987.5,0.98750,12.0412,1557.5,1.55750,12.0437,1200.0,0.03636,5.0812,702.5,0.07025,12.0287,5557.5,0.55575,12.0250,7087.5,0.70875,12.0350,1800.0,0.18000,12.0375,-5.0,-0.00050,12.0387,-7.5,-0.00075,12.0363,-7.5,-0.00075,12.0375,-5.0,-0.00050,12.0375,-5.0,-0.00050,12.0387,-5.0,-0.00050,12.0400,-7.5,-0.00075,149.43
6,522885,1,0,76.21,2175.8,2166.8,2272.7,0.0,20.0737,990.0,0.99000,12.0412,1562.5,1.56250,12.0437,1200.0,0.03636,5.0812,702.5,0.07025,12.0287,5605.0,0.56050,12.0250,7090.0,0.70900,12.0337,1827.5,0.18275,12.0375,-5.0,-0.00050,12.0387,-7.5,-0.00075,12.0350,-7.5,-0.00075,12.0363,-5.0,-0.00050,12.0375,-5.0,-0.00050,12.0387,-5.0,-0.00050,12.0400,-7.5,-0.00075,149.76
6,523221,1,0,75.93,2060.6,2419.5,2204.7,0.0,20.0737,985.0,0.98500,12.0412,1550.0,1.55000,12.0437,1197.5,0.03629,5.0812,702.5,0.07025,12.0287,5562.5,0.55625,12.0250,7060.0,0.70600,12.0350,1817.5,0.18175,12.0375,-5.0,-0.00050,12.0387,-7.5,-0.00075,12.0350,-7.5,-0.00075,12.0375,-5.0,-0.00050,12.0375,-5.0,-0.00050,12.0387,-5.0,-0.00050,12.0400,-7.5,-0.00075,150.10
6,523558,1,0,75.65,2313.4,2153.8,2151.6,0.0,20.0763,967.5,0.96750,12.0412,1525.0,1.52500,12.0437,1202.5,0.03644,5.0812,702.5,0.07025,12.0300,5470.0,0.54700,12.0262,6897.5,0.68975,12.0363,1795.0,0.17950,12.0375,-5.0,-0.00050,12.0400,-7.5,-0.00075,12.0363,-7.5,-0.00075,12.0375,-5.0,-0.00050,12.0387,-5.0,-0.00050,12.0387,-5.0,-0.00050,12.0400,-7.5,-0.00075,150.45
6,523915,1,0,75.35,2044.2,2357.8,2145.6,0.0,20.0775,957.5,0.95750,12.0412,1510.0,1.51000,12.0437,1200.0,0.03636,5.0812,702.5,0.07025,12.0300,5415.0,0.54150,12.0262,6857.5,0.68575,12.0350,1782.5,0.17825,12.0375,-5.0,-0.00050,12.0387,-7.5,-0.00075,12.0363,-7.5,-0.00075,12.0375,-5.0,-0.00050,12.0375,-5.0,-0.00050,12.0387,-5.0,-0.00050,12.0400,-7.5,-0.00075,150.79
6,524251,1,0,75.07,2251.0,2028.1,2247.3,0.0,20.0775,952.5,0.95250,12.0412,1507.5,1.50750,12.0437,1200.0,0.03636,5.0812,702.5,0.07025,12.0300,5387.5,0.53875,12.0262,6842.5,0.68425,12.0350,1787.5,0.17875,12.0375,-5.0,-0.00050,12.0387,-7.5,-0.00075,12.0363,-7.5,-0.00075,12.0375,-5.0,-0.00050,12.0387,-5.0,-0.00050,12.0387,-5.0,-0.00050,12.0400,-7.5,-0.00075,151.13
6,524587,1,0,74.79,1924.2,2276.8,2454.3,0.0,20.0812,930.0,0.93000,12.0425,1467.5,1.46750,12.0450,1200.0,0.03636,5.0812,702.5,0.07025,12.0313,5227.5,0.52275,12.0275,6690.0,0.66900,12.0363,1720.0,0.17200,12.0387,-5.0,-0.00050,12.0400,-7.5,-0.00075,12.0363,-7.5,-0.00075,12.0387,-5.0,-0.00050,12.0387,-5.0,-0.00050,12.0400,-5.0,-0.00050,12.0412,-7.5,-0.00075,151.45
6,524924,1,0,74.51,2344.2,2226.0,2126.8,0.0,20.0837,917.5,0.91750,12.0412,1445.0,1.44500,12.0437,1197.5,0.03629,5.0812,702.5,0.07025,12.0300,5125.0,0.51250,12.0262,6600.0,0.66000,12.0363,1707.5,0.17075,12.0375,-5.0,-0.00050,12.0400,-7.5,-0.00075,12.0363,-7.5,-0.00075,12.0387,-5.0,-0.00050,12.0387,-5.0,-0.00050,12.0400,-5.0,-0.00050,12.0412,-7.5,-0.00075,151.79
6,525260,1,0,74.23,2136.2,2218.7,2013.9,0.0,20.0850,902.5,0.90250,12.0425,1417.5,1.41750,12.0450,1197.5,0.03629,5.0812,700.0,0.07000,12.0313,5027.5,0.50275,12.0275,6515.0,0.65150,12.0363,1692.5,0.16925,12.0387,-5.0,-0.00050,12.0400,-7.5,-0.00075,12.0363,-7.5,-0.00075,12.0387,-5.0,-0.00050,12.0387,-5.0,-0.00050,12.0400,-5.0,-0.00050,12.0412,-7.5,-0.00075,152.13
6,525596,1,0,73.95,2010.4,2383.4,2065.5,0.0,20.0850,905.0,0.90500,12.0412,1425.0,1.42500,12.0437,1200.0,0.03636,5.0812,700.0,0.07000,12.0300,5067.5,0.50675,12.0275,6505.0,0.65050,12.0363,1665.0,0.16650,12.0387,-5.0,-0.00050,12.0400,-7.5,-0.00075,12.0363,-7.5,-0.00075,12.0375,-5.0,-0.00050,12.0387,-5.0,-0.00050,12.0387,-5.0,-0.00050,12.0400,-7.5,-0.00075,152.48
6,525953,1,0,73.65,2233.1,2309.4,2105.9,0.0,20.0875,887.5,0.88750,12.0425,1395.0,1.39500,12.0450,1200.0,0.03636,5.0812,702.5,0.07025,12.0325,4972.5,0.49725,12.0287,6357.5,0.63575,12.0375,1627.5,0.16275,12.0400,-5.0,-0.00050,12.0412,-7.5,-0.00075,12.0375,-7.5,-0.00075,12.0387,-5.0,-0.00050,12.0400,-5.0,-0.00050,12.0400,-5.0,-0.00050,12.0412,-7.5,-0.00075,152.82
6,526290,1,0,73.37,1891.3,1988.0,2109.0,0.0,20.0863,895.0,0.89500,12.0412,1410.0,1.41000,12.0437,1200.0,0.03636,5.0812,702.5,0.07025,12.0300,5047.5,0.50475,12.0262,6467.5,0.64675,12.0363,1620.0,0.16200,12.0387,-5.0,-0.00050,12.0400,-7.5,-0.00075,12.0363,-7.5,-0.00075,12.0375,-5.0,-0.00050,12.0387,-5.0,-0.00050,12.0387,-5.0,-0.00050,12.0412,-7.5,-0.00075,153.16
6,526626,1,0,73.09,2094.1,2319.3,2544.4,0.0,20.0863,887.5,0.88750,12.0425,1397.5,1.39750,12.0437,1200.0,0.03636,5.0812,702.5,0.07025,12.0313,5012.5,0.50125,12.0275,6367.5,0.63675,12.0363,1615.0,0.16150,12.0387,-5.0,-0.00050,12.0400,-7.5,-0.00075,12.0375,-7.5,-0.00075,12.0387,-5.0,-0.00050,12.0387,-5.0,-0.00050,12.0400,-5.0,-0.00050,12.0412,-7.5,-0.00075,153.49
6,526962,1,0,72.81,2086.5,2314.0,1984.8,0.0,20.0875,887.5,0.88750,12.0425,1395.0,1.39500,12.0437,1197.5,0.03629,5.0812,702.5,0.07025,12.0313,4987.5,0.49875,12.0275,6395.0,0.63950,12.0363,1602.5,0.16025,12.0387,-5.0,-0.00050,12.0400,-7.5,-0.00075,12.0363,-7.5,-0.00075,12.0375,-5.0,-0.00050,12.0387,-5.0,-0.00050,12.0400,-5.0,-0.00050,12.0400,-7.5,-0.00075,153.83
6,527298,1,0,72.53,1976.0,2087.6,2347.9,0.0,20.0887,877.5,0.87750,12.0425,1377.5,1.37750,12.0450,1197.5,0.03629,5.0812,702.5,0.07025,12.0313,4905.0,0.49050,12.0275,6345.0,0.63450,12.0363,1597.5,0.15975,12.0387,-5.0,-0.00050,12.0400,-7.5,-0.00075,12.0363,-7.5,-0.00075,12.0387,-5.0,-0.00050,12.0387,-5.0,-0.00050,12.0400,-5.0,-0.00050,12.0412,-7.5,-0.00075,154.16
6,527635,1,0,72.25,2195.7,2340.7,2129.3,0.0,20.0887,880.0,0.88000,12.0425,1377.5,1.37750,12.0450,1200.0,0.03636,5.0812,700.0,0.07000,12.0313,4900.0,0.49000,12.0275,6382.5,0.63825,12.0363,1582.5,0.15825,12.0387,-5.0,-0.00050,12.0400,-7.5,-0.00075,12.0363,-7.5,-0.00075,12.0375,-5.0,-0.00050,12.0387,-5.0,-0.00050,12.0400,-5.0,-0.00050,12.0412,-7.5,-0.00075,154.52
6,527992,1,0,71.95,2067.7,2183.0,2122.5,0.0,20.0887,870.0,0.87000,12.0425,1370.0,1.37000,12.0450,1200.0,0.03636,5.0812,700.0,0.07000,12.0313,4885.0,0.48850,12.0275,6322.5,0.63225,12.0375,1530.0,0.15300,12.0387,-5.0,-0.00050,12.0412,-7.5,-0.00075,12.0375,-7.5,-0.00075,12.0387,-5.0,-0.00050,12.0400,-5.0,-0.00050,12.0400,-5.0,-0.00050,12.0412,-7.5,-0.00075,154.86
6,528328,1,0,71.67,1964.1,2052.7,1848.7,0.0,20.0900,862.5,0.86250,12.0425,1355.0,1.35500,12.0450,1200.0,0.03636,5.0812,702.5,0.07025,12.0313,4825.0,0.48250,12.0275,6265.0,0.62650,12.0375,1530.0,0.15300,12.0387,-5.0,-0.00050,12.0400,-7.5,-0.00075,12.0375,-7.5,-0.00075,12.0387,-5.0,-0.00050,12.0400,-5.0,-0.00050,12.0400,-5.0,-0.00050,12.0412,-7.5,-0.00075,155.20
6,528664,1,0,71.39,2175.6,2311.6,2057.3,0.0,20.0925,847.5,0.84750,12.0425,1332.5,1.33250,12.0450,1200.0,0.03636,5.0812,700.0,0.07000,12.0325,4715.0,0.47150,12.0287,6135.0,0.61350,12.0375,1525.0,0.15250,12.0400,-5.0,-0.00050,12.0412,-7.5,-0.00075,12.0375,-7.5,-0.00075,12.0400,-5.0,-0.00050,12.0400,-5.0,-0.00050,12.0412,-5.0,-0.00050,12.0425,-7.5,-0.00075,155.53
6,529001,1,0,71.11,2059.2,2154.4,2156.3,0.0,20.0925,842.5,0.84250,12.0425,1322.5,1.32250,12.0450,1200.0,0.03636,5.0812,702.5,0.07025,12.0325,4717.5,0.47175,12.0287,6090.0,0.60900,12.0375,1517.5,0.15175,12.0400,-5.0,-0.00050,12.0412,-7.5,-0.00075,12.0375,-7.5,-0.00075,12.0387,-5.0,-0.00050,12.0400,-5.0,-0.00050,12.0400,-5.0,-0.00050,12.0412,-7.5,-0.00075,155.86
6,529337,1,0,70.83,1944.4,2148.1,2043.0,0.0,20.0938,837.5,0.83750,12.0425,1312.5,1.31250,12.0450,1197.5,0.03629,5.0812,700.0,0.07000,12.0325,4712.5,0.47125,12.0287,6020.0,0.60200,12.0375,1522.5,0.15225,12.0400,-5.0,-0.00050,12.0412,-7.5,-0.00075,12.0375,-7.5,-0.00075,12.0387,-5.0,-0.00050,12.0400,-5.0,-0.00050,12.0400,-5.0,-0.00050,12.0412,-7.5,-0.00075,156.20
6,529673,1,0,70.55,2151.6,1927.4,2145.4,0.0,20.0962,815.0,0.81500,12.0437,1277.5,1.27750,12.0462,1200.0,0.03636,5.0812,700.0,0.07000,12.0337,4572.5,0.45725,12.0300,5825.0,0.58250,12.0387,1500.0,0.15000,12.0412,-5.0,-0.00050,12.0425,-7.5,-0.00075,12.0387,-7.5,-0.00075,12.0400,-5.0,-0.00050,12.0412,-5.0,-0.00050,12.0412,-5.0,-0.00050,12.0425,-7.5,-0.00075,156.55
6,530030,1,0,70.26,2142.4,1920.8,1817.9,0.0,20.0975,812.5,0.81250,12.0425,1270.0,1.27000,12.0450,1197.5,0.03629,5.0812,700.0,0.07000,12.0337,4530.0,0.45300,12.0300,5825.0,0.58250,12.0375,1495.0,0.14950,12.0400,-5.0,-0.00050,12.0412,-7.5,-0.00075,12.0375,-7.5,-0.00075,12.0387,-5.0,-0.00050,12.0400,-5.0,-0.00050,12.0412,-5.0,-0.00050,12.0425,-7.5,-0.00075,156.90
6,530367,1,0,69.97,2028.2,2189.9,1919.7,0.0,20.0975,805.0,0.80500,12.0437,1260.0,1.26000,12.0450,1197.5,0.03629,5.0812,700.0,0.07000,12.0337,4465.0,0.44650,12.0300,5825.0,0.58250,12.0387,1480.0,0.14800,12.0412,-5.0,-0.00050,12.0425,-7.5,-0.00075,12.0387,-7.5,-0.00075,12.0400,-5.0,-0.00050,12.0400,-5.0,-0.00050,12.0412,-5.0,-0.00050,12.0425,-7.5,-0.00075,157.23
6,530703,1,0,69.69,2034.9,2058.2,2033.6,0.0,20.0975,805.0,0.80500,12.0425,1262.5,1.26250,12.0450,1202.5,0.03644,5.0812,700.0,0.07000,12.0337,4447.5,0.44475,12.0300,5840.0,0.58400,12.0387,1445.0,0.14450,12.0400,-5.0,-0.00050,12.0412,-7.5,-0.00075,12.0387,-7.5,-0.00075,12.0400,-5.0,-0.00050,12.0412,-5.0,-0.00050,12.0412,-5.0,-0.00050,12.0425,-7.5,-0.00075,157.57
6,531039,1,0,69.41,2076.7,1901.7,2139.2,0.0,20.1000,790.0,0.79000,12.0437,1237.5,1.23750,12.0450,1200.0,0.03636,5.0812,700.0,0.07000,12.0337,4367.5,0.43675,12.0313,5712.5,0.57125,12.0387,1422.5,0.14225,12.0412,-5.0,-0.00050,12.0425,-7.5,-0.00075,12.0387,-7.5,-0.00075,12.0400,-5.0,-0.00050,12.0412,-5.0,-0.00050,12.0412,-5.0,-0.00050,12.0425,-7.5,-0.00075,157.90
6,531375,1,0,69.13,2220.2,2212.0,2006.1,0.0,20.1012,782.5,0.78250,12.0425,1225.0,1.22500,12.0450,1197.5,0.03629,5.0812,700.0,0.07000,12.0337,4357.5,0.43575,12.0300,5665.0,0.56650,12.0387,1405.0,0.14050,12.0400,-5.0,-0.00050,12.0425,-7.5,-0.00075,12.0387,-7.5,-0.00075,12.0400,-5.0,-0.00050,12.0400,-5.0,-0.00050,12.0412,-5.0,-0.00050,12.0425,-7.5,-0.00075,158.24
6,531712,1,0,68.85,2000.8,1994.9,2415.5,0.0,20.1025,772.5,0.77250,12.0437,1212.5,1.21250,12.0450,1200.0,0.03636,5.0812,700.0,0.07000,12.0350,4275.0,0.42750,12.0313,5625.0,0.56250,12.0387,1377.5,0.13775,12.0412,-5.0,-0.00050,12.0425,-7.5,-0.00075,12.0387,-7.5,-0.00075,12.0400,-5.0,-0.00050,12.0412,-5.0,-0.00050,12.0412,-5.0,-0.00050,12.0425,-7.5,-0.00075,158.59
6,532069,1,0,68.56,2006.7,2586.8,2091.8,0.0,20.1025,772.5,0.77250,12.0425,1212.5,1.21250,12.0450,1197.5,0.03629,5.0812,700.0,0.07000,12.0337,4300.0,0.43000,12.0300,5597.5,0.55975,12.0387,1395.0,0.13950,12.0400,-5.0,-0.00050,12.0412,-7.5,-0.00075,12.0387,-7.5,-0.00075,12.0400,-5.0,-0.00050,12.0400,-5.0,-0.00050,12.0412,-5.0,-0.00050,12.0425,-7.5,-0.00075,158.94
6,532405,1,0,68.28,1986.9,2040.8,1875.6,0.0,20.1038,757.5,0.75750,12.0437,1182.5,1.18250,12.0450,1197.5,0.03629,5.0812,700.0,0.07000,12.0350,4232.5,0.42325,12.0313,5440.0,0.54400,12.0387,1375.0,0.13750,12.0412,-5.0,-0.00050,12.0425,-7.5,-0.00075,12.0387,-7.5,-0.00075,12.0400,-5.0,-0.00050,12.0412,-5.0,-0.00050,12.0425,-5.0,-0.00050,12.0437,-7.5,-0.00075,159.27
6,532741,1,0,68.00,2084.4,1972.5,2317.3,0.0,20.1038,760.0,0.76000,12.0425,1195.0,1.19500,12.0450,1200.0,0.03636,5.0812,700.0,0.07000,12.0337,4265.0,0.42650,12.0313,5442.5,0.54425,12.0387,1375.0,0.13750,12.0412,-5.0,-0.00050,12.0425,-7.5,-0.00075,12.0387,-7.5,-0.00075,12.0400,-5.0,-0.00050,12.0400,-5.0,-0.00050,12.0412,-5.0,-0.00050,12.0425,-7.5,-0.00075,159.61
6,533078,1,0,67.72,2076.7,2526.9,2089.6,0.0,20.1050,752.5,0.75250,12.0437,1182.5,1.18250,12.0462,1200.0,0.03636,5.0812,700.0,0.07000,12.0350,4227.5,0.42275,12.0313,5397.5,0.53975,12.0400,1352.5,0.13525,12.0412,-5.0,-0.00050,12.0425,-7.5,-0.00075,12.0400,-7.5,-0.00075,12.0412,-5.0,-0.00050,12.0412,-5.0,-0.00050,12.0425,-5.0,-0.00050,12.0425,-7.5,-0.00075,159.94
6,533414,1,0,67.44,2087.8,1909.0,1972.8,0.0,20.1050,747.5,0.74750,12.0437,1170.0,1.17000,12.0462,1200.0,0.03636,5.0812,700.0,0.07000,12.0350,4172.5,0.41725,12.0313,5350.0,0.53500,12.0400,1342.5,0.13425,12.0412,-5.0,-0.00050,12.0425,-7.5,-0.00075,12.0387,-7.5,-0.00075,12.0412,-5.0,-0.00050,12.0412,-5.0,-0.00050,12.0412,-5.0,-0.00050,12.0425,-7.5,-0.00075,160.28
6,533750,1,0,67.16,1970.3,2153.8,2075.3,0.0,20.1075,732.5,0.73250,12.0437,1145.0,1.14500,12.0462,1200.0,0.03636,5.0812,700.0,0.07000,12.0363,4097.5,0.40975,12.0325,5260.0,0.52600,12.0400,1330.0,0.13300,12.0425,-5.0,-0.00050,12.0437,-7.5,-0.00075,12.0400,-7.5,-0.00075,12.0412,-5.0,-0.00050,12.0425,-5.0,-0.00050,12.0425,-5.0,-0.00050,12.0437,-7.5,-0.00075,160.63
6,534107,1,0,66.86,2072.4,1737.6,2175.3,0.0,20.1075,730.0,0.73000,12.0437,1142.5,1.14250,12.0462,1200.0,0.03636,5.0812,700.0,0.07000,12.0350,4102.5,0.41025,12.0325,5235.0,0.52350,12.0400,1307.5,0.13075,12.0412,-5.0,-0.00050,12.0425,-7.5,-0.00075,12.0400,-7.5,-0.00075,12.0412,-5.0,-0.00050,12.0412,-5.0,-0.00050,12.0412,-5.0,-0.00050,12.0425,-7.5,-0.00075,160.97
6,534444,1,0,66.58,1790.9,2165.1,2080.0,0.0,20.1100,712.5,0.71250,12.0450,1115.0,1.11500,12.0462,1202.5,0.03644,5.0812,700.0,0.07000,12.0363,4005.0,0.40050,12.0325,5107.5,0.51075,12.0412,1280.0,0.12800,12.0425,-5.0,-0.00050,12.0437,-7.5,-0.00075,12.0400,-7.5,-0.00075,12.0425,-5.0,-0.00050,12.0425,-5.0,-0.00050,12.0425,-5.0,-0.00050,12.0437,-7.5,-0.00075,161.31
6,534780,1,0,66.30,1731.3,1988.3,2049.9,0.0,20.1112,707.5,0.70750,12.0437,1105.0,1.10500,12.0462,1195.0,0.03621,5.0812,700.0,0.07000,12.0363,3900.0,0.39000,12.0325,5092.5,0.50925,12.0400,1300.0,0.13000,12.0412,-5.0,-0.00050,12.0437,-7.5,-0.00075,12.0400,-7.5,-0.00075,12.0412,-5.0,-0.00050,12.0425,-5.0,-0.00050,12.0425,-5.0,-0.00050,12.0437,-7.5,-0.00075,161.65
6,535116,1,0,66.02,1833.5,2044.8,2257.6,0.0,20.1100,710.0,0.71000,12.0437,1112.5,1.11250,12.0450,1197.5,0.03629,5.0812,700.0,0.07000,12.0350,3942.5,0.39425,12.0325,5130.0,0.51300,12.0400,1277.5,0.12775,12.0412,-5.0,-0.00050,12.0425,-7.5,-0.00075,12.0400,-7.5,-0.00075,12.0412,-5.0,-0.00050,12.0412,-5.0,-0.00050,12.0425,-5.0,-0.00050,12.0437,-7.5,-0.00075,161.98
6,535452,1,0,65.74,2258.7,1931.5,1990.1,0.0,20.1112,705.0,0.70500,12.0437,1105.0,1.10500,12.0462,1197.5,0.03629,5.0812,700.0,0.07000,12.0363,3902.5,0.39025,12.0325,5102.5,0.51025,12.0400,1280.0,0.12800,12.0425,-5.0,-0.00050,12.0437,-7.5,-0.00075,12.0400,-7.5,-0.00075,12.0412,-5.0,-0.00050,12.0412,-5.0,-0.00050,12.0425,-5.0,-0.00050,12.0437,-7.5,-0.00075,162.32
6,535789,1,0,65.46,1992.0,2139.3,1866.7,0.0,20.1112,707.5,0.70750,12.0437,1102.5,1.10250,12.0450,1200.0,0.03636,5.0812,700.0,0.07000,12.0363,3910.0,0.39100,12.0325,5080.0,0.50800,12.0400,1285.0,0.12850,12.0412,-5.0,-0.00050,12.0425,-7.5,-0.00075,12.0400,-7.5,-0.00075,12.0412,-5.0,-0.00050,12.0412,-5.0,-0.00050,12.0425,-5.0,-0.00050,12.0437,-7.5,-0.00075,162.67
6,536146,1,0,65.16,1922.9,2023.6,2131.7,0.0,20.1125,692.5,0.69250,12.0437,1082.5,1.08250,12.0462,1197.5,0.03629,5.0812,700.0,0.07000,12.0363,3827.5,0.38275,12.0337,4982.5,0.49825,12.0412,1257.5,0.12575,12.0425,-5.0,-0.00050,12.0437,-7.5,-0.00075,12.0400,-7.5,-0.00075,12.0425,-5.0,-0.00050,12.0425,-5.0,-0.00050,12.0425,-5.0,-0.00050,12.0437,-7.5,-0.00075,163.01
6,536482,1,0,64.88,1703.1,1849.8,2123.8,0.0,20.1138,687.5,0.68750,12.0437,1072.5,1.07250,12.0462,1200.0,0.03636,5.0812,700.0,0.07000,12.0363,3820.0,0.38200,12.0325,4947.5,0.49475,12.0400,1255.0,0.12550,12.0425,-5.0,-0.00050,12.0437,-7.5,-0.00075,12.0400,-7.5,-0.00075,12.0412,-5.0,-0.00050,12.0412,-5.0,-0.00050,12.0425,-5.0,-0.00050,12.0437,-7.5,-0.00075,163.35
6,536818,1,0,64.60,1696.7,2110.7,2115.1,0.0,20.1150,675.0,0.67500,12.0450,1050.0,1.05000,12.0462,1197.5,0.03629,5.0812,700.0,0.07000,12.0375,3745.0,0.37450,12.0337,4840.0,0.48400,12.0412,1227.5,0.12275,12.0425,-5.0,-0.00050,12.0437,-7.5,-0.00075,12.0400,-7.5,-0.00075,12.0412,-5.0,-0.00050,12.0425,-5.0,-0.00050,12.0425,-5.0,-0.00050,12.0437,-7.5,-0.00075,163.68
6,537155,1,0,64.32,2112.7,1892.1,2106.6,0.0,20.1162,667.5,0.66750,12.0437,1042.5,1.04250,12.0462,1197.5,0.03629,5.0812,700.0,0.07000,12.0363,3707.5,0.37075,12.0337,4805.0,0.48050,12.0400,1210.0,0.12100,12.0425,-5.0,-0.00050,12.0437,-7.5,-0.00075,12.0400,-7.5,-0.00075,12.0412,-5.0,-0.00050,12.0425,-5.0,-0.00050,12.0425,-5.0,-0.00050,12.0437,-7.5,-0.00075,164.02
6,537491,1,0,64.04,1788.5,2198.0,1887.4,0.0,20.1175,652.5,0.65250,12.0450,1015.0,1.01500,12.0462,1197.5,0.03629,5.0812,700.0,0.07000,12.0375,3630.0,0.36300,12.0337,4662.5,0.46625,12.0425,1180.0,0.11800,12.0437,-5.0,-0.00050,12.0450,-7.5,-0.00075,12.0412,-7.5,-0.00075,12.0425,-5.0,-0.00050,12.0425,-5.0,-0.00050,12.0437,-5.0,-0.00050,12.0450,-7.5,-0.00075,164.37
6,537827,1,0,63.76,1899.0,2334.6,1782.0,0.0,20.1187,650.0,0.65000,12.0450,1012.5,1.01250,12.0462,1200.0,0.03636,5.0812,700.0,0.07000,12.0375,3580.0,0.35800,12.0337,4640.0,0.46400,12.0412,1190.0,0.11900,12.0425,-5.0,-0.00050,12.0437,-7.5,-0.00075,12.0412,-7.5,-0.00075,12.0425,-5.0,-0.00050,12.0425,-5.0,-0.00050,12.0437,-5.0,-0.00050,12.0450,-7.5,-0.00075,164.72
6,538184,1,0,63.46,1779.6,2035.9,1775.5,0.0,20.1187,640.0,0.64000,12.0450,1000.0,1.00000,12.0462,1200.0,0.03636,5.0812,700.0,0.07000,12.0375,3555.0,0.35550,12.0337,4590.0,0.45900,12.0412,1170.0,0.11700,12.0425,-5.0,-0.00050,12.0437,-7.5,-0.00075,12.0412,-7.5,-0.00075,12.0425,-5.0,-0.00050,12.0425,-5.0,-0.00050,12.0437,-5.0,-0.00050,12.0450,-7.5,-0.00075,165.05
6,538521,1,0,63.18,1772.9,1875.7,1990.4,0.0,20.1187,642.5,0.64250,12.0437,1002.5,1.00250,12.0462,1197.5,0.03629,5.0812,700.0,0.07000,12.0375,3595.0,0.35950,12.0337,4562.5,0.45625,12.0412,1157.5,0.11575,12.0425,-5.0,-0.00050,12.0437,-7.5,-0.00075,12.0412,-7.5,-0.00075,12.0425,-5.0,-0.00050,12.0425,-5.0,-0.00050,12.0437,-5.0,-0.00050,12.0450,-7.5,-0.00075,165.39
6,538857,1,0,62.90,1863.3,2236.2,2203.9,0.0,20.1213,627.5,0.62750,12.0450,977.5,0.97750,12.0475,1200.0,0.03636,5.0812,700.0,0.07000,12.0387,3512.5,0.35125,12.0350,4445.0,0.44450,12.0425,1122.5,0.11225,12.0437,-5.0,-0.00050,12.0450,-7.5,-0.00075,12.0412,-7.5,-0.00075,12.0425,-5.0,-0.00050,12.0437,-5.0,-0.00050,12.0437,-5.0,-0.00050,12.0450,-7.5,-0.00075,165.72
6,539193,1,0,62.62,1979.4,1850.3,1911.0,0.0,20.1213,627.5,0.62750,12.0450,977.5,0.97750,12.0462,1197.5,0.03629,5.0812,700.0,0.07000,12.0375,3527.5,0.35275,12.0350,4462.5,0.44625,12.0412,1105.0,0.11050,12.0425,-5.0,-0.00050,12.0450,-7.5,-0.00075,12.0412,-7.5,-0.00075,12.0425,-5.0,-0.00050,12.0425,-5.0,-0.00050,12.0437,-5.0,-0.00050,12.0450,-7.5,-0.00075,166.07
6,539529,1,0,62.34,2081.8,1638.3,2076.5,0.0,20.1225,617.5,0.61750,12.0450,960.0,0.96000,12.0462,1197.5,0.03629,5.0812,700.0,0.07000,12.0387,3452.5,0.34525,12.0350,4382.5,0.43825,12.0425,1085.0,0.10850,12.0437,-5.0,-0.00050,12.0450,-7.5,-0.00075,12.0412,-7.5,-0.00075,12.0425,-5.0,-0.00050,12.0437,-5.0,-0.00050,12.0437,-5.0,-0.00050,12.0450,-7.5,-0.00075,166.40
6,539866,1,0,62.06,1854.9,1848.3,1741.3,0.0,20.1225,615.0,0.61500,12.0450,955.0,0.95500,12.0462,1197.5,0.03629,5.0812,700.0,0.07000,12.0375,3390.0,0.33900,12.0350,4415.0,0.44150,12.0412,1097.5,0.10975,12.0425,-5.0,-0.00050,12.0437,-7.5,-0.00075,12.0412,-7.5,-0.00075,12.0425,-5.0,-0.00050,12.0425,-5.0,-0.00050,12.0437,-5.0,-0.00050,12.0450,-7.5,-0.00075,166.75
6,540223,1,0,61.76,1848.6,2057.3,1626.4,0.0,20.1237,615.0,0.61500,12.0450,955.0,0.95500,12.0462,1195.0,0.03621,5.0812,700.0,0.07000,12.0375,3387.5,0.33875,12.0350,4412.5,0.44125,12.0412,1112.5,0.11125,12.0425,-5.0,-0.00050,12.0437,-7.5,-0.00075,12.0412,-7.5,-0.00075,12.0425,-5.0,-0.00050,12.0425,-5.0,-0.00050,12.0437,-5.0,-0.00050,12.0450,-7.5,-0.00075,167.09
6,540559,1,0,61.48,1681.7,1986.0,2053.0,0.0,20.1237,610.0,0.61000,12.0450,947.5,0.94750,12.0462,1197.5,0.03629,5.0812,700.0,0.07000,12.0375,3340.0,0.33400,12.0350,4402.5,0.44025,12.0412,1087.5,0.10875,12.0425,-5.0,-0.00050,12.0450,-7.5,-0.00075,12.0412,-7.5,-0.00075,12.0425,-5.0,-0.00050,12.0437,-5.0,-0.00050,12.0437,-5.0,-0.00050,12.0450,-7.5,-0.00075,167.42
6,540895,1,0,61.20,1620.3,1829.3,1938.0,0.0,20.1250,595.0,0.59500,12.0450,922.5,0.92250,12.0462,1195.0,0.03621,5.0812,700.0,0.07000,12.0387,3275.0,0.32750,12.0350,4250.0,0.42500,12.0425,1062.5,0.10625,12.0437,-5.0,-0.00050,12.0450,-7.5,-0.00075,12.0412,-7.5,-0.00075,12.0425,-5.0,-0.00050,12.0437,-5.0,-0.00050,12.0437,-5.0,-0.00050,12.0450,-7.5,-0.00075,167.76
6,541232,1,0,60.92,1828.3,1822.1,1715.1,0.0,20.1262,590.0,0.59000,12.0450,917.5,0.91750,12.0462,1197.5,0.03629,5.0812,700.0,0.07000,12.0387,3247.5,0.32475,12.0350,4227.5,0.42275,12.0425,1055.0,0.10550,12.0437,-5.0,-0.00050,12.0450,-7.5,-0.00075,12.0412,-7.5,-0.00075,12.0425,-5.0,-0.00050,12.0437,-5.0,-0.00050,12.0437,-5.0,-0.00050,12.0450,-7.5,-0.00075,168.10
6,541568,1,0,60.64,1928.0,2135.6,1963.4,0.0,20.1262,587.5,0.58750,12.0450,910.0,0.91000,12.0462,1197.5,0.03629,5.0812,700.0,0.07000,12.0387,3245.0,0.32450,12.0350,4217.5,0.42175,12.0412,1030.0,0.10300,12.0437,-5.0,-0.00050,12.0450,-7.5,-0.00075,12.0412,-7.5,-0.00075,12.0425,-5.0,-0.00050,12.0437,-5.0,-0.00050,12.0437,-5.0,-0.00050,12.0450,-7.5,-0.00075,168.43
6,541904,1,0,60.36,1707.0,1913.9,1700.2,0.0,20.1275,575.0,0.57500,12.0450,890.0,0.89000,12.0462,1197.5,0.03629,5.0812,700.0,0.07000,12.0387,3160.0,0.31600,12.0363,4130.0,0.41300,12.0425,1032.5,0.10325,12.0437,-5.0,-0.00050,12.0450,-7.5,-0.00075,12.0412,-7.5,-0.00075,12.0425,-5.0,-0.00050,12.0437,-5.0,-0.00050,12.0437,-5.0,-0.00050,12.0450,-7.5,-0.00075,168.78
6,542261,1,0,60.06,1697.7,2008.4,1692.2,0.0,20.1287,570.0,0.57000,12.0450,882.5,0.88250,12.0462,1195.0,0.03621,5.0812,700.0,0.07000,12.0387,3140.0,0.31400,12.0363,4067.5,0.40675,12.0425,1012.5,0.10125,12.0437,-5.0,-0.00050,12.0450,-7.5,-0.00075,12.0412,-7.5,-0.00075,12.0425,-5.0,-0.00050,12.0437,-5.0,-0.00050,12.0437,-5.0,-0.00050,12.0450,-7.5,-0.00075,169.13
6,542598,1,0,59.78,1923.9,1915.3,1790.5,0.0,20.1287,567.5,0.56750,12.0450,880.0,0.88000,12.0462,1197.5,0.03629,5.0812,700.0,0.07000,12.0400,3122.5,0.31225,12.0363,4070.0,0.40700,12.0425,995.0,0.09950,12.0437,-5.0,-0.00050,12.0450,-7.5,-0.00075,12.0412,-7.5,-0.00075,12.0437,-5.0,-0.00050,12.0437,-5.0,-0.00050,12.0437,-5.0,-0.00050,12.0450,-7.5,-0.00075,169.47
6,542934,1,0,59.50,1578.3,1906.2,1846.4,0.0,20.1287,572.5,0.57250,12.0450,887.5,0.88750,12.0462,1200.0,0.03636,5.0812,700.0,0.07000,12.0387,3160.0,0.31600,12.0350,4082.5,0.40825,12.0425,1007.5,0.10075,12.0437,-5.0,-0.00050,12.0450,-7.5,-0.00075,12.0412,-7.5,-0.00075,12.0425,-5.0,-0.00050,12.0437,-5.0,-0.00050,12.0437,-5.0,-0.00050,12.0450,-7.5,-0.00075,169.80
6,543270,1,0,59.22,1782.6,1788.7,1882.8,0.0,20.1287,565.0,0.56500,12.0450,875.0,0.87500,12.0462,1197.5,0.03629,5.0812,700.0,0.07000,12.0387,3112.5,0.31125,12.0363,4022.5,0.40225,12.0425,1002.5,0.10025,12.0437,-5.0,-0.00050,12.0450,-7.5,-0.00075,12.0425,-7.5,-0.00075,12.0425,-5.0,-0.00050,12.0437,-5.0,-0.00050,12.0437,-5.0,-0.00050,12.0450,-7.5,-0.00075,170.14
6,543606,1,0,58.94,1679.1,2230.3,2047.8,0.0,20.1300,565.0,0.56500,12.0450,872.5,0.87250,12.0462,1200.0,0.03636,5.0812,700.0,0.07000,12.0387,3097.5,0.30975,12.0363,4030.0,0.40300,12.0425,990.0,0.09900,12.0437,-5.0,-0.00050,12.0450,-7.5,-0.00075,12.0412,-7.5,-0.00075,12.0425,-5.0,-0.00050,12.0437,-5.0,-0.00050,12.0437,-5.0,-0.00050,12.0450,-7.5,-0.00075,170.48
6,543943,1,0,58.66,1561.7,1778.9,1667.9,0.0,20.1313,550.0,0.55000,12.0450,847.5,0.84750,12.0475,1195.0,0.03621,5.0812,700.0,0.07000,12.0400,3052.5,0.30525,12.0375,3887.5,0.38875,12.0437,957.5,0.09575,12.0450,-5.0,-0.00050,12.0462,-7.5,-0.00075,12.0425,-7.5,-0.00075,12.0437,-5.0,-0.00050,12.0437,-5.0,-0.00050,12.0450,-5.0,-0.00050,12.0462,-7.5,-0.00075,170.82
6,544300,1,0,58.36,1666.3,1710.7,1550.3,0.0,20.1325,545.0,0.54500,12.0450,842.5,0.84250,12.0462,1197.5,0.03629,5.0812,700.0,0.07000,12.0387,3025.0,0.30250,12.0363,3865.0,0.38650,12.0425,952.5,0.09525,12.0437,-5.0,-0.00050,12.0450,-7.5,-0.00075,12.0412,-7.5,-0.00075,12.0425,-5.0,-0.00050,12.0437,-5.0,-0.00050,12.0437,-5.0,-0.00050,12.0450,-7.5,-0.00075,171.17
6,544636,1,0,58.08,2102.0,1986.0,1985.8,0.0,20.1337,532.5,0.53250,12.0450,822.5,0.82250,12.0462,1200.0,0.03636,5.0812,700.0,0.07000,12.0400,2940.0,0.29400,12.0375,3787.5,0.37875,12.0437,932.5,0.09325,12.0450,-5.0,-0.00050,12.0462,-7.5,-0.00075,12.0425,-7.5,-0.00075,12.0437,-5.0,-0.00050,12.0437,-5.0,-0.00050,12.0450,-5.0,-0.00050,12.0462,-7.5,-0.00075,171.50
6,544972,1,0,57.80,1808.4,1758.1,1648.2,0.0,20.1337,532.5,0.53250,12.0450,822.5,0.82250,12.0462,1195.0,0.03621,5.0812,700.0,0.07000,12.0387,2945.0,0.29450,12.0363,3795.0,0.37950,12.0425,935.0,0.09350,12.0437,-5.0,-0.00050,12.0450,-7.5,-0.00075,12.0425,-7.5,-0.00075,12.0437,-5.0,-0.00050,12.0437,-5.0,-0.00050,12.0437,-5.0,-0.00050,12.0450,-7.5,-0.00075,171.84
6,545309,1,0,57.52,1645.3,1901.1,1531.4,0.0,20.1350,520.0,0.52000,12.0450,802.5,0.80250,12.0462,1197.5,0.03629,5.0812,700.0,0.07000,12.0400,2875.0,0.28750,12.0375,3697.5,0.36975,12.0437,900.0,0.09000,12.0450,-5.0,-0.00050,12.0462,-7.5,-0.00075,12.0425,-7.5,-0.00075,12.0437,-5.0,-0.00050,12.0450,-5.0,-0.00050,12.0450,-5.0,-0.00050,12.0462,-7.5,-0.00075,172.17
6,545645,1,0,57.24,1637.9,1681.3,1851.0,0.0,20.1350,520.0,0.52000,12.0450,800.0,0.80000,12.0462,1195.0,0.03621,5.0812,700.0,0.07000,12.0400,2847.5,0.28475,12.0375,3692.5,0.36925,12.0437,900.0,0.09000,12.0450,-5.0,-0.00050,12.0462,-7.5,-0.00075,12.0425,-7.5,-0.00075,12.0437,-5.0,-0.00050,12.0450,-5.0,-0.00050,12.0450,-5.0,-0.00050,12.0462,-7.5,-0.00075,172.51
6,545981,1,0,56.96,1638.8,1568.9,1625.8,0.0,20.1362,515.0,0.51500,12.0462,792.5,0.79250,12.0475,1195.0,0.03621,5.0812,700.0,0.07000,12.0412,2830.0,0.28300,12.0375,3650.0,0.36500,12.0437,897.5,0.08975,12.0450,-5.0,-0.00050,12.0462,-7.5,-0.00075,12.0425,-7.5,-0.00075,12.0437,-5.0,-0.00050,12.0450,-5.0,-0.00050,12.0450,-5.0,-0.00050,12.0462,-7.5,-0.00075,172.86
6,546338,1,0,56.67,1631.4,1940.6,1726.6,0.0,20.1362,517.5,0.51750,12.0450,795.0,0.79500,12.0462,1195.0,0.03621,5.0812,700.0,0.07000,12.0400,2827.5,0.28275,12.0375,3677.5,0.36775,12.0437,902.5,0.09025,12.0437,-5.0,-0.00050,12.0450,-7.5,-0.00075,12.0425,-7.5,-0.00075,12.0437,-5.0,-0.00050,12.0437,-5.0,-0.00050,12.0450,-5.0,-0.00050,12.0450,-7.5,-0.00075,173.21
6,546675,1,0,56.38,1789.6,1933.5,1827.8,0.0,20.1362,515.0,0.51500,12.0450,790.0,0.79000,12.0475,1197.5,0.03629,5.0812,700.0,0.07000,12.0400,2827.5,0.28275,12.0375,3685.0,0.36850,12.0437,880.0,0.08800,12.0450,-5.0,-0.00050,12.0462,-7.5,-0.00075,12.0425,-7.5,-0.00075,12.0437,-5.0,-0.00050,12.0450,-5.0,-0.00050,12.0450,-5.0,-0.00050,12.0462,-7.5,-0.00075,173.54
6,547011,1,0,56.10,1621.3,1844.9,1819.6,0.0,20.1375,507.5,0.50750,12.0450,777.5,0.77750,12.0475,1195.0,0.03621,5.0812,700.0,0.07000,12.0412,2800.0,0.28000,12.0375,3570.0,0.35700,12.0437,872.5,0.08725,12.0450,-5.0,-0.00050,12.0462,-7.5,-0.00075,12.0437,-7.5,-0.00075,12.0437,-5.0,-0.00050,12.0437,-5.0,-0.00050,12.0450,-5.0,-0.00050,12.0462,-7.5,-0.00075,173.89
6,547347,1,0,55.82,1499.2,2025.5,1880.3,0.0,20.1388,497.5,0.49750,12.0450,765.0,0.76500,12.0475,1195.0,0.03621,5.0812,700.0,0.07000,12.0400,2765.0,0.27650,12.0375,3512.5,0.35125,12.0437,862.5,0.08625,12.0450,-5.0,-0.00050,12.0462,-7.5,-0.00075,12.0425,-7.5,-0.00075,12.0437,-5.0,-0.00050,12.0450,-5.0,-0.00050,12.0450,-5.0,-0.00050,12.0462,-7.5,-0.00075,174.22
6,547683,1,0,55.54,1492.0,2015.4,1714.1,0.0,20.1388,495.0,0.49500,12.0450,757.5,0.75750,12.0475,1195.0,0.03621,5.0812,700.0,0.07000,12.0412,2715.0,0.27150,12.0375,3480.0,0.34800,12.0437,855.0,0.08550,12.0450,-5.0,-0.00050,12.0462,-7.5,-0.00075,12.0425,-7.5,-0.00075,12.0437,-5.0,-0.00050,12.0437,-5.0,-0.00050,12.0450,-5.0,-0.00050,12.0462,-7.5,-0.00075,174.55
6,548020,1,0,55.26,1485.7,2300.7,1585.3,0.0,20.1388,495.0,0.49500,12.0450,760.0,0.76000,12.0462,1195.0,0.03621,5.0812,700.0,0.07000,12.0400,2717.5,0.27175,12.0375,3485.0,0.34850,12.0437,885.0,0.08850,12.0450,-5.0,-0.00050,12.0462,-7.5,-0.00075,12.0425,-7.5,-0.00075,12.0437,-5.0,-0.00050,12.0450,-5.0,-0.00050,12.0450,-5.0,-0.00050,12.0462,-7.5,-0.00075,174.91
6,548377,1,0,54.97,1706.6,1789.0,1474.4,0.0,20.1400,482.5,0.48250,12.0462,740.0,0.74000,12.0475,1197.5,0.03629,5.0812,700.0,0.07000,12.0412,2640.0,0.26400,12.0387,3385.0,0.33850,12.0450,862.5,0.08625,12.0450,-5.0,-0.00050,12.0462,-7.5,-0.00075,12.0437,-7.5,-0.00075,12.0450,-5.0,-0.00050,12.0450,-5.0,-0.00050,12.0450,-5.0,-0.00050,12.0462,-7.5,-0.00075,175.25
6,548713,1,0,54.69,1682.2,1805.2,1887.8,0.0,20.1412,480.0,0.48000,12.0462,737.5,0.73750,12.0475,1195.0,0.03621,5.0812,700.0,0.07000,12.0412,2642.5,0.26425,12.0387,3377.5,0.33775,12.0437,850.0,0.08500,12.0450,-5.0,-0.00050,12.0462,-7.5,-0.00075,12.0425,-7.5,-0.00075,12.0450,-5.0,-0.00050,12.0450,-5.0,-0.00050,12.0450,-5.0,-0.00050,12.0462,-7.5,-0.00075,175.58
6,549049,1,0,54.41,1577.7,1772.8,1574.1,0.0,20.1412,472.5,0.47250,12.0462,722.5,0.72250,12.0475,1195.0,0.03621,5.0812,700.0,0.07000,12.0412,2607.5,0.26075,12.0387,3340.0,0.33400,12.0437,822.5,0.08225,12.0450,-5.0,-0.00050,12.0462,-7.5,-0.00075,12.0425,-7.5,-0.00075,12.0437,-5.0,-0.00050,12.0450,-5.0,-0.00050,12.0450,-5.0,-0.00050,12.0462,-7.5,-0.00075,175.91
6,549386,1,0,54.13,1570.7,1788.7,1791.6,0.0,20.1412,470.0,0.47000,12.0462,717.5,0.71750,12.0475,1197.5,0.03629,5.0812,700.0,0.07000,12.0412,2595.0,0.25950,12.0387,3310.0,0.33100,12.0450,822.5,0.08225,12.0450,-5.0,-0.00050,12.0462,-7.5,-0.00075,12.0425,-7.5,-0.00075,12.0437,-5.0,-0.00050,12.0450,-5.0,-0.00050,12.0450,-5.0,-0.00050,12.0462,-7.5,-0.00075,176.25
6,549722,1,0,53.85,1452.2,2115.2,1449.6,0.0,20.1425,465.0,0.46500,12.0462,712.5,0.71250,12.0475,1195.0,0.03621,5.0812,700.0,0.07000,12.0412,2520.0,0.25200,12.0387,3285.0,0.32850,12.0450,812.5,0.08125,12.0462,-5.0,-0.00050,12.0475,-7.5,-0.00075,12.0437,-7.5,-0.00075,12.0450,-5.0,-0.00050,12.0450,-5.0,-0.00050,12.0462,-5.0,-0.00050,12.0475,-7.5,-0.00075,176.59
6,550058,1,0,53.57,1446.9,1552.2,1496.5,0.0,20.1425,462.5,0.46250,12.0462,710.0,0.71000,12.0475,1197.5,0.03629,5.0812,700.0,0.07000,12.0412,2542.5,0.25425,12.0387,3247.5,0.32475,12.0437,812.5,0.08125,12.0450,-5.0,-0.00050,12.0462,-7.5,-0.00075,12.0437,-7.5,-0.00075,12.0450,-5.0,-0.00050,12.0450,-5.0,-0.00050,12.0450,-5.0,-0.00050,12.0462,-7.5,-0.00075,176.94
6,550415,1,0,53.27,1773.6,1767.0,1657.6,0.0,20.1437,455.0,0.45500,12.0462,695.0,0.69500,12.0475,1195.0,0.03621,5.0812,700.0,0.07000,12.0425,2485.0,0.24850,12.0387,3215.0,0.32150,12.0450,787.5,0.07875,12.0462,-5.0,-0.00050,12.0475,-7.5,-0.00075,12.0437,-7.5,-0.00075,12.0450,-5.0,-0.00050,12.0450,-5.0,-0.00050,12.0462,-5.0,-0.00050,12.0475,-7.5,-0.00075,177.28
6,550752,1,0,52.99,1434.5,2144.7,1760.7,0.0,20.1450,452.5,0.45250,12.0462,690.0,0.69000,12.0475,1195.0,0.03621,5.0812,700.0,0.07000,12.0425,2472.5,0.24725,12.0387,3182.5,0.31825,12.0450,777.5,0.07775,12.0462,-5.0,-0.00050,12.0475,-7.5,-0.00075,12.0437,-7.5,-0.00075,12.0450,-5.0,-0.00050,12.0450,-5.0,-0.00050,12.0462,-5.0,-0.00050,12.0475,-7.5,-0.00075,177.62
6,551088,1,0,52.71,1427.3,1642.8,1533.1,0.0,20.1450,445.0,0.44500,12.0462,675.0,0.67500,12.0475,1195.0,0.03621,5.0812,700.0,0.07000,12.0425,2432.5,0.24325,12.0387,3120.0,0.31200,12.0450,752.5,0.07525,12.0462,-5.0,-0.00050,12.0475,-7.5,-0.00075,12.0437,-7.5,-0.00075,12.0450,-5.0,-0.00050,12.0462,-5.0,-0.00050,12.0462,-5.0,-0.00050,12.0475,-7.5,-0.00075,177.95
6,551424,1,0,52.43,1530.1,1635.6,1634.5,0.0,20.1462,442.5,0.44250,12.0462,675.0,0.67500,12.0475,1197.5,0.03629,5.0812,700.0,0.07000,12.0425,2442.5,0.24425,12.0387,3092.5,0.30925,12.0450,757.5,0.07575,12.0462,-5.0,-0.00050,12.0475,-7.5,-0.00075,12.0437,-7.5,-0.00075,12.0450,-5.0,-0.00050,12.0450,-5.0,-0.00050,12.0462,-5.0,-0.00050,12.0475,-7.5,-0.00075,178.29
6,551760,1,0,52.15,1522.8,1520.3,1626.3,0.0,20.1475,432.5,0.43250,12.0462,660.0,0.66000,12.0475,1197.5,0.03629,5.0812,700.0,0.07000,12.0425,2415.0,0.24150,12.0400,3002.5,0.30025,12.0450,752.5,0.07525,12.0462,-5.0,-0.00050,12.0475,-7.5,-0.00075,12.0437,-7.5,-0.00075,12.0450,-5.0,-0.00050,12.0462,-5.0,-0.00050,12.0462,-5.0,-0.00050,12.0475,-7.5,-0.00075,178.62
6,552097,1,0,51.87,1515.0,1620.6,1637.0,0.0,20.1475,430.0,0.43000,12.0462,655.0,0.65500,12.0475,1197.5,0.03629,5.0812,700.0,0.07000,12.0425,2385.0,0.23850,12.0400,2975.0,0.29750,12.0450,750.0,0.07500,12.0462,-5.0,-0.00050,12.0475,-7.5,-0.00075,12.0437,-7.5,-0.00075,12.0450,-5.0,-0.00050,12.0462,-5.0,-0.00050,12.0462,-5.0,-0.00050,12.0475,-7.5,-0.00075,178.98
6,552454,1,0,51.57,1457.0,1719.7,1505.4,0.0,20.1475,432.5,0.43250,12.0462,660.0,0.66000,12.0475,1195.0,0.03621,5.0812,700.0,0.07000,12.0425,2412.5,0.24125,12.0387,2997.5,0.29975,12.0450,757.5,0.07575,12.0462,-5.0,-0.00050,12.0462,-7.5,-0.00075,12.0437,-7.5,-0.00075,12.0450,-5.0,-0.00050,12.0450,-5.0,-0.00050,12.0462,-5.0,-0.00050,12.0475,-7.5,-0.00075,179.32
6,552790,1,0,51.29,1503.2,1854.2,1607.5,0.0,20.1475,430.0,0.43000,12.0462,655.0,0.65500,12.0475,1195.0,0.03621,5.0812,700.0,0.07000,12.0425,2392.5,0.23925,12.0400,2980.0,0.29800,12.0450,740.0,0.07400,12.0462,-5.0,-0.00050,12.0475,-7.5,-0.00075,12.0437,-7.5,-0.00075,12.0462,-5.0,-0.00050,12.0462,-5.0,-0.00050,12.0462,-5.0,-0.00050,12.0475,-7.5,-0.00075,179.66
6,553126,1,0,51.01,1604.6,1384.7,1815.8,0.0,20.1475,427.5,0.42750,12.0462,650.0,0.65000,12.0475,1195.0,0.03621,5.0812,700.0,0.07000,12.0425,2380.0,0.23800,12.0400,2950.0,0.29500,12.0450,717.5,0.07175,12.0462,-5.0,-0.00050,12.0475,-7.5,-0.00075,12.0437,-7.5,-0.00075,12.0462,-5.0,-0.00050,12.0462,-5.0,-0.00050,12.0462,-5.0,-0.00050,12.0462,-7.5,-0.00075,179.99
6,553463,1,0,50.73,1616.2,2067.7,1485.5,0.0,20.1488,417.5,0.41750,12.0462,632.5,0.63250,12.0487,1200.0,0.03636,5.0812,700.0,0.07000,12.0425,2297.5,0.22975,12.0400,2877.5,0.28775,12.0462,717.5,0.07175,12.0462,-5.0,-0.00050,12.0475,-7.5,-0.00075,12.0437,-7.5,-0.00075,12.0462,-5.0,-0.00050,12.0462,-5.0,-0.00050,12.0462,-5.0,-0.00050,12.0475,-7.5,-0.00075,180.33
6,553799,1,0,50.45,1590.8,1599.7,1372.7,0.0,20.1500,412.5,0.41250,12.0462,625.0,0.62500,12.0475,1195.0,0.03621,5.0812,700.0,0.07000,12.0425,2275.0,0.22750,12.0400,2872.5,0.28725,12.0450,700.0,0.07000,12.0462,-5.0,-0.00050,12.0475,-7.5,-0.00075,12.0437,-7.5,-0.00075,12.0450,-5.0,-0.00050,12.0462,-5.0,-0.00050,12.0462,-5.0,-0.00050,12.0475,-7.5,-0.00075,180.66
6,554135,1,0,50.17,1372.5,1469.3,1749.2,0.0,20.1512,402.5,0.40250,12.0462,610.0,0.61000,12.0475,1197.5,0.03629,5.0812,700.0,0.07000,12.0425,2202.5,0.22025,12.0400,2807.5,0.28075,12.0462,675.0,0.06750,12.0462,-5.0,-0.00050,12.0475,-7.5,-0.00075,12.0437,-7.5,-0.00075,12.0462,-5.0,-0.00050,12.0462,-5.0,-0.00050,12.0462,-5.0,-0.00050,12.0475,-7.5,-0.00075,181.01
6,554492,1,0,49.87,1479.1,1358.5,1880.4,0.0,20.1512,402.5,0.40250,12.0462,607.5,0.60750,12.0475,1195.0,0.03621,5.0812,700.0,0.07000,12.0437,2190.0,0.21900,12.0400,2807.5,0.28075,12.0450,685.0,0.06850,12.0462,-5.0,-0.00050,12.0475,-7.5,-0.00075,12.0450,-7.5,-0.00075,12.0450,-5.0,-0.00050,12.0462,-5.0,-0.00050,12.0462,-5.0,-0.00050,12.0475,-7.5,-0.00075,181.37
6,554829,1,0,49.59,1463.0,1804.6,1464.6,0.0,20.1525,392.5,0.39250,12.0475,597.5,0.59750,12.0487,1195.0,0.03621,5.0812,700.0,0.07000,12.0437,2167.5,0.21675,12.0412,2730.0,0.27300,12.0462,680.0,0.06800,12.0475,-5.0,-0.00050,12.0487,-7.5,-0.00075,12.0450,-7.5,-0.00075,12.0462,-5.0,-0.00050,12.0462,-5.0,-0.00050,12.0475,-5.0,-0.00050,12.0475,-7.5,-0.00075,181.70
6,555165,1,0,49.31,1663.2,1684.0,1570.3,0.0,20.1525,392.5,0.39250,12.0462,597.5,0.59750,12.0475,1195.0,0.03621,5.0812,700.0,0.07000,12.0437,2150.0,0.21500,12.0412,2717.5,0.27175,12.0462,677.5,0.06775,12.0462,-5.0,-0.00050,12.0475,-7.5,-0.00075,12.0450,-7.5,-0.00075,12.0462,-5.0,-0.00050,12.0462,-5.0,-0.00050,12.0462,-5.0,-0.00050,12.0475,-7.5,-0.00075,182.04
6,555501,1,0,49.03,1344.5,1675.7,1502.0,0.0,20.1525,390.0,0.39000,12.0462,590.0,0.59000,12.0487,1197.5,0.03629,5.0812,700.0,0.07000,12.0437,2122.5,0.21225,12.0412,2687.5,0.26875,12.0462,672.5,0.06725,12.0475,-5.0,-0.00050,12.0475,-7.5,-0.00075,12.0450,-7.5,-0.00075,12.0462,-5.0,-0.00050,12.0462,-5.0,-0.00050,12.0462,-5.0,-0.00050,12.0475,-7.5,-0.00075,182.37
6,555837,1,0,48.75,1560.9,1813.8,1334.5,0.0,20.1525,390.0,0.39000,12.0462,587.5,0.58750,12.0475,1192.5,0.03614,5.0812,700.0,0.07000,12.0437,2110.0,0.21100,12.0412,2705.0,0.27050,12.0462,672.5,0.06725,12.0462,-5.0,-0.00050,12.0475,-7.5,-0.00075,12.0450,-7.5,-0.00075,12.0450,-5.0,-0.00050,12.0462,-5.0,-0.00050,12.0462,-5.0,-0.00050,12.0475,-7.5,-0.00075,182.71
6,556174,1,0,48.47,1443.3,1881.4,1807.5,0.0,20.1537,382.5,0.38250,12.0475,577.5,0.57750,12.0487,1195.0,0.03621,5.0812,700.0,0.07000,12.0437,2082.5,0.20825,12.0412,2662.5,0.26625,12.0462,660.0,0.06600,12.0475,-5.0,-0.00050,12.0475,-7.5,-0.00075,12.0450,-7.5,-0.00075,12.0462,-5.0,-0.00050,12.0462,-5.0,-0.00050,12.0475,-5.0,-0.00050,12.0475,-7.5,-0.00075,183.06
6,556531,1,0,48.17,1383.6,1431.9,1495.1,0.0,20.1537,385.0,0.38500,12.0462,580.0,0.58000,12.0475,1197.5,0.03629,5.0812,700.0,0.07000,12.0437,2095.0,0.20950,12.0412,2667.5,0.26675,12.0462,650.0,0.06500,12.0475,-5.0,-0.00050,12.0487,-7.5,-0.00075,12.0450,-7.5,-0.00075,12.0462,-5.0,-0.00050,12.0462,-5.0,-0.00050,12.0462,-5.0,-0.00050,12.0475,-7.5,-0.00075,183.40
6,556867,1,0,47.89,1541.1,1534.1,1426.6,0.0,20.1550,372.5,0.37250,12.0475,562.5,0.56250,12.0487,1195.0,0.03621,5.0812,700.0,0.07000,12.0450,2027.5,0.20275,12.0412,2570.0,0.25700,12.0462,647.5,0.06475,12.0475,-5.0,-0.00050,12.0487,-7.5,-0.00075,12.0450,-7.5,-0.00075,12.0462,-5.0,-0.00050,12.0462,-5.0,-0.00050,12.0475,-5.0,-0.00050,12.0487,-7.5,-0.00075,183.73
6,557203,1,0,47.61,1533.4,1526.0,1419.9,0.0,20.1550,370.0,0.37000,12.0462,555.0,0.55500,12.0475,1195.0,0.03621,5.0812,700.0,0.07000,12.0437,2005.0,0.20050,12.0412,2557.5,0.25575,12.0462,627.5,0.06275,12.0475,-5.0,-0.00050,12.0475,-7.5,-0.00075,12.0450,-7.5,-0.00075,12.0462,-5.0,-0.00050,12.0462,-5.0,-0.00050,12.0462,-5.0,-0.00050,12.0475,-7.5,-0.00075,184.07
6,557540,1,0,47.33,1417.4,1410.4,1521.7,0.0,20.1563,367.5,0.36750,12.0475,550.0,0.55000,12.0487,1195.0,0.03621,5.0812,700.0,0.07000,12.0437,2007.5,0.20075,12.0412,2545.0,0.25450,12.0462,615.0,0.06150,12.0475,-5.0,-0.00050,12.0487,-7.5,-0.00075,12.0450,-7.5,-0.00075,12.0462,-5.0,-0.00050,12.0462,-5.0,-0.00050,12.0475,-5.0,-0.00050,12.0475,-7.5,-0.00075,184.41
6,557876,1,0,47.05,1420.9,1649.8,1513.2,0.0,20.1563,360.0,0.36000,12.0475,542.5,0.54250,12.0487,1195.0,0.03621,5.0812,700.0,0.07000,12.0450,1937.5,0.19375,12.0425,2505.0,0.25050,12.0462,607.5,0.06075,12.0475,-5.0,-0.00050,12.0487,-7.5,-0.00075,12.0450,-7.5,-0.00075,12.0462,-5.0,-0.00050,12.0462,-5.0,-0.00050,12.0475,-5.0,-0.00050,12.0487,-7.5,-0.00075,184.74
6,558212,1,0,46.77,1294.8,1503.9,1396.4,0.0,20.1575,355.0,0.35500,12.0475,535.0,0.53500,12.0487,1197.5,0.03629,5.0812,700.0,0.07000,12.0450,1910.0,0.19100,12.0425,2475.0,0.24750,12.0462,597.5,0.05975,12.0475,-5.0,-0.00050,12.0487,-7.5,-0.00075,12.0450,-7.5,-0.00075,12.0462,-5.0,-0.00050,12.0475,-5.0,-0.00050,12.0475,-5.0,-0.00050,12.0487,-7.5,-0.00075,185.09
6,558569,1,0,46.47,1566.1,1515.4,1388.9,0.0,20.1575,352.5,0.35250,12.0475,530.0,0.53000,12.0487,1195.0,0.03621,5.0812,700.0,0.07000,12.0450,1905.0,0.19050,12.0412,2447.5,0.24475,12.0462,595.0,0.05950,12.0475,-5.0,-0.00050,12.0487,-7.5,-0.00075,12.0450,-7.5,-0.00075,12.0462,-5.0,-0.00050,12.0462,-5.0,-0.00050,12.0475,-5.0,-0.00050,12.0475,-7.5,-0.00075,185.43
6,558906,1,0,46.19,1386.8,1554.1,1623.8,0.0,20.1575,357.5,0.35750,12.0462,535.0,0.53500,12.0487,1195.0,0.03621,5.0812,700.0,0.07000,12.0450,1912.5,0.19125,12.0412,2472.5,0.24725,12.0462,605.0,0.06050,12.0475,-5.0,-0.00050,12.0487,-7.5,-0.00075,12.0450,-7.5,-0.00075,12.0462,-5.0,-0.00050,12.0462,-5.0,-0.00050,12.0475,-5.0,-0.00050,12.0475,-7.5,-0.00075,185.77
6,559242,1,0,45.91,1274.6,1271.0,1386.3,0.0,20.1575,350.0,0.35000,12.0475,527.5,0.52750,12.0487,1195.0,0.03621,5.0812,700.0,0.07000,12.0450,1882.5,0.18825,12.0425,2450.0,0.24500,12.0475,582.5,0.05825,12.0475,-5.0,-0.00050,12.0487,-7.5,-0.00075,12.0450,-7.5,-0.00075,12.0462,-5.0,-0.00050,12.0475,-5.0,-0.00050,12.0475,-5.0,-0.00050,12.0487,-7.5,-0.00075,186.11
6,559578,1,0,45.63,1615.2,1899.5,1263.9,0.0,20.1575,350.0,0.35000,12.0475,525.0,0.52500,12.0487,1195.0,0.03621,5.0812,700.0,0.07000,12.0450,1897.5,0.18975,12.0425,2442.5,0.24425,12.0475,575.0,0.05750,12.0475,-5.0,-0.00050,12.0487,-7.5,-0.00075,12.0450,-7.5,-0.00075,12.0462,-5.0,-0.00050,12.0475,-5.0,-0.00050,12.0475,-5.0,-0.00050,12.0487,-7.5,-0.00075,186.44
6,559914,1,0,45.35,1428.8,1375.1,1781.1,0.0,20.1587,342.5,0.34250,12.0475,512.5,0.51250,12.0487,1192.5,0.03614,5.0812,700.0,0.07000,12.0450,1845.0,0.18450,12.0425,2362.5,0.23625,12.0475,582.5,0.05825,12.0475,-5.0,-0.00050,12.0487,-7.5,-0.00075,12.0450,-7.5,-0.00075,12.0475,-5.0,-0.00050,12.0475,-5.0,-0.00050,12.0475,-5.0,-0.00050,12.0487,-7.5,-0.00075,186.78
6,560251,1,0,45.07,1257.2,1527.0,1459.7,0.0,20.1587,340.0,0.34000,12.0475,512.5,0.51250,12.0487,1195.0,0.03621,5.0812,700.0,0.07000,12.0450,1835.0,0.18350,12.0425,2350.0,0.23500,12.0475,580.0,0.05800,12.0475,-5.0,-0.00050,12.0487,-7.5,-0.00075,12.0462,-7.5,-0.00075,12.0462,-5.0,-0.00050,12.0475,-5.0,-0.00050,12.0475,-5.0,-0.00050,12.0487,-7.5,-0.00075,187.13
6,560608,1,0,44.77,1364.0,1473.5,1515.6,0.0,20.1600,332.5,0.33250,12.0475,500.0,0.50000,12.0487,1195.0,0.03621,5.0812,697.5,0.06975,12.0450,1810.0,0.18100,12.0425,2295.0,0.22950,12.0475,565.0,0.05650,12.0475,-5.0,-0.00050,12.0487,-7.5,-0.00075,12.0450,-7.5,-0.00075,12.0462,-5.0,-0.00050,12.0475,-5.0,-0.00050,12.0475,-5.0,-0.00050,12.0487,-7.5,-0.00075,187.47
6,560944,1,0,44.49,1298.1,1465.9,1351.2,0.0,20.1600,330.0,0.33000,12.0475,495.0,0.49500,12.0487,1192.5,0.03614,5.0812,700.0,0.07000,12.0450,1802.5,0.18025,12.0425,2277.5,0.22775,12.0475,550.0,0.05500,12.0475,-5.0,-0.00050,12.0487,-7.5,-0.00075,12.0462,-7.5,-0.00075,12.0462,-5.0,-0.00050,12.0475,-5.0,-0.00050,12.0475,-5.0,-0.00050,12.0487,-7.5,-0.00075,187.81
6,561280,1,0,44.21,1237.3,1457.9,1818.9,0.0,20.1612,322.5,0.32250,12.0475,480.0,0.48000,12.0487,1192.5,0.03614,5.0812,697.5,0.06975,12.0462,1730.0,0.17300,12.0437,2200.0,0.22000,12.0475,550.0,0.05500,12.0487,-5.0,-0.00050,12.0500,-7.5,-0.00075,12.0462,-7.5,-0.00075,12.0475,-5.0,-0.00050,12.0475,-5.0,-0.00050,12.0475,-5.0,-0.00050,12.0487,-7.5,-0.00075,188.14
6,561617,1,0,43.93,1453.8,1337.8,1447.3,0.0,20.1612,322.5,0.32250,12.0475,477.5,0.47750,12.0487,1195.0,0.03621,5.0812,697.5,0.06975,12.0450,1730.0,0.17300,12.0425,2200.0,0.22000,12.0475,547.5,0.05475,12.0475,-5.0,-0.00050,12.0487,-7.5,-0.00075,12.0462,-7.5,-0.00075,12.0475,-5.0,-0.00050,12.0475,-5.0,-0.00050,12.0475,-5.0,-0.00050,12.0487,-7.5,-0.00075,188.48
6,561953,1,0,43.65,1222.9,1662.3,1440.4,0.0,20.1625,317.5,0.31750,12.0475,475.0,0.47500,12.0487,1192.5,0.03614,5.0812,697.5,0.06975,12.0462,1720.0,0.17200,12.0437,2167.5,0.21675,12.0475,552.5,0.05525,12.0487,-5.0,-0.00050,12.0500,-7.5,-0.00075,12.0450,-7.5,-0.00075,12.0475,-5.0,-0.00050,12.0475,-5.0,-0.00050,12.0475,-5.0,-0.00050,12.0487,-7.5,-0.00075,188.82
6,562289,1,0,43.37,1438.6,1543.3,1435.1,0.0,20.1625,317.5,0.31750,12.0475,475.0,0.47500,12.0487,1197.5,0.03629,5.0812,700.0,0.07000,12.0462,1712.5,0.17125,12.0425,2167.5,0.21675,12.0475,555.0,0.05550,12.0475,-5.0,-0.00050,12.0487,-7.5,-0.00075,12.0462,-7.5,-0.00075,12.0475,-5.0,-0.00050,12.0475,-5.0,-0.00050,12.0475,-5.0,-0.00050,12.0487,-7.5,-0.00075,189.17
6,562646,1,0,43.08,1431.5,1364.5,1208.6,0.0,20.1625,317.5,0.31750,12.0475,475.0,0.47500,12.0487,1195.0,0.03621,5.0812,697.5,0.06975,12.0450,1732.5,0.17325,12.0425,2175.0,0.21750,12.0475,532.5,0.05325,12.0475,-5.0,-0.00050,12.0487,-7.5,-0.00075,12.0450,-7.5,-0.00075,12.0475,-5.0,-0.00050,12.0475,-5.0,-0.00050,12.0475,-5.0,-0.00050,12.0487,-7.5,-0.00075,189.51
6,562983,1,0,42.79,1425.9,1420.7,1312.1,0.0,20.1625,310.0,0.31000,12.0475,462.5,0.46250,12.0487,1195.0,0.03621,5.0812,700.0,0.07000,12.0462,1677.5,0.16775,12.0437,2105.0,0.21050,12.0475,527.5,0.05275,12.0487,-5.0,-0.00050,12.0500,-7.5,-0.00075,12.0462,-7.5,-0.00075,12.0475,-5.0,-0.00050,12.0475,-5.0,-0.00050,12.0475,-5.0,-0.00050,12.0487,-7.5,-0.00075,189.85
6,563319,1,0,42.51,1745.2,1413.5,1435.2,0.0,20.1637,302.5,0.30250,12.0475,447.5,0.44750,12.0487,1195.0,0.03621,5.0812,697.5,0.06975,12.0462,1627.5,0.16275,12.0437,2052.5,0.20525,12.0475,512.5,0.05125,12.0487,-5.0,-0.00050,12.0500,-7.5,-0.00075,12.0462,-7.5,-0.00075,12.0475,-5.0,-0.00050,12.0475,-5.0,-0.00050,12.0475,-5.0,-0.00050,12.0487,-7.5,-0.00075,190.18
6,563655,1,0,42.23,1519.0,1358.6,1514.0,0.0,20.1650,297.5,0.29750,12.0475,442.5,0.44250,12.0487,1192.5,0.03614,5.0812,700.0,0.07000,12.0462,1600.0,0.16000,12.0437,2050.0,0.20500,12.0487,497.5,0.04975,12.0487,-5.0,-0.00050,12.0500,-7.5,-0.00075,12.0462,-7.5,-0.00075,12.0475,-5.0,-0.00050,12.0475,-5.0,-0.00050,12.0475,-5.0,-0.00050,12.0487,-7.5,-0.00075,190.52
6,563991,1,0,41.95,1306.2,1397.8,1507.2,0.0,20.1650,300.0,0.30000,12.0475,445.0,0.44500,12.0487,1195.0,0.03621,5.0812,697.5,0.06975,12.0462,1627.5,0.16275,12.0437,2025.0,0.20250,12.0475,492.5,0.04925,12.0487,-5.0,-0.00050,12.0500,-7.5,-0.00075,12.0462,-7.5,-0.00075,12.0475,-5.0,-0.00050,12.0475,-5.0,-0.00050,12.0487,-5.0,-0.00050,12.0487,-7.5,-0.00075,190.86
6,564328,1,0,41.67,1181.0,1176.4,1413.3,0.0,20.1650,292.5,0.29250,12.0475,432.5,0.43250,12.0487,1192.5,0.03614,5.0812,697.5,0.06975,12.0462,1550.0,0.15500,12.0437,2020.0,0.20200,12.0475,482.5,0.04825,12.0487,-5.0,-0.00050,12.0500,-7.5,-0.00075,12.0462,-7.5,-0.00075,12.0475,-5.0,-0.00050,12.0475,-5.0,-0.00050,12.0475,-5.0,-0.00050,12.0487,-7.5,-0.00075,191.21
6,564685,1,0,41.38,1173.7,1380.9,1336.6,0.0,20.1663,287.5,0.28750,12.0475,427.5,0.42750,12.0487,1192.5,0.03614,5.0812,697.5,0.06975,12.0462,1542.5,0.15425,12.0437,1972.5,0.19725,12.0475,472.5,0.04725,12.0487,-5.0,-0.00050,12.0500,-7.5,-0.00075,12.0462,-7.5,-0.00075,12.0475,-5.0,-0.00050,12.0475,-5.0,-0.00050,12.0475,-5.0,-0.00050,12.0487,-7.5,-0.00075,191.55
6,565021,1,0,41.10,1377.9,1689.5,1396.8,0.0,20.1663,287.5,0.28750,12.0475,427.5,0.42750,12.0487,1192.5,0.03614,5.0812,700.0,0.07000,12.0462,1547.5,0.15475,12.0437,1980.0,0.19800,12.0475,465.0,0.04650,12.0487,-5.0,-0.00050,12.0487,-7.5,-0.00075,12.0462,-7.5,-0.00075,12.0475,-5.0,-0.00050,12.0475,-5.0,-0.00050,12.0475,-5.0,-0.00050,12.0487,-7.5,-0.00075,191.90
6,565357,1,0,40.82,1265.3,1366.3,1432.5,0.0,20.1650,290.0,0.29000,12.0475,432.5,0.43250,12.0487,1195.0,0.03621,5.0812,697.5,0.06975,12.0462,1560.0,0.15600,12.0437,1992.5,0.19925,12.0475,472.5,0.04725,12.0487,-5.0,-0.00050,12.0500,-7.5,-0.00075,12.0462,-7.5,-0.00075,12.0475,-5.0,-0.00050,12.0475,-5.0,-0.00050,12.0475,-5.0,-0.00050,12.0487,-7.5,-0.00075,192.24
6,565694,1,0,40.54,1154.6,1360.2,1206.3,0.0,20.1663,285.0,0.28500,12.0487,422.5,0.42250,12.0487,1192.5,0.03614,5.0812,697.5,0.06975,12.0462,1537.5,0.15375,12.0437,1952.5,0.19525,12.0487,455.0,0.04550,12.0487,-5.0,-0.00050,12.0500,-7.5,-0.00075,12.0462,-7.5,-0.00075,12.0475,-5.0,-0.00050,12.0487,-5.0,-0.00050,12.0487,-5.0,-0.00050,12.0500,-7.5,-0.00075,192.56
6,566030,1,0,40.26,1494.5,1375.3,1373.2,0.0,20.1663,287.5,0.28750,12.0475,422.5,0.42250,12.0487,1192.5,0.03614,5.0812,697.5,0.06975,12.0462,1540.0,0.15400,12.0437,1957.5,0.19575,12.0487,467.5,0.04675,12.0487,-5.0,-0.00050,12.0500,-7.5,-0.00075,12.0462,-7.5,-0.00075,12.0475,-5.0,-0.00050,12.0475,-5.0,-0.00050,12.0487,-5.0,-0.00050,12.0487,-7.5,-0.00075,192.90
6,566366,1,0,39.98,1143.9,1254.3,1192.4,0.0,20.1675,277.5,0.27750,12.0487,407.5,0.40750,12.0487,1195.0,0.03621,5.0812,700.0,0.07000,12.0462,1482.5,0.14825,12.0437,1882.5,0.18825,12.0487,452.5,0.04525,12.0487,-5.0,-0.00050,12.0500,-7.5,-0.00075,12.0462,-7.5,-0.00075,12.0475,-5.0,-0.00050,12.0487,-5.0,-0.00050,12.0487,-5.0,-0.00050,12.0500,-7.5,-0.00075,193.25
6,566723,1,0,39.68,1136.4,1472.5,1292.2,0.0,20.1675,275.0,0.27500,12.0475,407.5,0.40750,12.0487,1195.0,0.03621,5.0812,697.5,0.06975,12.0462,1480.0,0.14800,12.0437,1862.5,0.18625,12.0487,457.5,0.04575,12.0487,-5.0,-0.00050,12.0500,-7.5,-0.00075,12.0462,-7.5,-0.00075,12.0475,-5.0,-0.00050,12.0475,-5.0,-0.00050,12.0487,-5.0,-0.00050,12.0500,-7.5,-0.00075,193.59
6,567060,1,0,39.40,1130.5,1352.2,1125.4,0.0,20.1687,270.0,0.27000,12.0487,397.5,0.39750,12.0487,1197.5,0.03629,5.0812,697.5,0.06975,12.0475,1452.5,0.14525,12.0450,1825.0,0.18250,12.0487,440.0,0.04400,12.0487,-5.0,-0.00050,12.0500,-7.5,-0.00075,12.0462,-7.5,-0.00075,12.0475,-5.0,-0.00050,12.0487,-5.0,-0.00050,12.0487,-5.0,-0.00050,12.0500,-7.5,-0.00075,193.92
6,567396,1,0,39.12,1348.7,1344.4,1343.0,0.0,20.1675,270.0,0.27000,12.0487,397.5,0.39750,12.0487,1195.0,0.03621,5.0812,697.5,0.06975,12.0475,1455.0,0.14550,12.0450,1837.5,0.18375,12.0487,437.5,0.04375,12.0487,-5.0,-0.00050,12.0500,-7.5,-0.00075,12.0462,-7.5,-0.00075,12.0487,-5.0,-0.00050,12.0487,-5.0,-0.00050,12.0487,-5.0,-0.00050,12.0500,-7.5,-0.00075,194.26
6,567732,1,0,38.84,1228.9,1336.7,1334.4,0.0,20.1687,262.5,0.26250,12.0487,387.5,0.38750,12.0500,1192.5,0.03614,5.0812,697.5,0.06975,12.0475,1410.0,0.14100,12.0450,1777.5,0.17775,12.0487,430.0,0.04300,12.0500,-5.0,-0.00050,12.0500,-7.5,-0.00075,12.0475,-7.5,-0.00075,12.0487,-5.0,-0.00050,12.0487,-5.0,-0.00050,12.0487,-5.0,-0.00050,12.0500,-7.5,-0.00075,194.60
6,568068,1,0,38.56,1332.8,1106.0,1105.6,0.0,20.1700,260.0,0.26000,12.0487,382.5,0.38250,12.0500,1192.5,0.03614,5.0812,697.5,0.06975,12.0475,1400.0,0.14000,12.0450,1762.5,0.17625,12.0487,427.5,0.04275,12.0487,-5.0,-0.00050,12.0500,-7.5,-0.00075,12.0462,-7.5,-0.00075,12.0475,-5.0,-0.00050,12.0487,-5.0,-0.00050,12.0487,-5.0,-0.00050,12.0500,-7.5,-0.00075,194.94
6,568405,1,0,38.28,1471.9,1428.5,1362.1,0.0,20.1700,255.0,0.25500,12.0487,372.5,0.37250,12.0500,1195.0,0.03621,5.0812,697.5,0.06975,12.0475,1365.0,0.13650,12.0450,1707.5,0.17075,12.0487,427.5,0.04275,12.0500,-5.0,-0.00050,12.0500,-7.5,-0.00075,12.0475,-7.5,-0.00075,12.0487,-5.0,-0.00050,12.0487,-5.0,-0.00050,12.0487,-5.0,-0.00050,12.0500,-7.5,-0.00075,195.29
6,568762,1,0,37.98,1218.9,1419.6,1202.7,0.0,20.1700,257.5,0.25750,12.0487,375.0,0.37500,12.0500,1192.5,0.03614,5.0812,697.5,0.06975,12.0475,1372.5,0.13725,12.0450,1725.0,0.17250,12.0487,422.5,0.04225,12.0500,-5.0,-0.00050,12.0500,-7.5,-0.00075,12.0475,-7.5,-0.00075,12.0487,-5.0,-0.00050,12.0487,-5.0,-0.00050,12.0487,-5.0,-0.00050,12.0500,-7.5,-0.00075,195.63
6,569098,1,0,37.70,1200.5,1207.2,1304.6,0.0,20.1700,255.0,0.25500,12.0487,375.0,0.37500,12.0487,1192.5,0.03614,5.0812,697.5,0.06975,12.0475,1365.0,0.13650,12.0450,1722.5,0.17225,12.0487,410.0,0.04100,12.0487,-5.0,-0.00050,12.0500,-7.5,-0.00075,12.0475,-7.5,-0.00075,12.0487,-5.0,-0.00050,12.0487,-5.0,-0.00050,12.0487,-5.0,-0.00050,12.0500,-7.5,-0.00075,195.97
6,569434,1,0,37.42,1194.7,1706.9,1404.8,0.0,20.1712,250.0,0.25000,12.0487,362.5,0.36250,12.0500,1197.5,0.03629,5.0812,700.0,0.07000,12.0475,1325.0,0.13250,12.0450,1675.0,0.16750,12.0487,410.0,0.04100,12.0500,-5.0,-0.00050,12.0512,-7.5,-0.00075,12.0475,-7.5,-0.00075,12.0487,-5.0,-0.00050,12.0487,-5.0,-0.00050,12.0487,-5.0,-0.00050,12.0500,-7.5,-0.00075,196.31
6,569771,1,0,37.14,1079.5,1194.4,1074.2,0.0,20.1725,242.5,0.24250,12.0487,355.0,0.35500,12.0500,1197.5,0.03629,5.0812,697.5,0.06975,12.0475,1287.5,0.12875,12.0450,1627.5,0.16275,12.0487,405.0,0.04050,12.0500,-5.0,-0.00050,12.0512,-7.5,-0.00075,12.0475,-7.5,-0.00075,12.0487,-5.0,-0.00050,12.0487,-5.0,-0.00050,12.0487,-5.0,-0.00050,12.0500,-7.5,-0.00075,196.64
6,570107,1,0,36.86,1191.6,1305.9,1174.8,0.0,20.1725,245.0,0.24500,12.0487,355.0,0.35500,12.0487,1192.5,0.03614,5.0812,697.5,0.06975,12.0475,1287.5,0.12875,12.0450,1637.5,0.16375,12.0487,405.0,0.04050,12.0500,-5.0,-0.00050,12.0500,-7.5,-0.00075,12.0475,-7.5,-0.00075,12.0487,-5.0,-0.00050,12.0487,-5.0,-0.00050,12.0487,-5.0,-0.00050,12.0500,-7.5,-0.00075,196.98
6,570443,1,0,36.58,1185.2,1298.4,1061.9,0.0,20.1725,245.0,0.24500,12.0487,355.0,0.35500,12.0500,1192.5,0.03614,5.0812,697.5,0.06975,12.0475,1302.5,0.13025,12.0450,1635.0,0.16350,12.0487,385.0,0.03850,12.0500,-5.0,-0.00050,12.0512,-7.5,-0.00075,12.0475,-7.5,-0.00075,12.0487,-5.0,-0.00050,12.0487,-5.0,-0.00050,12.0487,-5.0,-0.00050,12.0500,-7.5,-0.00075,197.33
6,570800,1,0,36.28,1060.7,1408.5,1054.5,0.0,20.1725,237.5,0.23750,12.0487,345.0,0.34500,12.0500,1195.0,0.03621,5.0812,697.5,0.06975,12.0475,1265.0,0.12650,12.0450,1590.0,0.15900,12.0500,392.5,0.03925,12.0500,-5.0,-0.00050,12.0512,-7.5,-0.00075,12.0475,-7.5,-0.00075,12.0487,-5.0,-0.00050,12.0487,-5.0,-0.00050,12.0487,-5.0,-0.00050,12.0500,-7.5,-0.00075,197.67
6,571137,1,0,36.00,1054.3,1260.6,1048.6,0.0,20.1725,237.5,0.23750,12.0487,345.0,0.34500,12.0500,1192.5,0.03614,5.0812,697.5,0.06975,12.0475,1265.0,0.12650,12.0450,1595.0,0.15950,12.0487,385.0,0.03850,12.0500,-5.0,-0.00050,12.0500,-7.5,-0.00075,12.0475,-7.5,-0.00075,12.0487,-5.0,-0.00050,12.0487,-5.0,-0.00050,12.0487,-5.0,-0.00050,12.0500,-7.5,-0.00075,198.01
6,571473,1,0,35.72,1164.2,1318.9,1158.5,0.0,20.1725,235.0,0.23500,12.0487,337.5,0.33750,12.0500,1195.0,0.03621,5.0812,697.5,0.06975,12.0475,1230.0,0.12300,12.0450,1560.0,0.15600,12.0500,382.5,0.03825,12.0500,-5.0,-0.00050,12.0512,-7.5,-0.00075,12.0475,-7.5,-0.00075,12.0487,-5.0,-0.00050,12.0487,-5.0,-0.00050,12.0487,-5.0,-0.00050,12.0500,-7.5,-0.00075,198.35
6,571809,1,0,35.44,1096.3,1038.2,1036.9,0.0,20.1725,235.0,0.23500,12.0487,340.0,0.34000,12.0487,1192.5,0.03614,5.0812,697.5,0.06975,12.0475,1237.5,0.12375,12.0450,1572.5,0.15725,12.0487,390.0,0.03900,12.0500,-5.0,-0.00050,12.0500,-7.5,-0.00075,12.0475,-7.5,-0.00075,12.0487,-5.0,-0.00050,12.0487,-5.0,-0.00050,12.0487,-5.0,-0.00050,12.0500,-7.5,-0.00075,198.69
6,572145,1,0,35.16,1265.8,1261.1,1489.2,0.0,20.1737,232.5,0.23250,12.0487,332.5,0.33250,12.0500,1195.0,0.03621,5.0812,700.0,0.07000,12.0475,1225.0,0.12250,12.0450,1542.5,0.15425,12.0500,370.0,0.03700,12.0500,-5.0,-0.00050,12.0512,-7.5,-0.00075,12.0475,-7.5,-0.00075,12.0487,-5.0,-0.00050,12.0487,-5.0,-0.00050,12.0487,-5.0,-0.00050,12.0500,-7.5,-0.00075,199.02
6,572482,1,0,34.88,1299.8,1368.0,1252.0,0.0,20.1737,232.5,0.23250,12.0487,335.0,0.33500,12.0487,1192.5,0.03614,5.0812,697.5,0.06975,12.0475,1225.0,0.12250,12.0450,1542.5,0.15425,12.0487,370.0,0.03700,12.0487,-5.0,-0.00050,12.0500,-7.5,-0.00075,12.0475,-7.5,-0.00075,12.0487,-5.0,-0.00050,12.0487,-5.0,-0.00050,12.0487,-5.0,-0.00050,12.0500,-7.5,-0.00075,199.36
6,572839,1,0,34.58,1250.8,1245.9,1130.7,0.0,20.1750,225.0,0.22500,12.0487,322.5,0.32250,12.0500,1195.0,0.03621,5.0812,697.5,0.06975,12.0475,1177.5,0.11775,12.0450,1480.0,0.14800,12.0500,367.5,0.03675,12.0500,-5.0,-0.00050,12.0512,-7.5,-0.00075,12.0475,-7.5,-0.00075,12.0487,-5.0,-0.00050,12.0487,-5.0,-0.00050,12.0487,-5.0,-0.00050,12.0500,-7.5,-0.00075,199.72
6,573175,1,0,34.30,1129.3,1236.4,1123.5,0.0,20.1750,222.5,0.22250,12.0487,320.0,0.32000,12.0500,1195.0,0.03621,5.0812,697.5,0.06975,12.0475,1172.5,0.11725,12.0450,1470.0,0.14700,12.0500,365.0,0.03650,12.0500,-5.0,-0.00050,12.0512,-7.5,-0.00075,12.0475,-7.5,-0.00075,12.0487,-5.0,-0.00050,12.0487,-5.0,-0.00050,12.0487,-5.0,-0.00050,12.0500,-7.5,-0.00075,200.05
6,573511,1,0,34.02,1009.7,1451.8,1229.0,0.0,20.1750,217.5,0.21750,12.0487,310.0,0.31000,12.0500,1192.5,0.03614,5.0812,697.5,0.06975,12.0487,1140.0,0.11400,12.0462,1427.5,0.14275,12.0500,342.5,0.03425,12.0500,-5.0,-0.00050,12.0512,-7.5,-0.00075,12.0475,-7.5,-0.00075,12.0487,-5.0,-0.00050,12.0487,-5.0,-0.00050,12.0500,-5.0,-0.00050,12.0500,-7.5,-0.00075,200.38
6,573848,1,0,33.74,1226.8,1221.4,998.5,0.0,20.1750,217.5,0.21750,12.0487,312.5,0.31250,12.0487,1192.5,0.03614,5.0812,697.5,0.06975,12.0475,1140.0,0.11400,12.0450,1435.0,0.14350,12.0487,355.0,0.03550,12.0500,-5.0,-0.00050,12.0500,-7.5,-0.00075,12.0475,-7.5,-0.00075,12.0487,-5.0,-0.00050,12.0487,-5.0,-0.00050,12.0487,-5.0,-0.00050,12.0500,-7.5,-0.00075,200.72
6,574184,1,0,33.46,996.3,1116.9,1322.0,0.0,20.1763,212.5,0.21250,12.0487,302.5,0.30250,12.0500,1195.0,0.03621,5.0812,697.5,0.06975,12.0487,1122.5,0.11225,12.0462,1387.5,0.13875,12.0500,340.0,0.03400,12.0500,-5.0,-0.00050,12.0512,-7.5,-0.00075,12.0475,-7.5,-0.00075,12.0487,-5.0,-0.00050,12.0487,-5.0,-0.00050,12.0500,-5.0,-0.00050,12.0500,-7.5,-0.00075,201.05
6,574520,1,0,33.18,1164.2,1109.5,985.3,0.0,20.1763,212.5,0.21250,12.0487,302.5,0.30250,12.0500,1197.5,0.03629,5.0812,697.5,0.06975,12.0487,1120.0,0.11200,12.0450,1390.0,0.13900,12.0500,337.5,0.03375,12.0500,-5.0,-0.00050,12.0512,-7.5,-0.00075,12.0475,-7.5,-0.00075,12.0487,-5.0,-0.00050,12.0487,-5.0,-0.00050,12.0487,-5.0,-0.00050,12.0500,-7.5,-0.00075,201.40
6,574877,1,0,32.88,1227.8,1197.2,979.1,0.0,20.1763,207.5,0.20750,12.0487,295.0,0.29500,12.0500,1195.0,0.03621,5.0812,697.5,0.06975,12.0487,1075.0,0.10750,12.0462,1365.0,0.13650,12.0500,332.5,0.03325,12.0500,-5.0,-0.00050,12.0512,-7.5,-0.00075,12.0475,-7.5,-0.00075,12.0487,-5.0,-0.00050,12.0487,-5.0,-0.00050,12.0487,-5.0,-0.00050,12.0500,-7.5,-0.00075,201.74
6,575214,1,0,32.60,976.1,973.5,972.6,0.0,20.1763,210.0,0.21000,12.0487,297.5,0.29750,12.0487,1190.0,0.03606,5.0812,697.5,0.06975,12.0487,1087.5,0.10875,12.0450,1385.0,0.13850,12.0500,327.5,0.03275,12.0500,-5.0,-0.00050,12.0500,-7.5,-0.00075,12.0475,-7.5,-0.00075,12.0487,-5.0,-0.00050,12.0487,-5.0,-0.00050,12.0487,-5.0,-0.00050,12.0500,-7.5,-0.00075,202.08
6,575550,1,0,32.32,1186.8,1398.1,966.7,0.0,20.1763,210.0,0.21000,12.0487,300.0,0.30000,12.0500,1192.5,0.03614,5.0812,697.5,0.06975,12.0487,1097.5,0.10975,12.0462,1392.5,0.13925,12.0500,322.5,0.03225,12.0500,-5.0,-0.00050,12.0512,-7.5,-0.00075,12.0475,-7.5,-0.00075,12.0487,-5.0,-0.00050,12.0487,-5.0,-0.00050,12.0487,-5.0,-0.00050,12.0500,-7.5,-0.00075,202.42
6,575886,1,0,32.04,1072.9,1176.1,1174.0,0.0,20.1775,205.0,0.20500,12.0487,290.0,0.29000,12.0500,1192.5,0.03614,5.0812,697.5,0.06975,12.0487,1067.5,0.10675,12.0462,1345.0,0.13450,12.0500,317.5,0.03175,12.0500,-5.0,-0.00050,12.0512,-7.5,-0.00075,12.0475,-7.5,-0.00075,12.0487,-5.0,-0.00050,12.0500,-5.0,-0.00050,12.0500,-5.0,-0.00050,12.0512,-7.5,-0.00075,202.76
6,576222,1,0,31.76,1065.6,1314.6,954.5,0.0,20.1775,205.0,0.20500,12.0487,292.5,0.29250,12.0500,1192.5,0.03614,5.0812,697.5,0.06975,12.0487,1065.0,0.10650,12.0462,1347.5,0.13475,12.0500,325.0,0.03250,12.0500,-5.0,-0.00050,12.0512,-7.5,-0.00075,12.0475,-7.5,-0.00075,12.0487,-5.0,-0.00050,12.0487,-5.0,-0.00050,12.0500,-5.0,-0.00050,12.0500,-7.5,-0.00075,203.10
6,576559,1,0,31.48,1072.6,1187.1,1067.6,0.0,20.1775,200.0,0.20000,12.0487,280.0,0.28000,12.0500,1197.5,0.03629,5.0812,697.5,0.06975,12.0487,1032.5,0.10325,12.0462,1312.5,0.13125,12.0500,305.0,0.03050,12.0500,-5.0,-0.00050,12.0512,-7.5,-0.00075,12.0475,-7.5,-0.00075,12.0487,-5.0,-0.00050,12.0487,-5.0,-0.00050,12.0500,-5.0,-0.00050,12.0500,-7.5,-0.00075,203.44
6,576916,1,0,31.18,1052.1,1296.9,1060.0,0.0,20.1775,200.0,0.20000,12.0487,282.5,0.28250,12.0500,1192.5,0.03614,5.0812,697.5,0.06975,12.0487,1035.0,0.10350,12.0462,1297.5,0.12975,12.0500,305.0,0.03050,12.0500,-5.0,-0.00050,12.0512,-7.5,-0.00075,12.0475,-7.5,-0.00075,12.0487,-5.0,-0.00050,12.0487,-5.0,-0.00050,12.0500,-5.0,-0.00050,12.0500,-7.5,-0.00075,203.79
6,577252,1,0,30.90,940.7,937.3,1099.7,0.0,20.1787,192.5,0.19250,12.0487,270.0,0.27000,12.0500,1192.5,0.03614,5.0812,697.5,0.06975,12.0487,975.0,0.09750,12.0462,1247.5,0.12475,12.0500,307.5,0.03075,12.0500,-5.0,-0.00050,12.0512,-7.5,-0.00075,12.0487,-7.5,-0.00075,12.0487,-5.0,-0.00050,12.0500,-5.0,-0.00050,12.0500,-5.0,-0.00050,12.0512,-7.5,-0.00075,204.12
6,577588,1,0,30.62,1037.5,1279.8,929.7,0.0,20.1787,192.5,0.19250,12.0487,270.0,0.27000,12.0500,1192.5,0.03614,5.0812,697.5,0.06975,12.0487,982.5,0.09825,12.0462,1252.5,0.12525,12.0500,305.0,0.03050,12.0500,-5.0,-0.00050,12.0512,-7.5,-0.00075,12.0475,-7.5,-0.00075,12.0487,-5.0,-0.00050,12.0487,-5.0,-0.00050,12.0500,-5.0,-0.00050,12.0512,-7.5,-0.00075,204.47
6,577925,1,0,30.34,1199.6,1040.3,978.3,0.0,20.1787,190.0,0.19000,12.0487,265.0,0.26500,12.0500,1192.5,0.03614,5.0812,697.5,0.06975,12.0487,972.5,0.09725,12.0462,1217.5,0.12175,12.0500,290.0,0.02900,12.0500,-5.0,-0.00050,12.0512,-7.5,-0.00075,12.0487,-7.5,-0.00075,12.0500,-5.0,-0.00050,12.0500,-5.0,-0.00050,12.0500,-5.0,-0.00050,12.0512,-7.5,-0.00075,204.79
6,578261,1,0,30.06,1150.5,1032.2,917.7,0.0,20.1787,190.0,0.19000,12.0487,265.0,0.26500,12.0500,1190.0,0.03606,5.0812,697.5,0.06975,12.0487,987.5,0.09875,12.0462,1222.5,0.12225,12.0500,290.0,0.02900,12.0500,-5.0,-0.00050,12.0512,-7.5,-0.00075,12.0475,-7.5,-0.00075,12.0487,-5.0,-0.00050,12.0500,-5.0,-0.00050,12.0500,-5.0,-0.00050,12.0512,-7.5,-0.00075,205.14
6,578597,1,0,29.78,1142.8,1139.7,1026.3,0.0,20.1800,185.0,0.18500,12.0487,257.5,0.25750,12.0500,1192.5,0.03614,5.0812,697.5,0.06975,12.0487,957.5,0.09575,12.0462,1195.0,0.11950,12.0500,280.0,0.02800,12.0500,-5.0,-0.00050,12.0512,-7.5,-0.00075,12.0475,-7.5,-0.00075,12.0500,-5.0,-0.00050,12.0500,-5.0,-0.00050,12.0500,-5.0,-0.00050,12.0512,-7.5,-0.00075,205.47
6,578954,1,0,29.49,908.7,1065.3,1018.3,0.0,20.1787,187.5,0.18750,12.0487,262.5,0.26250,12.0500,1195.0,0.03621,5.0812,697.5,0.06975,12.0487,977.5,0.09775,12.0462,1205.0,0.12050,12.0500,282.5,0.02825,12.0500,-5.0,-0.00050,12.0512,-7.5,-0.00075,12.0475,-7.5,-0.00075,12.0487,-5.0,-0.00050,12.0487,-5.0,-0.00050,12.0500,-5.0,-0.00050,12.0500,-7.5,-0.00075,205.83
6,579291,1,0,29.20,1031.5,1124.0,1235.6,0.0,20.1800,182.5,0.18250,12.0487,252.5,0.25250,12.0500,1192.5,0.03614,5.0812,697.5,0.06975,12.0487,935.0,0.09350,12.0462,1157.5,0.11575,12.0500,272.5,0.02725,12.0500,-5.0,-0.00050,12.0512,-7.5,-0.00075,12.0475,-7.5,-0.00075,12.0487,-5.0,-0.00050,12.0500,-5.0,-0.00050,12.0500,-5.0,-0.00050,12.0512,-7.5,-0.00075,206.17
6,579627,1,0,28.92,1007.7,1004.4,1226.7,0.0,20.1800,182.5,0.18250,12.0487,252.5,0.25250,12.0500,1192.5,0.03614,5.0812,697.5,0.06975,12.0487,932.5,0.09325,12.0462,1167.5,0.11675,12.0500,275.0,0.02750,12.0500,-5.0,-0.00050,12.0512,-7.5,-0.00075,12.0475,-7.5,-0.00075,12.0487,-5.0,-0.00050,12.0487,-5.0,-0.00050,12.0487,-5.0,-0.00050,12.0500,-7.5,-0.00075,206.49
6,579963,1,0,28.64,890.1,886.8,996.9,0.0,20.1800,180.0,0.18000,12.0487,250.0,0.25000,12.0500,1192.5,0.03614,5.0812,697.5,0.06975,12.0487,937.5,0.09375,12.0462,1157.5,0.11575,12.0500,265.0,0.02650,12.0500,-5.0,-0.00050,12.0512,-7.5,-0.00075,12.0475,-7.5,-0.00075,12.0487,-5.0,-0.00050,12.0500,-5.0,-0.00050,12.0500,-5.0,-0.00050,12.0500,-7.5,-0.00075,206.84
6,580299,1,0,28.36,943.0,990.1,1099.1,0.0,20.1812,175.0,0.17500,12.0487,242.5,0.24250,12.0500,1192.5,0.03614,5.0812,697.5,0.06975,12.0487,895.0,0.08950,12.0475,1120.0,0.11200,12.0500,265.0,0.02650,12.0512,-5.0,-0.00050,12.0512,-7.5,-0.00075,12.0487,-7.5,-0.00075,12.0500,-5.0,-0.00050,12.0500,-5.0,-0.00050,12.0500,-5.0,-0.00050,12.0512,-7.5,-0.00075,207.17
6,580636,1,0,28.08,1252.5,997.8,1090.2,0.0,20.1812,172.5,0.17250,12.0487,235.0,0.23500,12.0500,1192.5,0.03614,5.0812,697.5,0.06975,12.0487,880.0,0.08800,12.0462,1095.0,0.10950,12.0500,255.0,0.02550,12.0500,-5.0,-0.00050,12.0512,-7.5,-0.00075,12.0487,-7.5,-0.00075,12.0487,-5.0,-0.00050,12.0500,-5.0,-0.00050,12.0500,-5.0,-0.00050,12.0512,-7.5,-0.00075,207.52
6,580993,1,0,27.79,977.5,974.0,973.8,0.0,20.1812,172.5,0.17250,12.0487,237.5,0.23750,12.0500,1195.0,0.03621,5.0812,697.5,0.06975,12.0487,880.0,0.08800,12.0462,1112.5,0.11125,12.0500,257.5,0.02575,12.0512,-5.0,-0.00050,12.0512,-7.5,-0.00075,12.0475,-7.5,-0.00075,12.0487,-5.0,-0.00050,12.0500,-5.0,-0.00050,12.0500,-5.0,-0.00050,12.0500,-7.5,-0.00075,207.86
6,581329,1,0,27.51,862.6,1105.7,1074.4,0.0,20.1812,175.0,0.17500,12.0487,237.5,0.23750,12.0500,1192.5,0.03614,5.0812,697.5,0.06975,12.0487,890.0,0.08900,12.0462,1102.5,0.11025,12.0500,250.0,0.02500,12.0500,-5.0,-0.00050,12.0512,-7.5,-0.00075,12.0475,-7.5,-0.00075,12.0487,-5.0,-0.00050,12.0500,-5.0,-0.00050,12.0500,-5.0,-0.00050,12.0512,-7.5,-0.00075,208.19
6,581665,1,0,27.23,964.6,1025.7,974.6,0.0,20.1812,170.0,0.17000,12.0487,235.0,0.23500,12.0500,1192.5,0.03614,5.0812,697.5,0.06975,12.0487,870.0,0.08700,12.0475,1092.5,0.10925,12.0500,247.5,0.02475,12.0500,-5.0,-0.00050,12.0512,-7.5,-0.00075,12.0487,-7.5,-0.00075,12.0500,-5.0,-0.00050,12.0500,-5.0,-0.00050,12.0500,-5.0,-0.00050,12.0512,-7.5,-0.00075,208.53
6,582002,1,0,26.95,851.9,1061.2,1058.0,0.0,20.1812,172.5,0.17250,12.0487,235.0,0.23500,12.0500,1195.0,0.03621,5.0812,697.5,0.06975,12.0487,877.5,0.08775,12.0462,1102.5,0.11025,12.0500,240.0,0.02400,12.0500,-5.0,-0.00050,12.0512,-7.5,-0.00075,12.0475,-7.5,-0.00075,12.0487,-5.0,-0.00050,12.0500,-5.0,-0.00050,12.0500,-5.0,-0.00050,12.0500,-7.5,-0.00075,208.87
6,582338,1,0,26.67,846.0,1204.7,1080.5,0.0,20.1825,165.0,0.16500,12.0500,225.0,0.22500,12.0500,1192.5,0.03614,5.0812,697.5,0.06975,12.0500,840.0,0.08400,12.0475,1057.5,0.10575,12.0512,240.0,0.02400,12.0512,-5.0,-0.00050,12.0525,-7.5,-0.00075,12.0487,-7.5,-0.00075,12.0500,-5.0,-0.00050,12.0500,-5.0,-0.00050,12.0500,-5.0,-0.00050,12.0512,-7.5,-0.00075,209.20
6,582674,1,0,26.39,839.6,956.8,1073.5,0.0,20.1825,167.5,0.16750,12.0487,227.5,0.22750,12.0500,1190.0,0.03606,5.0812,697.5,0.06975,12.0487,840.0,0.08400,12.0475,1060.0,0.10600,12.0500,247.5,0.02475,12.0500,-5.0,-0.00050,12.0512,-7.5,-0.00075,12.0475,-7.5,-0.00075,12.0487,-5.0,-0.00050,12.0500,-5.0,-0.00050,12.0500,-5.0,-0.00050,12.0512,-7.5,-0.00075,209.55
6,583031,1,0,26.09,832.6,1067.8,1106.1,0.0,20.1825,162.5,0.16250,12.0487,222.5,0.22250,12.0500,1195.0,0.03621,5.0812,697.5,0.06975,12.0500,817.5,0.08175,12.0475,1035.0,0.10350,12.0512,237.5,0.02375,12.0500,-5.0,-0.00050,12.0512,-7.5,-0.00075,12.0487,-7.5,-0.00075,12.0500,-5.0,-0.00050,12.0500,-5.0,-0.00050,12.0500,-5.0,-0.00050,12.0512,-7.5,-0.00075,209.90
6,583368,1,0,25.81,1136.8,988.8,1056.8,0.0,20.1825,162.5,0.16250,12.0487,220.0,0.22000,12.0500,1192.5,0.03614,5.0812,697.5,0.06975,12.0487,827.5,0.08275,12.0475,1032.5,0.10325,12.0500,225.0,0.02250,12.0500,-5.0,-0.00050,12.0512,-7.5,-0.00075,12.0487,-7.5,-0.00075,12.0487,-5.0,-0.00050,12.0500,-5.0,-0.00050,12.0500,-5.0,-0.00050,12.0512,-7.5,-0.00075,210.23
6,583704,1,0,25.53,937.5,933.8,1047.9,0.0,20.1838,157.5,0.15750,12.0487,210.0,0.21000,12.0500,1190.0,0.03606,5.0812,697.5,0.06975,12.0500,780.0,0.07800,12.0475,982.5,0.09825,12.0512,225.0,0.02250,12.0512,-5.0,-0.00050,12.0512,-7.5,-0.00075,12.0487,-7.5,-0.00075,12.0500,-5.0,-0.00050,12.0500,-5.0,-0.00050,12.0500,-5.0,-0.00050,12.0512,-7.5,-0.00075,210.57
6,584040,1,0,25.25,929.9,810.3,808.9,0.0,20.1838,157.5,0.15750,12.0487,212.5,0.21250,12.0500,1190.0,0.03606,5.0812,697.5,0.06975,12.0500,785.0,0.07850,12.0475,995.0,0.09950,12.0500,227.5,0.02275,12.0500,-5.0,-0.00050,12.0512,-7.5,-0.00075,12.0475,-7.5,-0.00075,12.0500,-5.0,-0.00050,12.0500,-5.0,-0.00050,12.0500,-5.0,-0.00050,12.0512,-7.5,-0.00075,210.90
6,584376,1,0,24.97,922.3,1148.2,916.9,0.0,20.1838,155.0,0.15500,12.0487,207.5,0.20750,12.0500,1190.0,0.03606,5.0812,697.5,0.06975,12.0500,772.5,0.07725,12.0475,975.0,0.09750,12.0512,217.5,0.02175,12.0512,-5.0,-0.00050,12.0525,-7.5,-0.00075,12.0487,-7.5,-0.00075,12.0500,-5.0,-0.00050,12.0500,-5.0,-0.00050,12.0500,-5.0,-0.00050,12.0512,-7.5,-0.00075,211.24
6,584713,1,0,24.69,800.4,911.4,909.7,0.0,20.1838,157.5,0.15750,12.0487,210.0,0.21000,12.0500,1192.5,0.03614,5.0812,697.5,0.06975,12.0487,780.0,0.07800,12.0462,987.5,0.09875,12.0500,225.0,0.02250,12.0500,-5.0,-0.00050,12.0512,-7.5,-0.00075,12.0487,-7.5,-0.00075,12.0487,-5.0,-0.00050,12.0500,-5.0,-0.00050,12.0500,-5.0,-0.00050,12.0512,-7.5,-0.00075,211.59
6,585070,1,0,24.39,793.5,791.4,1015.4,0.0,20.1838,150.0,0.15000,12.0487,202.5,0.20250,12.0500,1192.5,0.03614,5.0812,697.5,0.06975,12.0500,747.5,0.07475,12.0475,952.5,0.09525,12.0500,217.5,0.02175,12.0500,-5.0,-0.00050,12.0512,-7.5,-0.00075,12.0487,-7.5,-0.00075,12.0500,-5.0,-0.00050,12.0500,-5.0,-0.00050,12.0500,-5.0,-0.00050,12.0512,-7.5,-0.00075,211.93
6,585406,1,0,24.11,899.3,1120.3,895.8,0.0,20.1838,152.5,0.15250,12.0487,202.5,0.20250,12.0500,1195.0,0.03621,5.0812,697.5,0.06975,12.0500,747.5,0.07475,12.0475,942.5,0.09425,12.0500,225.0,0.02250,12.0512,-5.0,-0.00050,12.0512,-7.5,-0.00075,12.0487,-7.5,-0.00075,12.0500,-5.0,-0.00050,12.0500,-5.0,-0.00050,12.0500,-5.0,-0.00050,12.0512,-7.5,-0.00075,212.27
6,585742,1,0,23.83,780.0,777.4,933.1,0.0,20.1850,150.0,0.15000,12.0487,197.5,0.19750,12.0500,1190.0,0.03606,5.0812,697.5,0.06975,12.0500,745.0,0.07450,12.0475,927.5,0.09275,12.0512,210.0,0.02100,12.0512,-5.0,-0.00050,12.0525,-7.5,-0.00075,12.0487,-7.5,-0.00075,12.0500,-5.0,-0.00050,12.0500,-5.0,-0.00050,12.0500,-5.0,-0.00050,12.0512,-7.5,-0.00075,212.61
6,586079,1,0,23.55,884.0,830.9,771.5,0.0,20.1838,150.0,0.15000,12.0487,200.0,0.20000,12.0500,1192.5,0.03614,5.0812,697.5,0.06975,12.0500,740.0,0.07400,12.0475,937.5,0.09375,12.0500,220.0,0.02200,12.0512,-5.0,-0.00050,12.0512,-7.5,-0.00075,12.0487,-7.5,-0.00075,12.0500,-5.0,-0.00050,12.0500,-5.0,-0.00050,12.0500,-5.0,-0.00050,12.0512,-7.5,-0.00075,212.94
6,586415,1,0,23.27,827.4,766.0,765.9,0.0,20.1838,150.0,0.15000,12.0487,200.0,0.20000,12.0500,1192.5,0.03614,5.0812,697.5,0.06975,12.0500,747.5,0.07475,12.0475,940.0,0.09400,12.0512,210.0,0.02100,12.0500,-5.0,-0.00050,12.0512,-7.5,-0.00075,12.0487,-7.5,-0.00075,12.0500,-5.0,-0.00050,12.0500,-5.0,-0.00050,12.0500,-5.0,-0.00050,12.0512,-7.5,-0.00075,213.28
6,586751,1,0,22.99,1090.1,760.6,1138.2,0.0,20.1850,145.0,0.14500,12.0487,192.5,0.19250,12.0500,1190.0,0.03606,5.0812,697.5,0.06975,12.0500,720.0,0.07200,12.0475,895.0,0.08950,12.0512,207.5,0.02075,12.0512,-5.0,-0.00050,12.0525,-7.5,-0.00075,12.0487,-7.5,-0.00075,12.0500,-5.0,-0.00050,12.0500,-5.0,-0.00050,12.0500,-5.0,-0.00050,12.0512,-7.5,-0.00075,213.63
6,587108,1,0,22.69,756.4,879.0,877.0,0.0,20.1850,142.5,0.14250,12.0487,187.5,0.18750,12.0500,1190.0,0.03606,5.0812,697.5,0.06975,12.0500,705.0,0.07050,12.0475,870.0,0.08700,12.0512,202.5,0.02025,12.0512,-5.0,-0.00050,12.0512,-7.5,-0.00075,12.0487,-7.5,-0.00075,12.0500,-5.0,-0.00050,12.0500,-5.0,-0.00050,12.0500,-5.0,-0.00050,12.0512,-7.5,-0.00075,213.97
6,587445,1,0,22.41,999.4,853.5,745.9,0.0,20.1850,142.5,0.14250,12.0487,187.5,0.18750,12.0500,1195.0,0.03621,5.0812,697.5,0.06975,12.0500,700.0,0.07000,12.0475,877.5,0.08775,12.0512,205.0,0.02050,12.0512,-5.0,-0.00050,12.0525,-7.5,-0.00075,12.0487,-7.5,-0.00075,12.0500,-5.0,-0.00050,12.0500,-5.0,-0.00050,12.0500,-5.0,-0.00050,12.0512,-7.5,-0.00075,214.31
6,587781,1,0,22.13,849.8,864.4,739.7,0.0,20.1850,142.5,0.14250,12.0487,187.5,0.18750,12.0500,1192.5,0.03614,5.0812,697.5,0.06975,12.0500,705.0,0.07050,12.0475,877.5,0.08775,12.0512,195.0,0.01950,12.0512,-5.0,-0.00050,12.0525,-7.5,-0.00075,12.0487,-7.5,-0.00075,12.0500,-5.0,-0.00050,12.0500,-5.0,-0.00050,12.0500,-5.0,-0.00050,12.0512,-7.5,-0.00075,214.65
6,588117,1,0,21.85,860.2,857.6,854.9,0.0,20.1862,137.5,0.13750,12.0500,180.0,0.18000,12.0500,1190.0,0.03606,5.0812,697.5,0.06975,12.0500,682.5,0.06825,12.0475,842.5,0.08425,12.0512,187.5,0.01875,12.0512,-5.0,-0.00050,12.0525,-7.5,-0.00075,12.0487,-7.5,-0.00075,12.0500,-5.0,-0.00050,12.0500,-5.0,-0.00050,12.0500,-5.0,-0.00050,12.0512,-7.5,-0.00075,214.98
6,588453,1,0,21.57,854.2,785.9,726.9,0.0,20.1862,140.0,0.14000,12.0500,182.5,0.18250,12.0500,1190.0,0.03606,5.0812,697.5,0.06975,12.0500,685.0,0.06850,12.0475,860.0,0.08600,12.0512,195.0,0.01950,12.0512,-5.0,-0.00050,12.0525,-7.5,-0.00075,12.0487,-7.5,-0.00075,12.0500,-5.0,-0.00050,12.0500,-5.0,-0.00050,12.0500,-5.0,-0.00050,12.0512,-7.5,-0.00075,215.32
6,588790,1,0,21.29,1005.5,1205.9,886.6,0.0,20.1862,135.0,0.13500,12.0500,175.0,0.17500,12.0500,1190.0,0.03606,5.0812,697.5,0.06975,12.0512,652.5,0.06525,12.0487,820.0,0.08200,12.0512,190.0,0.01900,12.0512,-5.0,-0.00050,12.0525,-7.5,-0.00075,12.0487,-7.5,-0.00075,12.0500,-5.0,-0.00050,12.0500,-5.0,-0.00050,12.0500,-5.0,-0.00050,12.0512,-7.5,-0.00075,215.67
6,589147,1,0,20.99,838.4,836.6,834.0,0.0,20.1862,135.0,0.13500,12.0500,175.0,0.17500,12.0500,1190.0,0.03606,5.0812,697.5,0.06975,12.0500,662.5,0.06625,12.0475,822.5,0.08225,12.0512,187.5,0.01875,12.0512,-5.0,-0.00050,12.0525,-7.5,-0.00075,12.0487,-7.5,-0.00075,12.0500,-5.0,-0.00050,12.0500,-5.0,-0.00050,12.0500,-5.0,-0.00050,12.0512,-7.5,-0.00075,216.02
6,589483,1,0,20.71,949.8,947.9,708.8,0.0,20.1862,132.5,0.13250,12.0500,172.5,0.17250,12.0500,1195.0,0.03621,5.0812,697.5,0.06975,12.0500,647.5,0.06475,12.0475,805.0,0.08050,12.0512,180.0,0.01800,12.0512,-5.0,-0.00050,12.0525,-7.5,-0.00075,12.0487,-7.5,-0.00075,12.0500,-5.0,-0.00050,12.0500,-5.0,-0.00050,12.0500,-5.0,-0.00050,12.0512,-7.5,-0.00075,216.35
6,589819,1,0,20.43,823.4,821.8,702.2,0.0,20.1862,132.5,0.13250,12.0500,172.5,0.17250,12.0500,1187.5,0.03598,5.0812,697.5,0.06975,12.0500,650.0,0.06500,12.0475,807.5,0.08075,12.0512,182.5,0.01825,12.0512,-5.0,-0.00050,12.0525,-7.5,-0.00075,12.0487,-7.5,-0.00075,12.0500,-5.0,-0.00050,12.0500,-5.0,-0.00050,12.0500,-5.0,-0.00050,12.0512,-7.5,-0.00075,216.69
6,590156,1,0,20.15,763.8,814.1,812.1,0.0,20.1875,130.0,0.13000,12.0500,165.0,0.16500,12.0500,1192.5,0.03614,5.0812,697.5,0.06975,12.0512,617.5,0.06175,12.0487,775.0,0.07750,12.0512,177.5,0.01775,12.0512,-5.0,-0.00050,12.0525,-7.5,-0.00075,12.0487,-7.5,-0.00075,12.0500,-5.0,-0.00050,12.0500,-5.0,-0.00050,12.0500,-5.0,-0.00050,12.0512,-7.5,-0.00075,217.03
6,590492,1,0,19.87,808.9,806.1,968.3,0.0,20.1875,130.0,0.13000,12.0500,165.0,0.16500,12.0500,1192.5,0.03614,5.0812,697.5,0.06975,12.0500,617.5,0.06175,12.0487,782.5,0.07825,12.0512,180.0,0.01800,12.0512,-5.0,-0.00050,12.0525,-7.5,-0.00075,12.0487,-7.5,-0.00075,12.0500,-5.0,-0.00050,12.0500,-5.0,-0.00050,12.0512,-5.0,-0.00050,12.0512,-7.5,-0.00075,217.36
6,590828,1,0,19.59,801.3,821.1,912.7,0.0,20.1875,127.5,0.12750,12.0487,162.5,0.16250,12.0500,1192.5,0.03614,5.0812,697.5,0.06975,12.0500,602.5,0.06025,12.0475,762.5,0.07625,12.0512,170.0,0.01700,12.0512,-5.0,-0.00050,12.0525,-7.5,-0.00075,12.0487,-7.5,-0.00075,12.0500,-5.0,-0.00050,12.0500,-5.0,-0.00050,12.0500,-5.0,-0.00050,12.0512,-7.5,-0.00075,217.72
6,591185,1,0,19.29,793.6,813.7,677.2,0.0,20.1875,127.5,0.12750,12.0487,165.0,0.16500,12.0500,1192.5,0.03614,5.0812,697.5,0.06975,12.0500,607.5,0.06075,12.0487,770.0,0.07700,12.0512,167.5,0.01675,12.0512,-5.0,-0.00050,12.0525,-7.5,-0.00075,12.0487,-7.5,-0.00075,12.0500,-5.0,-0.00050,12.0500,-5.0,-0.00050,12.0500,-5.0,-0.00050,12.0512,-7.5,-0.00075,218.06
6,591522,1,0,19.01,673.5,784.5,670.3,0.0,20.1875,125.0,0.12500,12.0500,157.5,0.15750,12.0512,1192.5,0.03614,5.0812,697.5,0.06975,12.0512,580.0,0.05800,12.0487,737.5,0.07375,12.0525,165.0,0.01650,12.0512,-5.0,-0.00050,12.0525,-7.5,-0.00075,12.0487,-7.5,-0.00075,12.0500,-5.0,-0.00050,12.0512,-5.0,-0.00050,12.0512,-5.0,-0.00050,12.0525,-7.5,-0.00075,218.40
6,591858,1,0,18.73,800.4,798.7,775.2,0.0,20.1875,125.0,0.12500,12.0500,157.5,0.15750,12.0500,1190.0,0.03606,5.0812,697.5,0.06975,12.0512,587.5,0.05875,12.0487,737.5,0.07375,12.0512,165.0,0.01650,12.0512,-5.0,-0.00050,12.0525,-7.5,-0.00075,12.0487,-7.5,-0.00075,12.0500,-5.0,-0.00050,12.0500,-5.0,-0.00050,12.0500,-5.0,-0.00050,12.0512,-7.5,-0.00075,218.73
6,592194,1,0,18.45,659.9,658.9,659.4,0.0,20.1875,122.5,0.12250,12.0500,155.0,0.15500,12.0500,1190.0,0.03606,5.0812,697.5,0.06975,12.0512,580.0,0.05800,12.0487,727.5,0.07275,12.0512,162.5,0.01625,12.0512,-5.0,-0.00050,12.0525,-7.5,-0.00075,12.0487,-7.5,-0.00075,12.0500,-5.0,-0.00050,12.0500,-5.0,-0.00050,12.0512,-5.0,-0.00050,12.0512,-7.5,-0.00075,219.07
6,592530,1,0,18.17,763.1,782.7,760.7,0.0,20.1875,122.5,0.12250,12.0500,155.0,0.15500,12.0500,1192.5,0.03614,5.0812,697.5,0.06975,12.0512,580.0,0.05800,12.0487,722.5,0.07225,12.0512,162.5,0.01625,12.0512,-5.0,-0.00050,12.0525,-7.5,-0.00075,12.0487,-7.5,-0.00075,12.0500,-5.0,-0.00050,12.0500,-5.0,-0.00050,12.0512,-5.0,-0.00050,12.0512,-7.5,-0.00075,219.39
6,592867,1,0,17.89,648.7,647.2,772.8,0.0,20.1875,122.5,0.12250,12.0500,157.5,0.15750,12.0500,1187.5,0.03598,5.0812,697.5,0.06975,12.0512,592.5,0.05925,12.0475,740.0,0.07400,12.0512,157.5,0.01575,12.0512,-5.0,-0.00050,12.0525,-7.5,-0.00075,12.0487,-7.5,-0.00075,12.0500,-5.0,-0.00050,12.0500,-5.0,-0.00050,12.0500,-5.0,-0.00050,12.0512,-7.5,-0.00075,219.75
6,593224,1,0,17.59,856.7,897.2,638.3,0.0,20.1887,120.0,0.12000,12.0500,150.0,0.15000,12.0500,1192.5,0.03614,5.0812,697.5,0.06975,12.0512,560.0,0.05600,12.0487,700.0,0.07000,12.0512,157.5,0.01575,12.0512,-5.0,-0.00050,12.0525,-7.5,-0.00075,12.0487,-7.5,-0.00075,12.0500,-5.0,-0.00050,12.0500,-5.0,-0.00050,12.0512,-5.0,-0.00050,12.0512,-7.5,-0.00075,220.09
6,593560,1,0,17.31,890.0,888.1,738.2,0.0,20.1887,120.0,0.12000,12.0500,150.0,0.15000,12.0500,1192.5,0.03614,5.0812,697.5,0.06975,12.0512,565.0,0.05650,12.0487,705.0,0.07050,12.0512,157.5,0.01575,12.0512,-5.0,-0.00050,12.0525,-7.5,-0.00075,12.0487,-7.5,-0.00075,12.0500,-5.0,-0.00050,12.0500,-5.0,-0.00050,12.0512,-5.0,-0.00050,12.0512,-7.5,-0.00075,220.42
6,593896,1,0,17.03,756.5,942.9,750.9,0.0,20.1887,117.5,0.11750,12.0500,145.0,0.14500,12.0500,1192.5,0.03614,5.0812,697.5,0.06975,12.0512,550.0,0.05500,12.0487,692.5,0.06925,12.0512,152.5,0.01525,12.0512,-5.0,-0.00050,12.0525,-7.5,-0.00075,12.0487,-7.5,-0.00075,12.0500,-5.0,-0.00050,12.0500,-5.0,-0.00050,12.0512,-5.0,-0.00050,12.0525,-7.5,-0.00075,220.77
6,594233,1,0,16.75,680.6,622.3,620.4,0.0,20.1887,117.5,0.11750,12.0500,145.0,0.14500,12.0500,1190.0,0.03606,5.0812,697.5,0.06975,12.0512,550.0,0.05500,12.0487,692.5,0.06925,12.0512,150.0,0.01500,12.0512,-5.0,-0.00050,12.0525,-7.5,-0.00075,12.0487,-7.5,-0.00075,12.0500,-5.0,-0.00050,12.0500,-5.0,-0.00050,12.0512,-5.0,-0.00050,12.0512,-7.5,-0.00075,221.10
6,594569,1,0,16.47,865.7,896.6,614.7,0.0,20.1887,115.0,0.11500,12.0500,145.0,0.14500,12.0512,1190.0,0.03606,5.0812,697.5,0.06975,12.0512,537.5,0.05375,12.0487,677.5,0.06775,12.0525,145.0,0.01450,12.0525,-5.0,-0.00050,12.0525,-7.5,-0.00075,12.0487,-7.5,-0.00075,12.0500,-5.0,-0.00050,12.0500,-5.0,-0.00050,12.0512,-5.0,-0.00050,12.0512,-7.5,-0.00075,221.45
6,594905,1,0,16.19,611.8,610.5,606.5,0.0,20.1887,117.5,0.11750,12.0500,145.0,0.14500,12.0500,1190.0,0.03606,5.0812,697.5,0.06975,12.0512,547.5,0.05475,12.0487,682.5,0.06825,12.0512,150.0,0.01500,12.0512,-5.0,-0.00050,12.0525,-7.5,-0.00075,12.0487,-7.5,-0.00075,12.0500,-5.0,-0.00050,12.0500,-5.0,-0.00050,12.0512,-5.0,-0.00050,12.0512,-7.5,-0.00075,221.79
6,595262,1,0,15.90,605.9,726.0,901.7,0.0,20.1887,112.5,0.11250,12.0500,142.5,0.14250,12.0500,1190.0,0.03606,5.0812,697.5,0.06975,12.0512,527.5,0.05275,12.0487,662.5,0.06625,12.0512,147.5,0.01475,12.0512,-5.0,-0.00050,12.0525,-7.5,-0.00075,12.0487,-7.5,-0.00075,12.0500,-5.0,-0.00050,12.0500,-5.0,-0.00050,12.0512,-5.0,-0.00050,12.0512,-7.5,-0.00075,222.12
6,595599,1,0,15.61,717.9,717.4,594.6,0.0,20.1887,115.0,0.11500,12.0500,140.0,0.14000,12.0500,1187.5,0.03598,5.0812,697.5,0.06975,12.0512,525.0,0.05250,12.0487,665.0,0.06650,12.0512,150.0,0.01500,12.0512,-5.0,-0.00050,12.0525,-7.5,-0.00075,12.0487,-7.5,-0.00075,12.0512,-5.0,-0.00050,12.0512,-5.0,-0.00050,12.0512,-5.0,-0.00050,12.0512,-7.5,-0.00075,222.47
6,595935,1,0,15.33,592.6,592.0,708.3,0.0,20.1887,112.5,0.11250,12.0500,140.0,0.14000,12.0500,1190.0,0.03606,5.0812,697.5,0.06975,12.0512,520.0,0.05200,12.0487,652.5,0.06525,12.0512,140.0,0.01400,12.0512,-5.0,-0.00050,12.0525,-7.5,-0.00075,12.0487,-7.5,-0.00075,12.0500,-5.0,-0.00050,12.0500,-5.0,-0.00050,12.0500,-5.0,-0.00050,12.0512,-7.5,-0.00075,222.81
6,596271,1,0,15.05,821.3,638.9,728.7,0.0,20.1887,112.5,0.11250,12.0487,140.0,0.14000,12.0500,1192.5,0.03614,5.0812,697.5,0.06975,12.0512,527.5,0.05275,12.0487,650.0,0.06500,12.0512,142.5,0.01425,12.0512,-5.0,-0.00050,12.0525,-7.5,-0.00075,12.0487,-7.5,-0.00075,12.0500,-5.0,-0.00050,12.0500,-5.0,-0.00050,12.0512,-5.0,-0.00050,12.0512,-7.5,-0.00075,223.15
6,596607,1,0,14.77,774.6,902.1,575.8,0.0,20.1900,110.0,0.11000,12.0500,135.0,0.13500,12.0500,1187.5,0.03598,5.0812,697.5,0.06975,12.0512,502.5,0.05025,12.0487,615.0,0.06150,12.0512,142.5,0.01425,12.0512,-5.0,-0.00050,12.0525,-7.5,-0.00075,12.0487,-7.5,-0.00075,12.0500,-5.0,-0.00050,12.0500,-5.0,-0.00050,12.0500,-5.0,-0.00050,12.0512,-7.5,-0.00075,223.47
6,596944,1,0,14.49,573.2,915.9,570.8,0.0,20.1900,110.0,0.11000,12.0500,135.0,0.13500,12.0500,1187.5,0.03598,5.0812,697.5,0.06975,12.0512,502.5,0.05025,12.0487,625.0,0.06250,12.0512,142.5,0.01425,12.0512,-5.0,-0.00050,12.0525,-7.5,-0.00075,12.0487,-7.5,-0.00075,12.0500,-5.0,-0.00050,12.0500,-5.0,-0.00050,12.0500,-5.0,-0.00050,12.0512,-7.5,-0.00075,223.83
6,597301,1,0,14.20,794.1,792.2,792.0,0.0,20.1900,107.5,0.10750,12.0500,130.0,0.13000,12.0500,1192.5,0.03614,5.0812,697.5,0.06975,12.0512,497.5,0.04975,12.0487,622.5,0.06225,12.0512,132.5,0.01325,12.0512,-5.0,-0.00050,12.0525,-7.5,-0.00075,12.0487,-7.5,-0.00075,12.0500,-5.0,-0.00050,12.0500,-5.0,-0.00050,12.0500,-5.0,-0.00050,12.0512,-7.5,-0.00075,224.17
6,597637,1,0,13.92,673.3,783.1,836.7,0.0,20.1900,107.5,0.10750,12.0487,127.5,0.12750,12.0500,1192.5,0.03614,5.0812,695.0,0.06950,12.0512,485.0,0.04850,12.0487,600.0,0.06000,12.0512,137.5,0.01375,12.0512,-5.0,-0.00050,12.0525,-7.5,-0.00075,12.0487,-7.5,-0.00075,12.0500,-5.0,-0.00050,12.0500,-5.0,-0.00050,12.0500,-5.0,-0.00050,12.0512,-7.5,-0.00075,224.51
6,597973,1,0,13.64,615.6,735.0,736.0,0.0,20.1900,105.0,0.10500,12.0500,127.5,0.12750,12.0500,1190.0,0.03606,5.0812,695.0,0.06950,12.0512,480.0,0.04800,12.0487,592.5,0.05925,12.0512,127.5,0.01275,12.0512,-5.0,-0.00050,12.0525,-7.5,-0.00075,12.0487,-7.5,-0.00075,12.0500,-5.0,-0.00050,12.0500,-5.0,-0.00050,12.0500,-5.0,-0.00050,12.0512,-7.5,-0.00075,224.85
6,598310,1,0,13.36,683.9,817.9,953.6,0.0,20.1900,105.0,0.10500,12.0500,127.5,0.12750,12.0500,1190.0,0.03606,5.0812,697.5,0.06975,12.0512,480.0,0.04800,12.0487,597.5,0.05975,12.0512,132.5,0.01325,12.0512,-5.0,-0.00050,12.0525,-7.5,-0.00075,12.0487,-7.5,-0.00075,12.0500,-5.0,-0.00050,12.0500,-5.0,-0.00050,12.0500,-5.0,-0.00050,12.0512,-7.5,-0.00075,225.19
6,598646,1,0,13.08,541.1,674.1,944.5,0.0,20.1900,107.5,0.10750,12.0500,130.0,0.13000,12.0500,1190.0,0.03606,5.0812,697.5,0.06975,12.0512,490.0,0.04900,12.0487,610.0,0.06100,12.0512,132.5,0.01325,12.0512,-5.0,-0.00050,12.0525,-7.5,-0.00075,12.0487,-7.5,-0.00075,12.0500,-5.0,-0.00050,12.0500,-5.0,-0.00050,12.0500,-5.0,-0.00050,12.0512,-7.5,-0.00075,225.51
6,598982,1,0,12.80,669.5,666.8,667.9,0.0,20.1912,105.0,0.10500,12.0500,125.0,0.12500,12.0500,1190.0,0.03606,5.0812,695.0,0.06950,12.0512,480.0,0.04800,12.0487,592.5,0.05925,12.0512,127.5,0.01275,12.0512,-5.0,-0.00050,12.0525,-7.5,-0.00075,12.0500,-7.5,-0.00075,12.0500,-5.0,-0.00050,12.0512,-5.0,-0.00050,12.0512,-5.0,-0.00050,12.0512,-7.5,-0.00075,225.86
6,599339,1,0,12.50,635.0,527.0,658.3,0.0,20.1912,105.0,0.10500,12.0500,125.0,0.12500,12.0500,1190.0,0.03606,5.0812,697.5,0.06975,12.0512,487.5,0.04875,12.0487,587.5,0.05875,12.0512,125.0,0.01250,12.0512,-5.0,-0.00050,12.0525,-7.5,-0.00075,12.0487,-7.5,-0.00075,12.0500,-5.0,-0.00050,12.0500,-5.0,-0.00050,12.0512,-5.0,-0.00050,12.0512,-7.5,-0.00075,226.21
6,599676,1,0,12.22,523.6,522.0,520.1,0.0,20.1912,102.5,0.10250,12.0500,122.5,0.12250,12.0500,1190.0,0.03606,5.0812,695.0,0.06950,12.0512,465.0,0.04650,12.0487,570.0,0.05700,12.0512,125.0,0.01250,12.0512,-5.0,-0.00050,12.0525,-7.5,-0.00075,12.0487,-7.5,-0.00075,12.0500,-5.0,-0.00050,12.0500,-5.0,-0.00050,12.0512,-5.0,-0.00050,12.0512,-7.5,-0.00075,226.55
6,600012,1,0,11.94,518.0,515.6,515.2,0.0,20.1912,102.5,0.10250,12.0500,122.5,0.12250,12.0500,1192.5,0.03614,5.0812,695.0,0.06950,12.0512,460.0,0.04600,12.0487,582.5,0.05825,12.0512,122.5,0.01225,12.0512,-5.0,-0.00050,12.0525,-7.5,-0.00075,12.0487,-7.5,-0.00075,12.0500,-5.0,-0.00050,12.0500,-5.0,-0.00050,12.0512,-5.0,-0.00050,12.0512,-7.5,-0.00075,226.88
6,600348,1,0,11.66,511.6,763.6,565.0,0.0,20.1912,100.0,0.10000,12.0500,117.5,0.11750,12.0500,1192.5,0.03614,5.0812,695.0,0.06950,12.0512,455.0,0.04550,12.0487,552.5,0.05525,12.0512,120.0,0.01200,12.0512,-5.0,-0.00050,12.0525,-7.5,-0.00075,12.0487,-7.5,-0.00075,12.0500,-5.0,-0.00050,12.0500,-5.0,-0.00050,12.0512,-5.0,-0.00050,12.0512,-7.5,-0.00075,227.22
6,600684,1,0,11.38,631.2,502.5,502.3,0.0,20.1912,100.0,0.10000,12.0487,117.5,0.11750,12.0500,1187.5,0.03598,5.0812,695.0,0.06950,12.0512,452.5,0.04525,12.0487,560.0,0.05600,12.0512,115.0,0.01150,12.0512,-5.0,-0.00050,12.0525,-7.5,-0.00075,12.0487,-7.5,-0.00075,12.0500,-5.0,-0.00050,12.0500,-5.0,-0.00050,12.0500,-5.0,-0.00050,12.0512,-7.5,-0.00075,227.56
6,601021,1,0,11.10,499.9,497.8,619.6,0.0,20.1912,100.0,0.10000,12.0500,117.5,0.11750,12.0500,1187.5,0.03598,5.0812,695.0,0.06950,12.0512,442.5,0.04425,12.0487,560.0,0.05600,12.0512,112.5,0.01125,12.0512,-5.0,-0.00050,12.0525,-7.5,-0.00075,12.0487,-7.5,-0.00075,12.0500,-5.0,-0.00050,12.0500,-5.0,-0.00050,12.0512,-5.0,-0.00050,12.0512,-7.5,-0.00075,227.91
6,601378,1,0,10.80,547.9,737.1,488.8,0.0,20.1912,97.5,0.09750,12.0500,115.0,0.11500,12.0500,1190.0,0.03606,5.0812,695.0,0.06950,12.0512,437.5,0.04375,12.0487,547.5,0.05475,12.0512,117.5,0.01175,12.0512,-5.0,-0.00050,12.0525,-7.5,-0.00075,12.0487,-7.5,-0.00075,12.0500,-5.0,-0.00050,12.0500,-5.0,-0.00050,12.0500,-5.0,-0.00050,12.0512,-7.5,-0.00075,228.24
6,601714,1,0,10.52,648.6,646.6,602.7,0.0,20.1912,97.5,0.09750,12.0500,112.5,0.11250,12.0500,1190.0,0.03606,5.0812,697.5,0.06975,12.0512,427.5,0.04275,12.0487,535.0,0.05350,12.0512,112.5,0.01125,12.0512,-5.0,-0.00050,12.0525,-7.5,-0.00075,12.0487,-7.5,-0.00075,12.0500,-5.0,-0.00050,12.0500,-5.0,-0.00050,12.0512,-5.0,-0.00050,12.0512,-7.5,-0.00075,228.58
6,602050,1,0,10.24,480.2,598.1,596.2,0.0,20.1912,97.5,0.09750,12.0487,115.0,0.11500,12.0500,1190.0,0.03606,5.0812,697.5,0.06975,12.0512,435.0,0.04350,12.0487,545.0,0.05450,12.0512,115.0,0.01150,12.0512,-5.0,-0.00050,12.0525,-7.5,-0.00075,12.0487,-7.5,-0.00075,12.0500,-5.0,-0.00050,12.0500,-5.0,-0.00050,12.0500,-5.0,-0.00050,12.0512,-7.5,-0.00075,228.92
6,602387,1,0,9.96,632.0,473.2,469.5,0.0,20.1912,97.5,0.09750,12.0500,112.5,0.11250,12.0500,1190.0,0.03606,5.0812,695.0,0.06950,12.0512,437.5,0.04375,12.0487,542.5,0.05425,12.0512,110.0,0.01100,12.0512,-5.0,-0.00050,12.0525,-7.5,-0.00075,12.0487,-7.5,-0.00075,12.0500,-5.0,-0.00050,12.0500,-5.0,-0.00050,12.0512,-5.0,-0.00050,12.0512,-7.5,-0.00075,229.25
6,602723,1,0,9.68,702.2,700.9,620.6,0.0,20.1925,95.0,0.09500,12.0500,110.0,0.11000,12.0500,1190.0,0.03606,5.0812,697.5,0.06975,12.0512,412.5,0.04125,12.0487,515.0,0.05150,12.0525,107.5,0.01075,12.0512,-5.0,-0.00050,12.0525,-7.5,-0.00075,12.0487,-7.5,-0.00075,12.0500,-5.0,-0.00050,12.0500,-5.0,-0.00050,12.0512,-5.0,-0.00050,12.0512,-7.5,-0.00075,229.59
6,603059,1,0,9.40,461.7,526.5,457.3,0.0,20.1925,92.5,0.09250,12.0500,107.5,0.10750,12.0500,1190.0,0.03606,5.0812,695.0,0.06950,12.0512,410.0,0.04100,12.0487,502.5,0.05025,12.0512,107.5,0.01075,12.0512,-5.0,-0.00050,12.0525,-7.5,-0.00075,12.0487,-7.5,-0.00075,12.0500,-5.0,-0.00050,12.0500,-5.0,-0.00050,12.0500,-5.0,-0.00050,12.0512,-7.5,-0.00075,229.94
6,603416,1,0,9.10,605.3,566.2,451.2,0.0,20.1925,95.0,0.09500,12.0500,107.5,0.10750,12.0500,1187.5,0.03598,5.0812,695.0,0.06950,12.0512,417.5,0.04175,12.0487,507.5,0.05075,12.0512,107.5,0.01075,12.0512,-5.0,-0.00050,12.0525,-7.5,-0.00075,12.0487,-7.5,-0.00075,12.0500,-5.0,-0.00050,12.0500,-5.0,-0.00050,12.0500,-5.0,-0.00050,12.0512,-7.5,-0.00075,230.28
6,603753,1,0,8.82,448.5,595.8,594.8,0.0,20.1925,95.0,0.09500,12.0500,110.0,0.11000,12.0500,1190.0,0.03606,5.0812,695.0,0.06950,12.0512,420.0,0.04200,12.0487,512.5,0.05125,12.0512,102.5,0.01025,12.0512,-5.0,-0.00050,12.0525,-7.5,-0.00075,12.0487,-7.5,-0.00075,12.0500,-5.0,-0.00050,12.0500,-5.0,-0.00050,12.0500,-5.0,-0.00050,12.0512,-7.5,-0.00075,230.62
6,604089,1,0,8.54,441.4,586.8,436.6,0.0,20.1925,92.5,0.09250,12.0500,105.0,0.10500,12.0500,1190.0,0.03606,5.0812,695.0,0.06950,12.0512,402.5,0.04025,12.0487,495.0,0.04950,12.0525,105.0,0.01050,12.0512,-5.0,-0.00050,12.0525,-7.5,-0.00075,12.0487,-7.5,-0.00075,12.0500,-5.0,-0.00050,12.0512,-5.0,-0.00050,12.0512,-5.0,-0.00050,12.0512,-7.5,-0.00075,230.95
6,604425,1,0,8.26,497.4,434.0,539.9,0.0,20.1925,90.0,0.09000,12.0500,102.5,0.10250,12.0500,1187.5,0.03598,5.0812,695.0,0.06950,12.0512,392.5,0.03925,12.0487,490.0,0.04900,12.0512,102.5,0.01025,12.0512,-5.0,-0.00050,12.0525,-7.5,-0.00075,12.0487,-7.5,-0.00075,12.0500,-5.0,-0.00050,12.0500,-5.0,-0.00050,12.0512,-5.0,-0.00050,12.0512,-7.5,-0.00075,231.29
6,604761,1,0,7.98,427.3,533.6,711.8,0.0,20.1925,92.5,0.09250,12.0487,107.5,0.10750,12.0500,1192.5,0.03614,5.0812,695.0,0.06950,12.0512,405.0,0.04050,12.0487,502.5,0.05025,12.0512,107.5,0.01075,12.0512,-5.0,-0.00050,12.0525,-7.5,-0.00075,12.0487,-7.5,-0.00075,12.0500,-5.0,-0.00050,12.0500,-5.0,-0.00050,12.0500,-5.0,-0.00050,12.0512,-7.5,-0.00075,231.62
6,605098,1,0,7.70,564.8,422.2,420.5,0.0,20.1912,97.5,0.09750,12.0500,112.5,0.11250,12.0500,1190.0,0.03606,5.0812,695.0,0.06950,12.0512,422.5,0.04225,12.0487,537.5,0.05375,12.0512,112.5,0.01125,12.0512,-5.0,-0.00050,12.0525,-7.5,-0.00075,12.0487,-7.5,-0.00075,12.0500,-5.0,-0.00050,12.0500,-5.0,-0.00050,12.0500,-5.0,-0.00050,12.0512,-7.5,-0.00075,231.98
6,605455,1,0,7.40,599.9,419.6,700.2,0.0,20.1912,100.0,0.10000,12.0500,117.5,0.11750,12.0500,1187.5,0.03598,5.0812,695.0,0.06950,12.0512,440.0,0.04400,12.0487,562.5,0.05625,12.0512,117.5,0.01175,12.0512,-5.0,-0.00050,12.0525,-7.5,-0.00075,12.0487,-7.5,-0.00075,12.0500,-5.0,-0.00050,12.0500,-5.0,-0.00050,12.0500,-5.0,-0.00050,12.0512,-7.5,-0.00075,232.32
6,605791,1,0,7.12,557.4,556.2,555.3,0.0,20.1912,100.0,0.10000,12.0500,120.0,0.12000,12.0500,1190.0,0.03606,5.0812,695.0,0.06950,12.0512,455.0,0.04550,12.0487,555.0,0.05550,12.0512,117.5,0.01175,12.0512,-5.0,-0.00050,12.0525,-7.5,-0.00075,12.0487,-7.5,-0.00075,12.0500,-5.0,-0.00050,12.0500,-5.0,-0.00050,12.0512,-5.0,-0.00050,12.0512,-7.5,-0.00075,232.65
6,606127,1,0,6.84,477.5,695.3,554.2,0.0,20.1912,102.5,0.10250,12.0487,120.0,0.12000,12.0500,1187.5,0.03598,5.0812,695.0,0.06950,12.0512,460.0,0.04600,12.0487,577.5,0.05775,12.0512,117.5,0.01175,12.0512,-5.0,-0.00050,12.0525,-7.5,-0.00075,12.0487,-7.5,-0.00075,12.0500,-5.0,-0.00050,12.0500,-5.0,-0.00050,12.0500,-5.0,-0.00050,12.0512,-7.5,-0.00075,232.99
6,606464,1,0,6.56,417.7,417.3,417.3,0.0,20.1912,105.0,0.10500,12.0500,122.5,0.12250,12.0500,1185.0,0.03591,5.0812,695.0,0.06950,12.0500,470.0,0.04700,12.0475,595.0,0.05950,12.0512,125.0,0.01250,12.0512,-5.0,-0.00050,12.0525,-7.5,-0.00075,12.0487,-7.5,-0.00075,12.0500,-5.0,-0.00050,12.0500,-5.0,-0.00050,12.0500,-5.0,-0.00050,12.0512,-7.5,-0.00075,233.33
6,606800,1,0,6.28,418.0,476.5,475.1,0.0,20.1912,105.0,0.10500,12.0487,125.0,0.12500,12.0500,1187.5,0.03598,5.0812,695.0,0.06950,12.0512,472.5,0.04725,12.0487,580.0,0.05800,12.0512,122.5,0.01225,12.0512,-5.0,-0.00050,12.0525,-7.5,-0.00075,12.0487,-7.5,-0.00075,12.0500,-5.0,-0.00050,12.0500,-5.0,-0.00050,12.0500,-5.0,-0.00050,12.0512,-7.5,-0.00075,233.67
6,607136,1,0,6.00,418.7,417.6,416.0,0.0,20.1912,102.5,0.10250,12.0500,125.0,0.12500,12.0500,1190.0,0.03606,5.0812,695.0,0.06950,12.0512,475.0,0.04750,12.0487,592.5,0.05925,12.0512,120.0,0.01200,12.0512,-5.0,-0.00050,12.0525,-7.5,-0.00075,12.0487,-7.5,-0.00075,12.0500,-5.0,-0.00050,12.0500,-5.0,-0.00050,12.0512,-5.0,-0.00050,12.0512,-7.5,-0.00075,234.01
6,607493,1,0,5.70,418.6,557.0,476.9,0.0,20.1912,102.5,0.10250,12.0487,125.0,0.12500,12.0500,1190.0,0.03606,5.0812,695.0,0.06950,12.0512,472.5,0.04725,12.0487,587.5,0.05875,12.0512,120.0,0.01200,12.0512,-5.0,-0.00050,12.0525,-7.5,-0.00075,12.0487,-7.5,-0.00075,12.0500,-5.0,-0.00050,12.0500,-5.0,-0.00050,12.0500,-5.0,-0.00050,12.0512,-7.5,-0.00075,234.36
6,607830,1,0,5.42,559.3,556.8,476.6,0.0,20.1912,105.0,0.10500,12.0500,125.0,0.12500,12.0500,1187.5,0.03598,5.0812,695.0,0.06950,12.0512,475.0,0.04750,12.0487,600.0,0.06000,12.0512,125.0,0.01250,12.0512,-5.0,-0.00050,12.0525,-7.5,-0.00075,12.0487,-7.5,-0.00075,12.0500,-5.0,-0.00050,12.0500,-5.0,-0.00050,12.0500,-5.0,-0.00050,12.0512,-7.5,-0.00075,234.70
6,608166,1,0,5.14,419.8,418.0,597.9,0.0,20.1912,105.0,0.10500,12.0487,125.0,0.12500,12.0500,1190.0,0.03606,5.0812,695.0,0.06950,12.0512,472.5,0.04725,12.0487,587.5,0.05875,12.0512,125.0,0.01250,12.0512,-5.0,-0.00050,12.0525,-7.5,-0.00075,12.0487,-7.5,-0.00075,12.0500,-5.0,-0.00050,12.0500,-5.0,-0.00050,12.0500,-5.0,-0.00050,12.0512,-7.5,-0.00075,235.03
6,608502,1,0,4.86,559.4,417.8,698.9,0.0,20.1912,105.0,0.10500,12.0500,125.0,0.12500,12.0500,1190.0,0.03606,5.0812,695.0,0.06950,12.0512,475.0,0.04750,12.0487,595.0,0.05950,12.0512,122.5,0.01225,12.0512,-5.0,-0.00050,12.0525,-7.5,-0.00075,12.0487,-7.5,-0.00075,12.0500,-5.0,-0.00050,12.0500,-5.0,-0.00050,12.0500,-5.0,-0.00050,12.0512,-7.5,-0.00075,235.37
6,608838,1,0,4.58,420.5,557.5,557.0,0.0,20.1912,105.0,0.10500,12.0500,125.0,0.12500,12.0500,1187.5,0.03598,5.0812,697.5,0.06975,12.0512,475.0,0.04750,12.0487,600.0,0.06000,12.0512,127.5,0.01275,12.0512,-5.0,-0.00050,12.0525,-7.5,-0.00075,12.0487,-7.5,-0.00075,12.0500,-5.0,-0.00050,12.0500,-5.0,-0.00050,12.0500,-5.0,-0.00050,12.0512,-7.5,-0.00075,235.70
6,609175,1,0,4.30,0.0,478.4,0.0,0.0,20.1938,80.0,0.08000,12.0500,85.0,0.08500,12.0512,1187.5,0.03598,5.0812,695.0,0.06950,12.0525,350.0,0.03500,12.0500,415.0,0.04150,12.0525,52.5,0.00525,12.0525,-5.0,-0.00050,12.0538,-7.5,-0.00075,12.0500,-7.5,-0.00075,12.0512,-5.0,-0.00050,12.0512,-5.0,-0.00050,12.0512,-5.0,-0.00050,12.0525,-7.5,-0.00075,236.05
6,609532,1,0,4.00,0.0,0.0,0.0,0.0,20.1962,65.0,0.06500,12.0500,60.0,0.06000,12.0512,1185.0,0.03591,5.0812,695.0,0.06950,12.0525,227.5,0.02275,12.0500,290.0,0.02900,12.0525,52.5,0.00525,12.0525,-5.0,-0.00050,12.0538,-7.5,-0.00075,12.0500,-7.5,-0.00075,12.0512,-5.0,-0.00050,12.0512,-5.0,-0.00050,12.0512,-5.0,-0.00050,12.0525,-7.5,-0.00075,236.40
6,609868,1,0,3.72,0.0,0.0,0.0,0.0,20.1962,65.0,0.06500,12.0500,60.0,0.06000,12.0500,1187.5,0.03598,5.0812,695.0,0.06950,12.0525,227.5,0.02275,12.0500,290.0,0.02900,12.0525,52.5,0.00525,12.0525,-5.0,-0.00050,12.0538,-7.5,-0.00075,12.0500,-7.5,-0.00075,12.0512,-5.0,-0.00050,12.0512,-5.0,-0.00050,12.0512,-5.0,-0.00050,12.0525,-7.5,-0.00075,236.73
6,610204,1,0,3.44,0.0,0.0,0.0,0.0,20.1962,65.0,0.06500,12.0500,60.0,0.06000,12.0512,1187.5,0.03598,5.0812,695.0,0.06950,12.0525,225.0,0.02250,12.0500,290.0,0.02900,12.0525,52.5,0.00525,12.0525,-5.0,-0.00050,12.0538,-7.5,-0.00075,12.0500,-7.5,-0.00075,12.0512,-5.0,-0.00050,12.0512,-5.0,-0.00050,12.0512,-5.0,-0.00050,12.0525,-7.5,-0.00075,237.07
6,610540,1,0,3.16,0.0,0.0,0.0,0.0,20.1962,65.0,0.06500,12.0500,60.0,0.06000,12.0512,1187.5,0.03598,5.0812,695.0,0.06950,12.0525,225.0,0.02250,12.0500,290.0,0.02900,12.0525,52.5,0.00525,12.0525,-5.0,-0.00050,12.0538,-7.5,-0.00075,12.0500,-7.5,-0.00075,12.0512,-5.0,-0.00050,12.0512,-5.0,-0.00050,12.0512,-5.0,-0.00050,12.0525,-7.5,-0.00075,237.40
6,610876,1,0,2.88,0.0,0.0,0.0,0.0,20.1962,65.0,0.06500,12.0500,57.5,0.05750,12.0500,1187.5,0.03598,5.0812,695.0,0.06950,12.0525,225.0,0.02250,12.0500,290.0,0.02900,12.0525,52.5,0.00525,12.0525,-5.0,-0.00050,12.0525,-7.5,-0.00075,12.0500,-7.5,-0.00075,12.0512,-5.0,-0.00050,12.0512,-5.0,-0.00050,12.0512,-5.0,-0.00050,12.0525,-7.5,-0.00075,237.74
6,611211,1,0,2.60,0.0,0.0,0.0,0.0,20.1962,65.0,0.06500,12.0500,60.0,0.06000,12.0500,1190.0,0.03606,5.0812,695.0,0.06950,12.0525,227.5,0.02275,12.0500,290.0,0.02900,12.0525,52.5,0.00525,12.0525,-5.0,-0.00050,12.0525,-7.5,-0.00075,12.0500,-7.5,-0.00075,12.0512,-5.0,-0.00050,12.0512,-5.0,-0.00050,12.0512,-5.0,-0.00050,12.0525,-7.5,-0.00075,238.09
6,611567,1,0,2.31,0.0,0.0,0.0,0.0,20.1962,65.0,0.06500,12.0500,60.0,0.06000,12.0500,1187.5,0.03598,5.0812,695.0,0.06950,12.0525,225.0,0.02250,12.0500,290.0,0.02900,12.0525,52.5,0.00525,12.0525,-5.0,-0.00050,12.0538,-7.5,-0.00075,12.0500,-7.5,-0.00075,12.0512,-5.0,-0.00050,12.0512,-5.0,-0.00050,12.0512,-5.0,-0.00050,12.0525,-7.5,-0.00075,238.43
6,611904,1,0,2.03,0.0,0.0,0.0,0.0,20.1962,65.0,0.06500,12.0500,60.0,0.06000,12.0512,1187.5,0.03598,5.0812,695.0,0.06950,12.0525,225.0,0.02250,12.0500,290.0,0.02900,12.0525,52.5,0.00525,12.0525,-5.0,-0.00050,12.0538,-7.5,-0.00075,12.0500,-7.5,-0.00075,12.0512,-5.0,-0.00050,12.0512,-7.5,-0.00075,12.0512,-5.0,-0.00050,12.0525,-7.5,-0.00075,238.77
6,612240,1,0,1.75,0.0,0.0,0.0,0.0,20.1962,65.0,0.06500,12.0500,57.5,0.05750,12.0512,1187.5,0.03598,5.0812,695.0,0.06950,12.0525,225.0,0.02250,12.0500,290.0,0.02900,12.0525,52.5,0.00525,12.0525,-5.0,-0.00050,12.0538,-7.5,-0.00075,12.0500,-7.5,-0.00075,12.0512,-5.0,-0.00050,12.0512,-5.0,-0.00050,12.0512,-5.0,-0.00050,12.0525,-7.5,-0.00075,239.10
6,612575,1,0,1.47,0.0,0.0,0.0,0.0,20.1962,65.0,0.06500,12.0500,60.0,0.06000,12.0512,1187.5,0.03598,5.0812,695.0,0.06950,12.0525,225.0,0.02250,12.0500,290.0,0.02900,12.0525,52.5,0.00525,12.0525,-5.0,-0.00050,12.0538,-7.5,-0.00075,12.0500,-7.5,-0.00075,12.0512,-5.0,-0.00050,12.0512,-5.0,-0.00050,12.0512,-5.0,-0.00050,12.0525,-7.5,-0.00075,239.44
6,612910,1,0,1.19,0.0,0.0,0.0,0.0,20.1962,65.0,0.06500,12.0500,60.0,0.06000,12.0500,1187.5,0.03598,5.0812,695.0,0.06950,12.0525,225.0,0.02250,12.0500,290.0,0.02900,12.0525,52.5,0.00525,12.0525,-5.0,-0.00050,12.0538,-7.5,-0.00075,12.0500,-7.5,-0.00075,12.0512,-5.0,-0.00050,12.0512,-5.0,-0.00050,12.0512,-5.0,-0.00050,12.0525,-7.5,-0.00075,239.77
6,613246,1,0,0.91,0.0,0.0,0.0,0.0,20.1962,65.0,0.06500,12.0500,60.0,0.06000,12.0500,1187.5,0.03598,5.0812,695.0,0.06950,12.0512,225.0,0.02250,12.0500,290.0,0.02900,12.0525,52.5,0.00525,12.0525,-5.0,-0.00050,12.0525,-7.5,-0.00075,12.0500,-7.5,-0.00075,12.0512,-5.0,-0.00050,12.0512,-5.0,-0.00050,12.0512,-5.0,-0.00050,12.0525,-7.5,-0.00075,240.13
6,613603,1,0,0.61,0.0,0.0,0.0,0.0,20.1962,65.0,0.06500,12.0500,57.5,0.05750,12.0500,1187.5,0.03598,5.0812,695.0,0.06950,12.0512,225.0,0.02250,12.0500,290.0,0.02900,12.0525,52.5,0.00525,12.0525,-5.0,-0.00050,12.0525,-7.5,-0.00075,12.0500,-7.5,-0.00075,12.0512,-5.0,-0.00050,12.0512,-5.0,-0.00050,12.0512,-5.0,-0.00050,12.0525,-7.5,-0.00075,240.47
6,613939,1,0,0.33,0.0,0.0,0.0,0.0,20.1962,65.0,0.06500,12.0500,57.5,0.05750,12.0500,1182.5,0.03583,5.0812,695.0,0.06950,12.0525,225.0,0.02250,12.0500,290.0,0.02900,12.0525,52.5,0.00525,12.0525,-5.0,-0.00050,12.0538,-7.5,-0.00075,12.0500,-7.5,-0.00075,12.0512,-5.0,-0.00050,12.0512,-5.0,-0.00050,12.0512,-5.0,-0.00050,12.0525,-7.5,-0.00075,240.80
6,614275,1,0,0.05,0.0,0.0,0.0,0.0,20.1962,65.0,0.06500,12.0500,60.0,0.06000,12.0500,1187.5,0.03598,5.0812,695.0,0.06950,12.0512,227.5,0.02275,12.0500,292.5,0.02925,12.0525,52.5,0.00525,12.0525,-5.0,-0.00050,12.0525,-7.5,-0.00075,12.0500,-7.5,-0.00075,12.0512,-5.0,-0.00050,12.0512,-5.0,-0.00050,12.0512,-5.0,-0.00050,12.0525,-7.5,-0.00075,241.14
6,614611,1,0,0.00,0.0,0.0,0.0,0.0,20.1962,65.0,0.06500,12.0500,60.0,0.06000,12.0500,1185.0,0.03591,5.0812,695.0,0.06950,12.0512,227.5,0.02275,12.0500,292.5,0.02925,12.0525,52.5,0.00525,12.0525,-5.0,-0.00050,12.0525,-7.5,-0.00075,12.0500,-7.5,-0.00075,12.0512,-5.0,-0.00050,12.0512,-5.0,-0.00050,12.0512,-5.0,-0.00050,12.0525,-7.5,-0.00075,241.47
6,614947,1,0,0.00,0.0,0.0,0.0,0.0,20.1962,65.0,0.06500,12.0500,60.0,0.06000,12.0500,1185.0,0.03591,5.0812,695.0,0.06950,12.0512,227.5,0.02275,12.0500,292.5,0.02925,12.0525,52.5,0.00525,12.0512,-5.0,-0.00050,12.0525,-7.5,-0.00075,12.0487,-7.5,-0.00075,12.0500,-5.0,-0.00050,12.0512,-5.0,-0.00050,12.0512,-5.0,-0.00050,12.0525,-7.5,-0.00075,241.81
6,615282,1,0,0.00,0.0,0.0,0.0,0.0,20.1962,65.0,0.06500,12.0500,60.0,0.06000,12.0500,1185.0,0.03591,5.0812,695.0,0.06950,12.0512,227.5,0.02275,12.0487,292.5,0.02925,12.0525,52.5,0.00525,12.0525,-5.0,-0.00050,12.0525,-7.5,-0.00075,12.0500,-7.5,-0.00075,12.0512,-5.0,-0.00050,12.0512,-5.0,-0.00050,12.0512,-5.0,-0.00050,12.0525,-7.5,-0.00075,242.16
6,615638,1,0,0.00,0.0,0.0,0.0,0.0,20.1962,65.0,0.06500,12.0500,60.0,0.06000,12.0500,1185.0,0.03591,5.0812,695.0,0.06950,12.0512,227.5,0.02275,12.0500,292.5,0.02925,12.0525,52.5,0.00525,12.0525,-5.0,-0.00050,12.0525,-7.5,-0.00075,12.0500,-7.5,-0.00075,12.0512,-5.0,-0.00050,12.0512,-5.0,-0.00050,12.0512,-5.0,-0.00050,12.0525,-7.5,-0.00075,242.50
6,615975,1,0,0.00,0.0,0.0,0.0,0.0,20.1962,65.0,0.06500,12.0500,60.0,0.06000,12.0500,1185.0,0.03591,5.0812,695.0,0.06950,12.0525,227.5,0.02275,12.0500,292.5,0.02925,12.0525,52.5,0.00525,12.0525,-5.0,-0.00050,12.0538,-7.5,-0.00075,12.0500,-7.5,-0.00075,12.0512,-5.0,-0.00050,12.0512,-5.0,-0.00050,12.0512,-5.0,-0.00050,12.0525,-7.5,-0.00075,242.83
6,616311,1,0,0.00,0.0,0.0,0.0,0.0,20.1962,65.0,0.06500,12.0500,60.0,0.06000,12.0512,1182.5,0.03583,5.0812,695.0,0.06950,12.0525,227.5,0.02275,12.0500,292.5,0.02925,12.0525,52.5,0.00525,12.0525,-5.0,-0.00050,12.0538,-7.5,-0.00075,12.0500,-7.5,-0.00075,12.0512,-5.0,-0.00050,12.0512,-5.0,-0.00050,12.0512,-5.0,-0.00050,12.0525,-7.5,-0.00075,243.18
6,616646,1,0,0.00,0.0,0.0,0.0,0.0,20.1962,65.0,0.06500,12.0500,60.0,0.06000,12.0500,1187.5,0.03598,5.0812,695.0,0.06950,12.0512,227.5,0.02275,12.0500,292.5,0.02925,12.0525,52.5,0.00525,12.0525,-5.0,-0.00050,12.0525,-7.5,-0.00075,12.0500,-7.5,-0.00075,12.0512,-5.0,-0.00050,12.0512,-5.0,-0.00050,12.0512,-5.0,-0.00050,12.0525,-7.5,-0.00075,243.51
6,616981,1,0,0.00,0.0,0.0,0.0,0.0,20.1962,65.0,0.06500,12.0500,60.0,0.06000,12.0500,1187.5,0.03598,5.0812,695.0,0.06950,12.0525,227.5,0.02275,12.0500,292.5,0.02925,12.0525,52.5,0.00525,12.0525,-5.0,-0.00050,12.0538,-7.5,-0.00075,12.0500,-7.5,-0.00075,12.0512,-5.0,-0.00050,12.0512,-5.0,-0.00050,12.0512,-5.0,-0.00050,12.0525,-7.5,-0.00075,243.84
6,617317,1,0,0.00,0.0,0.0,0.0,0.0,20.1962,65.0,0.06500,12.0500,60.0,0.06000,12.0500,1187.5,0.03598,5.0812,695.0,0.06950,12.0512,227.5,0.02275,12.0500,292.5,0.02925,12.0525,52.5,0.00525,12.0525,-5.0,-0.00050,12.0525,-7.5,-0.00075,12.0500,-7.5,-0.00075,12.0512,-5.0,-0.00050,12.0512,-5.0,-0.00050,12.0512,-5.0,-0.00050,12.0525,-7.5,-0.00075,244.20
6,617674,1,0,0.00,0.0,0.0,0.0,0.0,20.1962,65.0,0.06500,12.0500,60.0,0.06000,12.0500,1187.5,0.03598,5.0812,695.0,0.06950,12.0512,227.5,0.02275,12.0500,292.5,0.02925,12.0525,52.5,0.00525,12.0525,-5.0,-0.00050,12.0538,-7.5,-0.00075,12.0500,-7.5,-0.00075,12.0512,-5.0,-0.00050,12.0512,-5.0,-0.00050,12.0512,-5.0,-0.00050,12.0525,-7.5,-0.00075,244.54
6,618009,1,0,0.00,0.0,0.0,0.0,0.0,20.1962,65.0,0.06500,12.0500,60.0,0.06000,12.0500,1185.0,0.03591,5.0812,695.0,0.06950,12.0512,227.5,0.02275,12.0500,292.5,0.02925,12.0525,52.5,0.00525,12.0525,-5.0,-0.00050,12.0525,-7.5,-0.00075,12.0500,-7.5,-0.00075,12.0512,-5.0,-0.00050,12.0512,-5.0,-0.00050,12.0512,-5.0,-0.00050,12.0525,-7.5,-0.00075,244.87
6,618344,1,0,0.00,0.0,0.0,0.0,0.0,20.1962,65.0,0.06500,12.0500,60.0,0.06000,12.0500,1182.5,0.03583,5.0812,695.0,0.06950,12.0525,227.5,0.02275,12.0500,292.5,0.02925,12.0525,52.5,0.00525,12.0525,-5.0,-0.00050,12.0538,-7.5,-0.00075,12.0500,-7.5,-0.00075,12.0512,-5.0,-0.00050,12.0512,-5.0,-0.00050,12.0512,-5.0,-0.00050,12.0525,-7.5,-0.00075,245.20
6,618680,1,0,0.00,0.0,0.0,0.0,0.0,20.1962,65.0,0.06500,12.0500,60.0,0.06000,12.0500,1185.0,0.03591,5.0812,695.0,0.06950,12.0525,227.5,0.02275,12.0500,292.5,0.02925,12.0525,52.5,0.00525,12.0525,-5.0,-0.00050,12.0525,-7.5,-0.00075,12.0500,-7.5,-0.00075,12.0512,-5.0,-0.00050,12.0512,-5.0,-0.00050,12.0512,-5.0,-0.00050,12.0525,-7.5,-0.00075,245.54
6,619016,1,0,0.00,0.0,0.0,0.0,0.0,20.1962,65.0,0.06500,12.0500,60.0,0.06000,12.0500,1185.0,0.03591,5.0812,695.0,0.06950,12.0512,227.5,0.02275,12.0487,292.5,0.02925,12.0525,52.5,0.00525,12.0512,-5.0,-0.00050,12.0525,-7.5,-0.00075,12.0500,-7.5,-0.00075,12.0512,-5.0,-0.00050,12.0512,-5.0,-0.00050,12.0512,-5.0,-0.00050,12.0525,-7.5,-0.00075,245.88
6,619351,1,0,0.00,0.0,0.0,0.0,0.0,20.1962,65.0,0.06500,12.0500,60.0,0.06000,12.0500,1185.0,0.03591,5.0812,695.0,0.06950,12.0525,227.5,0.02275,12.0500,292.5,0.02925,12.0525,52.5,0.00525,12.0525,-5.0,-0.00050,12.0538,-7.5,-0.00075,12.0500,-7.5,-0.00075,12.0512,-5.0,-0.00050,12.0512,-5.0,-0.00050,12.0512,-5.0,-0.00050,12.0525,-7.5,-0.00075,246.23
6,619707,1,0,0.00,0.0,0.0,0.0,0.0,20.1962,65.0,0.06500,12.0500,60.0,0.06000,12.0512,1187.5,0.03598,5.0812,695.0,0.06950,12.0525,227.5,0.02275,12.0500,292.5,0.02925,12.0525,52.5,0.00525,12.0525,-5.0,-0.00050,12.0538,-7.5,-0.00075,12.0500,-7.5,-0.00075,12.0512,-5.0,-0.00050,12.0512,-5.0,-0.00050,12.0512,-5.0,-0.00050,12.0525,-7.5,-0.00075,246.57
6,620043,1,0,0.00,0.0,0.0,0.0,0.0,20.1962,65.0,0.06500,12.0500,60.0,0.06000,12.0512,1187.5,0.03598,5.0812,695.0,0.06950,12.0525,227.5,0.02275,12.0500,292.5,0.02925,12.0525,52.5,0.00525,12.0525,-5.0,-0.00050,12.0538,-7.5,-0.00075,12.0500,-7.5,-0.00075,12.0512,-5.0,-0.00050,12.0512,-5.0,-0.00050,12.0512,-5.0,-0.00050,12.0525,-7.5,-0.00075,246.90
6,620379,1,0,0.00,0.0,0.0,0.0,0.0,20.1962,65.0,0.06500,12.0500,60.0,0.06000,12.0512,1185.0,0.03591,5.0812,695.0,0.06950,12.0525,227.5,0.02275,12.0500,292.5,0.02925,12.0525,52.5,0.00525,12.0525,-5.0,-0.00050,12.0538,-7.5,-0.00075,12.0500,-7.5,-0.00075,12.0512,-5.0,-0.00050,12.0512,-5.0,-0.00050,12.0512,-5.0,-0.00050,12.0525,-7.5,-0.00075,247.25
6,620714,1,0,0.00,0.0,0.0,0.0,0.0,20.1962,65.0,0.06500,12.0500,60.0,0.06000,12.0500,1185.0,0.03591,5.0812,695.0,0.06950,12.0525,227.5,0.02275,12.0500,292.5,0.02925,12.0525,52.5,0.00525,12.0525,-5.0,-0.00050,12.0538,-7.5,-0.00075,12.0500,-7.5,-0.00075,12.0512,-5.0,-0.00050,12.0512,-5.0,-0.00050,12.0512,-5.0,-0.00050,12.0525,-7.5,-0.00075,247.58
6,621049,1,0,0.00,0.0,0.0,0.0,0.0,20.1962,65.0,0.06500,12.0500,60.0,0.06000,12.0500,1187.5,0.03598,5.0812,692.5,0.06925,12.0525,227.5,0.02275,12.0500,292.5,0.02925,12.0525,52.5,0.00525,12.0525,-5.0,-0.00050,12.0525,-7.5,-0.00075,12.0500,-7.5,-0.00075,12.0512,-5.0,-0.00050,12.0512,-5.0,-0.00050,12.0512,-5.0,-0.00050,12.0525,-7.5,-0.00075,247.91
6,621385,1,0,0.00,0.0,0.0,0.0,0.0,20.1962,65.0,0.06500,12.0500,60.0,0.06000,12.0512,1187.5,0.03598,5.0812,695.0,0.06950,12.0525,227.5,0.02275,12.0500,292.5,0.02925,12.0525,52.5,0.00525,12.0525,-5.0,-0.00050,12.0538,-7.5,-0.00075,12.0500,-7.5,-0.00075,12.0512,-5.0,-0.00050,12.0512,-5.0,-0.00050,12.0512,-5.0,-0.00050,12.0525,-7.5,-0.00075,248.27
6,621742,1,0,0.00,0.0,0.0,0.0,0.0,20.1962,65.0,0.06500,12.0500,60.0,0.06000,12.0512,1185.0,0.03591,5.0812,695.0,0.06950,12.0525,227.5,0.02275,12.0500,292.5,0.02925,12.0525,52.5,0.00525,12.0525,-5.0,-0.00050,12.0538,-7.5,-0.00075,12.0500,-7.5,-0.00075,12.0512,-5.0,-0.00050,12.0512,-5.0,-0.00050,12.0512,-5.0,-0.00050,12.0525,-7.5,-0.00075,248.61
6,622077,1,0,0.00,0.0,0.0,0.0,0.0,20.1962,65.0,0.06500,12.0500,60.0,0.06000,12.0500,1185.0,0.03591,5.0812,695.0,0.06950,12.0512,227.5,0.02275,12.0500,292.5,0.02925,12.0525,52.5,0.00525,12.0525,-5.0,-0.00050,12.0538,-7.5,-0.00075,12.0500,-7.5,-0.00075,12.0512,-5.0,-0.00050,12.0512,-5.0,-0.00050,12.0512,-5.0,-0.00050,12.0525,-7.5,-0.00075,248.94
