run,t_ms,n,flags,pwm_pct,in_V,in_uV,in_A,fan12_V,fan12_uV,fan12_A,b5in_V,b5in_uV,b5in_A,b5out_V,b5out_uV,b5out_A,fan1_V,fan1_uV,fan1_A,fan2_V,fan2_uV,fan2_A,fan3_V,fan3_uV,fan3_A,fan4_V,fan4_uV,fan4_A,fan5_V,fan5_uV,fan5_A,fan6_V,fan6_uV,fan6_A,fan7_V,fan7_uV,fan7_A,fan8_V,fan8_uV,fan8_A,fan9_V,fan9_uV,fan9_A,fan10_V,fan10_uV,fan10_A,pc_time_s
1,69292,1,0,0.00,5.0037,140.0,0.14000,12.0813,10.0,0.01000,12.0825,1180.0,0.03576,5.0812,692.5,0.06925,12.0837,37.5,0.00375,12.0825,40.0,0.00400,12.0850,35.0,0.00350,12.0837,-5.0,-0.00050,12.0850,-7.5,-0.00075,12.0813,-7.5,-0.00075,12.0825,-5.0,-0.00050,12.0825,-5.0,-0.00050,12.0825,-5.0,-0.00050,12.0837,-7.5,-0.00075,0.75
1,69639,1,0,0.01,5.0025,140.0,0.14000,12.0813,10.0,0.01000,12.0825,1182.5,0.03583,5.0812,692.5,0.06925,12.0837,37.5,0.00375,12.0813,40.0,0.00400,12.0837,35.0,0.00350,12.0837,-5.0,-0.00050,12.0850,-7.5,-0.00075,12.0813,-7.5,-0.00075,12.0825,-5.0,-0.00050,12.0825,-5.0,-0.00050,12.0825,-5.0,-0.00050,12.0837,-7.5,-0.00075,1.10
1,69975,1,0,0.29,5.0025,140.0,0.14000,12.0813,10.0,0.01000,12.0825,1185.0,0.03591,5.0812,695.0,0.06950,12.0837,37.5,0.00375,12.0813,40.0,0.00400,12.0837,35.0,0.00350,12.0837,-5.0,-0.00050,12.0850,-7.5,-0.00075,12.0813,-7.5,-0.00075,12.0825,-5.0,-0.00050,12.0825,-5.0,-0.00050,12.0825,-5.0,-0.00050,12.0837,-7.5,-0.00075,1.43
1,70310,1,0,0.57,5.0025,140.0,0.14000,12.0813,10.0,0.01000,12.0813,1182.5,0.03583,5.0812,695.0,0.06950,12.0837,37.5,0.00375,12.0813,40.0,0.00400,12.0837,35.0,0.00350,12.0837,-5.0,-0.00050,12.0850,-7.5,-0.00075,12.0813,-7.5,-0.00075,12.0825,-5.0,-0.00050,12.0825,-5.0,-0.00050,12.0825,-5.0,-0.00050,12.0837,-7.5,-0.00075,1.77
1,70722,1,0,0.91,5.0025,140.0,0.14000,12.0825,10.0,0.01000,12.0825,1182.5,0.03583,5.0812,695.0,0.06950,12.0850,37.5,0.00375,12.0825,40.0,0.00400,12.0850,35.0,0.00350,12.0850,-5.0,-0.00050,12.0850,-7.5,-0.00075,12.0825,-7.5,-0.00075,12.0837,-5.0,-0.00050,12.0837,-5.0,-0.00050,12.0837,-5.0,-0.00050,12.0850,-7.5,-0.00075,2.19
1,71069,1,0,1.20,5.0025,140.0,0.14000,12.0813,10.0,0.01000,12.0813,1182.5,0.03583,5.0812,695.0,0.06950,12.0837,37.5,0.00375,12.0813,40.0,0.00400,12.0837,35.0,0.00350,12.0837,-5.0,-0.00050,12.0850,-7.5,-0.00075,12.0813,-7.5,-0.00075,12.0825,-5.0,-0.00050,12.0825,-5.0,-0.00050,12.0825,-5.0,-0.00050,12.0837,-7.5,-0.00075,2.54
1,71405,1,0,1.48,5.0025,140.0,0.14000,12.0813,10.0,0.01000,12.0825,1180.0,0.03576,5.0812,695.0,0.06950,12.0837,37.5,0.00375,12.0813,40.0,0.00400,12.0837,35.0,0.00350,12.0837,-5.0,-0.00050,12.0850,-7.5,-0.00075,12.0813,-7.5,-0.00075,12.0825,-5.0,-0.00050,12.0825,-5.0,-0.00050,12.0825,-5.0,-0.00050,12.0837,-7.5,-0.00075,2.86
1,71740,1,0,1.76,5.0012,140.0,0.14000,12.0813,10.0,0.01000,12.0825,1185.0,0.03591,5.0812,695.0,0.06950,12.0837,37.5,0.00375,12.0813,40.0,0.00400,12.0837,35.0,0.00350,12.0837,-5.0,-0.00050,12.0850,-7.5,-0.00075,12.0813,-7.5,-0.00075,12.0825,-5.0,-0.00050,12.0825,-5.0,-0.00050,12.0825,-5.0,-0.00050,12.0837,-7.5,-0.00075,3.20
1,72148,1,0,2.10,5.0012,140.0,0.14000,12.0825,10.0,0.01000,12.0825,1182.5,0.03583,5.0812,695.0,0.06950,12.0850,37.5,0.00375,12.0825,40.0,0.00400,12.0850,35.0,0.00350,12.0850,-5.0,-0.00050,12.0850,-7.5,-0.00075,12.0825,-7.5,-0.00075,12.0837,-5.0,-0.00050,12.0837,-5.0,-0.00050,12.0837,-5.0,-0.00050,12.0850,-7.5,-0.00075,3.60
1,72484,1,0,2.38,5.0012,140.0,0.14000,12.0813,10.0,0.01000,12.0825,1180.0,0.03576,5.0812,695.0,0.06950,12.0837,37.5,0.00375,12.0813,40.0,0.00400,12.0837,35.0,0.00350,12.0837,-5.0,-0.00050,12.0850,-7.5,-0.00075,12.0813,-7.5,-0.00075,12.0825,-5.0,-0.00050,12.0825,-5.0,-0.00050,12.0825,-5.0,-0.00050,12.0837,-7.5,-0.00075,3.93
1,72819,1,0,2.66,5.0025,140.0,0.14000,12.0813,10.0,0.01000,12.0825,1182.5,0.03583,5.0812,695.0,0.06950,12.0837,37.5,0.00375,12.0813,40.0,0.00400,12.0837,35.0,0.00350,12.0837,-5.0,-0.00050,12.0850,-7.5,-0.00075,12.0813,-7.5,-0.00075,12.0825,-5.0,-0.00050,12.0825,-5.0,-0.00050,12.0825,-5.0,-0.00050,12.0837,-7.5,-0.00075,4.28
1,73165,1,0,2.95,5.0012,142.5,0.14250,12.0813,10.0,0.01000,12.0825,1185.0,0.03591,5.0812,695.0,0.06950,12.0837,37.5,0.00375,12.0813,40.0,0.00400,12.0837,35.0,0.00350,12.0837,-5.0,-0.00050,12.0850,-7.5,-0.00075,12.0813,-7.5,-0.00075,12.0825,-5.0,-0.00050,12.0825,-5.0,-0.00050,12.0825,-5.0,-0.00050,12.0837,-7.5,-0.00075,4.62
1,73650,1,0,3.35,5.0025,140.0,0.14000,12.0825,10.0,0.01000,12.0825,1182.5,0.03583,5.0812,695.0,0.06950,12.0850,37.5,0.00375,12.0825,40.0,0.00400,12.0850,35.0,0.00350,12.0850,-5.0,-0.00050,12.0862,-7.5,-0.00075,12.0825,-7.5,-0.00075,12.0837,-5.0,-0.00050,12.0837,-5.0,-0.00050,12.0837,-5.0,-0.00050,12.0850,-7.5,-0.00075,5.11
1,73985,1,0,3.63,5.0025,140.0,0.14000,12.0813,10.0,0.01000,12.0825,1180.0,0.03576,5.0812,695.0,0.06950,12.0837,37.5,0.00375,12.0825,40.0,0.00400,12.0850,35.0,0.00350,12.0837,-5.0,-0.00050,12.0850,-7.5,-0.00075,12.0813,-7.5,-0.00075,12.0825,-5.0,-0.00050,12.0825,-5.0,-0.00050,12.0825,-5.0,-0.00050,12.0837,-7.5,-0.00075,5.44
1,74320,1,0,3.91,5.0037,140.0,0.14000,12.0813,10.0,0.01000,12.0825,1185.0,0.03591,5.0812,695.0,0.06950,12.0837,37.5,0.00375,12.0825,40.0,0.00400,12.0850,35.0,0.00350,12.0837,-5.0,-0.00050,12.0850,-7.5,-0.00075,12.0813,-7.5,-0.00075,12.0825,-5.0,-0.00050,12.0825,-5.0,-0.00050,12.0825,-5.0,-0.00050,12.0837,-7.5,-0.00075,5.78
1,74655,1,0,4.19,5.0037,140.0,0.14000,12.0813,10.0,0.01000,12.0825,1182.5,0.03583,5.0812,695.0,0.06950,12.0837,37.5,0.00375,12.0825,40.0,0.00400,12.0850,35.0,0.00350,12.0837,-5.0,-0.00050,12.0850,-7.5,-0.00075,12.0813,-7.5,-0.00075,12.0825,-5.0,-0.00050,12.0825,-5.0,-0.00050,12.0825,-5.0,-0.00050,12.0837,-7.5,-0.00075,6.12
1,75059,1,0,4.53,5.0037,140.0,0.14000,12.0825,10.0,0.01000,12.0837,1182.5,0.03583,5.0812,695.0,0.06950,12.0850,37.5,0.00375,12.0837,40.0,0.00400,12.0862,35.0,0.00350,12.0850,-5.0,-0.00050,12.0862,-7.5,-0.00075,12.0825,-7.5,-0.00075,12.0837,-5.0,-0.00050,12.0837,-5.0,-0.00050,12.0837,-5.0,-0.00050,12.0850,-7.5,-0.00075,6.53
1,75405,1,0,4.81,5.0037,140.0,0.14000,12.0825,10.0,0.01000,12.0825,1180.0,0.03576,5.0812,695.0,0.06950,12.0850,37.5,0.00375,12.0825,40.0,0.00400,12.0850,35.0,0.00350,12.0850,-5.0,-0.00050,12.0850,-7.5,-0.00075,12.0825,-7.5,-0.00075,12.0837,-5.0,-0.00050,12.0837,-5.0,-0.00050,12.0837,-5.0,-0.00050,12.0850,-7.5,-0.00075,6.86
1,75741,1,0,5.09,5.0037,140.0,0.14000,12.0825,10.0,0.01000,12.0825,1185.0,0.03591,5.0812,695.0,0.06950,12.0850,37.5,0.00375,12.0825,40.0,0.00400,12.0850,35.0,0.00350,12.0837,-5.0,-0.00050,12.0850,-7.5,-0.00075,12.0825,-7.5,-0.00075,12.0825,-5.0,-0.00050,12.0825,-5.0,-0.00050,12.0837,-5.0,-0.00050,12.0837,-7.5,-0.00075,7.19
1,76076,1,0,5.37,5.0037,140.0,0.14000,12.0825,10.0,0.01000,12.0825,1182.5,0.03583,5.0812,695.0,0.06950,12.0850,37.5,0.00375,12.0825,40.0,0.00400,12.0850,35.0,0.00350,12.0837,-5.0,-0.00050,12.0850,-7.5,-0.00075,12.0813,-7.5,-0.00075,12.0825,-5.0,-0.00050,12.0825,-5.0,-0.00050,12.0837,-5.0,-0.00050,12.0837,-7.5,-0.00075,7.54
1,76495,1,0,5.72,5.0037,140.0,0.14000,12.0825,10.0,0.01000,12.0837,1182.5,0.03583,5.0812,695.0,0.06950,12.0850,37.5,0.00375,12.0837,40.0,0.00400,12.0862,35.0,0.00350,12.0850,-5.0,-0.00050,12.0862,-7.5,-0.00075,12.0825,-7.5,-0.00075,12.0837,-5.0,-0.00050,12.0837,-5.0,-0.00050,12.0837,-5.0,-0.00050,12.0850,-7.5,-0.00075,7.95
1,76830,1,0,6.00,5.0025,140.0,0.14000,12.0813,10.0,0.01000,12.0825,1180.0,0.03576,5.0812,695.0,0.06950,12.0837,37.5,0.00375,12.0825,40.0,0.00400,12.0850,35.0,0.00350,12.0837,-5.0,-0.00050,12.0850,-7.5,-0.00075,12.0825,-7.5,-0.00075,12.0825,-5.0,-0.00050,12.0825,-5.0,-0.00050,12.0837,-5.0,-0.00050,12.0837,-7.5,-0.00075,8.29
1,77165,1,0,6.28,5.0025,140.0,0.14000,12.0825,10.0,0.01000,12.0825,1182.5,0.03583,5.0812,695.0,0.06950,12.0850,37.5,0.00375,12.0825,40.0,0.00400,12.0850,35.0,0.00350,12.0837,-5.0,-0.00050,12.0850,-7.5,-0.00075,12.0813,-7.5,-0.00075,12.0825,-5.0,-0.00050,12.0825,-5.0,-0.00050,12.0837,-5.0,-0.00050,12.0850,-7.5,-0.00075,8.64
1,77511,1,0,6.57,5.0025,140.0,0.14000,12.0825,10.0,0.01000,12.0825,1182.5,0.03583,5.0812,695.0,0.06950,12.0850,37.5,0.00375,12.0825,40.0,0.00400,12.0850,35.0,0.00350,12.0837,-5.0,-0.00050,12.0850,-7.5,-0.00075,12.0813,-7.5,-0.00075,12.0825,-5.0,-0.00050,12.0837,-5.0,-0.00050,12.0837,-5.0,-0.00050,12.0837,-7.5,-0.00075,8.97
1,77936,1,0,6.92,5.0037,140.0,0.14000,12.0825,10.0,0.01000,12.0837,1190.0,0.03606,5.0812,695.0,0.06950,12.0850,37.5,0.00375,12.0825,40.0,0.00400,12.0850,35.0,0.00350,12.0850,-5.0,-0.00050,12.0862,-7.5,-0.00075,12.0825,-7.5,-0.00075,12.0837,-5.0,-0.00050,12.0837,-5.0,-0.00050,12.0837,-5.0,-0.00050,12.0850,-7.5,-0.00075,9.39
1,78272,1,0,7.20,5.0037,140.0,0.14000,12.0813,10.0,0.01000,12.0825,1182.5,0.03583,5.0812,695.0,0.06950,12.0837,37.5,0.00375,12.0825,40.0,0.00400,12.0850,35.0,0.00350,12.0837,-5.0,-0.00050,12.0850,-7.5,-0.00075,12.0813,-7.5,-0.00075,12.0825,-5.0,-0.00050,12.0825,-5.0,-0.00050,12.0825,-5.0,-0.00050,12.0837,-7.5,-0.00075,9.72
1,78607,1,0,7.48,5.0037,140.0,0.14000,12.0813,10.0,0.01000,12.0825,1182.5,0.03583,5.0812,695.0,0.06950,12.0850,37.5,0.00375,12.0825,40.0,0.00400,12.0850,35.0,0.00350,12.0837,-5.0,-0.00050,12.0850,-7.5,-0.00075,12.0813,-7.5,-0.00075,12.0825,-5.0,-0.00050,12.0825,-5.0,-0.00050,12.0825,-5.0,-0.00050,12.0837,-7.5,-0.00075,10.06
1,78942,1,0,7.76,5.0037,140.0,0.14000,12.0813,10.0,0.01000,12.0825,1182.5,0.03583,5.0812,695.0,0.06950,12.0837,37.5,0.00375,12.0825,40.0,0.00400,12.0850,35.0,0.00350,12.0837,-5.0,-0.00050,12.0850,-7.5,-0.00075,12.0813,-7.5,-0.00075,12.0825,-5.0,-0.00050,12.0825,-5.0,-0.00050,12.0825,-5.0,-0.00050,12.0837,-7.5,-0.00075,10.40
1,79365,1,0,8.11,5.0025,140.0,0.14000,12.0825,10.0,0.01000,12.0837,1185.0,0.03591,5.0812,695.0,0.06950,12.0850,37.5,0.00375,12.0837,40.0,0.00400,12.0850,35.0,0.00350,12.0850,-5.0,-0.00050,12.0862,-7.5,-0.00075,12.0825,-7.5,-0.00075,12.0837,-5.0,-0.00050,12.0837,-5.0,-0.00050,12.0837,-5.0,-0.00050,12.0850,-7.5,-0.00075,10.84
1,79712,1,0,8.40,5.0025,140.0,0.14000,12.0813,10.0,0.01000,12.0825,1185.0,0.03591,5.0812,697.5,0.06975,12.0837,37.5,0.00375,12.0825,40.0,0.00400,12.0850,35.0,0.00350,12.0837,-5.0,-0.00050,12.0850,-7.5,-0.00075,12.0813,-7.5,-0.00075,12.0825,-5.0,-0.00050,12.0825,-5.0,-0.00050,12.0825,-5.0,-0.00050,12.0837,-7.5,-0.00075,11.17
1,80048,1,0,8.68,5.0025,140.0,0.14000,12.0813,10.0,0.01000,12.0825,1187.5,0.03598,5.0812,695.0,0.06950,12.0837,37.5,0.00375,12.0813,40.0,0.00400,12.0837,35.0,0.00350,12.0837,-5.0,-0.00050,12.0850,-7.5,-0.00075,12.0813,-7.5,-0.00075,12.0825,-5.0,-0.00050,12.0825,-5.0,-0.00050,12.0825,-5.0,-0.00050,12.0837,-7.5,-0.00075,11.51
1,80383,1,0,8.96,5.0037,140.0,0.14000,12.0813,10.0,0.01000,12.0825,1185.0,0.03591,5.0812,697.5,0.06975,12.0837,37.5,0.00375,12.0813,40.0,0.00400,12.0837,35.0,0.00350,12.0837,-5.0,-0.00050,12.0850,-7.5,-0.00075,12.0813,-7.5,-0.00075,12.0825,-5.0,-0.00050,12.0825,-5.0,-0.00050,12.0825,-5.0,-0.00050,12.0837,-7.5,-0.00075,11.83
1,80809,1,0,9.32,4.9887,247.5,0.24750,12.0800,52.5,0.05250,12.0800,1182.5,0.03583,5.0812,695.0,0.06950,12.0813,37.5,0.00375,12.0787,440.0,0.04400,12.0825,35.0,0.00350,12.0813,-5.0,-0.00050,12.0825,-7.5,-0.00075,12.0800,-7.5,-0.00075,12.0800,-5.0,-0.00050,12.0800,-5.0,-0.00050,12.0813,-5.0,-0.00050,12.0825,-7.5,-0.00075,12.26
1,81145,1,0,9.60,4.9387,642.5,0.64250,12.0750,207.5,0.20750,12.0750,1185.0,0.03591,5.0812,697.5,0.06975,12.0750,570.0,0.05700,12.0737,830.0,0.08300,12.0763,567.5,0.05675,12.0763,-5.0,-0.00050,12.0775,-7.5,-0.00075,12.0737,-7.5,-0.00075,12.0750,-5.0,-0.00050,12.0750,-5.0,-0.00050,12.0763,-5.0,-0.00050,12.0763,-7.5,-0.00075,12.60
1,81480,1,0,9.88,4.9237,757.5,0.75750,12.0813,252.5,0.25250,12.0825,1185.0,0.03591,5.0812,695.0,0.06950,12.0813,860.0,0.08600,12.0800,667.5,0.06675,12.0813,850.0,0.08500,12.0825,-5.0,-0.00050,12.0837,-7.5,-0.00075,12.0800,-7.5,-0.00075,12.0813,-5.0,-0.00050,12.0813,-5.0,-0.00050,12.0825,-5.0,-0.00050,12.0825,-7.5,-0.00075,12.95
1,81826,1,0,10.16,4.9488,567.5,0.56750,12.0862,175.0,0.17500,12.0875,1182.5,0.03583,5.0812,695.0,0.06950,12.0875,672.5,0.06725,12.0850,330.0,0.03300,12.0875,662.5,0.06625,12.0875,-5.0,-0.00050,12.0887,-7.5,-0.00075,12.0862,-7.5,-0.00075,12.0862,-5.0,-0.00050,12.0875,-5.0,-0.00050,12.0875,-5.0,-0.00050,12.0887,-7.5,-0.00075,13.28
1,82260,1,0,10.53,4.9825,290.0,0.29000,12.0850,67.5,0.06750,12.0850,1185.0,0.03591,5.0812,695.0,0.06950,12.0862,287.5,0.02875,12.0850,100.0,0.01000,12.0875,275.0,0.02750,12.0875,-5.0,-0.00050,12.0875,-7.5,-0.00075,12.0850,-7.5,-0.00075,12.0862,-5.0,-0.00050,12.0850,-5.0,-0.00050,12.0862,-5.0,-0.00050,12.0875,-7.5,-0.00075,13.72
1,82596,1,0,10.81,4.9962,185.0,0.18500,12.0825,27.5,0.02750,12.0825,1182.5,0.03583,5.0812,695.0,0.06950,12.0850,117.5,0.01175,12.0825,42.5,0.00425,12.0850,115.0,0.01150,12.0850,-5.0,-0.00050,12.0850,-7.5,-0.00075,12.0825,-7.5,-0.00075,12.0837,-5.0,-0.00050,12.0837,-5.0,-0.00050,12.0837,-5.0,-0.00050,12.0850,-7.5,-0.00075,14.05
1,82931,1,0,11.09,5.0012,147.5,0.14750,12.0813,12.5,0.01250,12.0825,1182.5,0.03583,5.0812,695.0,0.06950,12.0837,45.0,0.00450,12.0825,42.5,0.00425,12.0850,45.0,0.00450,12.0837,-5.0,-0.00050,12.0850,-7.5,-0.00075,12.0813,-7.5,-0.00075,12.0825,-5.0,-0.00050,12.0825,-5.0,-0.00050,12.0837,-5.0,-0.00050,12.0837,-7.5,-0.00075,14.38
1,83266,1,0,11.36,5.0025,145.0,0.14500,12.0813,12.5,0.01250,12.0825,1182.5,0.03583,5.0812,695.0,0.06950,12.0837,42.5,0.00425,12.0813,45.0,0.00450,12.0837,42.5,0.00425,12.0837,-5.0,-0.00050,12.0850,-7.5,-0.00075,12.0813,-7.5,-0.00075,12.0825,-5.0,-0.00050,12.0825,-5.0,-0.00050,12.0825,-5.0,-0.00050,12.0837,-7.5,-0.00075,14.73
1,83705,1,0,11.73,5.0025,147.5,0.14750,12.0825,12.5,0.01250,12.0825,1185.0,0.03591,5.0812,695.0,0.06950,12.0850,45.0,0.00450,12.0825,50.0,0.00500,12.0850,47.5,0.00475,12.0850,-5.0,-0.00050,12.0862,-7.5,-0.00075,12.0825,-7.5,-0.00075,12.0837,-5.0,-0.00050,12.0837,-5.0,-0.00050,12.0837,-5.0,-0.00050,12.0850,-7.5,-0.00075,15.17
1,84051,1,0,12.02,5.0025,150.0,0.15000,12.0813,15.0,0.01500,12.0825,1182.5,0.03583,5.0812,695.0,0.06950,12.0837,47.5,0.00475,12.0813,50.0,0.00500,12.0837,50.0,0.00500,12.0837,-5.0,-0.00050,12.0850,-7.5,-0.00075,12.0813,-7.5,-0.00075,12.0825,-5.0,-0.00050,12.0825,-5.0,-0.00050,12.0825,-5.0,-0.00050,12.0837,-7.5,-0.00075,15.51
1,84387,1,0,12.30,5.0025,152.5,0.15250,12.0813,15.0,0.01500,12.0825,1182.5,0.03583,5.0812,695.0,0.06950,12.0837,50.0,0.00500,12.0825,52.5,0.00525,12.0850,52.5,0.00525,12.0837,-5.0,-0.00050,12.0850,-7.5,-0.00075,12.0813,-7.5,-0.00075,12.0825,-5.0,-0.00050,12.0825,-5.0,-0.00050,12.0825,-5.0,-0.00050,12.0837,-7.5,-0.00075,15.85
1,84722,1,0,12.58,5.0025,155.0,0.15500,12.0813,15.0,0.01500,12.0825,1185.0,0.03591,5.0812,695.0,0.06950,12.0837,55.0,0.00550,12.0813,55.0,0.00550,12.0837,55.0,0.00550,12.0837,-5.0,-0.00050,12.0850,-7.5,-0.00075,12.0813,-7.5,-0.00075,12.0825,-5.0,-0.00050,12.0825,-5.0,-0.00050,12.0825,-5.0,-0.00050,12.0837,-7.5,-0.00075,16.18
1,85173,1,0,12.95,5.0012,155.0,0.15500,12.0825,15.0,0.01500,12.0825,1182.5,0.03583,5.0812,695.0,0.06950,12.0850,55.0,0.00550,12.0825,57.5,0.00575,12.0850,57.5,0.00575,12.0850,-5.0,-0.00050,12.0850,-7.5,-0.00075,12.0825,-7.5,-0.00075,12.0837,-5.0,-0.00050,12.0837,-5.0,-0.00050,12.0837,-5.0,-0.00050,12.0850,-7.5,-0.00075,16.63
1,85508,1,0,13.23,5.0012,157.5,0.15750,12.0813,15.0,0.01500,12.0825,1185.0,0.03591,5.0812,695.0,0.06950,12.0837,55.0,0.00550,12.0825,57.5,0.00575,12.0837,60.0,0.00600,12.0837,-5.0,-0.00050,12.0850,-7.5,-0.00075,12.0813,-7.5,-0.00075,12.0825,-5.0,-0.00050,12.0825,-5.0,-0.00050,12.0825,-5.0,-0.00050,12.0837,-7.5,-0.00075,16.97
1,85843,1,0,13.51,5.0012,160.0,0.16000,12.0813,17.5,0.01750,12.0825,1182.5,0.03583,5.0812,695.0,0.06950,12.0837,60.0,0.00600,12.0813,62.5,0.00625,12.0837,62.5,0.00625,12.0837,-5.0,-0.00050,12.0850,-7.5,-0.00075,12.0813,-7.5,-0.00075,12.0825,-5.0,-0.00050,12.0825,-5.0,-0.00050,12.0825,-5.0,-0.00050,12.0837,-7.5,-0.00075,17.32
1,86189,1,0,13.80,5.0012,162.5,0.16250,12.0813,17.5,0.01750,12.0825,1185.0,0.03591,5.0812,695.0,0.06950,12.0837,62.5,0.00625,12.0825,62.5,0.00625,12.0837,62.5,0.00625,12.0837,-5.0,-0.00050,12.0850,-7.5,-0.00075,12.0813,-7.5,-0.00075,12.0825,-5.0,-0.00050,12.0825,-5.0,-0.00050,12.0837,-5.0,-0.00050,12.0837,-7.5,-0.00075,17.64
1,86697,1,0,14.22,5.0000,165.0,0.16500,12.0825,20.0,0.02000,12.0825,1190.0,0.03606,5.0812,695.0,0.06950,12.0850,65.0,0.00650,12.0825,67.5,0.00675,12.0850,67.5,0.00675,12.0837,-5.0,-0.00050,12.0850,-7.5,-0.00075,12.0813,-7.5,-0.00075,12.0825,-5.0,-0.00050,12.0825,-5.0,-0.00050,12.0837,-5.0,-0.00050,12.0837,-7.5,-0.00075,18.15
1,87032,1,0,14.50,5.0000,165.0,0.16500,12.0813,20.0,0.02000,12.0825,1185.0,0.03591,5.0812,695.0,0.06950,12.0837,65.0,0.00650,12.0813,67.5,0.00675,12.0850,67.5,0.00675,12.0837,-5.0,-0.00050,12.0850,-7.5,-0.00075,12.0813,-7.5,-0.00075,12.0825,-5.0,-0.00050,12.0825,-5.0,-0.00050,12.0825,-5.0,-0.00050,12.0837,-7.5,-0.00075,18.48
1,87367,1,0,14.78,5.0000,165.0,0.16500,12.0813,20.0,0.02000,12.0813,1185.0,0.03591,5.0812,695.0,0.06950,12.0837,67.5,0.00675,12.0813,67.5,0.00675,12.0837,67.5,0.00675,12.0837,-5.0,-0.00050,12.0850,-7.5,-0.00075,12.0813,-7.5,-0.00075,12.0825,-5.0,-0.00050,12.0825,-5.0,-0.00050,12.0825,-5.0,-0.00050,12.0837,-7.5,-0.00075,18.82
1,87702,1,0,15.06,5.0000,167.5,0.16750,12.0813,20.0,0.02000,12.0813,1187.5,0.03598,5.0812,695.0,0.06950,12.0837,70.0,0.00700,12.0813,70.0,0.00700,12.0837,72.5,0.00725,12.0837,-5.0,-0.00050,12.0850,-7.5,-0.00075,12.0813,-7.5,-0.00075,12.0825,-5.0,-0.00050,12.0825,-5.0,-0.00050,12.0825,-5.0,-0.00050,12.0837,-7.5,-0.00075,19.15
1,88095,1,0,15.39,5.0000,167.5,0.16750,12.0825,20.0,0.02000,12.0825,1185.0,0.03591,5.0812,695.0,0.06950,12.0850,70.0,0.00700,12.0825,70.0,0.00700,12.0850,72.5,0.00725,12.0850,-5.0,-0.00050,12.0850,-7.5,-0.00075,12.0825,-7.5,-0.00075,12.0837,-5.0,-0.00050,12.0837,-5.0,-0.00050,12.0837,-5.0,-0.00050,12.0850,-7.5,-0.00075,19.56
1,88441,1,0,15.68,5.0000,170.0,0.17000,12.0813,22.5,0.02250,12.0825,1180.0,0.03576,5.0812,695.0,0.06950,12.0837,72.5,0.00725,12.0813,75.0,0.00750,12.0837,77.5,0.00775,12.0837,-5.0,-0.00050,12.0850,-7.5,-0.00075,12.0813,-7.5,-0.00075,12.0825,-5.0,-0.00050,12.0825,-5.0,-0.00050,12.0825,-5.0,-0.00050,12.0837,-7.5,-0.00075,19.89
1,88777,1,0,15.96,5.0000,172.5,0.17250,12.0813,22.5,0.02250,12.0825,1187.5,0.03598,5.0812,695.0,0.06950,12.0837,75.0,0.00750,12.0813,75.0,0.00750,12.0837,77.5,0.00775,12.0837,-5.0,-0.00050,12.0850,-7.5,-0.00075,12.0813,-7.5,-0.00075,12.0825,-5.0,-0.00050,12.0825,-5.0,-0.00050,12.0825,-5.0,-0.00050,12.0837,-7.5,-0.00075,20.23
1,89112,1,0,16.24,5.0000,170.0,0.17000,12.0813,22.5,0.02250,12.0825,1185.0,0.03591,5.0812,695.0,0.06950,12.0837,72.5,0.00725,12.0813,72.5,0.00725,12.0837,77.5,0.00775,12.0837,-5.0,-0.00050,12.0850,-7.5,-0.00075,12.0813,-7.5,-0.00075,12.0825,-5.0,-0.00050,12.0825,-5.0,-0.00050,12.0825,-5.0,-0.00050,12.0837,-7.5,-0.00075,20.56
1,89508,1,0,16.57,5.0000,175.0,0.17500,12.0825,22.5,0.02250,12.0825,1185.0,0.03591,5.0812,697.5,0.06975,12.0850,77.5,0.00775,12.0825,77.5,0.00775,12.0850,80.0,0.00800,12.0850,-5.0,-0.00050,12.0850,-7.5,-0.00075,12.0825,-7.5,-0.00075,12.0837,-5.0,-0.00050,12.0837,-5.0,-0.00050,12.0837,-5.0,-0.00050,12.0850,-7.5,-0.00075,20.96
1,89844,1,0,16.85,5.0000,175.0,0.17500,12.0813,22.5,0.02250,12.0825,1182.5,0.03583,5.0812,695.0,0.06950,12.0837,77.5,0.00775,12.0813,77.5,0.00775,12.0837,80.0,0.00800,12.0837,-5.0,-0.00050,12.0850,-7.5,-0.00075,12.0813,-7.5,-0.00075,12.0825,-5.0,-0.00050,12.0825,-5.0,-0.00050,12.0825,-5.0,-0.00050,12.0837,-7.5,-0.00075,21.29
1,90179,1,0,17.13,5.0000,172.5,0.17250,12.0813,22.5,0.02250,12.0825,1185.0,0.03591,5.0812,695.0,0.06950,12.0837,77.5,0.00775,12.0813,77.5,0.00775,12.0837,82.5,0.00825,12.0837,-5.0,-0.00050,12.0850,-7.5,-0.00075,12.0813,-7.5,-0.00075,12.0825,-5.0,-0.00050,12.0825,-5.0,-0.00050,12.0825,-5.0,-0.00050,12.0837,-7.5,-0.00075,21.64
1,90525,1,0,17.41,5.0000,175.0,0.17500,12.0813,25.0,0.02500,12.0825,1185.0,0.03591,5.0812,697.5,0.06975,12.0837,80.0,0.00800,12.0813,82.5,0.00825,12.0837,82.5,0.00825,12.0837,-5.0,-0.00050,12.0850,-7.5,-0.00075,12.0813,-7.5,-0.00075,12.0825,-5.0,-0.00050,12.0825,-5.0,-0.00050,12.0825,-5.0,-0.00050,12.0837,-7.5,-0.00075,21.98
1,90931,1,0,17.75,5.0000,177.5,0.17750,12.0825,25.0,0.02500,12.0837,1187.5,0.03598,5.0812,695.0,0.06950,12.0850,80.0,0.00800,12.0825,80.0,0.00800,12.0850,85.0,0.00850,12.0850,-5.0,-0.00050,12.0862,-7.5,-0.00075,12.0825,-7.5,-0.00075,12.0837,-5.0,-0.00050,12.0837,-5.0,-0.00050,12.0837,-5.0,-0.00050,12.0850,-7.5,-0.00075,22.39
1,91267,1,0,18.03,5.0000,180.0,0.18000,12.0813,25.0,0.02500,12.0825,1187.5,0.03598,5.0812,697.5,0.06975,12.0837,82.5,0.00825,12.0825,82.5,0.00825,12.0837,90.0,0.00900,12.0837,-5.0,-0.00050,12.0850,-7.5,-0.00075,12.0813,-7.5,-0.00075,12.0825,-5.0,-0.00050,12.0825,-5.0,-0.00050,12.0825,-5.0,-0.00050,12.0837,-7.5,-0.00075,22.74
1,91602,1,0,18.31,5.0000,180.0,0.18000,12.0813,25.0,0.02500,12.0825,1187.5,0.03598,5.0812,697.5,0.06975,12.0837,85.0,0.00850,12.0813,87.5,0.00875,12.0837,87.5,0.00875,12.0837,-5.0,-0.00050,12.0850,-7.5,-0.00075,12.0813,-7.5,-0.00075,12.0825,-5.0,-0.00050,12.0825,-5.0,-0.00050,12.0825,-5.0,-0.00050,12.0837,-7.5,-0.00075,23.06
1,91937,1,0,18.59,5.0000,180.0,0.18000,12.0813,25.0,0.02500,12.0825,1185.0,0.03591,5.0812,695.0,0.06950,12.0837,82.5,0.00825,12.0813,85.0,0.00850,12.0837,87.5,0.00875,12.0837,-5.0,-0.00050,12.0850,-7.5,-0.00075,12.0813,-7.5,-0.00075,12.0825,-5.0,-0.00050,12.0825,-5.0,-0.00050,12.0825,-5.0,-0.00050,12.0837,-7.5,-0.00075,23.39
1,92380,1,0,18.96,4.9987,182.5,0.18250,12.0825,27.5,0.02750,12.0825,1182.5,0.03583,5.0812,697.5,0.06975,12.0850,87.5,0.00875,12.0825,90.0,0.00900,12.0850,92.5,0.00925,12.0850,-5.0,-0.00050,12.0862,-7.5,-0.00075,12.0825,-7.5,-0.00075,12.0837,-5.0,-0.00050,12.0837,-5.0,-0.00050,12.0837,-5.0,-0.00050,12.0850,-7.5,-0.00075,23.85
1,92727,1,0,19.25,4.9987,182.5,0.18250,12.0813,27.5,0.02750,12.0825,1187.5,0.03598,5.0812,697.5,0.06975,12.0837,87.5,0.00875,12.0813,90.0,0.00900,12.0837,92.5,0.00925,12.0837,-5.0,-0.00050,12.0850,-7.5,-0.00075,12.0813,-7.5,-0.00075,12.0825,-5.0,-0.00050,12.0825,-5.0,-0.00050,12.0825,-5.0,-0.00050,12.0837,-7.5,-0.00075,24.19
1,93063,1,0,19.53,4.9987,185.0,0.18500,12.0813,27.5,0.02750,12.0813,1185.0,0.03591,5.0812,697.5,0.06975,12.0837,90.0,0.00900,12.0813,92.5,0.00925,12.0837,95.0,0.00950,12.0837,-5.0,-0.00050,12.0850,-7.5,-0.00075,12.0813,-7.5,-0.00075,12.0825,-5.0,-0.00050,12.0825,-5.0,-0.00050,12.0825,-5.0,-0.00050,12.0837,-7.5,-0.00075,24.52
1,93398,1,0,19.81,4.9975,187.5,0.18750,12.0813,27.5,0.02750,12.0825,1187.5,0.03598,5.0812,697.5,0.06975,12.0837,92.5,0.00925,12.0813,95.0,0.00950,12.0837,97.5,0.00975,12.0837,-5.0,-0.00050,12.0850,-7.5,-0.00075,12.0813,-7.5,-0.00075,12.0825,-5.0,-0.00050,12.0825,-5.0,-0.00050,12.0825,-5.0,-0.00050,12.0837,-7.5,-0.00075,24.86
1,93802,1,0,20.14,4.9987,185.0,0.18500,12.0825,27.5,0.02750,12.0837,1182.5,0.03583,5.0812,697.5,0.06975,12.0850,92.5,0.00925,12.0825,92.5,0.00925,12.0850,95.0,0.00950,12.0850,-5.0,-0.00050,12.0862,-7.5,-0.00075,12.0825,-7.5,-0.00075,12.0837,-5.0,-0.00050,12.0837,-5.0,-0.00050,12.0837,-5.0,-0.00050,12.0850,-7.5,-0.00075,25.26
1,94138,1,0,20.42,4.9975,190.0,0.19000,12.0813,30.0,0.03000,12.0825,1185.0,0.03591,5.0812,697.5,0.06975,12.0837,97.5,0.00975,12.0813,97.5,0.00975,12.0837,100.0,0.01000,12.0837,-5.0,-0.00050,12.0850,-7.5,-0.00075,12.0813,-7.5,-0.00075,12.0825,-5.0,-0.00050,12.0825,-5.0,-0.00050,12.0825,-5.0,-0.00050,12.0837,-7.5,-0.00075,25.60
1,94473,1,0,20.70,4.9975,190.0,0.19000,12.0813,30.0,0.03000,12.0825,1187.5,0.03598,5.0812,697.5,0.06975,12.0837,97.5,0.00975,12.0813,97.5,0.00975,12.0837,102.5,0.01025,12.0837,-5.0,-0.00050,12.0850,-7.5,-0.00075,12.0813,-7.5,-0.00075,12.0825,-5.0,-0.00050,12.0825,-5.0,-0.00050,12.0825,-5.0,-0.00050,12.0837,-7.5,-0.00075,25.95
1,94819,1,0,20.99,4.9975,190.0,0.19000,12.0813,30.0,0.03000,12.0825,1185.0,0.03591,5.0812,697.5,0.06975,12.0837,97.5,0.00975,12.0813,95.0,0.00950,12.0837,102.5,0.01025,12.0837,-5.0,-0.00050,12.0850,-7.5,-0.00075,12.0813,-7.5,-0.00075,12.0825,-5.0,-0.00050,12.0825,-5.0,-0.00050,12.0825,-5.0,-0.00050,12.0837,-7.5,-0.00075,26.27
1,95239,1,0,21.34,4.9975,192.5,0.19250,12.0825,30.0,0.03000,12.0837,1185.0,0.03591,5.0812,697.5,0.06975,12.0850,100.0,0.01000,12.0825,100.0,0.01000,12.0850,105.0,0.01050,12.0850,-5.0,-0.00050,12.0862,-7.5,-0.00075,12.0825,-7.5,-0.00075,12.0837,-5.0,-0.00050,12.0837,-5.0,-0.00050,12.0837,-5.0,-0.00050,12.0850,-7.5,-0.00075,26.70
1,95575,1,0,21.62,4.9975,192.5,0.19250,12.0813,30.0,0.03000,12.0825,1187.5,0.03598,5.0812,697.5,0.06975,12.0837,100.0,0.01000,12.0813,100.0,0.01000,12.0837,107.5,0.01075,12.0837,-5.0,-0.00050,12.0850,-7.5,-0.00075,12.0813,-7.5,-0.00075,12.0825,-5.0,-0.00050,12.0825,-5.0,-0.00050,12.0825,-5.0,-0.00050,12.0837,-7.5,-0.00075,27.03
1,95910,1,0,21.90,4.9962,197.5,0.19750,12.0813,32.5,0.03250,12.0825,1185.0,0.03591,5.0812,697.5,0.06975,12.0837,105.0,0.01050,12.0813,105.0,0.01050,12.0837,112.5,0.01125,12.0837,-5.0,-0.00050,12.0850,-7.5,-0.00075,12.0813,-7.5,-0.00075,12.0825,-5.0,-0.00050,12.0825,-5.0,-0.00050,12.0825,-5.0,-0.00050,12.0837,-7.5,-0.00075,27.37
1,96245,1,0,22.18,4.9962,197.5,0.19750,12.0813,32.5,0.03250,12.0825,1190.0,0.03606,5.0812,697.5,0.06975,12.0837,105.0,0.01050,12.0825,102.5,0.01025,12.0850,110.0,0.01100,12.0837,-5.0,-0.00050,12.0850,-7.5,-0.00075,12.0813,-7.5,-0.00075,12.0825,-5.0,-0.00050,12.0825,-5.0,-0.00050,12.0825,-5.0,-0.00050,12.0837,-7.5,-0.00075,27.71
1,96653,1,0,22.52,4.9962,195.0,0.19500,12.0825,32.5,0.03250,12.0825,1185.0,0.03591,5.0812,697.5,0.06975,12.0850,102.5,0.01025,12.0825,105.0,0.01050,12.0850,110.0,0.01100,12.0850,-5.0,-0.00050,12.0862,-7.5,-0.00075,12.0825,-7.5,-0.00075,12.0837,-5.0,-0.00050,12.0837,-5.0,-0.00050,12.0837,-5.0,-0.00050,12.0850,-7.5,-0.00075,28.12
1,96999,1,0,22.81,4.9962,200.0,0.20000,12.0813,32.5,0.03250,12.0825,1187.5,0.03598,5.0812,697.5,0.06975,12.0837,110.0,0.01100,12.0813,107.5,0.01075,12.0837,115.0,0.01150,12.0837,-5.0,-0.00050,12.0850,-7.5,-0.00075,12.0813,-7.5,-0.00075,12.0825,-5.0,-0.00050,12.0825,-5.0,-0.00050,12.0825,-5.0,-0.00050,12.0837,-7.5,-0.00075,28.46
1,97335,1,0,23.09,4.9962,200.0,0.20000,12.0813,32.5,0.03250,12.0825,1187.5,0.03598,5.0812,697.5,0.06975,12.0837,110.0,0.01100,12.0813,107.5,0.01075,12.0837,115.0,0.01150,12.0837,-5.0,-0.00050,12.0850,-7.5,-0.00075,12.0813,-7.5,-0.00075,12.0825,-5.0,-0.00050,12.0825,-5.0,-0.00050,12.0825,-5.0,-0.00050,12.0837,-7.5,-0.00075,28.79
1,97670,1,0,23.37,4.9962,200.0,0.20000,12.0825,32.5,0.03250,12.0825,1182.5,0.03583,5.0812,697.5,0.06975,12.0837,107.5,0.01075,12.0825,107.5,0.01075,12.0837,115.0,0.01150,12.0837,-5.0,-0.00050,12.0850,-7.5,-0.00075,12.0813,-7.5,-0.00075,12.0825,-5.0,-0.00050,12.0825,-5.0,-0.00050,12.0825,-5.0,-0.00050,12.0837,-7.5,-0.00075,29.13
1,98088,1,0,23.72,4.9962,202.5,0.20250,12.0825,35.0,0.03500,12.0837,1187.5,0.03598,5.0812,697.5,0.06975,12.0850,112.5,0.01125,12.0825,110.0,0.01100,12.0850,120.0,0.01200,12.0850,-5.0,-0.00050,12.0862,-7.5,-0.00075,12.0825,-7.5,-0.00075,12.0837,-5.0,-0.00050,12.0837,-5.0,-0.00050,12.0837,-5.0,-0.00050,12.0850,-7.5,-0.00075,29.55
1,98424,1,0,24.00,4.9962,202.5,0.20250,12.0825,35.0,0.03500,12.0825,1185.0,0.03591,5.0812,697.5,0.06975,12.0837,112.5,0.01125,12.0825,112.5,0.01125,12.0837,120.0,0.01200,12.0837,-5.0,-0.00050,12.0850,-7.5,-0.00075,12.0813,-7.5,-0.00075,12.0825,-5.0,-0.00050,12.0825,-5.0,-0.00050,12.0825,-5.0,-0.00050,12.0837,-7.5,-0.00075,29.88
1,98759,1,0,24.28,4.9962,207.5,0.20750,12.0813,37.5,0.03750,12.0825,1187.5,0.03598,5.0812,697.5,0.06975,12.0837,117.5,0.01175,12.0813,117.5,0.01175,12.0837,127.5,0.01275,12.0837,-5.0,-0.00050,12.0850,-7.5,-0.00075,12.0813,-7.5,-0.00075,12.0825,-5.0,-0.00050,12.0825,-5.0,-0.00050,12.0825,-5.0,-0.00050,12.0837,-7.5,-0.00075,30.23
1,99105,1,0,24.56,4.9962,207.5,0.20750,12.0813,37.5,0.03750,12.0825,1190.0,0.03606,5.0812,697.5,0.06975,12.0837,117.5,0.01175,12.0813,117.5,0.01175,12.0837,125.0,0.01250,12.0837,-5.0,-0.00050,12.0850,-7.5,-0.00075,12.0813,-7.5,-0.00075,12.0825,-5.0,-0.00050,12.0825,-5.0,-0.00050,12.0825,-5.0,-0.00050,12.0837,-7.5,-0.00075,30.56
1,99533,1,0,24.92,4.9962,207.5,0.20750,12.0825,37.5,0.03750,12.0825,1190.0,0.03606,5.0812,697.5,0.06975,12.0850,117.5,0.01175,12.0825,115.0,0.01150,12.0850,125.0,0.01250,12.0850,-5.0,-0.00050,12.0862,-7.5,-0.00075,12.0825,-7.5,-0.00075,12.0837,-5.0,-0.00050,12.0837,-5.0,-0.00050,12.0837,-5.0,-0.00050,12.0850,-7.5,-0.00075,30.99
1,99869,1,0,25.20,4.9962,212.5,0.21250,12.0813,37.5,0.03750,12.0825,1187.5,0.03598,5.0812,697.5,0.06975,12.0837,122.5,0.01225,12.0813,120.0,0.01200,12.0837,132.5,0.01325,12.0837,-5.0,-0.00050,12.0850,-7.5,-0.00075,12.0813,-7.5,-0.00075,12.0825,-5.0,-0.00050,12.0825,-5.0,-0.00050,12.0825,-5.0,-0.00050,12.0837,-7.5,-0.00075,31.33
1,100204,1,0,25.48,4.9950,212.5,0.21250,12.0825,37.5,0.03750,12.0825,1185.0,0.03591,5.0812,697.5,0.06975,12.0837,122.5,0.01225,12.0825,122.5,0.01225,12.0837,135.0,0.01350,12.0837,-5.0,-0.00050,12.0850,-7.5,-0.00075,12.0813,-7.5,-0.00075,12.0825,-5.0,-0.00050,12.0825,-5.0,-0.00050,12.0825,-5.0,-0.00050,12.0837,-7.5,-0.00075,31.66
1,100539,1,0,25.76,4.9950,217.5,0.21750,12.0825,40.0,0.04000,12.0825,1190.0,0.03606,5.0812,697.5,0.06975,12.0837,130.0,0.01300,12.0825,127.5,0.01275,12.0837,140.0,0.01400,12.0837,-5.0,-0.00050,12.0850,-7.5,-0.00075,12.0813,-7.5,-0.00075,12.0825,-5.0,-0.00050,12.0825,-5.0,-0.00050,12.0837,-5.0,-0.00050,12.0837,-7.5,-0.00075,32.00
1,100962,1,0,26.11,4.9950,217.5,0.21750,12.0825,40.0,0.04000,12.0837,1190.0,0.03606,5.0812,697.5,0.06975,12.0850,127.5,0.01275,12.0825,125.0,0.01250,12.0850,140.0,0.01400,12.0850,-5.0,-0.00050,12.0862,-7.5,-0.00075,12.0825,-7.5,-0.00075,12.0837,-5.0,-0.00050,12.0837,-5.0,-0.00050,12.0837,-5.0,-0.00050,12.0850,-7.5,-0.00075,32.43
1,101319,1,0,26.41,4.9938,215.0,0.21500,12.0825,40.0,0.04000,12.0825,1187.5,0.03598,5.0812,697.5,0.06975,12.0837,127.5,0.01275,12.0825,125.0,0.01250,12.0850,135.0,0.01350,12.0837,-5.0,-0.00050,12.0850,-7.5,-0.00075,12.0825,-7.5,-0.00075,12.0825,-5.0,-0.00050,12.0825,-5.0,-0.00050,12.0837,-5.0,-0.00050,12.0850,-7.5,-0.00075,32.77
1,101655,1,0,26.69,4.9938,220.0,0.22000,12.0813,42.5,0.04250,12.0825,1187.5,0.03598,5.0812,697.5,0.06975,12.0837,132.5,0.01325,12.0825,130.0,0.01300,12.0837,142.5,0.01425,12.0837,-5.0,-0.00050,12.0850,-7.5,-0.00075,12.0813,-7.5,-0.00075,12.0825,-5.0,-0.00050,12.0825,-5.0,-0.00050,12.0825,-5.0,-0.00050,12.0837,-7.5,-0.00075,33.10
1,101990,1,0,26.97,4.9938,220.0,0.22000,12.0813,42.5,0.04250,12.0825,1187.5,0.03598,5.0812,697.5,0.06975,12.0837,135.0,0.01350,12.0813,130.0,0.01300,12.0850,145.0,0.01450,12.0837,-5.0,-0.00050,12.0850,-7.5,-0.00075,12.0813,-7.5,-0.00075,12.0825,-5.0,-0.00050,12.0825,-5.0,-0.00050,12.0825,-5.0,-0.00050,12.0837,-7.5,-0.00075,33.44
1,102421,1,0,27.33,4.9925,225.0,0.22500,12.0825,42.5,0.04250,12.0825,1187.5,0.03598,5.0812,697.5,0.06975,12.0850,140.0,0.01400,12.0825,135.0,0.01350,12.0850,152.5,0.01525,12.0850,-5.0,-0.00050,12.0850,-7.5,-0.00075,12.0825,-7.5,-0.00075,12.0837,-5.0,-0.00050,12.0837,-5.0,-0.00050,12.0837,-5.0,-0.00050,12.0850,-7.5,-0.00075,33.87
1,102757,1,0,27.61,4.9925,225.0,0.22500,12.0813,42.5,0.04250,12.0825,1187.5,0.03598,5.0812,697.5,0.06975,12.0837,140.0,0.01400,12.0813,137.5,0.01375,12.0837,152.5,0.01525,12.0837,-5.0,-0.00050,12.0850,-7.5,-0.00075,12.0813,-7.5,-0.00075,12.0825,-5.0,-0.00050,12.0825,-5.0,-0.00050,12.0825,-5.0,-0.00050,12.0837,-7.5,-0.00075,34.21
1,103092,1,0,27.89,4.9925,225.0,0.22500,12.0825,42.5,0.04250,12.0825,1187.5,0.03598,5.0812,697.5,0.06975,12.0837,140.0,0.01400,12.0825,135.0,0.01350,12.0837,150.0,0.01500,12.0837,-5.0,-0.00050,12.0850,-7.5,-0.00075,12.0813,-7.5,-0.00075,12.0825,-5.0,-0.00050,12.0825,-5.0,-0.00050,12.0837,-5.0,-0.00050,12.0837,-7.5,-0.00075,34.55
1,103448,1,0,28.18,4.9925,230.0,0.23000,12.0813,45.0,0.04500,12.0825,1187.5,0.03598,5.0812,697.5,0.06975,12.0837,142.5,0.01425,12.0813,140.0,0.01400,12.0837,157.5,0.01575,12.0837,-5.0,-0.00050,12.0850,-7.5,-0.00075,12.0813,-7.5,-0.00075,12.0825,-5.0,-0.00050,12.0825,-5.0,-0.00050,12.0825,-5.0,-0.00050,12.0837,-7.5,-0.00075,34.90
1,103885,1,0,28.55,4.9925,230.0,0.23000,12.0825,45.0,0.04500,12.0837,1190.0,0.03606,5.0812,697.5,0.06975,12.0850,142.5,0.01425,12.0825,140.0,0.01400,12.0850,155.0,0.01550,12.0850,-5.0,-0.00050,12.0862,-7.5,-0.00075,12.0825,-7.5,-0.00075,12.0837,-5.0,-0.00050,12.0837,-5.0,-0.00050,12.0837,-5.0,-0.00050,12.0850,-7.5,-0.00075,35.33
1,104221,1,0,28.83,4.9925,230.0,0.23000,12.0825,45.0,0.04500,12.0825,1187.5,0.03598,5.0812,697.5,0.06975,12.0837,142.5,0.01425,12.0813,137.5,0.01375,12.0837,157.5,0.01575,12.0837,-5.0,-0.00050,12.0850,-7.5,-0.00075,12.0813,-7.5,-0.00075,12.0825,-5.0,-0.00050,12.0825,-5.0,-0.00050,12.0837,-5.0,-0.00050,12.0837,-7.5,-0.00075,35.67
1,104556,1,0,29.11,4.9925,235.0,0.23500,12.0813,47.5,0.04750,12.0825,1190.0,0.03606,5.0812,697.5,0.06975,12.0837,150.0,0.01500,12.0813,147.5,0.01475,12.0837,165.0,0.01650,12.0837,-5.0,-0.00050,12.0850,-7.5,-0.00075,12.0813,-7.5,-0.00075,12.0825,-5.0,-0.00050,12.0825,-5.0,-0.00050,12.0825,-5.0,-0.00050,12.0837,-7.5,-0.00075,36.00
1,104891,1,0,29.39,4.9925,235.0,0.23500,12.0813,47.5,0.04750,12.0825,1187.5,0.03598,5.0812,697.5,0.06975,12.0837,150.0,0.01500,12.0813,145.0,0.01450,12.0837,165.0,0.01650,12.0837,-5.0,-0.00050,12.0850,-7.5,-0.00075,12.0813,-7.5,-0.00075,12.0825,-5.0,-0.00050,12.0825,-5.0,-0.00050,12.0825,-5.0,-0.00050,12.0837,-7.5,-0.00075,36.34
1,105332,1,0,29.75,4.9913,240.0,0.24000,12.0825,50.0,0.05000,12.0837,1190.0,0.03606,5.0812,700.0,0.07000,12.0850,155.0,0.01550,12.0825,152.5,0.01525,12.0850,170.0,0.01700,12.0850,-5.0,-0.00050,12.0862,-7.5,-0.00075,12.0825,-7.5,-0.00075,12.0837,-5.0,-0.00050,12.0837,-5.0,-0.00050,12.0837,-5.0,-0.00050,12.0850,-7.5,-0.00075,36.81
1,105689,1,0,30.05,4.9913,240.0,0.24000,12.0825,50.0,0.05000,12.0825,1187.5,0.03598,5.0812,697.5,0.06975,12.0837,155.0,0.01550,12.0813,150.0,0.01500,12.0837,170.0,0.01700,12.0837,-5.0,-0.00050,12.0850,-7.5,-0.00075,12.0813,-7.5,-0.00075,12.0825,-5.0,-0.00050,12.0825,-5.0,-0.00050,12.0825,-5.0,-0.00050,12.0837,-7.5,-0.00075,37.15
1,106025,1,0,30.33,4.9913,240.0,0.24000,12.0825,50.0,0.05000,12.0825,1190.0,0.03606,5.0812,697.5,0.06975,12.0837,155.0,0.01550,12.0813,150.0,0.01500,12.0850,170.0,0.01700,12.0837,-5.0,-0.00050,12.0850,-7.5,-0.00075,12.0813,-7.5,-0.00075,12.0825,-5.0,-0.00050,12.0825,-5.0,-0.00050,12.0837,-5.0,-0.00050,12.0837,-7.5,-0.00075,37.48
1,106360,1,0,30.61,4.9913,245.0,0.24500,12.0813,50.0,0.05000,12.0825,1187.5,0.03598,5.0812,697.5,0.06975,12.0837,162.5,0.01625,12.0813,157.5,0.01575,12.0837,177.5,0.01775,12.0837,-5.0,-0.00050,12.0850,-7.5,-0.00075,12.0813,-7.5,-0.00075,12.0825,-5.0,-0.00050,12.0825,-5.0,-0.00050,12.0825,-5.0,-0.00050,12.0837,-7.5,-0.00075,37.82
1,106786,1,0,30.97,4.9913,245.0,0.24500,12.0825,50.0,0.05000,12.0837,1187.5,0.03598,5.0812,700.0,0.07000,12.0850,160.0,0.01600,12.0825,157.5,0.01575,12.0850,177.5,0.01775,12.0850,-5.0,-0.00050,12.0850,-7.5,-0.00075,12.0825,-7.5,-0.00075,12.0837,-5.0,-0.00050,12.0837,-5.0,-0.00050,12.0837,-5.0,-0.00050,12.0850,-7.5,-0.00075,38.24
1,107122,1,0,31.25,4.9900,250.0,0.25000,12.0813,52.5,0.05250,12.0825,1190.0,0.03606,5.0812,697.5,0.06975,12.0837,167.5,0.01675,12.0813,162.5,0.01625,12.0837,187.5,0.01875,12.0837,-5.0,-0.00050,12.0850,-7.5,-0.00075,12.0813,-7.5,-0.00075,12.0825,-5.0,-0.00050,12.0825,-5.0,-0.00050,12.0825,-5.0,-0.00050,12.0837,-7.5,-0.00075,38.57
1,107457,1,0,31.52,4.9900,250.0,0.25000,12.0825,52.5,0.05250,12.0825,1190.0,0.03606,5.0812,697.5,0.06975,12.0837,167.5,0.01675,12.0825,162.5,0.01625,12.0837,187.5,0.01875,12.0837,-5.0,-0.00050,12.0850,-7.5,-0.00075,12.0813,-7.5,-0.00075,12.0825,-5.0,-0.00050,12.0825,-5.0,-0.00050,12.0837,-5.0,-0.00050,12.0837,-7.5,-0.00075,38.92
1,107813,1,0,31.82,4.9900,250.0,0.25000,12.0813,52.5,0.05250,12.0825,1190.0,0.03606,5.0812,697.5,0.06975,12.0837,165.0,0.01650,12.0813,162.5,0.01625,12.0837,187.5,0.01875,12.0837,-5.0,-0.00050,12.0850,-7.5,-0.00075,12.0813,-7.5,-0.00075,12.0825,-5.0,-0.00050,12.0825,-5.0,-0.00050,12.0837,-5.0,-0.00050,12.0837,-7.5,-0.00075,39.27
1,108248,1,0,32.18,4.9887,255.0,0.25500,12.0825,55.0,0.05500,12.0837,1190.0,0.03606,5.0812,697.5,0.06975,12.0850,172.5,0.01725,12.0825,170.0,0.01700,12.0850,192.5,0.01925,12.0850,-5.0,-0.00050,12.0862,-7.5,-0.00075,12.0825,-7.5,-0.00075,12.0837,-5.0,-0.00050,12.0837,-5.0,-0.00050,12.0837,-5.0,-0.00050,12.0850,-7.5,-0.00075,39.71
1,108583,1,0,32.46,4.9887,255.0,0.25500,12.0825,55.0,0.05500,12.0825,1190.0,0.03606,5.0812,700.0,0.07000,12.0837,172.5,0.01725,12.0813,167.5,0.01675,12.0837,192.5,0.01925,12.0837,-5.0,-0.00050,12.0850,-7.5,-0.00075,12.0813,-7.5,-0.00075,12.0825,-5.0,-0.00050,12.0825,-5.0,-0.00050,12.0837,-5.0,-0.00050,12.0837,-7.5,-0.00075,40.04
1,108918,1,0,32.74,4.9887,255.0,0.25500,12.0813,55.0,0.05500,12.0825,1190.0,0.03606,5.0812,700.0,0.07000,12.0837,172.5,0.01725,12.0825,165.0,0.01650,12.0837,195.0,0.01950,12.0837,-5.0,-0.00050,12.0850,-7.5,-0.00075,12.0813,-7.5,-0.00075,12.0825,-5.0,-0.00050,12.0825,-5.0,-0.00050,12.0825,-5.0,-0.00050,12.0837,-7.5,-0.00075,40.37
1,109253,1,0,33.02,4.9887,262.5,0.26250,12.0825,57.5,0.05750,12.0825,1190.0,0.03606,5.0812,700.0,0.07000,12.0837,180.0,0.01800,12.0825,172.5,0.01725,12.0837,202.5,0.02025,12.0837,-5.0,-0.00050,12.0850,-7.5,-0.00075,12.0813,-7.5,-0.00075,12.0825,-5.0,-0.00050,12.0825,-5.0,-0.00050,12.0837,-5.0,-0.00050,12.0850,-7.5,-0.00075,40.71
1,109807,1,0,33.48,4.9887,260.0,0.26000,12.0825,57.5,0.05750,12.0825,1192.5,0.03614,5.0812,700.0,0.07000,12.0850,180.0,0.01800,12.0825,172.5,0.01725,12.0850,202.5,0.02025,12.0850,-5.0,-0.00050,12.0850,-7.5,-0.00075,12.0813,-7.5,-0.00075,12.0837,-5.0,-0.00050,12.0825,-5.0,-0.00050,12.0837,-5.0,-0.00050,12.0850,-7.5,-0.00075,41.27
1,110143,1,0,33.76,4.9875,267.5,0.26750,12.0813,60.0,0.06000,12.0825,1190.0,0.03606,5.0812,700.0,0.07000,12.0837,187.5,0.01875,12.0825,182.5,0.01825,12.0837,212.5,0.02125,12.0837,-5.0,-0.00050,12.0850,-7.5,-0.00075,12.0813,-7.5,-0.00075,12.0825,-5.0,-0.00050,12.0825,-5.0,-0.00050,12.0837,-5.0,-0.00050,12.0837,-7.5,-0.00075,41.60
1,110478,1,0,34.04,4.9875,267.5,0.26750,12.0825,60.0,0.06000,12.0825,1190.0,0.03606,5.0812,700.0,0.07000,12.0837,185.0,0.01850,12.0825,177.5,0.01775,12.0837,212.5,0.02125,12.0837,-5.0,-0.00050,12.0850,-7.5,-0.00075,12.0813,-7.5,-0.00075,12.0825,-5.0,-0.00050,12.0825,-5.0,-0.00050,12.0837,-5.0,-0.00050,12.0837,-7.5,-0.00075,41.94
1,110813,1,0,34.32,4.9875,267.5,0.26750,12.0825,60.0,0.06000,12.0825,1187.5,0.03598,5.0812,700.0,0.07000,12.0837,185.0,0.01850,12.0825,177.5,0.01775,12.0850,212.5,0.02125,12.0837,-5.0,-0.00050,12.0850,-7.5,-0.00075,12.0813,-7.5,-0.00075,12.0825,-5.0,-0.00050,12.0837,-5.0,-0.00050,12.0837,-5.0,-0.00050,12.0850,-7.5,-0.00075,42.26
1,111192,1,0,34.64,4.9862,275.0,0.27500,12.0825,62.5,0.06250,12.0837,1192.5,0.03614,5.0812,700.0,0.07000,12.0850,195.0,0.01950,12.0825,187.5,0.01875,12.0850,220.0,0.02200,12.0850,-5.0,-0.00050,12.0862,-7.5,-0.00075,12.0825,-7.5,-0.00075,12.0837,-5.0,-0.00050,12.0837,-5.0,-0.00050,12.0837,-5.0,-0.00050,12.0850,-7.5,-0.00075,42.65
1,111528,1,0,34.92,4.9862,272.5,0.27250,12.0825,62.5,0.06250,12.0825,1187.5,0.03598,5.0812,700.0,0.07000,12.0837,195.0,0.01950,12.0825,187.5,0.01875,12.0850,217.5,0.02175,12.0850,-5.0,-0.00050,12.0850,-7.5,-0.00075,12.0825,-7.5,-0.00075,12.0825,-5.0,-0.00050,12.0837,-5.0,-0.00050,12.0837,-5.0,-0.00050,12.0850,-7.5,-0.00075,43.00
1,111874,1,0,35.21,4.9850,280.0,0.28000,12.0825,65.0,0.06500,12.0825,1187.5,0.03598,5.0812,700.0,0.07000,12.0837,200.0,0.02000,12.0813,195.0,0.01950,12.0837,227.5,0.02275,12.0837,-5.0,-0.00050,12.0850,-7.5,-0.00075,12.0813,-7.5,-0.00075,12.0825,-5.0,-0.00050,12.0825,-5.0,-0.00050,12.0837,-5.0,-0.00050,12.0837,-7.5,-0.00075,43.33
1,112210,1,0,35.49,4.9850,280.0,0.28000,12.0825,65.0,0.06500,12.0825,1190.0,0.03606,5.0812,700.0,0.07000,12.0837,202.5,0.02025,12.0825,195.0,0.01950,12.0837,230.0,0.02300,12.0837,-5.0,-0.00050,12.0850,-7.5,-0.00075,12.0813,-7.5,-0.00075,12.0825,-5.0,-0.00050,12.0825,-5.0,-0.00050,12.0825,-5.0,-0.00050,12.0837,-7.5,-0.00075,43.66
1,112590,1,0,35.80,4.9850,280.0,0.28000,12.0825,65.0,0.06500,12.0837,1192.5,0.03614,5.0812,700.0,0.07000,12.0850,200.0,0.02000,12.0825,192.5,0.01925,12.0850,230.0,0.02300,12.0850,-5.0,-0.00050,12.0862,-7.5,-0.00075,12.0825,-7.5,-0.00075,12.0837,-5.0,-0.00050,12.0837,-5.0,-0.00050,12.0837,-5.0,-0.00050,12.0850,-7.5,-0.00075,44.04
1,112926,1,0,36.08,4.9850,285.0,0.28500,12.0813,67.5,0.06750,12.0825,1190.0,0.03606,5.0812,700.0,0.07000,12.0837,207.5,0.02075,12.0813,200.0,0.02000,12.0837,235.0,0.02350,12.0837,-5.0,-0.00050,12.0850,-7.5,-0.00075,12.0813,-7.5,-0.00075,12.0825,-5.0,-0.00050,12.0825,-5.0,-0.00050,12.0825,-5.0,-0.00050,12.0837,-7.5,-0.00075,44.38
1,113261,1,0,36.36,4.9850,287.5,0.28750,12.0813,67.5,0.06750,12.0825,1190.0,0.03606,5.0812,700.0,0.07000,12.0837,210.0,0.02100,12.0813,200.0,0.02000,12.0837,240.0,0.02400,12.0837,-5.0,-0.00050,12.0850,-7.5,-0.00075,12.0813,-7.5,-0.00075,12.0825,-5.0,-0.00050,12.0825,-5.0,-0.00050,12.0825,-5.0,-0.00050,12.0837,-7.5,-0.00075,44.71
1,113596,1,0,36.64,4.9850,285.0,0.28500,12.0825,67.5,0.06750,12.0825,1190.0,0.03606,5.0812,700.0,0.07000,12.0837,207.5,0.02075,12.0813,200.0,0.02000,12.0837,240.0,0.02400,12.0837,-5.0,-0.00050,12.0850,-7.5,-0.00075,12.0813,-7.5,-0.00075,12.0825,-5.0,-0.00050,12.0825,-5.0,-0.00050,12.0837,-5.0,-0.00050,12.0837,-7.5,-0.00075,45.05
1,113995,1,0,36.97,4.9850,290.0,0.29000,12.0825,70.0,0.07000,12.0837,1190.0,0.03606,5.0812,700.0,0.07000,12.0850,217.5,0.02175,12.0825,205.0,0.02050,12.0850,245.0,0.02450,12.0850,-5.0,-0.00050,12.0850,-7.5,-0.00075,12.0825,-7.5,-0.00075,12.0825,-5.0,-0.00050,12.0837,-5.0,-0.00050,12.0837,-5.0,-0.00050,12.0850,-7.5,-0.00075,45.45
1,114331,1,0,37.25,4.9837,292.5,0.29250,12.0825,70.0,0.07000,12.0825,1192.5,0.03614,5.0812,700.0,0.07000,12.0837,215.0,0.02150,12.0813,207.5,0.02075,12.0837,247.5,0.02475,12.0837,-5.0,-0.00050,12.0850,-7.5,-0.00075,12.0813,-7.5,-0.00075,12.0825,-5.0,-0.00050,12.0825,-5.0,-0.00050,12.0825,-5.0,-0.00050,12.0837,-7.5,-0.00075,45.78
1,114666,1,0,37.53,4.9837,297.5,0.29750,12.0813,72.5,0.07250,12.0825,1192.5,0.03614,5.0812,700.0,0.07000,12.0837,225.0,0.02250,12.0813,215.0,0.02150,12.0837,257.5,0.02575,12.0837,-5.0,-0.00050,12.0850,-7.5,-0.00075,12.0813,-7.5,-0.00075,12.0825,-5.0,-0.00050,12.0825,-5.0,-0.00050,12.0825,-5.0,-0.00050,12.0837,-7.5,-0.00075,46.11
1,115001,1,0,37.81,4.9825,300.0,0.30000,12.0825,72.5,0.07250,12.0825,1192.5,0.03614,5.0812,700.0,0.07000,12.0837,222.5,0.02225,12.0825,212.5,0.02125,12.0850,255.0,0.02550,12.0837,-5.0,-0.00050,12.0850,-7.5,-0.00075,12.0825,-7.5,-0.00075,12.0837,-5.0,-0.00050,12.0837,-5.0,-0.00050,12.0837,-5.0,-0.00050,12.0850,-7.5,-0.00075,46.45
1,115393,1,0,38.14,4.9837,300.0,0.30000,12.0825,72.5,0.07250,12.0837,1192.5,0.03614,5.0812,700.0,0.07000,12.0850,222.5,0.02225,12.0825,215.0,0.02150,12.0850,255.0,0.02550,12.0850,-5.0,-0.00050,12.0862,-7.5,-0.00075,12.0825,-7.5,-0.00075,12.0837,-5.0,-0.00050,12.0837,-5.0,-0.00050,12.0837,-5.0,-0.00050,12.0850,-7.5,-0.00075,46.85
1,115729,1,0,38.42,4.9825,307.5,0.30750,12.0825,75.0,0.07500,12.0825,1190.0,0.03606,5.0812,700.0,0.07000,12.0837,230.0,0.02300,12.0813,222.5,0.02225,12.0837,267.5,0.02675,12.0837,-5.0,-0.00050,12.0850,-7.5,-0.00075,12.0813,-7.5,-0.00075,12.0825,-5.0,-0.00050,12.0825,-5.0,-0.00050,12.0825,-5.0,-0.00050,12.0837,-7.5,-0.00075,47.20
1,116085,1,0,38.71,4.9825,307.5,0.30750,12.0813,75.0,0.07500,12.0825,1190.0,0.03606,5.0812,700.0,0.07000,12.0837,230.0,0.02300,12.0813,220.0,0.02200,12.0837,267.5,0.02675,12.0837,-5.0,-0.00050,12.0850,-7.5,-0.00075,12.0813,-7.5,-0.00075,12.0825,-5.0,-0.00050,12.0825,-5.0,-0.00050,12.0825,-5.0,-0.00050,12.0837,-7.5,-0.00075,47.55
1,116421,1,0,38.99,4.9812,307.5,0.30750,12.0813,75.0,0.07500,12.0825,1190.0,0.03606,5.0812,700.0,0.07000,12.0837,230.0,0.02300,12.0813,217.5,0.02175,12.0837,267.5,0.02675,12.0837,-5.0,-0.00050,12.0850,-7.5,-0.00075,12.0813,-7.5,-0.00075,12.0825,-5.0,-0.00050,12.0825,-5.0,-0.00050,12.0825,-5.0,-0.00050,12.0837,-7.5,-0.00075,47.88
1,116817,1,0,39.32,4.9800,312.5,0.31250,12.0825,77.5,0.07750,12.0825,1190.0,0.03606,5.0812,700.0,0.07000,12.0850,237.5,0.02375,12.0825,227.5,0.02275,12.0850,275.0,0.02750,12.0850,-5.0,-0.00050,12.0850,-7.5,-0.00075,12.0825,-7.5,-0.00075,12.0837,-5.0,-0.00050,12.0837,-5.0,-0.00050,12.0837,-5.0,-0.00050,12.0850,-7.5,-0.00075,48.28
1,117152,1,0,39.60,4.9800,315.0,0.31500,12.0825,77.5,0.07750,12.0825,1192.5,0.03614,5.0812,700.0,0.07000,12.0837,240.0,0.02400,12.0813,227.5,0.02275,12.0837,280.0,0.02800,12.0837,-5.0,-0.00050,12.0850,-7.5,-0.00075,12.0813,-7.5,-0.00075,12.0825,-5.0,-0.00050,12.0825,-5.0,-0.00050,12.0837,-5.0,-0.00050,12.0837,-7.5,-0.00075,48.61
1,117487,1,0,39.88,4.9800,320.0,0.32000,12.0813,80.0,0.08000,12.0825,1192.5,0.03614,5.0812,700.0,0.07000,12.0837,247.5,0.02475,12.0813,237.5,0.02375,12.0837,285.0,0.02850,12.0837,-5.0,-0.00050,12.0850,-7.5,-0.00075,12.0813,-7.5,-0.00075,12.0825,-5.0,-0.00050,12.0825,-5.0,-0.00050,12.0825,-5.0,-0.00050,12.0837,-7.5,-0.00075,48.95
1,117822,1,0,40.16,4.9800,320.0,0.32000,12.0825,80.0,0.08000,12.0825,1192.5,0.03614,5.0812,700.0,0.07000,12.0837,250.0,0.02500,12.0813,237.5,0.02375,12.0837,287.5,0.02875,12.0837,-5.0,-0.00050,12.0850,-7.5,-0.00075,12.0813,-7.5,-0.00075,12.0825,-5.0,-0.00050,12.0837,-5.0,-0.00050,12.0837,-5.0,-0.00050,12.0837,-7.5,-0.00075,49.27
1,118230,1,0,40.50,4.9812,317.5,0.31750,12.0825,80.0,0.08000,12.0837,1192.5,0.03614,5.0812,700.0,0.07000,12.0837,245.0,0.02450,12.0825,232.5,0.02325,12.0850,287.5,0.02875,12.0850,-5.0,-0.00050,12.0850,-7.5,-0.00075,12.0825,-7.5,-0.00075,12.0825,-5.0,-0.00050,12.0837,-5.0,-0.00050,12.0837,-5.0,-0.00050,12.0850,-7.5,-0.00075,49.69
1,118566,1,0,40.78,4.9800,327.5,0.32750,12.0813,82.5,0.08250,12.0825,1190.0,0.03606,5.0812,700.0,0.07000,12.0837,255.0,0.02550,12.0813,240.0,0.02400,12.0837,297.5,0.02975,12.0837,-5.0,-0.00050,12.0850,-7.5,-0.00075,12.0813,-7.5,-0.00075,12.0825,-5.0,-0.00050,12.0825,-5.0,-0.00050,12.0825,-5.0,-0.00050,12.0837,-7.5,-0.00075,50.03
1,118901,1,0,41.06,4.9800,327.5,0.32750,12.0825,82.5,0.08250,12.0825,1192.5,0.03614,5.0812,700.0,0.07000,12.0837,255.0,0.02550,12.0813,242.5,0.02425,12.0837,297.5,0.02975,12.0837,-5.0,-0.00050,12.0850,-7.5,-0.00075,12.0813,-7.5,-0.00075,12.0825,-5.0,-0.00050,12.0825,-5.0,-0.00050,12.0837,-5.0,-0.00050,12.0837,-7.5,-0.00075,50.36
1,119236,1,0,41.34,4.9800,325.0,0.32500,12.0813,82.5,0.08250,12.0825,1190.0,0.03606,5.0812,700.0,0.07000,12.0837,255.0,0.02550,12.0813,245.0,0.02450,12.0837,300.0,0.03000,12.0837,-5.0,-0.00050,12.0850,-7.5,-0.00075,12.0813,-7.5,-0.00075,12.0825,-5.0,-0.00050,12.0825,-5.0,-0.00050,12.0825,-5.0,-0.00050,12.0837,-7.5,-0.00075,50.69
1,119639,1,0,41.68,4.9800,335.0,0.33500,12.0825,87.5,0.08750,12.0837,1192.5,0.03614,5.0812,700.0,0.07000,12.0850,265.0,0.02650,12.0825,250.0,0.02500,12.0850,307.5,0.03075,12.0850,-5.0,-0.00050,12.0862,-7.5,-0.00075,12.0825,-7.5,-0.00075,12.0837,-5.0,-0.00050,12.0837,-5.0,-0.00050,12.0837,-5.0,-0.00050,12.0850,-7.5,-0.00075,51.10
1,119975,1,0,41.96,4.9787,335.0,0.33500,12.0825,85.0,0.08500,12.0825,1195.0,0.03621,5.0812,700.0,0.07000,12.0837,265.0,0.02650,12.0813,255.0,0.02550,12.0837,307.5,0.03075,12.0837,-5.0,-0.00050,12.0850,-7.5,-0.00075,12.0813,-7.5,-0.00075,12.0825,-5.0,-0.00050,12.0825,-5.0,-0.00050,12.0837,-5.0,-0.00050,12.0837,-7.5,-0.00075,51.45
1,120331,1,0,42.25,4.9775,342.5,0.34250,12.0813,90.0,0.09000,12.0825,1192.5,0.03614,5.0812,700.0,0.07000,12.0837,275.0,0.02750,12.0813,260.0,0.02600,12.0837,317.5,0.03175,12.0837,-5.0,-0.00050,12.0850,-7.5,-0.00075,12.0813,-7.5,-0.00075,12.0825,-5.0,-0.00050,12.0825,-5.0,-0.00050,12.0825,-5.0,-0.00050,12.0837,-7.5,-0.00075,51.79
1,120667,1,0,42.53,4.9775,342.5,0.34250,12.0825,90.0,0.09000,12.0825,1190.0,0.03606,5.0812,700.0,0.07000,12.0837,275.0,0.02750,12.0813,260.0,0.02600,12.0837,322.5,0.03225,12.0837,-5.0,-0.00050,12.0850,-7.5,-0.00075,12.0813,-7.5,-0.00075,12.0825,-5.0,-0.00050,12.0825,-5.0,-0.00050,12.0825,-5.0,-0.00050,12.0837,-7.5,-0.00075,52.12
1,121084,1,0,42.88,4.9775,342.5,0.34250,12.0825,90.0,0.09000,12.0837,1192.5,0.03614,5.0812,700.0,0.07000,12.0850,272.5,0.02725,12.0825,260.0,0.02600,12.0850,317.5,0.03175,12.0850,-5.0,-0.00050,12.0862,-7.5,-0.00075,12.0825,-7.5,-0.00075,12.0837,-5.0,-0.00050,12.0837,-5.0,-0.00050,12.0837,-5.0,-0.00050,12.0850,-7.5,-0.00075,52.54
1,121420,1,0,43.16,4.9762,350.0,0.35000,12.0813,92.5,0.09250,12.0825,1192.5,0.03614,5.0812,700.0,0.07000,12.0837,277.5,0.02775,12.0813,270.0,0.02700,12.0837,332.5,0.03325,12.0837,-5.0,-0.00050,12.0850,-7.5,-0.00075,12.0813,-7.5,-0.00075,12.0825,-5.0,-0.00050,12.0825,-5.0,-0.00050,12.0825,-5.0,-0.00050,12.0837,-7.5,-0.00075,52.87
1,121755,1,0,43.44,4.9762,350.0,0.35000,12.0813,92.5,0.09250,12.0825,1192.5,0.03614,5.0812,700.0,0.07000,12.0837,280.0,0.02800,12.0813,267.5,0.02675,12.0837,332.5,0.03325,12.0837,-5.0,-0.00050,12.0850,-7.5,-0.00075,12.0813,-7.5,-0.00075,12.0825,-5.0,-0.00050,12.0825,-5.0,-0.00050,12.0825,-5.0,-0.00050,12.0837,-7.5,-0.00075,53.21
1,122090,1,0,43.72,4.9762,350.0,0.35000,12.0813,92.5,0.09250,12.0825,1195.0,0.03621,5.0812,700.0,0.07000,12.0837,282.5,0.02825,12.0813,267.5,0.02675,12.0837,332.5,0.03325,12.0837,-5.0,-0.00050,12.0850,-7.5,-0.00075,12.0813,-7.5,-0.00075,12.0825,-5.0,-0.00050,12.0825,-5.0,-0.00050,12.0825,-5.0,-0.00050,12.0837,-7.5,-0.00075,53.54
1,122530,1,0,44.09,4.9762,357.5,0.35750,12.0825,95.0,0.09500,12.0825,1190.0,0.03606,5.0812,700.0,0.07000,12.0837,292.5,0.02925,12.0825,275.0,0.02750,12.0837,342.5,0.03425,12.0837,-5.0,-0.00050,12.0850,-7.5,-0.00075,12.0813,-7.5,-0.00075,12.0825,-5.0,-0.00050,12.0825,-5.0,-0.00050,12.0837,-5.0,-0.00050,12.0850,-7.5,-0.00075,53.98
1,122866,1,0,44.37,4.9750,360.0,0.36000,12.0825,95.0,0.09500,12.0825,1192.5,0.03614,5.0812,700.0,0.07000,12.0837,290.0,0.02900,12.0813,275.0,0.02750,12.0837,342.5,0.03425,12.0837,-5.0,-0.00050,12.0850,-7.5,-0.00075,12.0813,-7.5,-0.00075,12.0825,-5.0,-0.00050,12.0825,-5.0,-0.00050,12.0825,-5.0,-0.00050,12.0837,-7.5,-0.00075,54.31
1,123201,1,0,44.64,4.9738,367.5,0.36750,12.0813,100.0,0.10000,12.0825,1192.5,0.03614,5.0812,700.0,0.07000,12.0837,300.0,0.03000,12.0813,282.5,0.02825,12.0837,350.0,0.03500,12.0837,-5.0,-0.00050,12.0850,-7.5,-0.00075,12.0813,-7.5,-0.00075,12.0825,-5.0,-0.00050,12.0825,-5.0,-0.00050,12.0825,-5.0,-0.00050,12.0837,-7.5,-0.00075,54.65
1,123536,1,0,44.92,4.9750,367.5,0.36750,12.0825,100.0,0.10000,12.0825,1192.5,0.03614,5.0812,700.0,0.07000,12.0837,297.5,0.02975,12.0813,285.0,0.02850,12.0837,357.5,0.03575,12.0837,-5.0,-0.00050,12.0850,-7.5,-0.00075,12.0813,-7.5,-0.00075,12.0825,-5.0,-0.00050,12.0825,-5.0,-0.00050,12.0837,-5.0,-0.00050,12.0837,-7.5,-0.00075,54.99
1,123974,1,0,45.29,4.9750,367.5,0.36750,12.0825,97.5,0.09750,12.0837,1195.0,0.03621,5.0812,700.0,0.07000,12.0850,302.5,0.03025,12.0825,285.0,0.02850,12.0850,352.5,0.03525,12.0850,-5.0,-0.00050,12.0862,-7.5,-0.00075,12.0825,-7.5,-0.00075,12.0837,-5.0,-0.00050,12.0837,-5.0,-0.00050,12.0837,-5.0,-0.00050,12.0850,-7.5,-0.00075,55.42
1,124310,1,0,45.57,4.9738,375.0,0.37500,12.0825,102.5,0.10250,12.0825,1190.0,0.03606,5.0812,702.5,0.07025,12.0837,305.0,0.03050,12.0813,295.0,0.02950,12.0837,365.0,0.03650,12.0837,-5.0,-0.00050,12.0850,-7.5,-0.00075,12.0813,-7.5,-0.00075,12.0825,-5.0,-0.00050,12.0825,-5.0,-0.00050,12.0825,-5.0,-0.00050,12.0837,-7.5,-0.00075,55.77
1,124666,1,0,45.87,4.9738,375.0,0.37500,12.0825,102.5,0.10250,12.0825,1192.5,0.03614,5.0812,702.5,0.07025,12.0837,307.5,0.03075,12.0813,290.0,0.02900,12.0837,367.5,0.03675,12.0837,-5.0,-0.00050,12.0850,-7.5,-0.00075,12.0813,-7.5,-0.00075,12.0825,-5.0,-0.00050,12.0825,-5.0,-0.00050,12.0837,-5.0,-0.00050,12.0837,-7.5,-0.00075,56.12
1,125002,1,0,46.15,4.9725,382.5,0.38250,12.0825,105.0,0.10500,12.0825,1192.5,0.03614,5.0812,702.5,0.07025,12.0837,320.0,0.03200,12.0825,300.0,0.03000,12.0837,380.0,0.03800,12.0837,-5.0,-0.00050,12.0850,-7.5,-0.00075,12.0813,-7.5,-0.00075,12.0825,-5.0,-0.00050,12.0837,-5.0,-0.00050,12.0837,-5.0,-0.00050,12.0837,-7.5,-0.00075,56.45
1,125423,1,0,46.50,4.9725,382.5,0.38250,12.0825,105.0,0.10500,12.0837,1190.0,0.03606,5.0812,700.0,0.07000,12.0850,322.5,0.03225,12.0825,300.0,0.03000,12.0850,380.0,0.03800,12.0850,-5.0,-0.00050,12.0862,-7.5,-0.00075,12.0825,-7.5,-0.00075,12.0837,-5.0,-0.00050,12.0837,-5.0,-0.00050,12.0837,-5.0,-0.00050,12.0850,-7.5,-0.00075,56.88
1,125759,1,0,46.78,4.9725,382.5,0.38250,12.0825,105.0,0.10500,12.0825,1195.0,0.03621,5.0812,702.5,0.07025,12.0837,317.5,0.03175,12.0813,302.5,0.03025,12.0837,380.0,0.03800,12.0837,-5.0,-0.00050,12.0850,-7.5,-0.00075,12.0813,-7.5,-0.00075,12.0825,-5.0,-0.00050,12.0825,-5.0,-0.00050,12.0837,-5.0,-0.00050,12.0837,-7.5,-0.00075,57.21
1,126094,1,0,47.06,4.9713,392.5,0.39250,12.0813,107.5,0.10750,12.0825,1192.5,0.03614,5.0812,702.5,0.07025,12.0837,330.0,0.03300,12.0813,312.5,0.03125,12.0837,392.5,0.03925,12.0837,-5.0,-0.00050,12.0850,-7.5,-0.00075,12.0813,-7.5,-0.00075,12.0825,-5.0,-0.00050,12.0825,-5.0,-0.00050,12.0825,-5.0,-0.00050,12.0837,-7.5,-0.00075,57.55
1,126429,1,0,47.33,4.9713,392.5,0.39250,12.0825,107.5,0.10750,12.0825,1195.0,0.03621,5.0812,700.0,0.07000,12.0837,330.0,0.03300,12.0813,317.5,0.03175,12.0837,392.5,0.03925,12.0837,-5.0,-0.00050,12.0850,-7.5,-0.00075,12.0813,-7.5,-0.00075,12.0825,-5.0,-0.00050,12.0825,-5.0,-0.00050,12.0837,-5.0,-0.00050,12.0850,-7.5,-0.00075,57.89
1,126861,1,0,47.69,4.9700,397.5,0.39750,12.0825,112.5,0.11250,12.0825,1192.5,0.03614,5.0812,702.5,0.07025,12.0837,337.5,0.03375,12.0813,322.5,0.03225,12.0837,402.5,0.04025,12.0837,-5.0,-0.00050,12.0850,-7.5,-0.00075,12.0813,-7.5,-0.00075,12.0825,-5.0,-0.00050,12.0837,-5.0,-0.00050,12.0837,-5.0,-0.00050,12.0850,-7.5,-0.00075,58.32
1,127197,1,0,47.97,4.9700,400.0,0.40000,12.0825,112.5,0.11250,12.0825,1192.5,0.03614,5.0812,702.5,0.07025,12.0837,337.5,0.03375,12.0813,322.5,0.03225,12.0837,405.0,0.04050,12.0837,-5.0,-0.00050,12.0850,-7.5,-0.00075,12.0813,-7.5,-0.00075,12.0825,-5.0,-0.00050,12.0825,-5.0,-0.00050,12.0837,-5.0,-0.00050,12.0837,-7.5,-0.00075,58.66
1,127532,1,0,48.25,4.9700,400.0,0.40000,12.0813,110.0,0.11000,12.0825,1192.5,0.03614,5.0812,702.5,0.07025,12.0837,335.0,0.03350,12.0813,317.5,0.03175,12.0837,402.5,0.04025,12.0837,-5.0,-0.00050,12.0850,-7.5,-0.00075,12.0813,-7.5,-0.00075,12.0825,-5.0,-0.00050,12.0825,-5.0,-0.00050,12.0825,-5.0,-0.00050,12.0837,-7.5,-0.00075,58.98
1,127867,1,0,48.53,4.9687,410.0,0.41000,12.0813,115.0,0.11500,12.0825,1195.0,0.03621,5.0812,702.5,0.07025,12.0837,347.5,0.03475,12.0813,330.0,0.03300,12.0837,417.5,0.04175,12.0837,-5.0,-0.00050,12.0850,-7.5,-0.00075,12.0813,-7.5,-0.00075,12.0825,-5.0,-0.00050,12.0825,-5.0,-0.00050,12.0825,-5.0,-0.00050,12.0837,-7.5,-0.00075,59.32
1,128327,1,0,48.92,4.9687,410.0,0.41000,12.0825,115.0,0.11500,12.0837,1195.0,0.03621,5.0812,702.5,0.07025,12.0837,350.0,0.03500,12.0813,330.0,0.03300,12.0837,420.0,0.04200,12.0850,-5.0,-0.00050,12.0850,-7.5,-0.00075,12.0825,-7.5,-0.00075,12.0837,-5.0,-0.00050,12.0837,-5.0,-0.00050,12.0837,-5.0,-0.00050,12.0850,-7.5,-0.00075,59.79
1,128663,1,0,49.20,4.9687,410.0,0.41000,12.0813,115.0,0.11500,12.0825,1195.0,0.03621,5.0812,702.5,0.07025,12.0837,345.0,0.03450,12.0813,327.5,0.03275,12.0837,422.5,0.04225,12.0837,-5.0,-0.00050,12.0850,-7.5,-0.00075,12.0813,-7.5,-0.00075,12.0825,-5.0,-0.00050,12.0825,-5.0,-0.00050,12.0825,-5.0,-0.00050,12.0837,-7.5,-0.00075,60.14
1,129019,1,0,49.49,4.9687,417.5,0.41750,12.0825,117.5,0.11750,12.0825,1195.0,0.03621,5.0812,702.5,0.07025,12.0837,357.5,0.03575,12.0813,335.0,0.03350,12.0837,430.0,0.04300,12.0837,-5.0,-0.00050,12.0850,-7.5,-0.00075,12.0813,-7.5,-0.00075,12.0825,-5.0,-0.00050,12.0825,-5.0,-0.00050,12.0837,-5.0,-0.00050,12.0837,-7.5,-0.00075,60.48
1,129355,1,0,49.77,4.9687,417.5,0.41750,12.0825,117.5,0.11750,12.0825,1197.5,0.03629,5.0812,702.5,0.07025,12.0837,357.5,0.03575,12.0813,335.0,0.03350,12.0837,435.0,0.04350,12.0837,-5.0,-0.00050,12.0850,-7.5,-0.00075,12.0813,-7.5,-0.00075,12.0825,-5.0,-0.00050,12.0825,-5.0,-0.00050,12.0837,-5.0,-0.00050,12.0837,-7.5,-0.00075,60.81
1,129766,1,0,50.12,4.9662,432.5,0.43250,12.0825,125.0,0.12500,12.0837,1195.0,0.03621,5.0812,702.5,0.07025,12.0837,375.0,0.03750,12.0825,355.0,0.03550,12.0850,450.0,0.04500,12.0850,-5.0,-0.00050,12.0850,-7.5,-0.00075,12.0825,-7.5,-0.00075,12.0837,-5.0,-0.00050,12.0837,-5.0,-0.00050,12.0837,-5.0,-0.00050,12.0850,-7.5,-0.00075,61.22
1,130102,1,0,50.40,4.9662,432.5,0.43250,12.0813,125.0,0.12500,12.0825,1195.0,0.03621,5.0812,702.5,0.07025,12.0837,377.5,0.03775,12.0813,355.0,0.03550,12.0837,452.5,0.04525,12.0837,-5.0,-0.00050,12.0850,-7.5,-0.00075,12.0813,-7.5,-0.00075,12.0825,-5.0,-0.00050,12.0825,-5.0,-0.00050,12.0825,-5.0,-0.00050,12.0837,-7.5,-0.00075,61.56
1,130437,1,0,50.67,4.9662,432.5,0.43250,12.0825,125.0,0.12500,12.0825,1195.0,0.03621,5.0812,702.5,0.07025,12.0837,375.0,0.03750,12.0813,352.5,0.03525,12.0837,457.5,0.04575,12.0837,-5.0,-0.00050,12.0850,-7.5,-0.00075,12.0813,-7.5,-0.00075,12.0825,-5.0,-0.00050,12.0825,-5.0,-0.00050,12.0825,-5.0,-0.00050,12.0837,-7.5,-0.00075,61.90
1,130772,1,0,50.95,4.9650,442.5,0.44250,12.0825,127.5,0.12750,12.0825,1197.5,0.03629,5.0812,702.5,0.07025,12.0837,387.5,0.03875,12.0813,365.0,0.03650,12.0837,465.0,0.04650,12.0837,-5.0,-0.00050,12.0850,-7.5,-0.00075,12.0813,-7.5,-0.00075,12.0825,-5.0,-0.00050,12.0825,-5.0,-0.00050,12.0825,-5.0,-0.00050,12.0837,-7.5,-0.00075,62.23
1,131200,1,0,51.31,4.9650,442.5,0.44250,12.0825,127.5,0.12750,12.0837,1197.5,0.03629,5.0812,702.5,0.07025,12.0850,387.5,0.03875,12.0825,362.5,0.03625,12.0850,467.5,0.04675,12.0850,-5.0,-0.00050,12.0862,-7.5,-0.00075,12.0825,-7.5,-0.00075,12.0837,-5.0,-0.00050,12.0837,-5.0,-0.00050,12.0837,-5.0,-0.00050,12.0850,-7.5,-0.00075,62.66
1,131536,1,0,51.59,4.9637,452.5,0.45250,12.0825,132.5,0.13250,12.0825,1195.0,0.03621,5.0812,702.5,0.07025,12.0837,395.0,0.03950,12.0813,375.0,0.03750,12.0837,480.0,0.04800,12.0837,-5.0,-0.00050,12.0850,-7.5,-0.00075,12.0813,-7.5,-0.00075,12.0825,-5.0,-0.00050,12.0825,-5.0,-0.00050,12.0825,-5.0,-0.00050,12.0837,-7.5,-0.00075,62.98
1,131871,1,0,51.87,4.9637,452.5,0.45250,12.0825,132.5,0.13250,12.0837,1197.5,0.03629,5.0812,702.5,0.07025,12.0837,397.5,0.03975,12.0813,375.0,0.03750,12.0837,480.0,0.04800,12.0837,-5.0,-0.00050,12.0850,-7.5,-0.00075,12.0813,-7.5,-0.00075,12.0825,-5.0,-0.00050,12.0825,-5.0,-0.00050,12.0837,-5.0,-0.00050,12.0837,-7.5,-0.00075,63.32
1,132206,1,0,52.15,4.9637,452.5,0.45250,12.0825,132.5,0.13250,12.0825,1192.5,0.03614,5.0812,702.5,0.07025,12.0837,395.0,0.03950,12.0813,372.5,0.03725,12.0837,485.0,0.04850,12.0837,-5.0,-0.00050,12.0850,-7.5,-0.00075,12.0813,-7.5,-0.00075,12.0825,-5.0,-0.00050,12.0837,-5.0,-0.00050,12.0837,-5.0,-0.00050,12.0850,-7.5,-0.00075,63.66
1,132704,1,0,52.56,4.9637,460.0,0.46000,12.0825,135.0,0.13500,12.0837,1195.0,0.03621,5.0812,702.5,0.07025,12.0850,410.0,0.04100,12.0825,380.0,0.03800,12.0850,497.5,0.04975,12.0850,-5.0,-0.00050,12.0862,-7.5,-0.00075,12.0825,-7.5,-0.00075,12.0837,-5.0,-0.00050,12.0837,-5.0,-0.00050,12.0837,-5.0,-0.00050,12.0850,-7.5,-0.00075,64.15
1,133039,1,0,52.84,4.9637,460.0,0.46000,12.0825,135.0,0.13500,12.0837,1195.0,0.03621,5.0812,702.5,0.07025,12.0837,405.0,0.04050,12.0825,382.5,0.03825,12.0850,492.5,0.04925,12.0850,-5.0,-0.00050,12.0850,-7.5,-0.00075,12.0825,-7.5,-0.00075,12.0837,-5.0,-0.00050,12.0837,-5.0,-0.00050,12.0837,-5.0,-0.00050,12.0850,-7.5,-0.00075,64.50
1,133395,1,0,53.14,4.9612,470.0,0.47000,12.0825,137.5,0.13750,12.0825,1197.5,0.03629,5.0812,702.5,0.07025,12.0837,422.5,0.04225,12.0813,397.5,0.03975,12.0837,507.5,0.05075,12.0837,-5.0,-0.00050,12.0850,-7.5,-0.00075,12.0825,-7.5,-0.00075,12.0825,-5.0,-0.00050,12.0825,-5.0,-0.00050,12.0837,-5.0,-0.00050,12.0850,-7.5,-0.00075,64.85
1,133731,1,0,53.42,4.9625,470.0,0.47000,12.0825,140.0,0.14000,12.0825,1195.0,0.03621,5.0812,702.5,0.07025,12.0837,417.5,0.04175,12.0813,392.5,0.03925,12.0837,512.5,0.05125,12.0837,-5.0,-0.00050,12.0850,-7.5,-0.00075,12.0813,-7.5,-0.00075,12.0825,-5.0,-0.00050,12.0825,-5.0,-0.00050,12.0837,-5.0,-0.00050,12.0850,-7.5,-0.00075,65.18
1,134115,1,0,53.74,4.9612,470.0,0.47000,12.0837,137.5,0.13750,12.0837,1200.0,0.03636,5.0812,702.5,0.07025,12.0850,417.5,0.04175,12.0825,392.5,0.03925,12.0850,507.5,0.05075,12.0850,-5.0,-0.00050,12.0862,-7.5,-0.00075,12.0825,-7.5,-0.00075,12.0837,-5.0,-0.00050,12.0837,-5.0,-0.00050,12.0850,-5.0,-0.00050,12.0850,-7.5,-0.00075,65.56
1,134451,1,0,54.02,4.9612,480.0,0.48000,12.0825,142.5,0.14250,12.0825,1195.0,0.03621,5.0812,702.5,0.07025,12.0837,427.5,0.04275,12.0813,400.0,0.04000,12.0837,527.5,0.05275,12.0837,-5.0,-0.00050,12.0850,-7.5,-0.00075,12.0813,-7.5,-0.00075,12.0825,-5.0,-0.00050,12.0825,-5.0,-0.00050,12.0825,-5.0,-0.00050,12.0837,-7.5,-0.00075,65.91
1,134786,1,0,54.30,4.9612,480.0,0.48000,12.0825,142.5,0.14250,12.0825,1192.5,0.03614,5.0812,702.5,0.07025,12.0837,430.0,0.04300,12.0813,402.5,0.04025,12.0837,525.0,0.05250,12.0837,-5.0,-0.00050,12.0850,-7.5,-0.00075,12.0813,-7.5,-0.00075,12.0825,-5.0,-0.00050,12.0825,-5.0,-0.00050,12.0837,-5.0,-0.00050,12.0850,-7.5,-0.00075,66.24
1,135121,1,0,54.58,4.9600,480.0,0.48000,12.0825,142.5,0.14250,12.0825,1197.5,0.03629,5.0812,702.5,0.07025,12.0837,430.0,0.04300,12.0813,400.0,0.04000,12.0837,525.0,0.05250,12.0837,-5.0,-0.00050,12.0850,-7.5,-0.00075,12.0813,-7.5,-0.00075,12.0825,-5.0,-0.00050,12.0837,-5.0,-0.00050,12.0837,-5.0,-0.00050,12.0850,-7.5,-0.00075,66.58
1,135518,1,0,54.91,4.9600,490.0,0.49000,12.0825,145.0,0.14500,12.0837,1197.5,0.03629,5.0812,702.5,0.07025,12.0850,445.0,0.04450,12.0825,417.5,0.04175,12.0850,537.5,0.05375,12.0850,-5.0,-0.00050,12.0862,-7.5,-0.00075,12.0825,-7.5,-0.00075,12.0837,-5.0,-0.00050,12.0837,-5.0,-0.00050,12.0837,-5.0,-0.00050,12.0850,-7.5,-0.00075,66.98
1,135854,1,0,55.19,4.9587,492.5,0.49250,12.0825,147.5,0.14750,12.0825,1195.0,0.03621,5.0812,702.5,0.07025,12.0837,447.5,0.04475,12.0813,417.5,0.04175,12.0837,542.5,0.05425,12.0837,-5.0,-0.00050,12.0850,-7.5,-0.00075,12.0825,-7.5,-0.00075,12.0825,-5.0,-0.00050,12.0837,-5.0,-0.00050,12.0837,-5.0,-0.00050,12.0850,-7.5,-0.00075,67.31
1,136189,1,0,55.47,4.9600,490.0,0.49000,12.0825,147.5,0.14750,12.0837,1192.5,0.03614,5.0812,702.5,0.07025,12.0837,437.5,0.04375,12.0825,415.0,0.04150,12.0837,540.0,0.05400,12.0850,-5.0,-0.00050,12.0862,-7.5,-0.00075,12.0825,-7.5,-0.00075,12.0837,-5.0,-0.00050,12.0837,-5.0,-0.00050,12.0837,-5.0,-0.00050,12.0850,-7.5,-0.00075,67.65
1,136524,1,0,55.75,4.9575,502.5,0.50250,12.0825,150.0,0.15000,12.0837,1195.0,0.03621,5.0812,702.5,0.07025,12.0837,452.5,0.04525,12.0825,425.0,0.04250,12.0837,555.0,0.05550,12.0850,-5.0,-0.00050,12.0850,-7.5,-0.00075,12.0825,-7.5,-0.00075,12.0837,-5.0,-0.00050,12.0837,-5.0,-0.00050,12.0837,-5.0,-0.00050,12.0850,-7.5,-0.00075,67.98
1,136917,1,0,56.07,4.9575,502.5,0.50250,12.0837,150.0,0.15000,12.0837,1195.0,0.03621,5.0812,702.5,0.07025,12.0850,452.5,0.04525,12.0825,425.0,0.04250,12.0850,557.5,0.05575,12.0850,-5.0,-0.00050,12.0862,-7.5,-0.00075,12.0825,-7.5,-0.00075,12.0837,-5.0,-0.00050,12.0837,-5.0,-0.00050,12.0850,-5.0,-0.00050,12.0850,-7.5,-0.00075,68.36
1,137252,1,0,56.35,4.9562,512.5,0.51250,12.0825,155.0,0.15500,12.0825,1200.0,0.03636,5.0812,702.5,0.07025,12.0837,465.0,0.04650,12.0813,440.0,0.04400,12.0837,572.5,0.05725,12.0837,-5.0,-0.00050,12.0850,-7.5,-0.00075,12.0813,-7.5,-0.00075,12.0825,-5.0,-0.00050,12.0825,-5.0,-0.00050,12.0837,-5.0,-0.00050,12.0837,-7.5,-0.00075,68.72
1,137608,1,0,56.65,4.9562,512.5,0.51250,12.0825,155.0,0.15500,12.0837,1197.5,0.03629,5.0812,702.5,0.07025,12.0837,465.0,0.04650,12.0813,437.5,0.04375,12.0837,575.0,0.05750,12.0850,-5.0,-0.00050,12.0850,-7.5,-0.00075,12.0825,-7.5,-0.00075,12.0837,-5.0,-0.00050,12.0837,-5.0,-0.00050,12.0837,-5.0,-0.00050,12.0850,-7.5,-0.00075,69.06
1,137944,1,0,56.93,4.9562,510.0,0.51000,12.0825,157.5,0.15750,12.0825,1195.0,0.03621,5.0812,702.5,0.07025,12.0837,462.5,0.04625,12.0813,435.0,0.04350,12.0837,572.5,0.05725,12.0837,-5.0,-0.00050,12.0850,-7.5,-0.00075,12.0825,-7.5,-0.00075,12.0825,-5.0,-0.00050,12.0825,-5.0,-0.00050,12.0837,-5.0,-0.00050,12.0850,-7.5,-0.00075,69.40
1,138341,1,0,57.26,4.9550,522.5,0.52250,12.0837,157.5,0.15750,12.0837,1197.5,0.03629,5.0812,702.5,0.07025,12.0837,480.0,0.04800,12.0825,447.5,0.04475,12.0850,590.0,0.05900,12.0850,-5.0,-0.00050,12.0862,-7.5,-0.00075,12.0825,-7.5,-0.00075,12.0837,-5.0,-0.00050,12.0837,-5.0,-0.00050,12.0837,-5.0,-0.00050,12.0850,-7.5,-0.00075,69.80
1,138676,1,0,57.54,4.9550,522.5,0.52250,12.0825,160.0,0.16000,12.0837,1200.0,0.03636,5.0812,702.5,0.07025,12.0837,480.0,0.04800,12.0825,447.5,0.04475,12.0837,592.5,0.05925,12.0850,-5.0,-0.00050,12.0850,-7.5,-0.00075,12.0825,-7.5,-0.00075,12.0837,-5.0,-0.00050,12.0837,-5.0,-0.00050,12.0837,-5.0,-0.00050,12.0850,-7.5,-0.00075,70.14
1,139011,1,0,57.82,4.9550,522.5,0.52250,12.0825,157.5,0.15750,12.0837,1195.0,0.03621,5.0812,702.5,0.07025,12.0837,475.0,0.04750,12.0825,445.0,0.04450,12.0850,585.0,0.05850,12.0850,-5.0,-0.00050,12.0862,-7.5,-0.00075,12.0825,-7.5,-0.00075,12.0837,-5.0,-0.00050,12.0837,-5.0,-0.00050,12.0837,-5.0,-0.00050,12.0850,-7.5,-0.00075,70.46
1,139346,1,0,58.10,4.9537,532.5,0.53250,12.0825,162.5,0.16250,12.0837,1195.0,0.03621,5.0812,702.5,0.07025,12.0837,487.5,0.04875,12.0813,460.0,0.04600,12.0837,602.5,0.06025,12.0837,-5.0,-0.00050,12.0850,-7.5,-0.00075,12.0825,-7.5,-0.00075,12.0837,-5.0,-0.00050,12.0837,-5.0,-0.00050,12.0837,-5.0,-0.00050,12.0850,-7.5,-0.00075,70.80
1,139759,1,0,58.44,4.9537,530.0,0.53000,12.0825,162.5,0.16250,12.0837,1195.0,0.03621,5.0812,702.5,0.07025,12.0837,490.0,0.04900,12.0825,457.5,0.04575,12.0850,602.5,0.06025,12.0850,-5.0,-0.00050,12.0862,-7.5,-0.00075,12.0825,-7.5,-0.00075,12.0837,-5.0,-0.00050,12.0837,-5.0,-0.00050,12.0837,-5.0,-0.00050,12.0850,-7.5,-0.00075,71.21
1,140095,1,0,58.72,4.9525,542.5,0.54250,12.0825,167.5,0.16750,12.0825,1197.5,0.03629,5.0812,702.5,0.07025,12.0837,502.5,0.05025,12.0813,475.0,0.04750,12.0837,622.5,0.06225,12.0837,-5.0,-0.00050,12.0850,-7.5,-0.00075,12.0813,-7.5,-0.00075,12.0825,-5.0,-0.00050,12.0825,-5.0,-0.00050,12.0837,-5.0,-0.00050,12.0850,-7.5,-0.00075,71.56
1,140430,1,0,59.00,4.9525,545.0,0.54500,12.0825,167.5,0.16750,12.0837,1197.5,0.03629,5.0812,702.5,0.07025,12.0837,502.5,0.05025,12.0813,472.5,0.04725,12.0837,620.0,0.06200,12.0837,-5.0,-0.00050,12.0850,-7.5,-0.00075,12.0825,-7.5,-0.00075,12.0825,-5.0,-0.00050,12.0837,-5.0,-0.00050,12.0837,-5.0,-0.00050,12.0850,-7.5,-0.00075,71.89
1,140765,1,0,59.28,4.9525,542.5,0.54250,12.0825,170.0,0.17000,12.0837,1200.0,0.03636,5.0812,702.5,0.07025,12.0837,495.0,0.04950,12.0813,467.5,0.04675,12.0837,617.5,0.06175,12.0850,-5.0,-0.00050,12.0850,-7.5,-0.00075,12.0825,-7.5,-0.00075,12.0837,-5.0,-0.00050,12.0837,-5.0,-0.00050,12.0837,-5.0,-0.00050,12.0850,-7.5,-0.00075,72.22
1,141170,1,0,59.62,4.9513,555.0,0.55500,12.0825,170.0,0.17000,12.0837,1197.5,0.03629,5.0812,705.0,0.07050,12.0837,505.0,0.05050,12.0813,482.5,0.04825,12.0837,637.5,0.06375,12.0850,-5.0,-0.00050,12.0850,-7.5,-0.00075,12.0825,-7.5,-0.00075,12.0837,-5.0,-0.00050,12.0837,-5.0,-0.00050,12.0837,-5.0,-0.00050,12.0850,-7.5,-0.00075,72.63
1,141506,1,0,59.90,4.9513,555.0,0.55500,12.0825,170.0,0.17000,12.0837,1200.0,0.03636,5.0812,702.5,0.07025,12.0837,512.5,0.05125,12.0813,480.0,0.04800,12.0837,640.0,0.06400,12.0850,-5.0,-0.00050,12.0850,-7.5,-0.00075,12.0825,-7.5,-0.00075,12.0825,-5.0,-0.00050,12.0837,-5.0,-0.00050,12.0837,-5.0,-0.00050,12.0850,-7.5,-0.00075,72.98
1,141862,1,0,60.19,4.9488,567.5,0.56750,12.0825,175.0,0.17500,12.0837,1195.0,0.03621,5.0812,702.5,0.07025,12.0837,522.5,0.05225,12.0813,492.5,0.04925,12.0837,657.5,0.06575,12.0837,-5.0,-0.00050,12.0850,-7.5,-0.00075,12.0813,-7.5,-0.00075,12.0837,-5.0,-0.00050,12.0837,-5.0,-0.00050,12.0837,-5.0,-0.00050,12.0850,-7.5,-0.00075,73.32
1,142198,1,0,60.47,4.9500,565.0,0.56500,12.0825,175.0,0.17500,12.0837,1197.5,0.03629,5.0812,702.5,0.07025,12.0837,530.0,0.05300,12.0813,492.5,0.04925,12.0837,657.5,0.06575,12.0850,-5.0,-0.00050,12.0850,-7.5,-0.00075,12.0825,-7.5,-0.00075,12.0825,-5.0,-0.00050,12.0837,-5.0,-0.00050,12.0837,-5.0,-0.00050,12.0850,-7.5,-0.00075,73.66
1,142624,1,0,60.83,4.9488,565.0,0.56500,12.0837,175.0,0.17500,12.0837,1200.0,0.03636,5.0812,705.0,0.07050,12.0837,527.5,0.05275,12.0825,495.0,0.04950,12.0837,652.5,0.06525,12.0850,-5.0,-0.00050,12.0862,-7.5,-0.00075,12.0825,-7.5,-0.00075,12.0837,-5.0,-0.00050,12.0837,-5.0,-0.00050,12.0837,-5.0,-0.00050,12.0850,-7.5,-0.00075,74.09
1,142960,1,0,61.11,4.9475,577.5,0.57750,12.0825,180.0,0.18000,12.0837,1197.5,0.03629,5.0812,702.5,0.07025,12.0837,537.5,0.05375,12.0813,505.0,0.05050,12.0837,672.5,0.06725,12.0837,-5.0,-0.00050,12.0850,-7.5,-0.00075,12.0813,-7.5,-0.00075,12.0825,-5.0,-0.00050,12.0825,-5.0,-0.00050,12.0837,-5.0,-0.00050,12.0837,-7.5,-0.00075,74.42
1,143295,1,0,61.39,4.9475,577.5,0.57750,12.0825,180.0,0.18000,12.0837,1197.5,0.03629,5.0812,702.5,0.07025,12.0837,537.5,0.05375,12.0813,512.5,0.05125,12.0837,670.0,0.06700,12.0837,-5.0,-0.00050,12.0850,-7.5,-0.00075,12.0813,-7.5,-0.00075,12.0825,-5.0,-0.00050,12.0825,-5.0,-0.00050,12.0837,-5.0,-0.00050,12.0850,-7.5,-0.00075,74.75
1,143630,1,0,61.67,4.9475,577.5,0.57750,12.0825,182.5,0.18250,12.0825,1200.0,0.03636,5.0812,702.5,0.07025,12.0837,540.0,0.05400,12.0813,505.0,0.05050,12.0837,672.5,0.06725,12.0837,-5.0,-0.00050,12.0850,-7.5,-0.00075,12.0813,-7.5,-0.00075,12.0825,-5.0,-0.00050,12.0837,-5.0,-0.00050,12.0837,-5.0,-0.00050,12.0837,-7.5,-0.00075,75.09
1,144070,1,0,62.03,4.9462,587.5,0.58750,12.0825,187.5,0.18750,12.0837,1197.5,0.03629,5.0812,702.5,0.07025,12.0837,542.5,0.05425,12.0813,512.5,0.05125,12.0837,685.0,0.06850,12.0850,-5.0,-0.00050,12.0862,-7.5,-0.00075,12.0825,-7.5,-0.00075,12.0837,-5.0,-0.00050,12.0837,-5.0,-0.00050,12.0837,-5.0,-0.00050,12.0850,-7.5,-0.00075,75.53
1,144405,1,0,62.31,4.9462,590.0,0.59000,12.0825,185.0,0.18500,12.0837,1200.0,0.03636,5.0812,705.0,0.07050,12.0837,545.0,0.05450,12.0813,512.5,0.05125,12.0837,690.0,0.06900,12.0850,-5.0,-0.00050,12.0850,-7.5,-0.00075,12.0825,-7.5,-0.00075,12.0837,-5.0,-0.00050,12.0837,-5.0,-0.00050,12.0837,-5.0,-0.00050,12.0850,-7.5,-0.00075,75.86
1,144740,1,0,62.59,4.9450,600.0,0.60000,12.0825,190.0,0.19000,12.0837,1195.0,0.03621,5.0812,705.0,0.07050,12.0837,562.5,0.05625,12.0813,530.0,0.05300,12.0837,697.5,0.06975,12.0850,-5.0,-0.00050,12.0850,-7.5,-0.00075,12.0825,-7.5,-0.00075,12.0825,-5.0,-0.00050,12.0837,-5.0,-0.00050,12.0837,-5.0,-0.00050,12.0850,-7.5,-0.00075,76.20
1,145075,1,0,62.87,4.9437,602.5,0.60250,12.0837,190.0,0.19000,12.0837,1200.0,0.03636,5.0812,705.0,0.07050,12.0837,565.0,0.05650,12.0825,530.0,0.05300,12.0837,707.5,0.07075,12.0850,-5.0,-0.00050,12.0850,-7.5,-0.00075,12.0825,-7.5,-0.00075,12.0837,-5.0,-0.00050,12.0837,-5.0,-0.00050,12.0837,-5.0,-0.00050,12.0850,-7.5,-0.00075,76.54
1,145549,1,0,63.27,4.9437,602.5,0.60250,12.0837,190.0,0.19000,12.0850,1197.5,0.03629,5.0812,705.0,0.07050,12.0850,567.5,0.05675,12.0825,527.5,0.05275,12.0850,710.0,0.07100,12.0850,-5.0,-0.00050,12.0862,-7.5,-0.00075,12.0825,-7.5,-0.00075,12.0837,-5.0,-0.00050,12.0850,-5.0,-0.00050,12.0850,-5.0,-0.00050,12.0862,-7.5,-0.00075,77.00
1,145885,1,0,63.55,4.9425,612.5,0.61250,12.0825,195.0,0.19500,12.0837,1197.5,0.03629,5.0812,705.0,0.07050,12.0837,580.0,0.05800,12.0813,540.0,0.05400,12.0837,720.0,0.07200,12.0850,-5.0,-0.00050,12.0850,-7.5,-0.00075,12.0825,-7.5,-0.00075,12.0837,-5.0,-0.00050,12.0837,-5.0,-0.00050,12.0837,-5.0,-0.00050,12.0850,-7.5,-0.00075,77.36
1,146241,1,0,63.84,4.9425,612.5,0.61250,12.0825,195.0,0.19500,12.0837,1195.0,0.03621,5.0812,705.0,0.07050,12.0837,577.5,0.05775,12.0813,535.0,0.05350,12.0837,725.0,0.07250,12.0850,-5.0,-0.00050,12.0850,-7.5,-0.00075,12.0825,-7.5,-0.00075,12.0837,-5.0,-0.00050,12.0837,-5.0,-0.00050,12.0837,-5.0,-0.00050,12.0850,-7.5,-0.00075,77.70
1,146577,1,0,64.12,4.9412,622.5,0.62250,12.0837,197.5,0.19750,12.0837,1200.0,0.03636,5.0812,705.0,0.07050,12.0837,592.5,0.05925,12.0825,555.0,0.05550,12.0837,735.0,0.07350,12.0850,-5.0,-0.00050,12.0862,-7.5,-0.00075,12.0825,-7.5,-0.00075,12.0837,-5.0,-0.00050,12.0837,-5.0,-0.00050,12.0837,-5.0,-0.00050,12.0850,-7.5,-0.00075,78.04
1,146978,1,0,64.46,4.9412,625.0,0.62500,12.0837,200.0,0.20000,12.0850,1200.0,0.03636,5.0812,705.0,0.07050,12.0850,590.0,0.05900,12.0825,577.5,0.05775,12.0850,745.0,0.07450,12.0850,-5.0,-0.00050,12.0862,-7.5,-0.00075,12.0837,-7.5,-0.00075,12.0837,-5.0,-0.00050,12.0850,-5.0,-0.00050,12.0850,-5.0,-0.00050,12.0850,-7.5,-0.00075,78.43
1,147314,1,0,64.74,4.9412,627.5,0.62750,12.0825,200.0,0.20000,12.0837,1197.5,0.03629,5.0812,705.0,0.07050,12.0837,602.5,0.06025,12.0813,540.0,0.05400,12.0837,747.5,0.07475,12.0850,-5.0,-0.00050,12.0850,-7.5,-0.00075,12.0825,-7.5,-0.00075,12.0837,-5.0,-0.00050,12.0837,-5.0,-0.00050,12.0837,-5.0,-0.00050,12.0850,-7.5,-0.00075,78.77
1,147649,1,0,65.02,4.9400,635.0,0.63500,12.0825,202.5,0.20250,12.0837,1197.5,0.03629,5.0812,705.0,0.07050,12.0837,597.5,0.05975,12.0813,552.5,0.05525,12.0837,755.0,0.07550,12.0850,-5.0,-0.00050,12.0862,-7.5,-0.00075,12.0825,-7.5,-0.00075,12.0837,-5.0,-0.00050,12.0837,-5.0,-0.00050,12.0837,-5.0,-0.00050,12.0850,-7.5,-0.00075,79.11
1,147984,1,0,65.30,4.9400,637.5,0.63750,12.0837,205.0,0.20500,12.0837,1197.5,0.03629,5.0812,705.0,0.07050,12.0837,610.0,0.06100,12.0813,562.5,0.05625,12.0837,762.5,0.07625,12.0850,-5.0,-0.00050,12.0850,-7.5,-0.00075,12.0825,-7.5,-0.00075,12.0837,-5.0,-0.00050,12.0837,-5.0,-0.00050,12.0837,-5.0,-0.00050,12.0850,-7.5,-0.00075,79.44
1,148401,1,0,65.64,4.9387,647.5,0.64750,12.0837,210.0,0.21000,12.0837,1197.5,0.03629,5.0812,705.0,0.07050,12.0837,620.0,0.06200,12.0813,580.0,0.05800,12.0837,777.5,0.07775,12.0850,-5.0,-0.00050,12.0862,-7.5,-0.00075,12.0825,-7.5,-0.00075,12.0837,-5.0,-0.00050,12.0837,-5.0,-0.00050,12.0837,-5.0,-0.00050,12.0850,-7.5,-0.00075,79.86
1,148737,1,0,65.92,4.9375,650.0,0.65000,12.0825,210.0,0.21000,12.0837,1200.0,0.03636,5.0812,705.0,0.07050,12.0837,615.0,0.06150,12.0813,580.0,0.05800,12.0837,780.0,0.07800,12.0850,-5.0,-0.00050,12.0862,-7.5,-0.00075,12.0825,-7.5,-0.00075,12.0837,-5.0,-0.00050,12.0837,-5.0,-0.00050,12.0837,-5.0,-0.00050,12.0850,-7.5,-0.00075,80.20
1,149072,1,0,66.20,4.9387,650.0,0.65000,12.0825,210.0,0.21000,12.0837,1202.5,0.03644,5.0812,705.0,0.07050,12.0837,615.0,0.06150,12.0813,577.5,0.05775,12.0837,782.5,0.07825,12.0850,-5.0,-0.00050,12.0862,-7.5,-0.00075,12.0825,-7.5,-0.00075,12.0837,-5.0,-0.00050,12.0837,-5.0,-0.00050,12.0837,-5.0,-0.00050,12.0850,-7.5,-0.00075,80.53
1,149407,1,0,66.48,4.9375,660.0,0.66000,12.0825,212.5,0.21250,12.0837,1200.0,0.03636,5.0812,705.0,0.07050,12.0837,625.0,0.06250,12.0813,592.5,0.05925,12.0837,792.5,0.07925,12.0850,-5.0,-0.00050,12.0850,-7.5,-0.00075,12.0825,-7.5,-0.00075,12.0837,-5.0,-0.00050,12.0837,-5.0,-0.00050,12.0837,-5.0,-0.00050,12.0850,-7.5,-0.00075,80.87
1,149816,1,0,66.82,4.9362,662.5,0.66250,12.0837,212.5,0.21250,12.0850,1197.5,0.03629,5.0812,705.0,0.07050,12.0850,632.5,0.06325,12.0825,592.5,0.05925,12.0850,802.5,0.08025,12.0850,-5.0,-0.00050,12.0862,-7.5,-0.00075,12.0825,-7.5,-0.00075,12.0837,-5.0,-0.00050,12.0850,-5.0,-0.00050,12.0850,-5.0,-0.00050,12.0862,-7.5,-0.00075,81.26
1,150151,1,0,67.10,4.9375,662.5,0.66250,12.0837,212.5,0.21250,12.0837,1200.0,0.03636,5.0812,705.0,0.07050,12.0837,635.0,0.06350,12.0813,590.0,0.05900,12.0837,800.0,0.08000,12.0850,-5.0,-0.00050,12.0862,-7.5,-0.00075,12.0825,-7.5,-0.00075,12.0837,-5.0,-0.00050,12.0837,-5.0,-0.00050,12.0837,-5.0,-0.00050,12.0850,-7.5,-0.00075,81.62
1,150507,1,0,67.40,4.9350,675.0,0.67500,12.0825,220.0,0.22000,12.0837,1200.0,0.03636,5.0812,705.0,0.07050,12.0837,650.0,0.06500,12.0813,602.5,0.06025,12.0837,820.0,0.08200,12.0850,-5.0,-0.00050,12.0850,-7.5,-0.00075,12.0825,-7.5,-0.00075,12.0837,-5.0,-0.00050,12.0837,-5.0,-0.00050,12.0837,-5.0,-0.00050,12.0850,-7.5,-0.00075,81.97
1,150843,1,0,67.68,4.9350,675.0,0.67500,12.0825,220.0,0.22000,12.0837,1200.0,0.03636,5.0812,705.0,0.07050,12.0837,645.0,0.06450,12.0813,600.0,0.06000,12.0837,822.5,0.08225,12.0837,-5.0,-0.00050,12.0850,-7.5,-0.00075,12.0825,-7.5,-0.00075,12.0837,-5.0,-0.00050,12.0837,-5.0,-0.00050,12.0837,-5.0,-0.00050,12.0850,-7.5,-0.00075,82.30
1,151257,1,0,68.02,4.9337,687.5,0.68750,12.0837,225.0,0.22500,12.0850,1197.5,0.03629,5.0812,705.0,0.07050,12.0837,662.5,0.06625,12.0825,617.5,0.06175,12.0850,835.0,0.08350,12.0850,-5.0,-0.00050,12.0862,-7.5,-0.00075,12.0825,-7.5,-0.00075,12.0837,-5.0,-0.00050,12.0837,-5.0,-0.00050,12.0850,-5.0,-0.00050,12.0850,-7.5,-0.00075,82.71
1,151593,1,0,68.30,4.9337,687.5,0.68750,12.0837,227.5,0.22750,12.0837,1200.0,0.03636,5.0812,705.0,0.07050,12.0837,665.0,0.06650,12.0825,617.5,0.06175,12.0837,842.5,0.08425,12.0850,-5.0,-0.00050,12.0862,-7.5,-0.00075,12.0825,-7.5,-0.00075,12.0837,-5.0,-0.00050,12.0837,-5.0,-0.00050,12.0837,-5.0,-0.00050,12.0850,-7.5,-0.00075,83.05
1,151928,1,0,68.58,4.9337,687.5,0.68750,12.0837,225.0,0.22500,12.0837,1197.5,0.03629,5.0812,705.0,0.07050,12.0837,655.0,0.06550,12.0813,617.5,0.06175,12.0837,832.5,0.08325,12.0850,-5.0,-0.00050,12.0862,-7.5,-0.00075,12.0825,-7.5,-0.00075,12.0837,-5.0,-0.00050,12.0837,-5.0,-0.00050,12.0837,-5.0,-0.00050,12.0850,-7.5,-0.00075,83.37
1,152263,1,0,68.86,4.9325,700.0,0.70000,12.0825,230.0,0.23000,12.0837,1200.0,0.03636,5.0812,705.0,0.07050,12.0837,677.5,0.06775,12.0813,635.0,0.06350,12.0837,852.5,0.08525,12.0850,-5.0,-0.00050,12.0850,-7.5,-0.00075,12.0825,-7.5,-0.00075,12.0825,-5.0,-0.00050,12.0837,-5.0,-0.00050,12.0837,-5.0,-0.00050,12.0850,-7.5,-0.00075,83.71
1,152691,1,0,69.22,4.9325,700.0,0.70000,12.0837,230.0,0.23000,12.0850,1202.5,0.03644,5.0812,705.0,0.07050,12.0837,672.5,0.06725,12.0825,635.0,0.06350,12.0837,857.5,0.08575,12.0850,-5.0,-0.00050,12.0862,-7.5,-0.00075,12.0825,-7.5,-0.00075,12.0837,-5.0,-0.00050,12.0837,-5.0,-0.00050,12.0850,-5.0,-0.00050,12.0850,-7.5,-0.00075,84.14
1,153026,1,0,69.50,4.9325,700.0,0.70000,12.0837,227.5,0.22750,12.0837,1200.0,0.03636,5.0812,705.0,0.07050,12.0837,677.5,0.06775,12.0813,627.5,0.06275,12.0837,860.0,0.08600,12.0850,-5.0,-0.00050,12.0862,-7.5,-0.00075,12.0825,-7.5,-0.00075,12.0837,-5.0,-0.00050,12.0837,-5.0,-0.00050,12.0837,-5.0,-0.00050,12.0850,-7.5,-0.00075,84.48
1,153361,1,0,69.78,4.9300,715.0,0.71500,12.0825,237.5,0.23750,12.0837,1200.0,0.03636,5.0812,705.0,0.07050,12.0837,695.0,0.06950,12.0813,645.0,0.06450,12.0837,880.0,0.08800,12.0850,-5.0,-0.00050,12.0862,-7.5,-0.00075,12.0825,-7.5,-0.00075,12.0837,-5.0,-0.00050,12.0837,-5.0,-0.00050,12.0837,-5.0,-0.00050,12.0850,-7.5,-0.00075,84.82
1,153696,1,0,70.06,4.9300,715.0,0.71500,12.0825,235.0,0.23500,12.0837,1197.5,0.03629,5.0812,705.0,0.07050,12.0837,695.0,0.06950,12.0813,645.0,0.06450,12.0837,875.0,0.08750,12.0850,-5.0,-0.00050,12.0862,-7.5,-0.00075,12.0825,-7.5,-0.00075,12.0837,-5.0,-0.00050,12.0837,-5.0,-0.00050,12.0837,-5.0,-0.00050,12.0850,-7.5,-0.00075,85.15
1,154118,1,0,70.41,4.9288,727.5,0.72750,12.0837,237.5,0.23750,12.0850,1200.0,0.03636,5.0812,705.0,0.07050,12.0850,705.0,0.07050,12.0825,655.0,0.06550,12.0850,887.5,0.08875,12.0850,-5.0,-0.00050,12.0862,-7.5,-0.00075,12.0825,-7.5,-0.00075,12.0837,-5.0,-0.00050,12.0837,-5.0,-0.00050,12.0850,-5.0,-0.00050,12.0850,-7.5,-0.00075,85.57
1,154453,1,0,70.69,4.9288,727.5,0.72750,12.0837,240.0,0.24000,12.0837,1200.0,0.03636,5.0812,705.0,0.07050,12.0837,707.5,0.07075,12.0813,660.0,0.06600,12.0837,897.5,0.08975,12.0850,-5.0,-0.00050,12.0850,-7.5,-0.00075,12.0825,-7.5,-0.00075,12.0837,-5.0,-0.00050,12.0837,-5.0,-0.00050,12.0837,-5.0,-0.00050,12.0850,-7.5,-0.00075,85.92
1,154809,1,0,70.98,4.9288,730.0,0.73000,12.0837,240.0,0.24000,12.0837,1197.5,0.03629,5.0812,705.0,0.07050,12.0837,720.0,0.07200,12.0813,660.0,0.06600,12.0837,900.0,0.09000,12.0850,-5.0,-0.00050,12.0850,-7.5,-0.00075,12.0825,-7.5,-0.00075,12.0837,-5.0,-0.00050,12.0837,-5.0,-0.00050,12.0837,-5.0,-0.00050,12.0850,-7.5,-0.00075,86.26
1,155145,1,0,71.26,4.9275,740.0,0.74000,12.0825,247.5,0.24750,12.0837,1200.0,0.03636,5.0812,705.0,0.07050,12.0837,700.0,0.07000,12.0813,665.0,0.06650,12.0837,915.0,0.09150,12.0850,-5.0,-0.00050,12.0850,-7.5,-0.00075,12.0825,-7.5,-0.00075,12.0837,-5.0,-0.00050,12.0837,-5.0,-0.00050,12.0837,-5.0,-0.00050,12.0850,-7.5,-0.00075,86.59
1,155648,1,0,71.68,4.9275,740.0,0.74000,12.0837,245.0,0.24500,12.0850,1200.0,0.03636,5.0812,707.5,0.07075,12.0837,730.0,0.07300,12.0825,667.5,0.06675,12.0837,920.0,0.09200,12.0850,-5.0,-0.00050,12.0862,-7.5,-0.00075,12.0825,-7.5,-0.00075,12.0837,-5.0,-0.00050,12.0837,-5.0,-0.00050,12.0837,-5.0,-0.00050,12.0850,-7.5,-0.00075,87.10
1,155983,1,0,71.96,4.9250,755.0,0.75500,12.0837,250.0,0.25000,12.0837,1200.0,0.03636,5.0812,705.0,0.07050,12.0837,730.0,0.07300,12.0813,687.5,0.06875,12.0837,935.0,0.09350,12.0850,-5.0,-0.00050,12.0850,-7.5,-0.00075,12.0825,-7.5,-0.00075,12.0837,-5.0,-0.00050,12.0837,-5.0,-0.00050,12.0837,-5.0,-0.00050,12.0850,-7.5,-0.00075,87.43
1,156318,1,0,72.24,4.9250,757.5,0.75750,12.0837,252.5,0.25250,12.0837,1202.5,0.03644,5.0812,705.0,0.07050,12.0837,737.5,0.07375,12.0813,692.5,0.06925,12.0837,945.0,0.09450,12.0850,-5.0,-0.00050,12.0862,-7.5,-0.00075,12.0825,-7.5,-0.00075,12.0837,-5.0,-0.00050,12.0837,-5.0,-0.00050,12.0837,-5.0,-0.00050,12.0850,-7.5,-0.00075,87.77
1,156653,1,0,72.52,4.9262,755.0,0.75500,12.0837,250.0,0.25000,12.0837,1202.5,0.03644,5.0812,705.0,0.07050,12.0837,730.0,0.07300,12.0813,687.5,0.06875,12.0837,930.0,0.09300,12.0850,-5.0,-0.00050,12.0862,-7.5,-0.00075,12.0825,-7.5,-0.00075,12.0837,-5.0,-0.00050,12.0837,-5.0,-0.00050,12.0837,-5.0,-0.00050,12.0850,-7.5,-0.00075,88.10
1,157055,1,0,72.86,4.9237,767.5,0.76750,12.0837,252.5,0.25250,12.0850,1200.0,0.03636,5.0812,705.0,0.07050,12.0837,750.0,0.07500,12.0825,702.5,0.07025,12.0837,952.5,0.09525,12.0850,-5.0,-0.00050,12.0862,-7.5,-0.00075,12.0825,-7.5,-0.00075,12.0837,-5.0,-0.00050,12.0837,-5.0,-0.00050,12.0850,-5.0,-0.00050,12.0850,-7.5,-0.00075,88.50
1,157390,1,0,73.14,4.9237,770.0,0.77000,12.0837,252.5,0.25250,12.0837,1202.5,0.03644,5.0812,705.0,0.07050,12.0837,755.0,0.07550,12.0813,707.5,0.07075,12.0837,962.5,0.09625,12.0837,-5.0,-0.00050,12.0850,-7.5,-0.00075,12.0825,-7.5,-0.00075,12.0825,-5.0,-0.00050,12.0837,-5.0,-0.00050,12.0837,-5.0,-0.00050,12.0850,-7.5,-0.00075,88.84
1,157725,1,0,73.41,4.9237,767.5,0.76750,12.0825,255.0,0.25500,12.0837,1202.5,0.03644,5.0812,705.0,0.07050,12.0837,750.0,0.07500,12.0813,697.5,0.06975,12.0837,962.5,0.09625,12.0850,-5.0,-0.00050,12.0850,-7.5,-0.00075,12.0825,-7.5,-0.00075,12.0837,-5.0,-0.00050,12.0837,-5.0,-0.00050,12.0837,-5.0,-0.00050,12.0850,-7.5,-0.00075,89.18
1,158060,1,0,73.69,4.9225,782.5,0.78250,12.0825,260.0,0.26000,12.0837,1200.0,0.03636,5.0812,705.0,0.07050,12.0837,765.0,0.07650,12.0813,715.0,0.07150,12.0837,982.5,0.09825,12.0837,-5.0,-0.00050,12.0850,-7.5,-0.00075,12.0813,-7.5,-0.00075,12.0825,-5.0,-0.00050,12.0837,-5.0,-0.00050,12.0837,-5.0,-0.00050,12.0850,-7.5,-0.00075,89.51
1,158452,1,0,74.02,4.9212,785.0,0.78500,12.0837,260.0,0.26000,12.0850,1200.0,0.03636,5.0812,705.0,0.07050,12.0837,772.5,0.07725,12.0825,717.5,0.07175,12.0837,987.5,0.09875,12.0850,-5.0,-0.00050,12.0862,-7.5,-0.00075,12.0825,-7.5,-0.00075,12.0837,-5.0,-0.00050,12.0837,-5.0,-0.00050,12.0850,-5.0,-0.00050,12.0862,-7.5,-0.00075,89.91
1,158788,1,0,74.30,4.9200,797.5,0.79750,12.0825,267.5,0.26750,12.0837,1202.5,0.03644,5.0812,705.0,0.07050,12.0837,780.0,0.07800,12.0813,730.0,0.07300,12.0837,1000.0,0.10000,12.0837,-5.0,-0.00050,12.0850,-7.5,-0.00075,12.0825,-7.5,-0.00075,12.0837,-5.0,-0.00050,12.0837,-5.0,-0.00050,12.0837,-5.0,-0.00050,12.0850,-7.5,-0.00075,90.26
1,159144,1,0,74.60,4.9200,797.5,0.79750,12.0825,267.5,0.26750,12.0837,1200.0,0.03636,5.0812,705.0,0.07050,12.0837,782.5,0.07825,12.0813,732.5,0.07325,12.0837,1000.0,0.10000,12.0850,-5.0,-0.00050,12.0850,-7.5,-0.00075,12.0825,-7.5,-0.00075,12.0837,-5.0,-0.00050,12.0837,-5.0,-0.00050,12.0837,-5.0,-0.00050,12.0850,-7.5,-0.00075,90.60
1,159480,1,0,74.88,4.9200,797.5,0.79750,12.0825,265.0,0.26500,12.0837,1205.0,0.03652,5.0812,705.0,0.07050,12.0837,782.5,0.07825,12.0813,727.5,0.07275,12.0837,997.5,0.09975,12.0850,-5.0,-0.00050,12.0862,-7.5,-0.00075,12.0825,-7.5,-0.00075,12.0837,-5.0,-0.00050,12.0837,-5.0,-0.00050,12.0837,-5.0,-0.00050,12.0850,-7.5,-0.00075,90.94
1,159882,1,0,75.21,4.9187,812.5,0.81250,12.0837,275.0,0.27500,12.0850,1202.5,0.03644,5.0812,705.0,0.07050,12.0850,787.5,0.07875,12.0825,755.0,0.07550,12.0850,1017.5,0.10175,12.0850,-5.0,-0.00050,12.0862,-7.5,-0.00075,12.0825,-7.5,-0.00075,12.0837,-5.0,-0.00050,12.0837,-5.0,-0.00050,12.0850,-5.0,-0.00050,12.0862,-7.5,-0.00075,91.34
1,160218,1,0,75.49,4.9175,815.0,0.81500,12.0837,275.0,0.27500,12.0837,1202.5,0.03644,5.0812,705.0,0.07050,12.0837,795.0,0.07950,12.0813,732.5,0.07325,12.0837,1025.0,0.10250,12.0850,-5.0,-0.00050,12.0862,-7.5,-0.00075,12.0825,-7.5,-0.00075,12.0837,-5.0,-0.00050,12.0837,-5.0,-0.00050,12.0837,-5.0,-0.00050,12.0850,-7.5,-0.00075,91.67
1,160553,1,0,75.77,4.9187,810.0,0.81000,12.0837,270.0,0.27000,12.0850,1200.0,0.03636,5.0812,705.0,0.07050,12.0837,795.0,0.07950,12.0825,745.0,0.07450,12.0837,1027.5,0.10275,12.0850,-5.0,-0.00050,12.0862,-7.5,-0.00075,12.0825,-7.5,-0.00075,12.0837,-5.0,-0.00050,12.0837,-5.0,-0.00050,12.0837,-5.0,-0.00050,12.0850,-7.5,-0.00075,92.01
1,160888,1,0,76.05,4.9162,827.5,0.82750,12.0837,277.5,0.27750,12.0837,1205.0,0.03652,5.0812,705.0,0.07050,12.0837,812.5,0.08125,12.0813,760.0,0.07600,12.0837,1045.0,0.10450,12.0837,-5.0,-0.00050,12.0850,-7.5,-0.00075,12.0825,-7.5,-0.00075,12.0837,-5.0,-0.00050,12.0837,-5.0,-0.00050,12.0837,-5.0,-0.00050,12.0850,-7.5,-0.00075,92.34
1,161300,1,0,76.39,4.9162,825.0,0.82500,12.0837,277.5,0.27750,12.0850,1200.0,0.03636,5.0812,707.5,0.07075,12.0837,815.0,0.08150,12.0825,762.5,0.07625,12.0837,1045.0,0.10450,12.0850,-5.0,-0.00050,12.0862,-7.5,-0.00075,12.0825,-7.5,-0.00075,12.0837,-5.0,-0.00050,12.0837,-5.0,-0.00050,12.0837,-5.0,-0.00050,12.0850,-7.5,-0.00075,92.75
1,161636,1,0,76.67,4.9137,842.5,0.84250,12.0825,285.0,0.28500,12.0837,1202.5,0.03644,5.0812,707.5,0.07075,12.0837,832.5,0.08325,12.0813,775.0,0.07750,12.0825,1062.5,0.10625,12.0837,-5.0,-0.00050,12.0850,-7.5,-0.00075,12.0825,-7.5,-0.00075,12.0825,-5.0,-0.00050,12.0837,-5.0,-0.00050,12.0837,-5.0,-0.00050,12.0850,-7.5,-0.00075,93.09
1,161971,1,0,76.95,4.9137,842.5,0.84250,12.0837,285.0,0.28500,12.0837,1205.0,0.03652,5.0812,705.0,0.07050,12.0837,830.0,0.08300,12.0813,785.0,0.07850,12.0837,1060.0,0.10600,12.0850,-5.0,-0.00050,12.0850,-7.5,-0.00075,12.0825,-7.5,-0.00075,12.0837,-5.0,-0.00050,12.0837,-5.0,-0.00050,12.0837,-5.0,-0.00050,12.0850,-7.5,-0.00075,93.42
1,162306,1,0,77.23,4.9150,840.0,0.84000,12.0837,285.0,0.28500,12.0837,1202.5,0.03644,5.0812,707.5,0.07075,12.0825,827.5,0.08275,12.0813,772.5,0.07725,12.0837,1065.0,0.10650,12.0837,-5.0,-0.00050,12.0850,-7.5,-0.00075,12.0825,-7.5,-0.00075,12.0825,-5.0,-0.00050,12.0825,-5.0,-0.00050,12.0837,-5.0,-0.00050,12.0850,-7.5,-0.00075,93.75
1,162713,1,0,77.57,4.9125,857.5,0.85750,12.0837,290.0,0.29000,12.0850,1202.5,0.03644,5.0812,707.5,0.07075,12.0837,845.0,0.08450,12.0813,792.5,0.07925,12.0837,1092.5,0.10925,12.0850,-5.0,-0.00050,12.0862,-7.5,-0.00075,12.0825,-7.5,-0.00075,12.0837,-5.0,-0.00050,12.0837,-5.0,-0.00050,12.0850,-5.0,-0.00050,12.0850,-7.5,-0.00075,94.16
1,163049,1,0,77.85,4.9125,857.5,0.85750,12.0837,290.0,0.29000,12.0837,1202.5,0.03644,5.0812,707.5,0.07075,12.0837,847.5,0.08475,12.0813,785.0,0.07850,12.0825,1092.5,0.10925,12.0850,-5.0,-0.00050,12.0850,-7.5,-0.00075,12.0825,-7.5,-0.00075,12.0837,-5.0,-0.00050,12.0837,-5.0,-0.00050,12.0837,-5.0,-0.00050,12.0850,-7.5,-0.00075,94.51
1,163405,1,0,78.15,4.9125,857.5,0.85750,12.0837,287.5,0.28750,12.0837,1202.5,0.03644,5.0812,707.5,0.07075,12.0837,837.5,0.08375,12.0813,782.5,0.07825,12.0837,1087.5,0.10875,12.0850,-5.0,-0.00050,12.0850,-7.5,-0.00075,12.0825,-7.5,-0.00075,12.0837,-5.0,-0.00050,12.0837,-5.0,-0.00050,12.0837,-5.0,-0.00050,12.0850,-7.5,-0.00075,94.86
1,163741,1,0,78.43,4.9100,872.5,0.87250,12.0825,295.0,0.29500,12.0837,1200.0,0.03636,5.0812,707.5,0.07075,12.0825,867.5,0.08675,12.0813,802.5,0.08025,12.0825,1115.0,0.11150,12.0837,-5.0,-0.00050,12.0850,-7.5,-0.00075,12.0813,-7.5,-0.00075,12.0825,-5.0,-0.00050,12.0825,-5.0,-0.00050,12.0837,-5.0,-0.00050,12.0850,-7.5,-0.00075,95.19
1,164219,1,0,78.83,4.9100,872.5,0.87250,12.0837,297.5,0.29750,12.0850,1202.5,0.03644,5.0812,707.5,0.07075,12.0837,865.0,0.08650,12.0825,810.0,0.08100,12.0837,1120.0,0.11200,12.0850,-5.0,-0.00050,12.0862,-7.5,-0.00075,12.0825,-7.5,-0.00075,12.0837,-5.0,-0.00050,12.0850,-5.0,-0.00050,12.0850,-5.0,-0.00050,12.0862,-7.5,-0.00075,95.68
1,164554,1,0,79.11,4.9088,887.5,0.88750,12.0825,302.5,0.30250,12.0837,1205.0,0.03652,5.0812,707.5,0.07075,12.0825,847.5,0.08475,12.0813,822.5,0.08225,12.0825,1135.0,0.11350,12.0837,-5.0,-0.00050,12.0850,-7.5,-0.00075,12.0813,-7.5,-0.00075,12.0825,-5.0,-0.00050,12.0825,-5.0,-0.00050,12.0837,-5.0,-0.00050,12.0850,-7.5,-0.00075,96.00
1,164889,1,0,79.38,4.9088,887.5,0.88750,12.0837,302.5,0.30250,12.0837,1202.5,0.03644,5.0812,705.0,0.07050,12.0837,902.5,0.09025,12.0813,837.5,0.08375,12.0837,1132.5,0.11325,12.0850,-5.0,-0.00050,12.0862,-7.5,-0.00075,12.0825,-7.5,-0.00075,12.0837,-5.0,-0.00050,12.0837,-5.0,-0.00050,12.0837,-5.0,-0.00050,12.0850,-7.5,-0.00075,96.34
1,165224,1,0,79.66,4.9088,887.5,0.88750,12.0837,300.0,0.30000,12.0837,1202.5,0.03644,5.0812,707.5,0.07075,12.0837,885.0,0.08850,12.0813,855.0,0.08550,12.0837,1132.5,0.11325,12.0850,-5.0,-0.00050,12.0862,-7.5,-0.00075,12.0825,-7.5,-0.00075,12.0837,-5.0,-0.00050,12.0837,-5.0,-0.00050,12.0837,-5.0,-0.00050,12.0850,-7.5,-0.00075,96.68
1,165646,1,0,80.02,4.9062,902.5,0.90250,12.0837,307.5,0.30750,12.0850,1200.0,0.03636,5.0812,707.5,0.07075,12.0837,885.0,0.08850,12.0813,862.5,0.08625,12.0837,1155.0,0.11550,12.0850,-5.0,-0.00050,12.0850,-7.5,-0.00075,12.0825,-7.5,-0.00075,12.0837,-5.0,-0.00050,12.0837,-5.0,-0.00050,12.0837,-5.0,-0.00050,12.0850,-7.5,-0.00075,97.10
1,165982,1,0,80.30,4.9062,902.5,0.90250,12.0825,307.5,0.30750,12.0837,1202.5,0.03644,5.0812,707.5,0.07075,12.0825,890.0,0.08900,12.0813,870.0,0.08700,12.0825,1157.5,0.11575,12.0837,-5.0,-0.00050,12.0850,-7.5,-0.00075,12.0825,-7.5,-0.00075,12.0825,-5.0,-0.00050,12.0837,-5.0,-0.00050,12.0837,-5.0,-0.00050,12.0850,-7.5,-0.00075,97.43
1,166317,1,0,80.57,4.9025,932.5,0.93250,12.0825,320.0,0.32000,12.0837,1202.5,0.03644,5.0812,707.5,0.07075,12.0825,912.5,0.09125,12.0813,857.5,0.08575,12.0825,1237.5,0.12375,12.0837,-5.0,-0.00050,12.0850,-7.5,-0.00075,12.0813,-7.5,-0.00075,12.0825,-5.0,-0.00050,12.0825,-5.0,-0.00050,12.0837,-5.0,-0.00050,12.0850,-7.5,-0.00075,97.76
1,166652,1,0,80.85,4.9037,922.5,0.92250,12.0837,315.0,0.31500,12.0850,1205.0,0.03652,5.0812,707.5,0.07075,12.0837,917.5,0.09175,12.0813,852.5,0.08525,12.0837,1195.0,0.11950,12.0850,-5.0,-0.00050,12.0862,-7.5,-0.00075,12.0825,-7.5,-0.00075,12.0837,-5.0,-0.00050,12.0837,-5.0,-0.00050,12.0837,-5.0,-0.00050,12.0850,-7.5,-0.00075,98.10
1,167049,1,0,81.18,4.9050,917.5,0.91750,12.0837,312.5,0.31250,12.0850,1202.5,0.03644,5.0812,707.5,0.07075,12.0837,915.0,0.09150,12.0813,847.5,0.08475,12.0837,1182.5,0.11825,12.0850,-5.0,-0.00050,12.0862,-7.5,-0.00075,12.0825,-7.5,-0.00075,12.0837,-5.0,-0.00050,12.0837,-5.0,-0.00050,12.0850,-5.0,-0.00050,12.0850,-7.5,-0.00075,98.50
1,167384,1,0,81.46,4.9025,932.5,0.93250,12.0825,320.0,0.32000,12.0837,1202.5,0.03644,5.0812,707.5,0.07075,12.0825,927.5,0.09275,12.0800,870.0,0.08700,12.0825,1202.5,0.12025,12.0837,-5.0,-0.00050,12.0850,-7.5,-0.00075,12.0813,-7.5,-0.00075,12.0825,-5.0,-0.00050,12.0825,-5.0,-0.00050,12.0837,-5.0,-0.00050,12.0850,-7.5,-0.00075,98.85
1,167740,1,0,81.76,4.9025,932.5,0.93250,12.0837,317.5,0.31750,12.0837,1202.5,0.03644,5.0812,707.5,0.07075,12.0825,927.5,0.09275,12.0813,872.5,0.08725,12.0825,1197.5,0.11975,12.0837,-5.0,-0.00050,12.0850,-7.5,-0.00075,12.0825,-7.5,-0.00075,12.0825,-5.0,-0.00050,12.0837,-5.0,-0.00050,12.0837,-5.0,-0.00050,12.0850,-7.5,-0.00075,99.20
1,168076,1,0,82.04,4.9025,935.0,0.93500,12.0837,320.0,0.32000,12.0837,1205.0,0.03652,5.0812,707.5,0.07075,12.0825,935.0,0.09350,12.0813,862.5,0.08625,12.0825,1200.0,0.12000,12.0837,-5.0,-0.00050,12.0850,-7.5,-0.00075,12.0825,-7.5,-0.00075,12.0825,-5.0,-0.00050,12.0837,-5.0,-0.00050,12.0837,-5.0,-0.00050,12.0850,-7.5,-0.00075,99.53
1,168480,1,0,82.38,4.9012,947.5,0.94750,12.0837,325.0,0.32500,12.0850,1202.5,0.03644,5.0812,707.5,0.07075,12.0837,945.0,0.09450,12.0813,882.5,0.08825,12.0837,1227.5,0.12275,12.0850,-5.0,-0.00050,12.0862,-7.5,-0.00075,12.0825,-7.5,-0.00075,12.0837,-5.0,-0.00050,12.0837,-5.0,-0.00050,12.0837,-5.0,-0.00050,12.0850,-7.5,-0.00075,99.94
1,168816,1,0,82.66,4.9000,950.0,0.95000,12.0837,327.5,0.32750,12.0837,1205.0,0.03652,5.0812,707.5,0.07075,12.0825,947.5,0.09475,12.0813,882.5,0.08825,12.0837,1220.0,0.12200,12.0850,-5.0,-0.00050,12.0850,-7.5,-0.00075,12.0825,-7.5,-0.00075,12.0837,-5.0,-0.00050,12.0837,-5.0,-0.00050,12.0837,-5.0,-0.00050,12.0850,-7.5,-0.00075,100.27
1,169151,1,0,82.94,4.8987,965.0,0.96500,12.0825,330.0,0.33000,12.0837,1202.5,0.03644,5.0812,707.5,0.07075,12.0825,965.0,0.09650,12.0800,895.0,0.08950,12.0825,1247.5,0.12475,12.0837,-5.0,-0.00050,12.0850,-7.5,-0.00075,12.0813,-7.5,-0.00075,12.0825,-5.0,-0.00050,12.0825,-5.0,-0.00050,12.0837,-5.0,-0.00050,12.0837,-7.5,-0.00075,100.61
1,169486,1,0,83.22,4.8975,967.5,0.96750,12.0837,332.5,0.33250,12.0837,1205.0,0.03652,5.0812,707.5,0.07075,12.0825,960.0,0.09600,12.0813,900.0,0.09000,12.0825,1250.0,0.12500,12.0837,-5.0,-0.00050,12.0850,-7.5,-0.00075,12.0825,-7.5,-0.00075,12.0837,-5.0,-0.00050,12.0837,-5.0,-0.00050,12.0837,-5.0,-0.00050,12.0850,-7.5,-0.00075,100.94
1,169903,1,0,83.56,4.8987,965.0,0.96500,12.0837,332.5,0.33250,12.0850,1205.0,0.03652,5.0812,707.5,0.07075,12.0837,957.5,0.09575,12.0813,897.5,0.08975,12.0837,1250.0,0.12500,12.0850,-5.0,-0.00050,12.0862,-7.5,-0.00075,12.0825,-7.5,-0.00075,12.0837,-5.0,-0.00050,12.0837,-5.0,-0.00050,12.0837,-5.0,-0.00050,12.0850,-7.5,-0.00075,101.35
1,170239,1,0,83.84,4.8962,982.5,0.98250,12.0825,337.5,0.33750,12.0837,1205.0,0.03652,5.0812,707.5,0.07075,12.0825,987.5,0.09875,12.0800,917.5,0.09175,12.0825,1275.0,0.12750,12.0837,-5.0,-0.00050,12.0850,-7.5,-0.00075,12.0813,-7.5,-0.00075,12.0825,-5.0,-0.00050,12.0825,-5.0,-0.00050,12.0837,-5.0,-0.00050,12.0850,-7.5,-0.00075,101.69
1,170574,1,0,84.12,4.8962,985.0,0.98500,12.0837,340.0,0.34000,12.0837,1205.0,0.03652,5.0812,707.5,0.07075,12.0825,967.5,0.09675,12.0813,920.0,0.09200,12.0825,1277.5,0.12775,12.0837,-5.0,-0.00050,12.0850,-7.5,-0.00075,12.0825,-7.5,-0.00075,12.0837,-5.0,-0.00050,12.0837,-5.0,-0.00050,12.0837,-5.0,-0.00050,12.0850,-7.5,-0.00075,102.02
1,170909,1,0,84.40,4.8962,982.5,0.98250,12.0837,340.0,0.34000,12.0837,1202.5,0.03644,5.0812,707.5,0.07075,12.0825,987.5,0.09875,12.0813,912.5,0.09125,12.0825,1275.0,0.12750,12.0837,-5.0,-0.00050,12.0850,-7.5,-0.00075,12.0825,-7.5,-0.00075,12.0837,-5.0,-0.00050,12.0837,-5.0,-0.00050,12.0837,-5.0,-0.00050,12.0850,-7.5,-0.00075,102.36
1,171321,1,0,84.74,4.8937,997.5,0.99750,12.0837,345.0,0.34500,12.0850,1202.5,0.03644,5.0812,707.5,0.07075,12.0837,987.5,0.09875,12.0813,937.5,0.09375,12.0837,1300.0,0.13000,12.0850,-5.0,-0.00050,12.0862,-7.5,-0.00075,12.0825,-7.5,-0.00075,12.0837,-5.0,-0.00050,12.0837,-5.0,-0.00050,12.0850,-5.0,-0.00050,12.0850,-7.5,-0.00075,102.77
1,171657,1,0,85.02,4.8937,997.5,0.99750,12.0837,340.0,0.34000,12.0837,1207.5,0.03659,5.0812,707.5,0.07075,12.0825,997.5,0.09975,12.0813,935.0,0.09350,12.0825,1302.5,0.13025,12.0850,-5.0,-0.00050,12.0850,-7.5,-0.00075,12.0825,-7.5,-0.00075,12.0825,-5.0,-0.00050,12.0837,-5.0,-0.00050,12.0837,-5.0,-0.00050,12.0850,-7.5,-0.00075,103.13
1,172013,1,0,85.32,4.8912,1017.5,1.01750,12.0825,355.0,0.35500,12.0837,1205.0,0.03652,5.0812,707.5,0.07075,12.0825,1017.5,0.10175,12.0800,950.0,0.09500,12.0825,1322.5,0.13225,12.0837,-5.0,-0.00050,12.0850,-7.5,-0.00075,12.0813,-7.5,-0.00075,12.0825,-5.0,-0.00050,12.0825,-5.0,-0.00050,12.0837,-5.0,-0.00050,12.0850,-7.5,-0.00075,103.47
1,172349,1,0,85.60,4.8912,1015.0,1.01500,12.0837,355.0,0.35500,12.0837,1205.0,0.03652,5.0812,707.5,0.07075,12.0825,1020.0,0.10200,12.0813,945.0,0.09450,12.0825,1325.0,0.13250,12.0837,-5.0,-0.00050,12.0850,-7.5,-0.00075,12.0813,-7.5,-0.00075,12.0825,-5.0,-0.00050,12.0837,-5.0,-0.00050,12.0837,-5.0,-0.00050,12.0850,-7.5,-0.00075,103.80
1,172762,1,0,85.95,4.8912,1015.0,1.01500,12.0837,352.5,0.35250,12.0850,1202.5,0.03644,5.0812,707.5,0.07075,12.0837,1025.0,0.10250,12.0813,942.5,0.09425,12.0837,1320.0,0.13200,12.0850,-5.0,-0.00050,12.0862,-7.5,-0.00075,12.0825,-7.5,-0.00075,12.0837,-5.0,-0.00050,12.0837,-5.0,-0.00050,12.0850,-5.0,-0.00050,12.0850,-7.5,-0.00075,104.21
1,173097,1,0,86.22,4.8900,1032.5,1.03250,12.0825,357.5,0.35750,12.0837,1202.5,0.03644,5.0812,707.5,0.07075,12.0825,1032.5,0.10325,12.0800,970.0,0.09700,12.0825,1345.0,0.13450,12.0837,-5.0,-0.00050,12.0850,-7.5,-0.00075,12.0813,-7.5,-0.00075,12.0825,-5.0,-0.00050,12.0825,-5.0,-0.00050,12.0837,-5.0,-0.00050,12.0837,-7.5,-0.00075,104.56
1,173432,1,0,86.50,4.8900,1032.5,1.03250,12.0837,357.5,0.35750,12.0837,1202.5,0.03644,5.0812,707.5,0.07075,12.0825,1032.5,0.10325,12.0813,960.0,0.09600,12.0825,1340.0,0.13400,12.0837,-5.0,-0.00050,12.0850,-7.5,-0.00075,12.0813,-7.5,-0.00075,12.0837,-5.0,-0.00050,12.0837,-5.0,-0.00050,12.0837,-5.0,-0.00050,12.0850,-7.5,-0.00075,104.89
1,173767,1,0,86.78,4.8875,1050.0,1.05000,12.0837,362.5,0.36250,12.0837,1205.0,0.03652,5.0812,707.5,0.07075,12.0825,1060.0,0.10600,12.0800,985.0,0.09850,12.0825,1370.0,0.13700,12.0837,-5.0,-0.00050,12.0850,-7.5,-0.00075,12.0825,-7.5,-0.00075,12.0825,-5.0,-0.00050,12.0837,-5.0,-0.00050,12.0837,-5.0,-0.00050,12.0850,-7.5,-0.00075,105.22
1,174199,1,0,87.14,4.8875,1050.0,1.05000,12.0837,365.0,0.36500,12.0850,1202.5,0.03644,5.0812,707.5,0.07075,12.0837,1052.5,0.10525,12.0813,982.5,0.09825,12.0837,1370.0,0.13700,12.0850,-5.0,-0.00050,12.0850,-7.5,-0.00075,12.0825,-7.5,-0.00075,12.0837,-5.0,-0.00050,12.0837,-5.0,-0.00050,12.0837,-5.0,-0.00050,12.0850,-7.5,-0.00075,105.66
1,174535,1,0,87.42,4.8875,1047.5,1.04750,12.0837,365.0,0.36500,12.0850,1202.5,0.03644,5.0812,707.5,0.07075,12.0837,1057.5,0.10575,12.0813,975.0,0.09750,12.0837,1365.0,0.13650,12.0850,-5.0,-0.00050,12.0862,-7.5,-0.00075,12.0825,-7.5,-0.00075,12.0837,-5.0,-0.00050,12.0837,-5.0,-0.00050,12.0837,-5.0,-0.00050,12.0850,-7.5,-0.00075,105.99
1,174870,1,0,87.70,4.8850,1067.5,1.06750,12.0837,370.0,0.37000,12.0850,1205.0,0.03652,5.0812,707.5,0.07075,12.0825,1070.0,0.10700,12.0813,1000.0,0.10000,12.0825,1387.5,0.13875,12.0850,-5.0,-0.00050,12.0850,-7.5,-0.00075,12.0825,-7.5,-0.00075,12.0837,-5.0,-0.00050,12.0837,-5.0,-0.00050,12.0837,-5.0,-0.00050,12.0850,-7.5,-0.00075,106.32
1,175205,1,0,87.98,4.8850,1067.5,1.06750,12.0837,370.0,0.37000,12.0850,1207.5,0.03659,5.0812,707.5,0.07075,12.0825,1070.0,0.10700,12.0813,1007.5,0.10075,12.0825,1400.0,0.14000,12.0837,-5.0,-0.00050,12.0850,-7.5,-0.00075,12.0825,-7.5,-0.00075,12.0837,-5.0,-0.00050,12.0837,-5.0,-0.00050,12.0837,-5.0,-0.00050,12.0850,-7.5,-0.00075,106.66
1,175627,1,0,88.33,4.8825,1085.0,1.08500,12.0837,377.5,0.37750,12.0850,1205.0,0.03652,5.0812,707.5,0.07075,12.0837,1097.5,0.10975,12.0813,1017.5,0.10175,12.0837,1425.0,0.14250,12.0850,-5.0,-0.00050,12.0862,-7.5,-0.00075,12.0825,-7.5,-0.00075,12.0837,-5.0,-0.00050,12.0837,-5.0,-0.00050,12.0837,-5.0,-0.00050,12.0850,-7.5,-0.00075,107.09
1,175963,1,0,88.61,4.8825,1085.0,1.08500,12.0837,380.0,0.38000,12.0850,1202.5,0.03644,5.0812,707.5,0.07075,12.0825,1092.5,0.10925,12.0813,1017.5,0.10175,12.0825,1422.5,0.14225,12.0837,-5.0,-0.00050,12.0850,-7.5,-0.00075,12.0825,-7.5,-0.00075,12.0837,-5.0,-0.00050,12.0837,-5.0,-0.00050,12.0837,-5.0,-0.00050,12.0850,-7.5,-0.00075,107.43
1,176319,1,0,88.91,4.8825,1082.5,1.08250,12.0837,375.0,0.37500,12.0850,1202.5,0.03644,5.0812,707.5,0.07075,12.0825,1092.5,0.10925,12.0813,1022.5,0.10225,12.0825,1415.0,0.14150,12.0837,-5.0,-0.00050,12.0850,-7.5,-0.00075,12.0825,-7.5,-0.00075,12.0837,-5.0,-0.00050,12.0837,-5.0,-0.00050,12.0837,-5.0,-0.00050,12.0850,-7.5,-0.00075,107.77
1,176655,1,0,89.19,4.8800,1102.5,1.10250,12.0837,382.5,0.38250,12.0837,1205.0,0.03652,5.0812,707.5,0.07075,12.0825,1082.5,0.10825,12.0800,1042.5,0.10425,12.0825,1425.0,0.14250,12.0837,-5.0,-0.00050,12.0850,-7.5,-0.00075,12.0813,-7.5,-0.00075,12.0837,-5.0,-0.00050,12.0837,-5.0,-0.00050,12.0837,-5.0,-0.00050,12.0850,-7.5,-0.00075,108.10
1,177088,1,0,89.55,4.8800,1102.5,1.10250,12.0850,385.0,0.38500,12.0850,1205.0,0.03652,5.0812,707.5,0.07075,12.0837,1065.0,0.10650,12.0813,1040.0,0.10400,12.0837,1445.0,0.14450,12.0850,-5.0,-0.00050,12.0862,-7.5,-0.00075,12.0825,-7.5,-0.00075,12.0837,-5.0,-0.00050,12.0837,-5.0,-0.00050,12.0850,-5.0,-0.00050,12.0862,-7.5,-0.00075,108.54
1,177424,1,0,89.83,4.8800,1102.5,1.10250,12.0837,385.0,0.38500,12.0850,1205.0,0.03652,5.0812,707.5,0.07075,12.0825,1145.0,0.11450,12.0813,1027.5,0.10275,12.0825,1442.5,0.14425,12.0837,-5.0,-0.00050,12.0850,-7.5,-0.00075,12.0825,-7.5,-0.00075,12.0837,-5.0,-0.00050,12.0837,-5.0,-0.00050,12.0837,-5.0,-0.00050,12.0850,-7.5,-0.00075,108.87
1,177759,1,0,90.11,4.8787,1120.0,1.12000,12.0837,390.0,0.39000,12.0837,1202.5,0.03644,5.0812,707.5,0.07075,12.0825,1125.0,0.11250,12.0813,1062.5,0.10625,12.0825,1457.5,0.14575,12.0837,-5.0,-0.00050,12.0850,-7.5,-0.00075,12.0813,-7.5,-0.00075,12.0825,-5.0,-0.00050,12.0837,-5.0,-0.00050,12.0837,-5.0,-0.00050,12.0850,-7.5,-0.00075,109.21
1,178094,1,0,90.39,4.8787,1120.0,1.12000,12.0837,390.0,0.39000,12.0837,1205.0,0.03652,5.0812,707.5,0.07075,12.0825,1140.0,0.11400,12.0813,1065.0,0.10650,12.0825,1475.0,0.14750,12.0837,-5.0,-0.00050,12.0850,-7.5,-0.00075,12.0813,-7.5,-0.00075,12.0825,-5.0,-0.00050,12.0837,-5.0,-0.00050,12.0837,-5.0,-0.00050,12.0850,-7.5,-0.00075,109.55
1,178614,1,0,90.82,4.8762,1137.5,1.13750,12.0837,400.0,0.40000,12.0850,1205.0,0.03652,5.0812,707.5,0.07075,12.0825,1135.0,0.11350,12.0813,1105.0,0.11050,12.0825,1500.0,0.15000,12.0837,-5.0,-0.00050,12.0850,-7.5,-0.00075,12.0825,-7.5,-0.00075,12.0837,-5.0,-0.00050,12.0837,-5.0,-0.00050,12.0837,-5.0,-0.00050,12.0850,-7.5,-0.00075,110.08
1,178950,1,0,91.10,4.8750,1140.0,1.14000,12.0837,397.5,0.39750,12.0837,1205.0,0.03652,5.0812,707.5,0.07075,12.0825,1137.5,0.11375,12.0813,1080.0,0.10800,12.0825,1510.0,0.15100,12.0837,-5.0,-0.00050,12.0850,-7.5,-0.00075,12.0825,-7.5,-0.00075,12.0837,-5.0,-0.00050,12.0837,-5.0,-0.00050,12.0837,-5.0,-0.00050,12.0850,-7.5,-0.00075,110.40
1,179285,1,0,91.38,4.8762,1137.5,1.13750,12.0837,395.0,0.39500,12.0850,1207.5,0.03659,5.0812,710.0,0.07100,12.0825,1142.5,0.11425,12.0813,1070.0,0.10700,12.0825,1495.0,0.14950,12.0850,-5.0,-0.00050,12.0850,-7.5,-0.00075,12.0825,-7.5,-0.00075,12.0837,-5.0,-0.00050,12.0837,-5.0,-0.00050,12.0837,-5.0,-0.00050,12.0850,-7.5,-0.00075,110.73
1,179620,1,0,91.66,4.8737,1155.0,1.15500,12.0837,402.5,0.40250,12.0850,1205.0,0.03652,5.0812,710.0,0.07100,12.0825,1152.5,0.11525,12.0800,1085.0,0.10850,12.0825,1525.0,0.15250,12.0837,-5.0,-0.00050,12.0850,-7.5,-0.00075,12.0813,-7.5,-0.00075,12.0825,-5.0,-0.00050,12.0837,-5.0,-0.00050,12.0837,-5.0,-0.00050,12.0850,-7.5,-0.00075,111.07
1,180016,1,0,91.99,4.8737,1155.0,1.15500,12.0850,402.5,0.40250,12.0850,1207.5,0.03659,5.0812,710.0,0.07100,12.0837,1165.0,0.11650,12.0825,1087.5,0.10875,12.0837,1542.5,0.15425,12.0850,-5.0,-0.00050,12.0862,-7.5,-0.00075,12.0837,-7.5,-0.00075,12.0837,-5.0,-0.00050,12.0850,-5.0,-0.00050,12.0850,-5.0,-0.00050,12.0862,-7.5,-0.00075,111.47
1,180351,1,0,92.27,4.8712,1175.0,1.17500,12.0837,415.0,0.41500,12.0837,1210.0,0.03667,5.0812,707.5,0.07075,12.0825,1190.0,0.11900,12.0800,1105.0,0.11050,12.0825,1552.5,0.15525,12.0837,-5.0,-0.00050,12.0850,-7.5,-0.00075,12.0825,-7.5,-0.00075,12.0837,-5.0,-0.00050,12.0837,-5.0,-0.00050,12.0837,-5.0,-0.00050,12.0850,-7.5,-0.00075,111.82
1,180707,1,0,92.57,4.8712,1177.5,1.17750,12.0837,415.0,0.41500,12.0850,1207.5,0.03659,5.0812,710.0,0.07100,12.0825,1190.0,0.11900,12.0813,1105.0,0.11050,12.0825,1557.5,0.15575,12.0850,-5.0,-0.00050,12.0862,-7.5,-0.00075,12.0825,-7.5,-0.00075,12.0837,-5.0,-0.00050,12.0837,-5.0,-0.00050,12.0837,-5.0,-0.00050,12.0850,-7.5,-0.00075,112.16
1,181043,1,0,92.85,4.8712,1172.5,1.17250,12.0837,412.5,0.41250,12.0850,1202.5,0.03644,5.0812,707.5,0.07075,12.0825,1190.0,0.11900,12.0813,1112.5,0.11125,12.0825,1560.0,0.15600,12.0850,-5.0,-0.00050,12.0862,-7.5,-0.00075,12.0825,-7.5,-0.00075,12.0837,-5.0,-0.00050,12.0837,-5.0,-0.00050,12.0837,-5.0,-0.00050,12.0850,-7.5,-0.00075,112.50
1,181474,1,0,93.21,4.8688,1192.5,1.19250,12.0850,422.5,0.42250,12.0862,1205.0,0.03652,5.0812,710.0,0.07100,12.0837,1205.0,0.12050,12.0813,1127.5,0.11275,12.0837,1582.5,0.15825,12.0850,-5.0,-0.00050,12.0862,-7.5,-0.00075,12.0837,-7.5,-0.00075,12.0850,-5.0,-0.00050,12.0850,-5.0,-0.00050,12.0850,-5.0,-0.00050,12.0862,-7.5,-0.00075,112.93
1,181810,1,0,93.49,4.8688,1195.0,1.19500,12.0837,417.5,0.41750,12.0850,1207.5,0.03659,5.0812,710.0,0.07100,12.0837,1207.5,0.12075,12.0813,1122.5,0.11225,12.0837,1577.5,0.15775,12.0850,-5.0,-0.00050,12.0862,-7.5,-0.00075,12.0825,-7.5,-0.00075,12.0837,-5.0,-0.00050,12.0837,-5.0,-0.00050,12.0850,-5.0,-0.00050,12.0850,-7.5,-0.00075,113.26
1,182145,1,0,93.76,4.8688,1190.0,1.19000,12.0837,420.0,0.42000,12.0850,1207.5,0.03659,5.0812,707.5,0.07075,12.0837,1202.5,0.12025,12.0813,1120.0,0.11200,12.0837,1580.0,0.15800,12.0850,-5.0,-0.00050,12.0862,-7.5,-0.00075,12.0825,-7.5,-0.00075,12.0837,-5.0,-0.00050,12.0837,-5.0,-0.00050,12.0850,-5.0,-0.00050,12.0862,-7.5,-0.00075,113.60
1,182480,1,0,94.04,4.8663,1212.5,1.21250,12.0837,425.0,0.42500,12.0850,1205.0,0.03652,5.0812,710.0,0.07100,12.0825,1220.0,0.12200,12.0800,1135.0,0.11350,12.0825,1610.0,0.16100,12.0837,-5.0,-0.00050,12.0850,-7.5,-0.00075,12.0825,-7.5,-0.00075,12.0837,-5.0,-0.00050,12.0837,-5.0,-0.00050,12.0837,-5.0,-0.00050,12.0850,-7.5,-0.00075,113.93
1,182876,1,0,94.37,4.8663,1212.5,1.21250,12.0850,425.0,0.42500,12.0862,1207.5,0.03659,5.0812,710.0,0.07100,12.0837,1222.5,0.12225,12.0825,1140.0,0.11400,12.0837,1605.0,0.16050,12.0862,-5.0,-0.00050,12.0862,-7.5,-0.00075,12.0825,-7.5,-0.00075,12.0837,-5.0,-0.00050,12.0850,-5.0,-0.00050,12.0850,-5.0,-0.00050,12.0862,-7.5,-0.00075,114.33
1,183212,1,0,94.65,4.8637,1230.0,1.23000,12.0837,432.5,0.43250,12.0850,1207.5,0.03659,5.0812,710.0,0.07100,12.0825,1247.5,0.12475,12.0813,1160.0,0.11600,12.0825,1630.0,0.16300,12.0837,-5.0,-0.00050,12.0850,-7.5,-0.00075,12.0825,-7.5,-0.00075,12.0837,-5.0,-0.00050,12.0837,-5.0,-0.00050,12.0837,-5.0,-0.00050,12.0850,-7.5,-0.00075,114.66
1,183547,1,0,94.93,4.8637,1230.0,1.23000,12.0850,427.5,0.42750,12.0850,1205.0,0.03652,5.0812,707.5,0.07075,12.0825,1245.0,0.12450,12.0813,1157.5,0.11575,12.0825,1645.0,0.16450,12.0850,-5.0,-0.00050,12.0862,-7.5,-0.00075,12.0825,-7.5,-0.00075,12.0837,-5.0,-0.00050,12.0850,-5.0,-0.00050,12.0850,-5.0,-0.00050,12.0862,-7.5,-0.00075,115.01
1,183882,1,0,95.21,4.8637,1230.0,1.23000,12.0850,425.0,0.42500,12.0850,1205.0,0.03652,5.0812,710.0,0.07100,12.0825,1225.0,0.12250,12.0813,1167.5,0.11675,12.0825,1632.5,0.16325,12.0850,-5.0,-0.00050,12.0862,-7.5,-0.00075,12.0825,-7.5,-0.00075,12.0837,-5.0,-0.00050,12.0837,-5.0,-0.00050,12.0850,-5.0,-0.00050,12.0862,-7.5,-0.00075,115.34
1,184286,1,0,95.55,4.8612,1250.0,1.25000,12.0850,450.0,0.45000,12.0862,1210.0,0.03667,5.0812,710.0,0.07100,12.0837,1252.5,0.12525,12.0813,1180.0,0.11800,12.0837,1662.5,0.16625,12.0850,-5.0,-0.00050,12.0862,-7.5,-0.00075,12.0837,-7.5,-0.00075,12.0850,-5.0,-0.00050,12.0850,-5.0,-0.00050,12.0850,-5.0,-0.00050,12.0862,-7.5,-0.00075,115.75
1,184622,1,0,95.83,4.8612,1250.0,1.25000,12.0837,445.0,0.44500,12.0850,1207.5,0.03659,5.0812,710.0,0.07100,12.0825,1245.0,0.12450,12.0813,1180.0,0.11800,12.0825,1675.0,0.16750,12.0850,-5.0,-0.00050,12.0862,-7.5,-0.00075,12.0825,-7.5,-0.00075,12.0837,-5.0,-0.00050,12.0837,-5.0,-0.00050,12.0850,-5.0,-0.00050,12.0850,-7.5,-0.00075,116.10
1,184978,1,0,96.13,4.8612,1247.5,1.24750,12.0837,437.5,0.43750,12.0850,1210.0,0.03667,5.0812,710.0,0.07100,12.0825,1282.5,0.12825,12.0813,1175.0,0.11750,12.0825,1657.5,0.16575,12.0850,-5.0,-0.00050,12.0850,-7.5,-0.00075,12.0825,-7.5,-0.00075,12.0837,-5.0,-0.00050,12.0837,-5.0,-0.00050,12.0837,-5.0,-0.00050,12.0850,-7.5,-0.00075,116.44
1,185314,1,0,96.41,4.8587,1272.5,1.27250,12.0837,447.5,0.44750,12.0850,1205.0,0.03652,5.0812,710.0,0.07100,12.0825,1282.5,0.12825,12.0800,1195.0,0.11950,12.0825,1707.5,0.17075,12.0837,-5.0,-0.00050,12.0850,-7.5,-0.00075,12.0825,-7.5,-0.00075,12.0825,-5.0,-0.00050,12.0837,-5.0,-0.00050,12.0837,-5.0,-0.00050,12.0850,-7.5,-0.00075,116.77
1,185728,1,0,96.75,4.8587,1272.5,1.27250,12.0850,447.5,0.44750,12.0862,1207.5,0.03659,5.0812,710.0,0.07100,12.0837,1282.5,0.12825,12.0813,1192.5,0.11925,12.0837,1690.0,0.16900,12.0850,-5.0,-0.00050,12.0862,-7.5,-0.00075,12.0837,-7.5,-0.00075,12.0850,-5.0,-0.00050,12.0850,-5.0,-0.00050,12.0850,-5.0,-0.00050,12.0862,-7.5,-0.00075,117.18
1,186063,1,0,97.03,4.8537,1312.5,1.31250,12.0837,457.5,0.45750,12.0850,1212.5,0.03674,5.0812,710.0,0.07100,12.0825,1332.5,0.13325,12.0800,1227.5,0.12275,12.0825,1755.0,0.17550,12.0837,-5.0,-0.00050,12.0850,-7.5,-0.00075,12.0825,-7.5,-0.00075,12.0825,-5.0,-0.00050,12.0837,-5.0,-0.00050,12.0837,-5.0,-0.00050,12.0850,-7.5,-0.00075,117.52
1,186398,1,0,97.31,4.8537,1315.0,1.31500,12.0837,467.5,0.46750,12.0850,1207.5,0.03659,5.0812,710.0,0.07100,12.0825,1335.0,0.13350,12.0813,1240.0,0.12400,12.0825,1745.0,0.17450,12.0850,-5.0,-0.00050,12.0862,-7.5,-0.00075,12.0825,-7.5,-0.00075,12.0837,-5.0,-0.00050,12.0837,-5.0,-0.00050,12.0837,-5.0,-0.00050,12.0862,-7.5,-0.00075,117.86
1,186733,1,0,97.59,4.8537,1312.5,1.31250,12.0850,465.0,0.46500,12.0850,1210.0,0.03667,5.0812,710.0,0.07100,12.0825,1332.5,0.13325,12.0813,1242.5,0.12425,12.0825,1757.5,0.17575,12.0850,-5.0,-0.00050,12.0862,-7.5,-0.00075,12.0825,-7.5,-0.00075,12.0837,-5.0,-0.00050,12.0837,-5.0,-0.00050,12.0850,-5.0,-0.00050,12.0862,-7.5,-0.00075,118.19
1,187155,1,0,97.94,4.8488,1347.5,1.34750,12.0837,475.0,0.47500,12.0850,1207.5,0.03659,5.0812,710.0,0.07100,12.0825,1375.0,0.13750,12.0813,1275.0,0.12750,12.0825,1800.0,0.18000,12.0850,-5.0,-0.00050,12.0850,-7.5,-0.00075,12.0825,-7.5,-0.00075,12.0837,-5.0,-0.00050,12.0837,-5.0,-0.00050,12.0850,-5.0,-0.00050,12.0850,-7.5,-0.00075,118.61
1,187491,1,0,98.22,4.8488,1352.5,1.35250,12.0837,480.0,0.48000,12.0850,1207.5,0.03659,5.0812,710.0,0.07100,12.0825,1375.0,0.13750,12.0813,1285.0,0.12850,12.0825,1812.5,0.18125,12.0850,-5.0,-0.00050,12.0862,-7.5,-0.00075,12.0825,-7.5,-0.00075,12.0837,-5.0,-0.00050,12.0837,-5.0,-0.00050,12.0837,-5.0,-0.00050,12.0850,-7.5,-0.00075,118.95
1,187826,1,0,98.50,4.8488,1350.0,1.35000,12.0837,477.5,0.47750,12.0850,1210.0,0.03667,5.0812,710.0,0.07100,12.0825,1375.0,0.13750,12.0813,1280.0,0.12800,12.0825,1812.5,0.18125,12.0850,-5.0,-0.00050,12.0862,-7.5,-0.00075,12.0825,-7.5,-0.00075,12.0837,-5.0,-0.00050,12.0837,-5.0,-0.00050,12.0850,-5.0,-0.00050,12.0850,-7.5,-0.00075,119.28
1,188161,1,0,98.78,4.8488,1350.0,1.35000,12.0850,477.5,0.47750,12.0850,1210.0,0.03667,5.0812,710.0,0.07100,12.0825,1375.0,0.13750,12.0800,1277.5,0.12775,12.0825,1805.0,0.18050,12.0850,-5.0,-0.00050,12.0862,-7.5,-0.00075,12.0825,-7.5,-0.00075,12.0837,-5.0,-0.00050,12.0837,-5.0,-0.00050,12.0850,-5.0,-0.00050,12.0862,-7.5,-0.00075,119.62
1,188579,1,0,99.13,4.8500,1347.5,1.34750,12.0850,477.5,0.47750,12.0862,1210.0,0.03667,5.0812,710.0,0.07100,12.0837,1362.5,0.13625,12.0813,1270.0,0.12700,12.0837,1797.5,0.17975,12.0862,-5.0,-0.00050,12.0862,-7.5,-0.00075,12.0837,-7.5,-0.00075,12.0850,-5.0,-0.00050,12.0850,-5.0,-0.00050,12.0850,-5.0,-0.00050,12.0862,-7.5,-0.00075,120.04
1,188914,1,0,99.41,4.8500,1345.0,1.34500,12.0850,475.0,0.47500,12.0850,1212.5,0.03674,5.0812,710.0,0.07100,12.0837,1360.0,0.13600,12.0813,1267.5,0.12675,12.0825,1800.0,0.18000,12.0850,-5.0,-0.00050,12.0862,-7.5,-0.00075,12.0825,-7.5,-0.00075,12.0837,-5.0,-0.00050,12.0837,-5.0,-0.00050,12.0850,-5.0,-0.00050,12.0850,-7.5,-0.00075,120.38
1,189270,1,0,99.70,4.8500,1342.5,1.34250,12.0837,475.0,0.47500,12.0850,1207.5,0.03659,5.0812,710.0,0.07100,12.0825,1355.0,0.13550,12.0813,1260.0,0.12600,12.0825,1805.0,0.18050,12.0850,-5.0,-0.00050,12.0850,-7.5,-0.00075,12.0825,-7.5,-0.00075,12.0837,-5.0,-0.00050,12.0837,-5.0,-0.00050,12.0837,-5.0,-0.00050,12.0850,-7.5,-0.00075,120.72
1,189606,1,0,99.98,4.8500,1342.5,1.34250,12.0837,472.5,0.47250,12.0850,1202.5,0.03644,5.0812,707.5,0.07075,12.0825,1355.0,0.13550,12.0800,1267.5,0.12675,12.0825,1802.5,0.18025,12.0850,-5.0,-0.00050,12.0850,-7.5,-0.00075,12.0825,-7.5,-0.00075,12.0837,-5.0,-0.00050,12.0837,-5.0,-0.00050,12.0837,-5.0,-0.00050,12.0850,-7.5,-0.00075,121.06
1,190010,1,0,100.00,4.8500,1345.0,1.34500,12.0850,472.5,0.47250,12.0862,1202.5,0.03644,5.0812,707.5,0.07075,12.0837,1370.0,0.13700,12.0813,1270.0,0.12700,12.0837,1802.5,0.18025,12.0850,-5.0,-0.00050,12.0862,-7.5,-0.00075,12.0837,-7.5,-0.00075,12.0850,-5.0,-0.00050,12.0850,-5.0,-0.00050,12.0850,-5.0,-0.00050,12.0862,-7.5,-0.00075,121.46
1,190345,1,0,99.72,4.8500,1345.0,1.34500,12.0837,477.5,0.47750,12.0850,1207.5,0.03659,5.0812,710.0,0.07100,12.0825,1372.5,0.13725,12.0813,1262.5,0.12625,12.0825,1790.0,0.17900,12.0850,-5.0,-0.00050,12.0862,-7.5,-0.00075,12.0825,-7.5,-0.00075,12.0837,-5.0,-0.00050,12.0837,-5.0,-0.00050,12.0837,-5.0,-0.00050,12.0850,-7.5,-0.00075,121.79
1,190680,1,0,99.44,4.8500,1340.0,1.34000,12.0837,472.5,0.47250,12.0850,1207.5,0.03659,5.0812,710.0,0.07100,12.0825,1375.0,0.13750,12.0813,1257.5,0.12575,12.0825,1802.5,0.18025,12.0850,-5.0,-0.00050,12.0862,-7.5,-0.00075,12.0825,-7.5,-0.00075,12.0837,-5.0,-0.00050,12.0837,-5.0,-0.00050,12.0850,-5.0,-0.00050,12.0850,-7.5,-0.00075,122.14
1,191015,1,0,99.16,4.8500,1342.5,1.34250,12.0837,475.0,0.47500,12.0850,1210.0,0.03667,5.0812,710.0,0.07100,12.0825,1370.0,0.13700,12.0800,1260.0,0.12600,12.0825,1807.5,0.18075,12.0850,-5.0,-0.00050,12.0850,-7.5,-0.00075,12.0825,-7.5,-0.00075,12.0837,-5.0,-0.00050,12.0837,-5.0,-0.00050,12.0837,-5.0,-0.00050,12.0850,-7.5,-0.00075,122.47
1,191436,1,0,98.81,4.8500,1342.5,1.34250,12.0850,475.0,0.47500,12.0862,1210.0,0.03667,5.0812,710.0,0.07100,12.0825,1342.5,0.13425,12.0813,1257.5,0.12575,12.0825,1807.5,0.18075,12.0850,-5.0,-0.00050,12.0862,-7.5,-0.00075,12.0825,-7.5,-0.00075,12.0837,-5.0,-0.00050,12.0837,-5.0,-0.00050,12.0850,-5.0,-0.00050,12.0850,-7.5,-0.00075,122.90
1,191771,1,0,98.53,4.8500,1342.5,1.34250,12.0837,472.5,0.47250,12.0850,1205.0,0.03652,5.0812,710.0,0.07100,12.0825,1352.5,0.13525,12.0813,1267.5,0.12675,12.0825,1810.0,0.18100,12.0850,-5.0,-0.00050,12.0862,-7.5,-0.00075,12.0825,-7.5,-0.00075,12.0837,-5.0,-0.00050,12.0837,-5.0,-0.00050,12.0837,-5.0,-0.00050,12.0850,-7.5,-0.00075,123.23
1,192106,1,0,98.25,4.8500,1345.0,1.34500,12.0837,475.0,0.47500,12.0850,1207.5,0.03659,5.0812,710.0,0.07100,12.0825,1365.0,0.13650,12.0800,1257.5,0.12575,12.0825,1815.0,0.18150,12.0837,-5.0,-0.00050,12.0850,-7.5,-0.00075,12.0825,-7.5,-0.00075,12.0837,-5.0,-0.00050,12.0837,-5.0,-0.00050,12.0837,-5.0,-0.00050,12.0850,-7.5,-0.00075,123.56
1,192441,1,0,97.97,4.8500,1340.0,1.34000,12.0837,475.0,0.47500,12.0850,1207.5,0.03659,5.0812,710.0,0.07100,12.0825,1375.0,0.13750,12.0800,1265.0,0.12650,12.0825,1810.0,0.18100,12.0850,-5.0,-0.00050,12.0850,-7.5,-0.00075,12.0825,-7.5,-0.00075,12.0837,-5.0,-0.00050,12.0837,-5.0,-0.00050,12.0850,-5.0,-0.00050,12.0850,-7.5,-0.00075,123.90
1,192854,1,0,97.63,4.8537,1310.0,1.31000,12.0850,462.5,0.46250,12.0862,1210.0,0.03667,5.0812,710.0,0.07100,12.0837,1310.0,0.13100,12.0825,1220.0,0.12200,12.0837,1757.5,0.17575,12.0862,-5.0,-0.00050,12.0875,-7.5,-0.00075,12.0837,-7.5,-0.00075,12.0850,-5.0,-0.00050,12.0850,-5.0,-0.00050,12.0862,-5.0,-0.00050,12.0862,-7.5,-0.00075,124.31
1,193190,1,0,97.35,4.8550,1297.5,1.29750,12.0837,457.5,0.45750,12.0850,1205.0,0.03652,5.0812,710.0,0.07100,12.0825,1305.0,0.13050,12.0813,1217.5,0.12175,12.0825,1750.0,0.17500,12.0850,-5.0,-0.00050,12.0862,-7.5,-0.00075,12.0825,-7.5,-0.00075,12.0837,-5.0,-0.00050,12.0837,-5.0,-0.00050,12.0837,-5.0,-0.00050,12.0850,-7.5,-0.00075,124.66
1,193546,1,0,97.05,4.8550,1302.5,1.30250,12.0837,462.5,0.46250,12.0850,1210.0,0.03667,5.0812,710.0,0.07100,12.0825,1315.0,0.13150,12.0800,1210.0,0.12100,12.0825,1762.5,0.17625,12.0837,-5.0,-0.00050,12.0850,-7.5,-0.00075,12.0825,-7.5,-0.00075,12.0837,-5.0,-0.00050,12.0837,-5.0,-0.00050,12.0837,-5.0,-0.00050,12.0850,-7.5,-0.00075,125.00
1,193882,1,0,96.77,4.8600,1260.0,1.26000,12.0850,445.0,0.44500,12.0862,1207.5,0.03659,5.0812,710.0,0.07100,12.0837,1275.0,0.12750,12.0813,1172.5,0.11725,12.0837,1697.5,0.16975,12.0862,-5.0,-0.00050,12.0862,-7.5,-0.00075,12.0837,-7.5,-0.00075,12.0837,-5.0,-0.00050,12.0850,-5.0,-0.00050,12.0850,-5.0,-0.00050,12.0862,-7.5,-0.00075,125.34
1,194300,1,0,96.42,4.8612,1257.5,1.25750,12.0850,445.0,0.44500,12.0862,1210.0,0.03667,5.0812,710.0,0.07100,12.0837,1270.0,0.12700,12.0813,1170.0,0.11700,12.0837,1695.0,0.16950,12.0850,-5.0,-0.00050,12.0875,-7.5,-0.00075,12.0825,-7.5,-0.00075,12.0850,-5.0,-0.00050,12.0850,-5.0,-0.00050,12.0850,-5.0,-0.00050,12.0862,-7.5,-0.00075,125.76
1,194636,1,0,96.14,4.8600,1262.5,1.26250,12.0837,445.0,0.44500,12.0850,1210.0,0.03667,5.0812,710.0,0.07100,12.0825,1267.5,0.12675,12.0813,1175.0,0.11750,12.0825,1697.5,0.16975,12.0850,-5.0,-0.00050,12.0862,-7.5,-0.00075,12.0825,-7.5,-0.00075,12.0837,-5.0,-0.00050,12.0837,-5.0,-0.00050,12.0850,-5.0,-0.00050,12.0850,-7.5,-0.00075,126.09
1,194971,1,0,95.86,4.8625,1237.5,1.23750,12.0850,435.0,0.43500,12.0862,1205.0,0.03652,5.0812,710.0,0.07100,12.0837,1247.5,0.12475,12.0813,1157.5,0.11575,12.0837,1665.0,0.16650,12.0850,-5.0,-0.00050,12.0862,-7.5,-0.00075,12.0825,-7.5,-0.00075,12.0837,-5.0,-0.00050,12.0850,-5.0,-0.00050,12.0850,-5.0,-0.00050,12.0862,-7.5,-0.00075,126.42
1,195306,1,0,95.59,4.8625,1237.5,1.23750,12.0837,435.0,0.43500,12.0850,1212.5,0.03674,5.0812,710.0,0.07100,12.0837,1240.0,0.12400,12.0813,1150.0,0.11500,12.0837,1662.5,0.16625,12.0850,-5.0,-0.00050,12.0862,-7.5,-0.00075,12.0825,-7.5,-0.00075,12.0837,-5.0,-0.00050,12.0837,-5.0,-0.00050,12.0850,-5.0,-0.00050,12.0850,-7.5,-0.00075,126.75
1,195738,1,0,95.23,4.8650,1217.5,1.21750,12.0850,425.0,0.42500,12.0862,1207.5,0.03659,5.0812,710.0,0.07100,12.0837,1217.5,0.12175,12.0825,1140.0,0.11400,12.0837,1642.5,0.16425,12.0862,-5.0,-0.00050,12.0875,-7.5,-0.00075,12.0837,-7.5,-0.00075,12.0850,-5.0,-0.00050,12.0850,-5.0,-0.00050,12.0850,-5.0,-0.00050,12.0862,-7.5,-0.00075,127.19
1,196073,1,0,94.95,4.8650,1220.0,1.22000,12.0837,432.5,0.43250,12.0850,1207.5,0.03659,5.0812,710.0,0.07100,12.0837,1217.5,0.12175,12.0813,1122.5,0.11225,12.0825,1652.5,0.16525,12.0850,-5.0,-0.00050,12.0862,-7.5,-0.00075,12.0825,-7.5,-0.00075,12.0837,-5.0,-0.00050,12.0850,-5.0,-0.00050,12.0850,-5.0,-0.00050,12.0850,-7.5,-0.00075,127.52
1,196408,1,0,94.67,4.8650,1220.0,1.22000,12.0837,425.0,0.42500,12.0850,1205.0,0.03652,5.0812,710.0,0.07100,12.0825,1227.5,0.12275,12.0813,1120.0,0.11200,12.0825,1650.0,0.16500,12.0850,-5.0,-0.00050,12.0862,-7.5,-0.00075,12.0825,-7.5,-0.00075,12.0837,-5.0,-0.00050,12.0837,-5.0,-0.00050,12.0850,-5.0,-0.00050,12.0850,-7.5,-0.00075,127.86
1,196743,1,0,94.39,4.8675,1200.0,1.20000,12.0850,415.0,0.41500,12.0862,1207.5,0.03659,5.0812,710.0,0.07100,12.0837,1207.5,0.12075,12.0825,1110.0,0.11100,12.0837,1620.0,0.16200,12.0862,-5.0,-0.00050,12.0862,-7.5,-0.00075,12.0825,-7.5,-0.00075,12.0837,-5.0,-0.00050,12.0850,-5.0,-0.00050,12.0850,-5.0,-0.00050,12.0862,-7.5,-0.00075,128.20
1,197169,1,0,94.03,4.8675,1200.0,1.20000,12.0850,422.5,0.42250,12.0862,1207.5,0.03659,5.0812,710.0,0.07100,12.0837,1192.5,0.11925,12.0825,1097.5,0.10975,12.0837,1617.5,0.16175,12.0862,-5.0,-0.00050,12.0862,-7.5,-0.00075,12.0837,-7.5,-0.00075,12.0850,-5.0,-0.00050,12.0850,-5.0,-0.00050,12.0850,-5.0,-0.00050,12.0862,-7.5,-0.00075,128.62
1,197505,1,0,93.75,4.8700,1182.5,1.18250,12.0837,412.5,0.41250,12.0862,1210.0,0.03667,5.0812,710.0,0.07100,12.0837,1177.5,0.11775,12.0813,1097.5,0.10975,12.0837,1595.0,0.15950,12.0850,-5.0,-0.00050,12.0862,-7.5,-0.00075,12.0825,-7.5,-0.00075,12.0837,-5.0,-0.00050,12.0837,-5.0,-0.00050,12.0850,-5.0,-0.00050,12.0850,-7.5,-0.00075,128.97
1,197861,1,0,93.46,4.8700,1182.5,1.18250,12.0837,415.0,0.41500,12.0850,1207.5,0.03659,5.0812,710.0,0.07100,12.0837,1182.5,0.11825,12.0813,1100.0,0.11000,12.0825,1587.5,0.15875,12.0850,-5.0,-0.00050,12.0862,-7.5,-0.00075,12.0825,-7.5,-0.00075,12.0837,-5.0,-0.00050,12.0837,-5.0,-0.00050,12.0850,-5.0,-0.00050,12.0850,-7.5,-0.00075,129.31
1,198197,1,0,93.18,4.8700,1180.0,1.18000,12.0837,417.5,0.41750,12.0850,1205.0,0.03652,5.0812,710.0,0.07100,12.0837,1167.5,0.11675,12.0813,1097.5,0.10975,12.0837,1587.5,0.15875,12.0850,-5.0,-0.00050,12.0862,-7.5,-0.00075,12.0825,-7.5,-0.00075,12.0837,-5.0,-0.00050,12.0837,-5.0,-0.00050,12.0850,-5.0,-0.00050,12.0862,-7.5,-0.00075,129.65
1,198626,1,0,92.82,4.8725,1162.5,1.16250,12.0850,402.5,0.40250,12.0862,1207.5,0.03659,5.0812,710.0,0.07100,12.0837,1170.0,0.11700,12.0825,1080.0,0.10800,12.0837,1565.0,0.15650,12.0862,-5.0,-0.00050,12.0875,-7.5,-0.00075,12.0837,-7.5,-0.00075,12.0850,-5.0,-0.00050,12.0850,-5.0,-0.00050,12.0850,-5.0,-0.00050,12.0862,-7.5,-0.00075,130.08
1,198962,1,0,92.54,4.8725,1162.5,1.16250,12.0837,412.5,0.41250,12.0850,1207.5,0.03659,5.0812,707.5,0.07075,12.0837,1170.0,0.11700,12.0813,1077.5,0.10775,12.0837,1562.5,0.15625,12.0850,-5.0,-0.00050,12.0862,-7.5,-0.00075,12.0825,-7.5,-0.00075,12.0837,-5.0,-0.00050,12.0837,-5.0,-0.00050,12.0850,-5.0,-0.00050,12.0850,-7.5,-0.00075,130.41
1,199297,1,0,92.26,4.8725,1165.0,1.16500,12.0837,405.0,0.40500,12.0850,1202.5,0.03644,5.0812,707.5,0.07075,12.0825,1170.0,0.11700,12.0813,1082.5,0.10825,12.0837,1560.0,0.15600,12.0850,-5.0,-0.00050,12.0862,-7.5,-0.00075,12.0825,-7.5,-0.00075,12.0837,-5.0,-0.00050,12.0837,-5.0,-0.00050,12.0837,-5.0,-0.00050,12.0850,-7.5,-0.00075,130.75
1,199632,1,0,91.98,4.8750,1145.0,1.14500,12.0837,397.5,0.39750,12.0850,1210.0,0.03667,5.0812,707.5,0.07075,12.0837,1147.5,0.11475,12.0813,1052.5,0.10525,12.0837,1537.5,0.15375,12.0850,-5.0,-0.00050,12.0862,-7.5,-0.00075,12.0825,-7.5,-0.00075,12.0837,-5.0,-0.00050,12.0837,-5.0,-0.00050,12.0850,-5.0,-0.00050,12.0862,-7.5,-0.00075,131.08
1,200108,1,0,91.58,4.8750,1142.5,1.14250,12.0850,402.5,0.40250,12.0862,1205.0,0.03652,5.0812,710.0,0.07100,12.0837,1142.5,0.11425,12.0813,1060.0,0.10600,12.0837,1520.0,0.15200,12.0850,-5.0,-0.00050,12.0862,-7.5,-0.00075,12.0825,-7.5,-0.00075,12.0850,-5.0,-0.00050,12.0850,-5.0,-0.00050,12.0850,-5.0,-0.00050,12.0862,-7.5,-0.00075,131.56
1,200444,1,0,91.30,4.8775,1127.5,1.12750,12.0850,392.5,0.39250,12.0850,1205.0,0.03652,5.0812,707.5,0.07075,12.0837,1125.0,0.11250,12.0813,1040.0,0.10400,12.0837,1505.0,0.15050,12.0850,-5.0,-0.00050,12.0862,-7.5,-0.00075,12.0825,-7.5,-0.00075,12.0837,-5.0,-0.00050,12.0837,-5.0,-0.00050,12.0850,-5.0,-0.00050,12.0862,-7.5,-0.00075,131.89
1,200779,1,0,91.02,4.8775,1125.0,1.12500,12.0837,390.0,0.39000,12.0850,1207.5,0.03659,5.0812,707.5,0.07075,12.0825,1117.5,0.11175,12.0800,1047.5,0.10475,12.0825,1497.5,0.14975,12.0837,-5.0,-0.00050,12.0850,-7.5,-0.00075,12.0825,-7.5,-0.00075,12.0837,-5.0,-0.00050,12.0837,-5.0,-0.00050,12.0837,-5.0,-0.00050,12.0850,-7.5,-0.00075,132.23
1,201114,1,0,90.75,4.8775,1125.0,1.12500,12.0837,392.5,0.39250,12.0850,1205.0,0.03652,5.0812,707.5,0.07075,12.0825,1117.5,0.11175,12.0813,1047.5,0.10475,12.0837,1507.5,0.15075,12.0850,-5.0,-0.00050,12.0862,-7.5,-0.00075,12.0825,-7.5,-0.00075,12.0837,-5.0,-0.00050,12.0837,-5.0,-0.00050,12.0850,-5.0,-0.00050,12.0850,-7.5,-0.00075,132.56
1,201610,1,0,90.33,4.8800,1107.5,1.10750,12.0850,387.5,0.38750,12.0862,1205.0,0.03652,5.0812,707.5,0.07075,12.0837,1105.0,0.11050,12.0825,1027.5,0.10275,12.0837,1477.5,0.14775,12.0850,-5.0,-0.00050,12.0862,-7.5,-0.00075,12.0837,-7.5,-0.00075,12.0850,-5.0,-0.00050,12.0850,-5.0,-0.00050,12.0850,-5.0,-0.00050,12.0862,-7.5,-0.00075,133.06
1,201945,1,0,90.05,4.8800,1105.0,1.10500,12.0837,387.5,0.38750,12.0837,1207.5,0.03659,5.0812,707.5,0.07075,12.0825,1102.5,0.11025,12.0813,1022.5,0.10225,12.0825,1475.0,0.14750,12.0837,-5.0,-0.00050,12.0850,-7.5,-0.00075,12.0825,-7.5,-0.00075,12.0837,-5.0,-0.00050,12.0837,-5.0,-0.00050,12.0837,-5.0,-0.00050,12.0850,-7.5,-0.00075,133.42
1,202301,1,0,89.76,4.8825,1087.5,1.08750,12.0837,377.5,0.37750,12.0850,1205.0,0.03652,5.0812,707.5,0.07075,12.0837,1080.0,0.10800,12.0813,1007.5,0.10075,12.0837,1447.5,0.14475,12.0850,-5.0,-0.00050,12.0862,-7.5,-0.00075,12.0825,-7.5,-0.00075,12.0837,-5.0,-0.00050,12.0837,-5.0,-0.00050,12.0850,-5.0,-0.00050,12.0862,-7.5,-0.00075,133.76
1,202637,1,0,89.48,4.8812,1090.0,1.09000,12.0837,377.5,0.37750,12.0850,1205.0,0.03652,5.0812,707.5,0.07075,12.0825,1082.5,0.10825,12.0813,1005.0,0.10050,12.0825,1450.0,0.14500,12.0850,-5.0,-0.00050,12.0850,-7.5,-0.00075,12.0825,-7.5,-0.00075,12.0837,-5.0,-0.00050,12.0837,-5.0,-0.00050,12.0850,-5.0,-0.00050,12.0850,-7.5,-0.00075,134.10
1,203020,1,0,89.16,4.8812,1090.0,1.09000,12.0850,380.0,0.38000,12.0850,1205.0,0.03652,5.0812,707.5,0.07075,12.0837,1085.0,0.10850,12.0813,1002.5,0.10025,12.0837,1452.5,0.14525,12.0850,-5.0,-0.00050,12.0862,-7.5,-0.00075,12.0825,-7.5,-0.00075,12.0837,-5.0,-0.00050,12.0850,-5.0,-0.00050,12.0850,-5.0,-0.00050,12.0862,-7.5,-0.00075,134.48
1,203356,1,0,88.88,4.8837,1070.0,1.07000,12.0837,372.5,0.37250,12.0850,1207.5,0.03659,5.0812,707.5,0.07075,12.0837,1070.0,0.10700,12.0813,992.5,0.09925,12.0837,1422.5,0.14225,12.0850,-5.0,-0.00050,12.0862,-7.5,-0.00075,12.0825,-7.5,-0.00075,12.0837,-5.0,-0.00050,12.0837,-5.0,-0.00050,12.0837,-5.0,-0.00050,12.0850,-7.5,-0.00075,134.82
1,203691,1,0,88.60,4.8837,1070.0,1.07000,12.0837,375.0,0.37500,12.0850,1210.0,0.03667,5.0812,707.5,0.07075,12.0837,1065.0,0.10650,12.0813,1000.0,0.10000,12.0837,1432.5,0.14325,12.0850,-5.0,-0.00050,12.0850,-7.5,-0.00075,12.0825,-7.5,-0.00075,12.0837,-5.0,-0.00050,12.0837,-5.0,-0.00050,12.0837,-5.0,-0.00050,12.0850,-7.5,-0.00075,135.14
1,204026,1,0,88.32,4.8837,1072.5,1.07250,12.0837,367.5,0.36750,12.0837,1205.0,0.03652,5.0812,707.5,0.07075,12.0825,1070.0,0.10700,12.0800,967.5,0.09675,12.0825,1430.0,0.14300,12.0837,-5.0,-0.00050,12.0850,-7.5,-0.00075,12.0825,-7.5,-0.00075,12.0825,-5.0,-0.00050,12.0837,-5.0,-0.00050,12.0837,-5.0,-0.00050,12.0850,-7.5,-0.00075,135.48
1,204422,1,0,87.99,4.8863,1052.5,1.05250,12.0850,362.5,0.36250,12.0850,1202.5,0.03644,5.0812,707.5,0.07075,12.0837,1045.0,0.10450,12.0813,1000.0,0.10000,12.0837,1395.0,0.13950,12.0850,-5.0,-0.00050,12.0862,-7.5,-0.00075,12.0825,-7.5,-0.00075,12.0837,-5.0,-0.00050,12.0850,-5.0,-0.00050,12.0850,-5.0,-0.00050,12.0862,-7.5,-0.00075,135.88
1,204757,1,0,87.71,4.8863,1055.0,1.05500,12.0837,367.5,0.36750,12.0837,1207.5,0.03659,5.0812,707.5,0.07075,12.0825,1035.0,0.10350,12.0800,960.0,0.09600,12.0825,1415.0,0.14150,12.0837,-5.0,-0.00050,12.0850,-7.5,-0.00075,12.0825,-7.5,-0.00075,12.0825,-5.0,-0.00050,12.0837,-5.0,-0.00050,12.0837,-5.0,-0.00050,12.0850,-7.5,-0.00075,136.21
1,205092,1,0,87.43,4.8888,1037.5,1.03750,12.0837,360.0,0.36000,12.0850,1205.0,0.03652,5.0812,707.5,0.07075,12.0825,1037.5,0.10375,12.0813,990.0,0.09900,12.0825,1377.5,0.13775,12.0850,-5.0,-0.00050,12.0850,-7.5,-0.00075,12.0825,-7.5,-0.00075,12.0837,-5.0,-0.00050,12.0837,-5.0,-0.00050,12.0837,-5.0,-0.00050,12.0850,-7.5,-0.00075,136.55
1,205427,1,0,87.15,4.8888,1035.0,1.03500,12.0837,357.5,0.35750,12.0837,1202.5,0.03644,5.0812,707.5,0.07075,12.0825,1040.0,0.10400,12.0813,967.5,0.09675,12.0825,1375.0,0.13750,12.0837,-5.0,-0.00050,12.0850,-7.5,-0.00075,12.0825,-7.5,-0.00075,12.0837,-5.0,-0.00050,12.0837,-5.0,-0.00050,12.0837,-5.0,-0.00050,12.0850,-7.5,-0.00075,136.89
1,205834,1,0,86.81,4.8888,1035.0,1.03500,12.0837,357.5,0.35750,12.0850,1205.0,0.03652,5.0812,707.5,0.07075,12.0837,1055.0,0.10550,12.0813,960.0,0.09600,12.0837,1365.0,0.13650,12.0850,-5.0,-0.00050,12.0862,-7.5,-0.00075,12.0825,-7.5,-0.00075,12.0837,-5.0,-0.00050,12.0837,-5.0,-0.00050,12.0837,-5.0,-0.00050,12.0850,-7.5,-0.00075,137.29
1,206170,1,0,86.53,4.8912,1020.0,1.02000,12.0837,352.5,0.35250,12.0850,1202.5,0.03644,5.0812,707.5,0.07075,12.0837,1025.0,0.10250,12.0813,945.0,0.09450,12.0837,1350.0,0.13500,12.0850,-5.0,-0.00050,12.0862,-7.5,-0.00075,12.0825,-7.5,-0.00075,12.0837,-5.0,-0.00050,12.0837,-5.0,-0.00050,12.0850,-5.0,-0.00050,12.0850,-7.5,-0.00075,137.64
1,206526,1,0,86.24,4.8912,1020.0,1.02000,12.0837,352.5,0.35250,12.0850,1202.5,0.03644,5.0812,707.5,0.07075,12.0825,1010.0,0.10100,12.0813,932.5,0.09325,12.0825,1355.0,0.13550,12.0850,-5.0,-0.00050,12.0850,-7.5,-0.00075,12.0825,-7.5,-0.00075,12.0837,-5.0,-0.00050,12.0837,-5.0,-0.00050,12.0837,-5.0,-0.00050,12.0850,-7.5,-0.00075,137.98
1,206862,1,0,85.96,4.8925,1002.5,1.00250,12.0837,345.0,0.34500,12.0850,1207.5,0.03659,5.0812,707.5,0.07075,12.0837,995.0,0.09950,12.0813,927.5,0.09275,12.0837,1315.0,0.13150,12.0850,-5.0,-0.00050,12.0862,-7.5,-0.00075,12.0825,-7.5,-0.00075,12.0837,-5.0,-0.00050,12.0837,-5.0,-0.00050,12.0837,-5.0,-0.00050,12.0850,-7.5,-0.00075,138.31
1,207274,1,0,85.61,4.8937,1000.0,1.00000,12.0850,342.5,0.34250,12.0850,1205.0,0.03652,5.0812,707.5,0.07075,12.0837,1000.0,0.10000,12.0813,925.0,0.09250,12.0837,1322.5,0.13225,12.0850,-5.0,-0.00050,12.0862,-7.5,-0.00075,12.0837,-7.5,-0.00075,12.0837,-5.0,-0.00050,12.0850,-5.0,-0.00050,12.0850,-5.0,-0.00050,12.0862,-7.5,-0.00075,138.72
1,207610,1,0,85.33,4.8925,1002.5,1.00250,12.0837,345.0,0.34500,12.0837,1205.0,0.03652,5.0812,707.5,0.07075,12.0825,992.5,0.09925,12.0813,925.0,0.09250,12.0825,1315.0,0.13150,12.0837,-5.0,-0.00050,12.0850,-7.5,-0.00075,12.0825,-7.5,-0.00075,12.0837,-5.0,-0.00050,12.0837,-5.0,-0.00050,12.0837,-5.0,-0.00050,12.0850,-7.5,-0.00075,139.07
1,207945,1,0,85.05,4.8950,985.0,0.98500,12.0837,340.0,0.34000,12.0850,1202.5,0.03644,5.0812,707.5,0.07075,12.0837,972.5,0.09725,12.0813,905.0,0.09050,12.0837,1302.5,0.13025,12.0850,-5.0,-0.00050,12.0862,-7.5,-0.00075,12.0825,-7.5,-0.00075,12.0837,-5.0,-0.00050,12.0837,-5.0,-0.00050,12.0837,-5.0,-0.00050,12.0850,-7.5,-0.00075,139.40
1,208280,1,0,84.77,4.8950,985.0,0.98500,12.0837,337.5,0.33750,12.0850,1205.0,0.03652,5.0812,707.5,0.07075,12.0837,975.0,0.09750,12.0813,902.5,0.09025,12.0837,1295.0,0.12950,12.0850,-5.0,-0.00050,12.0862,-7.5,-0.00075,12.0825,-7.5,-0.00075,12.0837,-5.0,-0.00050,12.0837,-5.0,-0.00050,12.0837,-5.0,-0.00050,12.0850,-7.5,-0.00075,139.74
1,208706,1,0,84.42,4.8950,987.5,0.98750,12.0837,340.0,0.34000,12.0850,1205.0,0.03652,5.0812,707.5,0.07075,12.0837,980.0,0.09800,12.0813,902.5,0.09025,12.0837,1305.0,0.13050,12.0850,-5.0,-0.00050,12.0862,-7.5,-0.00075,12.0825,-7.5,-0.00075,12.0837,-5.0,-0.00050,12.0837,-5.0,-0.00050,12.0850,-5.0,-0.00050,12.0862,-7.5,-0.00075,140.17
1,209042,1,0,84.14,4.8975,970.0,0.97000,12.0837,335.0,0.33500,12.0850,1207.5,0.03659,5.0812,707.5,0.07075,12.0837,955.0,0.09550,12.0813,892.5,0.08925,12.0837,1282.5,0.12825,12.0850,-5.0,-0.00050,12.0862,-7.5,-0.00075,12.0825,-7.5,-0.00075,12.0837,-5.0,-0.00050,12.0837,-5.0,-0.00050,12.0837,-5.0,-0.00050,12.0850,-7.5,-0.00075,140.49
1,209377,1,0,83.86,4.8975,970.0,0.97000,12.0825,332.5,0.33250,12.0837,1205.0,0.03652,5.0812,707.5,0.07075,12.0825,960.0,0.09600,12.0813,887.5,0.08875,12.0825,1277.5,0.12775,12.0837,-5.0,-0.00050,12.0850,-7.5,-0.00075,12.0825,-7.5,-0.00075,12.0837,-5.0,-0.00050,12.0837,-5.0,-0.00050,12.0837,-5.0,-0.00050,12.0850,-7.5,-0.00075,140.83
1,209712,1,0,83.58,4.9000,952.5,0.95250,12.0837,327.5,0.32750,12.0850,1202.5,0.03644,5.0812,707.5,0.07075,12.0837,937.5,0.09375,12.0813,867.5,0.08675,12.0837,1247.5,0.12475,12.0850,-5.0,-0.00050,12.0862,-7.5,-0.00075,12.0825,-7.5,-0.00075,12.0837,-5.0,-0.00050,12.0837,-5.0,-0.00050,12.0837,-5.0,-0.00050,12.0850,-7.5,-0.00075,141.16
1,210130,1,0,83.23,4.9000,952.5,0.95250,12.0837,325.0,0.32500,12.0850,1202.5,0.03644,5.0812,707.5,0.07075,12.0837,937.5,0.09375,12.0825,875.0,0.08750,12.0837,1255.0,0.12550,12.0850,-5.0,-0.00050,12.0862,-7.5,-0.00075,12.0825,-7.5,-0.00075,12.0837,-5.0,-0.00050,12.0850,-5.0,-0.00050,12.0850,-5.0,-0.00050,12.0862,-7.5,-0.00075,141.58
1,210466,1,0,82.95,4.9000,952.5,0.95250,12.0837,327.5,0.32750,12.0850,1205.0,0.03652,5.0812,707.5,0.07075,12.0837,937.5,0.09375,12.0813,872.5,0.08725,12.0837,1252.5,0.12525,12.0850,-5.0,-0.00050,12.0850,-7.5,-0.00075,12.0825,-7.5,-0.00075,12.0837,-5.0,-0.00050,12.0837,-5.0,-0.00050,12.0837,-5.0,-0.00050,12.0850,-7.5,-0.00075,141.93
1,210822,1,0,82.66,4.9012,937.5,0.93750,12.0837,322.5,0.32250,12.0850,1205.0,0.03652,5.0812,707.5,0.07075,12.0837,927.5,0.09275,12.0813,855.0,0.08550,12.0837,1232.5,0.12325,12.0850,-5.0,-0.00050,12.0862,-7.5,-0.00075,12.0825,-7.5,-0.00075,12.0837,-5.0,-0.00050,12.0837,-5.0,-0.00050,12.0850,-5.0,-0.00050,12.0850,-7.5,-0.00075,142.27
1,211158,1,0,82.38,4.9012,937.5,0.93750,12.0837,317.5,0.31750,12.0837,1205.0,0.03652,5.0812,707.5,0.07075,12.0837,917.5,0.09175,12.0813,855.0,0.08550,12.0837,1230.0,0.12300,12.0850,-5.0,-0.00050,12.0850,-7.5,-0.00075,12.0825,-7.5,-0.00075,12.0837,-5.0,-0.00050,12.0837,-5.0,-0.00050,12.0837,-5.0,-0.00050,12.0850,-7.5,-0.00075,142.62
1,211585,1,0,82.02,4.9037,920.0,0.92000,12.0850,312.5,0.31250,12.0862,1205.0,0.03652,5.0812,707.5,0.07075,12.0850,912.5,0.09125,12.0825,840.0,0.08400,12.0850,1202.5,0.12025,12.0862,-5.0,-0.00050,12.0875,-7.5,-0.00075,12.0837,-7.5,-0.00075,12.0850,-5.0,-0.00050,12.0850,-5.0,-0.00050,12.0850,-5.0,-0.00050,12.0862,-7.5,-0.00075,143.05
1,211921,1,0,81.74,4.9037,920.0,0.92000,12.0837,312.5,0.31250,12.0837,1202.5,0.03644,5.0812,707.5,0.07075,12.0837,907.5,0.09075,12.0813,840.0,0.08400,12.0837,1202.5,0.12025,12.0850,-5.0,-0.00050,12.0862,-7.5,-0.00075,12.0825,-7.5,-0.00075,12.0837,-5.0,-0.00050,12.0837,-5.0,-0.00050,12.0837,-5.0,-0.00050,12.0850,-7.5,-0.00075,143.37
1,212256,1,0,81.46,4.9037,920.0,0.92000,12.0837,315.0,0.31500,12.0850,1202.5,0.03644,5.0812,707.5,0.07075,12.0837,907.5,0.09075,12.0813,837.5,0.08375,12.0837,1207.5,0.12075,12.0850,-5.0,-0.00050,12.0862,-7.5,-0.00075,12.0825,-7.5,-0.00075,12.0837,-5.0,-0.00050,12.0837,-5.0,-0.00050,12.0837,-5.0,-0.00050,12.0850,-7.5,-0.00075,143.71
1,212591,1,0,81.18,4.9062,905.0,0.90500,12.0837,307.5,0.30750,12.0850,1205.0,0.03652,5.0812,707.5,0.07075,12.0837,890.0,0.08900,12.0825,822.5,0.08225,12.0837,1185.0,0.11850,12.0850,-5.0,-0.00050,12.0862,-7.5,-0.00075,12.0825,-7.5,-0.00075,12.0837,-5.0,-0.00050,12.0837,-5.0,-0.00050,12.0850,-5.0,-0.00050,12.0850,-7.5,-0.00075,144.04
1,213014,1,0,80.83,4.9062,902.5,0.90250,12.0850,307.5,0.30750,12.0850,1205.0,0.03652,5.0812,707.5,0.07075,12.0837,890.0,0.08900,12.0825,827.5,0.08275,12.0837,1185.0,0.11850,12.0850,-5.0,-0.00050,12.0862,-7.5,-0.00075,12.0825,-7.5,-0.00075,12.0837,-5.0,-0.00050,12.0850,-5.0,-0.00050,12.0850,-5.0,-0.00050,12.0862,-7.5,-0.00075,144.47
1,213350,1,0,80.55,4.9062,905.0,0.90500,12.0837,307.5,0.30750,12.0850,1202.5,0.03644,5.0812,707.5,0.07075,12.0837,890.0,0.08900,12.0813,827.5,0.08275,12.0837,1187.5,0.11875,12.0850,-5.0,-0.00050,12.0862,-7.5,-0.00075,12.0825,-7.5,-0.00075,12.0837,-5.0,-0.00050,12.0837,-5.0,-0.00050,12.0837,-5.0,-0.00050,12.0850,-7.5,-0.00075,144.81
1,213685,1,0,80.27,4.9075,890.0,0.89000,12.0837,302.5,0.30250,12.0850,1202.5,0.03644,5.0812,707.5,0.07075,12.0837,872.5,0.08725,12.0825,810.0,0.08100,12.0837,1150.0,0.11500,12.0850,-5.0,-0.00050,12.0862,-7.5,-0.00075,12.0825,-7.5,-0.00075,12.0837,-5.0,-0.00050,12.0837,-5.0,-0.00050,12.0850,-5.0,-0.00050,12.0850,-7.5,-0.00075,145.14
1,214020,1,0,79.99,4.9075,887.5,0.88750,12.0837,302.5,0.30250,12.0850,1202.5,0.03644,5.0812,707.5,0.07075,12.0837,870.0,0.08700,12.0813,807.5,0.08075,12.0837,1155.0,0.11550,12.0850,-5.0,-0.00050,12.0862,-7.5,-0.00075,12.0825,-7.5,-0.00075,12.0837,-5.0,-0.00050,12.0837,-5.0,-0.00050,12.0850,-5.0,-0.00050,12.0850,-7.5,-0.00075,145.48
1,214444,1,0,79.64,4.9100,872.5,0.87250,12.0850,297.5,0.29750,12.0850,1202.5,0.03644,5.0812,707.5,0.07075,12.0850,857.5,0.08575,12.0825,795.0,0.07950,12.0850,1135.0,0.11350,12.0862,-5.0,-0.00050,12.0875,-7.5,-0.00075,12.0837,-7.5,-0.00075,12.0850,-5.0,-0.00050,12.0850,-5.0,-0.00050,12.0850,-5.0,-0.00050,12.0862,-7.5,-0.00075,145.90
1,214780,1,0,79.36,4.9100,872.5,0.87250,12.0837,295.0,0.29500,12.0850,1202.5,0.03644,5.0812,707.5,0.07075,12.0837,852.5,0.08525,12.0813,792.5,0.07925,12.0837,1135.0,0.11350,12.0850,-5.0,-0.00050,12.0862,-7.5,-0.00075,12.0825,-7.5,-0.00075,12.0837,-5.0,-0.00050,12.0837,-5.0,-0.00050,12.0850,-5.0,-0.00050,12.0850,-7.5,-0.00075,146.25
1,215136,1,0,79.06,4.9100,872.5,0.87250,12.0837,295.0,0.29500,12.0837,1202.5,0.03644,5.0812,707.5,0.07075,12.0837,855.0,0.08550,12.0813,792.5,0.07925,12.0837,1135.0,0.11350,12.0850,-5.0,-0.00050,12.0862,-7.5,-0.00075,12.0825,-7.5,-0.00075,12.0837,-5.0,-0.00050,12.0837,-5.0,-0.00050,12.0837,-5.0,-0.00050,12.0850,-7.5,-0.00075,146.60
1,215472,1,0,78.78,4.9125,857.5,0.85750,12.0837,290.0,0.29000,12.0850,1200.0,0.03636,5.0812,707.5,0.07075,12.0837,837.5,0.08375,12.0825,785.0,0.07850,12.0837,1110.0,0.11100,12.0850,-5.0,-0.00050,12.0862,-7.5,-0.00075,12.0825,-7.5,-0.00075,12.0837,-5.0,-0.00050,12.0837,-5.0,-0.00050,12.0850,-5.0,-0.00050,12.0850,-7.5,-0.00075,146.93
1,215890,1,0,78.43,4.9125,857.5,0.85750,12.0837,290.0,0.29000,12.0850,1202.5,0.03644,5.0812,707.5,0.07075,12.0837,837.5,0.08375,12.0825,780.0,0.07800,12.0850,1107.5,0.11075,12.0850,-5.0,-0.00050,12.0862,-7.5,-0.00075,12.0825,-7.5,-0.00075,12.0837,-5.0,-0.00050,12.0837,-5.0,-0.00050,12.0850,-5.0,-0.00050,12.0862,-7.5,-0.00075,147.35
1,216225,1,0,78.15,4.9125,860.0,0.86000,12.0837,290.0,0.29000,12.0850,1202.5,0.03644,5.0812,707.5,0.07075,12.0837,847.5,0.08475,12.0825,770.0,0.07700,12.0837,1110.0,0.11100,12.0850,-5.0,-0.00050,12.0862,-7.5,-0.00075,12.0825,-7.5,-0.00075,12.0837,-5.0,-0.00050,12.0837,-5.0,-0.00050,12.0837,-5.0,-0.00050,12.0850,-7.5,-0.00075,147.68
1,216560,1,0,77.87,4.9137,842.5,0.84250,12.0837,282.5,0.28250,12.0850,1202.5,0.03644,5.0812,707.5,0.07075,12.0837,812.5,0.08125,12.0825,755.0,0.07550,12.0837,1087.5,0.10875,12.0850,-5.0,-0.00050,12.0862,-7.5,-0.00075,12.0825,-7.5,-0.00075,12.0837,-5.0,-0.00050,12.0837,-5.0,-0.00050,12.0850,-5.0,-0.00050,12.0862,-7.5,-0.00075,148.02
1,216895,1,0,77.59,4.9137,840.0,0.84000,12.0837,282.5,0.28250,12.0850,1202.5,0.03644,5.0812,707.5,0.07075,12.0837,817.5,0.08175,12.0813,770.0,0.07700,12.0837,1080.0,0.10800,12.0850,-5.0,-0.00050,12.0862,-7.5,-0.00075,12.0825,-7.5,-0.00075,12.0837,-5.0,-0.00050,12.0837,-5.0,-0.00050,12.0837,-5.0,-0.00050,12.0850,-7.5,-0.00075,148.35
1,217362,1,0,77.21,4.9162,827.5,0.82750,12.0850,277.5,0.27750,12.0850,1202.5,0.03644,5.0812,707.5,0.07075,12.0850,817.5,0.08175,12.0825,730.0,0.07300,12.0850,1072.5,0.10725,12.0862,-5.0,-0.00050,12.0862,-7.5,-0.00075,12.0837,-7.5,-0.00075,12.0850,-5.0,-0.00050,12.0850,-5.0,-0.00050,12.0850,-5.0,-0.00050,12.0862,-7.5,-0.00075,148.82
1,217697,1,0,76.93,4.9162,827.5,0.82750,12.0837,277.5,0.27750,12.0850,1202.5,0.03644,5.0812,707.5,0.07075,12.0837,777.5,0.07775,12.0813,750.0,0.07500,12.0837,1055.0,0.10550,12.0850,-5.0,-0.00050,12.0862,-7.5,-0.00075,12.0825,-7.5,-0.00075,12.0837,-5.0,-0.00050,12.0837,-5.0,-0.00050,12.0837,-5.0,-0.00050,12.0850,-7.5,-0.00075,149.16
1,218032,1,0,76.65,4.9162,827.5,0.82750,12.0837,277.5,0.27750,12.0837,1202.5,0.03644,5.0812,705.0,0.07050,12.0837,832.5,0.08325,12.0813,722.5,0.07225,12.0837,1060.0,0.10600,12.0850,-5.0,-0.00050,12.0850,-7.5,-0.00075,12.0825,-7.5,-0.00075,12.0837,-5.0,-0.00050,12.0837,-5.0,-0.00050,12.0837,-5.0,-0.00050,12.0850,-7.5,-0.00075,149.49
1,218367,1,0,76.37,4.9175,815.0,0.81500,12.0837,272.5,0.27250,12.0850,1200.0,0.03636,5.0812,705.0,0.07050,12.0837,772.5,0.07725,12.0825,720.0,0.07200,12.0837,1047.5,0.10475,12.0850,-5.0,-0.00050,12.0862,-7.5,-0.00075,12.0825,-7.5,-0.00075,12.0837,-5.0,-0.00050,12.0837,-5.0,-0.00050,12.0837,-5.0,-0.00050,12.0850,-7.5,-0.00075,149.82
1,218772,1,0,76.03,4.9187,812.5,0.81250,12.0837,272.5,0.27250,12.0850,1200.0,0.03636,5.0812,707.5,0.07075,12.0837,790.0,0.07900,12.0825,732.5,0.07325,12.0850,1040.0,0.10400,12.0850,-5.0,-0.00050,12.0862,-7.5,-0.00075,12.0825,-7.5,-0.00075,12.0837,-5.0,-0.00050,12.0850,-5.0,-0.00050,12.0850,-5.0,-0.00050,12.0850,-7.5,-0.00075,150.22
1,219108,1,0,75.75,4.9200,800.0,0.80000,12.0837,267.5,0.26750,12.0837,1202.5,0.03644,5.0812,707.5,0.07075,12.0837,757.5,0.07575,12.0813,715.0,0.07150,12.0837,1025.0,0.10250,12.0850,-5.0,-0.00050,12.0862,-7.5,-0.00075,12.0825,-7.5,-0.00075,12.0837,-5.0,-0.00050,12.0837,-5.0,-0.00050,12.0837,-5.0,-0.00050,12.0850,-7.5,-0.00075,150.57
1,219464,1,0,75.45,4.9200,797.5,0.79750,12.0837,267.5,0.26750,12.0837,1200.0,0.03636,5.0812,707.5,0.07075,12.0837,780.0,0.07800,12.0813,715.0,0.07150,12.0837,1020.0,0.10200,12.0850,-5.0,-0.00050,12.0850,-7.5,-0.00075,12.0825,-7.5,-0.00075,12.0837,-5.0,-0.00050,12.0837,-5.0,-0.00050,12.0837,-5.0,-0.00050,12.0850,-7.5,-0.00075,150.91
1,219800,1,0,75.17,4.9200,800.0,0.80000,12.0837,267.5,0.26750,12.0837,1202.5,0.03644,5.0812,707.5,0.07075,12.0837,772.5,0.07725,12.0813,720.0,0.07200,12.0837,1020.0,0.10200,12.0850,-5.0,-0.00050,12.0862,-7.5,-0.00075,12.0825,-7.5,-0.00075,12.0837,-5.0,-0.00050,12.0837,-5.0,-0.00050,12.0837,-5.0,-0.00050,12.0850,-7.5,-0.00075,151.25
1,220212,1,0,74.83,4.9212,785.0,0.78500,12.0837,262.5,0.26250,12.0850,1205.0,0.03652,5.0812,707.5,0.07075,12.0850,757.5,0.07575,12.0825,702.5,0.07025,12.0850,1000.0,0.10000,12.0850,-5.0,-0.00050,12.0862,-7.5,-0.00075,12.0825,-7.5,-0.00075,12.0837,-5.0,-0.00050,12.0850,-5.0,-0.00050,12.0850,-5.0,-0.00050,12.0862,-7.5,-0.00075,151.66
1,220548,1,0,74.55,4.9200,795.0,0.79500,12.0825,265.0,0.26500,12.0837,1200.0,0.03636,5.0812,705.0,0.07050,12.0837,755.0,0.07550,12.0813,702.5,0.07025,12.0837,1045.0,0.10450,12.0850,-5.0,-0.00050,12.0850,-7.5,-0.00075,12.0825,-7.5,-0.00075,12.0837,-5.0,-0.00050,12.0837,-5.0,-0.00050,12.0837,-5.0,-0.00050,12.0850,-7.5,-0.00075,152.00
1,220883,1,0,74.27,4.9212,790.0,0.79000,12.0837,262.5,0.26250,12.0850,1205.0,0.03652,5.0812,705.0,0.07050,12.0837,757.5,0.07575,12.0813,707.5,0.07075,12.0837,1025.0,0.10250,12.0850,-5.0,-0.00050,12.0862,-7.5,-0.00075,12.0825,-7.5,-0.00075,12.0837,-5.0,-0.00050,12.0837,-5.0,-0.00050,12.0850,-5.0,-0.00050,12.0850,-7.5,-0.00075,152.33
1,221218,1,0,73.99,4.9237,770.0,0.77000,12.0837,255.0,0.25500,12.0850,1200.0,0.03636,5.0812,705.0,0.07050,12.0837,737.5,0.07375,12.0825,685.0,0.06850,12.0837,980.0,0.09800,12.0850,-5.0,-0.00050,12.0862,-7.5,-0.00075,12.0825,-7.5,-0.00075,12.0837,-5.0,-0.00050,12.0837,-5.0,-0.00050,12.0850,-5.0,-0.00050,12.0850,-7.5,-0.00075,152.67
1,221642,1,0,73.64,4.9237,767.5,0.76750,12.0837,255.0,0.25500,12.0850,1205.0,0.03652,5.0812,707.5,0.07075,12.0850,735.0,0.07350,12.0825,695.0,0.06950,12.0850,977.5,0.09775,12.0850,-5.0,-0.00050,12.0862,-7.5,-0.00075,12.0837,-7.5,-0.00075,12.0850,-5.0,-0.00050,12.0850,-5.0,-0.00050,12.0850,-5.0,-0.00050,12.0862,-7.5,-0.00075,153.10
1,221978,1,0,73.36,4.9250,755.0,0.75500,12.0837,252.5,0.25250,12.0837,1202.5,0.03644,5.0812,705.0,0.07050,12.0837,722.5,0.07225,12.0825,675.0,0.06750,12.0837,957.5,0.09575,12.0850,-5.0,-0.00050,12.0862,-7.5,-0.00075,12.0825,-7.5,-0.00075,12.0837,-5.0,-0.00050,12.0837,-5.0,-0.00050,12.0837,-5.0,-0.00050,12.0850,-7.5,-0.00075,153.44
1,222313,1,0,73.08,4.9250,755.0,0.75500,12.0837,250.0,0.25000,12.0837,1202.5,0.03644,5.0812,707.5,0.07075,12.0837,725.0,0.07250,12.0813,680.0,0.06800,12.0837,957.5,0.09575,12.0850,-5.0,-0.00050,12.0862,-7.5,-0.00075,12.0825,-7.5,-0.00075,12.0837,-5.0,-0.00050,12.0837,-5.0,-0.00050,12.0837,-5.0,-0.00050,12.0850,-7.5,-0.00075,153.76
1,222648,1,0,72.80,4.9250,755.0,0.75500,12.0837,250.0,0.25000,12.0837,1200.0,0.03636,5.0812,705.0,0.07050,12.0837,730.0,0.07300,12.0813,677.5,0.06775,12.0837,955.0,0.09550,12.0850,-5.0,-0.00050,12.0850,-7.5,-0.00075,12.0825,-7.5,-0.00075,12.0837,-5.0,-0.00050,12.0837,-5.0,-0.00050,12.0837,-5.0,-0.00050,12.0850,-7.5,-0.00075,154.10
1,223068,1,0,72.45,4.9275,742.5,0.74250,12.0837,242.5,0.24250,12.0850,1205.0,0.03652,5.0812,705.0,0.07050,12.0850,712.5,0.07125,12.0825,672.5,0.06725,12.0850,935.0,0.09350,12.0862,-5.0,-0.00050,12.0862,-7.5,-0.00075,12.0837,-7.5,-0.00075,12.0850,-5.0,-0.00050,12.0850,-5.0,-0.00050,12.0850,-5.0,-0.00050,12.0862,-7.5,-0.00075,154.52
1,223404,1,0,72.17,4.9275,740.0,0.74000,12.0837,245.0,0.24500,12.0837,1205.0,0.03652,5.0812,705.0,0.07050,12.0837,705.0,0.07050,12.0813,657.5,0.06575,12.0837,930.0,0.09300,12.0850,-5.0,-0.00050,12.0850,-7.5,-0.00075,12.0825,-7.5,-0.00075,12.0837,-5.0,-0.00050,12.0837,-5.0,-0.00050,12.0837,-5.0,-0.00050,12.0850,-7.5,-0.00075,154.88
1,223760,1,0,71.87,4.9288,727.5,0.72750,12.0837,240.0,0.24000,12.0837,1197.5,0.03629,5.0812,705.0,0.07050,12.0837,692.5,0.06925,12.0825,642.5,0.06425,12.0837,910.0,0.09100,12.0850,-5.0,-0.00050,12.0862,-7.5,-0.00075,12.0825,-7.5,-0.00075,12.0837,-5.0,-0.00050,12.0837,-5.0,-0.00050,12.0837,-5.0,-0.00050,12.0850,-7.5,-0.00075,155.21
1,224096,1,0,71.59,4.9288,725.0,0.72500,12.0837,237.5,0.23750,12.0837,1200.0,0.03636,5.0812,705.0,0.07050,12.0837,695.0,0.06950,12.0813,642.5,0.06425,12.0837,915.0,0.09150,12.0850,-5.0,-0.00050,12.0850,-7.5,-0.00075,12.0825,-7.5,-0.00075,12.0837,-5.0,-0.00050,12.0837,-5.0,-0.00050,12.0837,-5.0,-0.00050,12.0850,-7.5,-0.00075,155.55
1,224597,1,0,71.18,4.9288,727.5,0.72750,12.0837,240.0,0.24000,12.0850,1202.5,0.03644,5.0812,705.0,0.07050,12.0837,697.5,0.06975,12.0825,650.0,0.06500,12.0837,917.5,0.09175,12.0850,-5.0,-0.00050,12.0862,-7.5,-0.00075,12.0825,-7.5,-0.00075,12.0837,-5.0,-0.00050,12.0837,-5.0,-0.00050,12.0850,-5.0,-0.00050,12.0850,-7.5,-0.00075,156.05
1,224932,1,0,70.90,4.9300,715.0,0.71500,12.0837,235.0,0.23500,12.0837,1205.0,0.03652,5.0812,705.0,0.07050,12.0837,680.0,0.06800,12.0813,637.5,0.06375,12.0837,902.5,0.09025,12.0850,-5.0,-0.00050,12.0862,-7.5,-0.00075,12.0825,-7.5,-0.00075,12.0837,-5.0,-0.00050,12.0837,-5.0,-0.00050,12.0837,-5.0,-0.00050,12.0850,-7.5,-0.00075,156.38
1,225267,1,0,70.62,4.9300,715.0,0.71500,12.0837,235.0,0.23500,12.0837,1205.0,0.03652,5.0812,705.0,0.07050,12.0837,677.5,0.06775,12.0813,635.0,0.06350,12.0837,887.5,0.08875,12.0850,-5.0,-0.00050,12.0862,-7.5,-0.00075,12.0825,-7.5,-0.00075,12.0837,-5.0,-0.00050,12.0837,-5.0,-0.00050,12.0837,-5.0,-0.00050,12.0850,-7.5,-0.00075,156.72
1,225602,1,0,70.34,4.9300,715.0,0.71500,12.0825,235.0,0.23500,12.0837,1200.0,0.03636,5.0812,705.0,0.07050,12.0837,685.0,0.06850,12.0813,635.0,0.06350,12.0837,892.5,0.08925,12.0850,-5.0,-0.00050,12.0862,-7.5,-0.00075,12.0825,-7.5,-0.00075,12.0837,-5.0,-0.00050,12.0837,-5.0,-0.00050,12.0837,-5.0,-0.00050,12.0850,-7.5,-0.00075,157.05
1,225999,1,0,70.01,4.9325,697.5,0.69750,12.0837,225.0,0.22500,12.0850,1200.0,0.03636,5.0812,705.0,0.07050,12.0850,667.5,0.06675,12.0825,617.5,0.06175,12.0850,880.0,0.08800,12.0862,-5.0,-0.00050,12.0862,-7.5,-0.00075,12.0825,-7.5,-0.00075,12.0850,-5.0,-0.00050,12.0850,-5.0,-0.00050,12.0850,-5.0,-0.00050,12.0862,-7.5,-0.00075,157.45
1,226335,1,0,69.73,4.9325,700.0,0.70000,12.0837,225.0,0.22500,12.0837,1202.5,0.03644,5.0812,705.0,0.07050,12.0837,665.0,0.06650,12.0813,620.0,0.06200,12.0837,882.5,0.08825,12.0850,-5.0,-0.00050,12.0850,-7.5,-0.00075,12.0825,-7.5,-0.00075,12.0837,-5.0,-0.00050,12.0837,-5.0,-0.00050,12.0837,-5.0,-0.00050,12.0850,-7.5,-0.00075,157.79
1,226670,1,0,69.45,4.9337,687.5,0.68750,12.0837,225.0,0.22500,12.0837,1202.5,0.03644,5.0812,705.0,0.07050,12.0837,652.5,0.06525,12.0813,605.0,0.06050,12.0837,857.5,0.08575,12.0850,-5.0,-0.00050,12.0862,-7.5,-0.00075,12.0825,-7.5,-0.00075,12.0837,-5.0,-0.00050,12.0837,-5.0,-0.00050,12.0837,-5.0,-0.00050,12.0850,-7.5,-0.00075,158.13
1,227005,1,0,69.17,4.9337,685.0,0.68500,12.0837,225.0,0.22500,12.0837,1202.5,0.03644,5.0812,705.0,0.07050,12.0837,642.5,0.06425,12.0813,602.5,0.06025,12.0837,857.5,0.08575,12.0850,-5.0,-0.00050,12.0850,-7.5,-0.00075,12.0825,-7.5,-0.00075,12.0837,-5.0,-0.00050,12.0837,-5.0,-0.00050,12.0837,-5.0,-0.00050,12.0850,-7.5,-0.00075,158.46
1,227410,1,0,68.83,4.9337,687.5,0.68750,12.0837,225.0,0.22500,12.0850,1200.0,0.03636,5.0812,705.0,0.07050,12.0850,642.5,0.06425,12.0825,612.5,0.06125,12.0850,857.5,0.08575,12.0850,-5.0,-0.00050,12.0862,-7.5,-0.00075,12.0837,-7.5,-0.00075,12.0850,-5.0,-0.00050,12.0850,-5.0,-0.00050,12.0850,-5.0,-0.00050,12.0862,-7.5,-0.00075,158.87
1,227746,1,0,68.55,4.9362,675.0,0.67500,12.0837,217.5,0.21750,12.0837,1200.0,0.03636,5.0812,705.0,0.07050,12.0837,612.5,0.06125,12.0825,602.5,0.06025,12.0837,837.5,0.08375,12.0850,-5.0,-0.00050,12.0862,-7.5,-0.00075,12.0825,-7.5,-0.00075,12.0837,-5.0,-0.00050,12.0837,-5.0,-0.00050,12.0837,-5.0,-0.00050,12.0850,-7.5,-0.00075,159.21
1,228102,1,0,68.26,4.9362,675.0,0.67500,12.0825,217.5,0.21750,12.0837,1202.5,0.03644,5.0812,705.0,0.07050,12.0837,627.5,0.06275,12.0813,587.5,0.05875,12.0837,832.5,0.08325,12.0850,-5.0,-0.00050,12.0850,-7.5,-0.00075,12.0825,-7.5,-0.00075,12.0837,-5.0,-0.00050,12.0837,-5.0,-0.00050,12.0837,-5.0,-0.00050,12.0850,-7.5,-0.00075,159.55
1,228438,1,0,67.98,4.9375,660.0,0.66000,12.0837,212.5,0.21250,12.0837,1197.5,0.03629,5.0812,705.0,0.07050,12.0837,625.0,0.06250,12.0825,575.0,0.05750,12.0837,817.5,0.08175,12.0850,-5.0,-0.00050,12.0862,-7.5,-0.00075,12.0825,-7.5,-0.00075,12.0837,-5.0,-0.00050,12.0837,-5.0,-0.00050,12.0837,-5.0,-0.00050,12.0850,-7.5,-0.00075,159.90
1,228856,1,0,67.63,4.9375,662.5,0.66250,12.0837,215.0,0.21500,12.0850,1202.5,0.03644,5.0812,705.0,0.07050,12.0837,620.0,0.06200,12.0825,582.5,0.05825,12.0850,817.5,0.08175,12.0850,-5.0,-0.00050,12.0862,-7.5,-0.00075,12.0825,-7.5,-0.00075,12.0837,-5.0,-0.00050,12.0837,-5.0,-0.00050,12.0850,-5.0,-0.00050,12.0850,-7.5,-0.00075,160.31
1,229191,1,0,67.35,4.9375,662.5,0.66250,12.0825,215.0,0.21500,12.0837,1202.5,0.03644,5.0812,705.0,0.07050,12.0837,622.5,0.06225,12.0813,582.5,0.05825,12.0837,817.5,0.08175,12.0850,-5.0,-0.00050,12.0850,-7.5,-0.00075,12.0825,-7.5,-0.00075,12.0837,-5.0,-0.00050,12.0837,-5.0,-0.00050,12.0837,-5.0,-0.00050,12.0850,-7.5,-0.00075,160.64
1,229526,1,0,67.07,4.9387,650.0,0.65000,12.0837,207.5,0.20750,12.0837,1200.0,0.03636,5.0812,705.0,0.07050,12.0837,607.5,0.06075,12.0825,567.5,0.05675,12.0837,802.5,0.08025,12.0850,-5.0,-0.00050,12.0862,-7.5,-0.00075,12.0825,-7.5,-0.00075,12.0837,-5.0,-0.00050,12.0837,-5.0,-0.00050,12.0837,-5.0,-0.00050,12.0850,-7.5,-0.00075,160.98
1,229861,1,0,66.79,4.9387,647.5,0.64750,12.0825,210.0,0.21000,12.0837,1197.5,0.03629,5.0812,705.0,0.07050,12.0837,610.0,0.06100,12.0813,565.0,0.05650,12.0837,795.0,0.07950,12.0850,-5.0,-0.00050,12.0850,-7.5,-0.00075,12.0825,-7.5,-0.00075,12.0837,-5.0,-0.00050,12.0837,-5.0,-0.00050,12.0837,-5.0,-0.00050,12.0850,-7.5,-0.00075,161.31
1,230289,1,0,66.43,4.9387,647.5,0.64750,12.0837,210.0,0.21000,12.0837,1200.0,0.03636,5.0812,705.0,0.07050,12.0837,607.5,0.06075,12.0825,572.5,0.05725,12.0850,802.5,0.08025,12.0850,-5.0,-0.00050,12.0862,-7.5,-0.00075,12.0825,-7.5,-0.00075,12.0837,-5.0,-0.00050,12.0837,-5.0,-0.00050,12.0837,-5.0,-0.00050,12.0850,-7.5,-0.00075,161.74
1,230625,1,0,66.15,4.9400,637.5,0.63750,12.0837,202.5,0.20250,12.0837,1200.0,0.03636,5.0812,705.0,0.07050,12.0837,595.0,0.05950,12.0825,555.0,0.05550,12.0837,780.0,0.07800,12.0850,-5.0,-0.00050,12.0862,-7.5,-0.00075,12.0825,-7.5,-0.00075,12.0837,-5.0,-0.00050,12.0837,-5.0,-0.00050,12.0837,-5.0,-0.00050,12.0850,-7.5,-0.00075,162.07
1,230960,1,0,65.87,4.9412,635.0,0.63500,12.0825,202.5,0.20250,12.0837,1197.5,0.03629,5.0812,705.0,0.07050,12.0837,595.0,0.05950,12.0825,552.5,0.05525,12.0837,775.0,0.07750,12.0850,-5.0,-0.00050,12.0862,-7.5,-0.00075,12.0825,-7.5,-0.00075,12.0837,-5.0,-0.00050,12.0837,-5.0,-0.00050,12.0837,-5.0,-0.00050,12.0850,-7.5,-0.00075,162.41
1,231295,1,0,65.59,4.9425,622.5,0.62250,12.0825,200.0,0.20000,12.0837,1200.0,0.03636,5.0812,705.0,0.07050,12.0837,577.5,0.05775,12.0825,545.0,0.05450,12.0850,757.5,0.07575,12.0850,-5.0,-0.00050,12.0862,-7.5,-0.00075,12.0825,-7.5,-0.00075,12.0837,-5.0,-0.00050,12.0837,-5.0,-0.00050,12.0837,-5.0,-0.00050,12.0850,-7.5,-0.00075,162.74
1,231717,1,0,65.24,4.9425,622.5,0.62250,12.0837,197.5,0.19750,12.0850,1202.5,0.03644,5.0812,705.0,0.07050,12.0850,585.0,0.05850,12.0825,547.5,0.05475,12.0850,760.0,0.07600,12.0850,-5.0,-0.00050,12.0862,-7.5,-0.00075,12.0825,-7.5,-0.00075,12.0837,-5.0,-0.00050,12.0837,-5.0,-0.00050,12.0850,-5.0,-0.00050,12.0850,-7.5,-0.00075,163.17
1,232052,1,0,64.96,4.9425,625.0,0.62500,12.0825,200.0,0.20000,12.0837,1202.5,0.03644,5.0812,705.0,0.07050,12.0837,577.5,0.05775,12.0813,545.0,0.05450,12.0837,762.5,0.07625,12.0837,-5.0,-0.00050,12.0850,-7.5,-0.00075,12.0825,-7.5,-0.00075,12.0837,-5.0,-0.00050,12.0837,-5.0,-0.00050,12.0837,-5.0,-0.00050,12.0850,-7.5,-0.00075,163.52
1,232408,1,0,64.67,4.9437,612.5,0.61250,12.0825,195.0,0.19500,12.0837,1197.5,0.03629,5.0812,705.0,0.07050,12.0837,570.0,0.05700,12.0825,530.0,0.05300,12.0837,742.5,0.07425,12.0850,-5.0,-0.00050,12.0850,-7.5,-0.00075,12.0825,-7.5,-0.00075,12.0837,-5.0,-0.00050,12.0837,-5.0,-0.00050,12.0837,-5.0,-0.00050,12.0850,-7.5,-0.00075,163.87
1,232744,1,0,64.39,4.9437,612.5,0.61250,12.0825,195.0,0.19500,12.0837,1197.5,0.03629,5.0812,705.0,0.07050,12.0837,570.0,0.05700,12.0813,527.5,0.05275,12.0837,737.5,0.07375,12.0837,-5.0,-0.00050,12.0850,-7.5,-0.00075,12.0825,-7.5,-0.00075,12.0837,-5.0,-0.00050,12.0837,-5.0,-0.00050,12.0837,-5.0,-0.00050,12.0850,-7.5,-0.00075,164.20
1,233170,1,0,64.03,4.9450,600.0,0.60000,12.0837,190.0,0.19000,12.0850,1200.0,0.03636,5.0812,705.0,0.07050,12.0850,552.5,0.05525,12.0825,515.0,0.05150,12.0850,725.0,0.07250,12.0850,-5.0,-0.00050,12.0862,-7.5,-0.00075,12.0825,-7.5,-0.00075,12.0837,-5.0,-0.00050,12.0837,-5.0,-0.00050,12.0850,-5.0,-0.00050,12.0850,-7.5,-0.00075,164.63
1,233506,1,0,63.75,4.9450,597.5,0.59750,12.0825,190.0,0.19000,12.0837,1200.0,0.03636,5.0812,705.0,0.07050,12.0837,555.0,0.05550,12.0825,517.5,0.05175,12.0837,715.0,0.07150,12.0850,-5.0,-0.00050,12.0862,-7.5,-0.00075,12.0825,-7.5,-0.00075,12.0837,-5.0,-0.00050,12.0837,-5.0,-0.00050,12.0837,-5.0,-0.00050,12.0850,-7.5,-0.00075,164.96
1,233841,1,0,63.47,4.9450,600.0,0.60000,12.0825,187.5,0.18750,12.0837,1200.0,0.03636,5.0812,705.0,0.07050,12.0837,557.5,0.05575,12.0813,520.0,0.05200,12.0837,722.5,0.07225,12.0850,-5.0,-0.00050,12.0850,-7.5,-0.00075,12.0825,-7.5,-0.00075,12.0837,-5.0,-0.00050,12.0837,-5.0,-0.00050,12.0837,-5.0,-0.00050,12.0850,-7.5,-0.00075,165.29
1,234176,1,0,63.19,4.9475,587.5,0.58750,12.0837,185.0,0.18500,12.0837,1197.5,0.03629,5.0812,705.0,0.07050,12.0837,540.0,0.05400,12.0825,502.5,0.05025,12.0837,707.5,0.07075,12.0850,-5.0,-0.00050,12.0862,-7.5,-0.00075,12.0825,-7.5,-0.00075,12.0837,-5.0,-0.00050,12.0837,-5.0,-0.00050,12.0837,-5.0,-0.00050,12.0850,-7.5,-0.00075,165.63
1,234618,1,0,62.83,4.9475,585.0,0.58500,12.0837,185.0,0.18500,12.0837,1200.0,0.03636,5.0812,705.0,0.07050,12.0837,542.5,0.05425,12.0825,505.0,0.05050,12.0837,707.5,0.07075,12.0850,-5.0,-0.00050,12.0862,-7.5,-0.00075,12.0825,-7.5,-0.00075,12.0837,-5.0,-0.00050,12.0837,-5.0,-0.00050,12.0837,-5.0,-0.00050,12.0850,-7.5,-0.00075,166.06
1,234954,1,0,62.55,4.9475,587.5,0.58750,12.0825,185.0,0.18500,12.0837,1200.0,0.03636,5.0812,705.0,0.07050,12.0837,547.5,0.05475,12.0825,510.0,0.05100,12.0837,707.5,0.07075,12.0850,-5.0,-0.00050,12.0862,-7.5,-0.00075,12.0825,-7.5,-0.00075,12.0837,-5.0,-0.00050,12.0837,-5.0,-0.00050,12.0837,-5.0,-0.00050,12.0850,-7.5,-0.00075,166.40
1,235289,1,0,62.27,4.9488,577.5,0.57750,12.0825,182.5,0.18250,12.0837,1197.5,0.03629,5.0812,705.0,0.07050,12.0837,522.5,0.05225,12.0825,495.0,0.04950,12.0837,687.5,0.06875,12.0850,-5.0,-0.00050,12.0862,-7.5,-0.00075,12.0825,-7.5,-0.00075,12.0837,-5.0,-0.00050,12.0837,-5.0,-0.00050,12.0837,-5.0,-0.00050,12.0850,-7.5,-0.00075,166.74
1,235624,1,0,61.99,4.9488,577.5,0.57750,12.0825,180.0,0.18000,12.0837,1197.5,0.03629,5.0812,705.0,0.07050,12.0837,527.5,0.05275,12.0813,485.0,0.04850,12.0837,685.0,0.06850,12.0837,-5.0,-0.00050,12.0850,-7.5,-0.00075,12.0813,-7.5,-0.00075,12.0825,-5.0,-0.00050,12.0837,-5.0,-0.00050,12.0837,-5.0,-0.00050,12.0850,-7.5,-0.00075,167.07
1,236075,1,0,61.61,4.9500,565.0,0.56500,12.0837,177.5,0.17750,12.0837,1200.0,0.03636,5.0812,705.0,0.07050,12.0850,517.5,0.05175,12.0825,482.5,0.04825,12.0850,675.0,0.06750,12.0850,-5.0,-0.00050,12.0862,-7.5,-0.00075,12.0825,-7.5,-0.00075,12.0837,-5.0,-0.00050,12.0837,-5.0,-0.00050,12.0837,-5.0,-0.00050,12.0850,-7.5,-0.00075,167.52
1,236411,1,0,61.33,4.9500,565.0,0.56500,12.0825,177.5,0.17750,12.0837,1200.0,0.03636,5.0812,705.0,0.07050,12.0837,515.0,0.05150,12.0813,467.5,0.04675,12.0837,675.0,0.06750,12.0837,-5.0,-0.00050,12.0850,-7.5,-0.00075,12.0813,-7.5,-0.00075,12.0825,-5.0,-0.00050,12.0825,-5.0,-0.00050,12.0837,-5.0,-0.00050,12.0837,-7.5,-0.00075,167.87
1,236767,1,0,61.03,4.9500,565.0,0.56500,12.0825,175.0,0.17500,12.0837,1197.5,0.03629,5.0812,705.0,0.07050,12.0837,512.5,0.05125,12.0813,485.0,0.04850,12.0837,670.0,0.06700,12.0837,-5.0,-0.00050,12.0850,-7.5,-0.00075,12.0825,-7.5,-0.00075,12.0825,-5.0,-0.00050,12.0837,-5.0,-0.00050,12.0837,-5.0,-0.00050,12.0850,-7.5,-0.00075,168.22
1,237103,1,0,60.75,4.9513,552.5,0.55250,12.0825,172.5,0.17250,12.0837,1197.5,0.03629,5.0812,705.0,0.07050,12.0837,505.0,0.05050,12.0825,472.5,0.04725,12.0837,645.0,0.06450,12.0850,-5.0,-0.00050,12.0862,-7.5,-0.00075,12.0825,-7.5,-0.00075,12.0837,-5.0,-0.00050,12.0837,-5.0,-0.00050,12.0837,-5.0,-0.00050,12.0850,-7.5,-0.00075,168.55
1,237505,1,0,60.42,4.9513,552.5,0.55250,12.0837,172.5,0.17250,12.0850,1197.5,0.03629,5.0812,705.0,0.07050,12.0850,505.0,0.05050,12.0825,470.0,0.04700,12.0850,650.0,0.06500,12.0850,-5.0,-0.00050,12.0862,-7.5,-0.00075,12.0825,-7.5,-0.00075,12.0837,-5.0,-0.00050,12.0837,-5.0,-0.00050,12.0850,-5.0,-0.00050,12.0850,-7.5,-0.00075,168.95
1,237841,1,0,60.14,4.9525,542.5,0.54250,12.0825,167.5,0.16750,12.0837,1200.0,0.03636,5.0812,705.0,0.07050,12.0837,490.0,0.04900,12.0825,450.0,0.04500,12.0837,635.0,0.06350,12.0850,-5.0,-0.00050,12.0850,-7.5,-0.00075,12.0825,-7.5,-0.00075,12.0837,-5.0,-0.00050,12.0837,-5.0,-0.00050,12.0837,-5.0,-0.00050,12.0850,-7.5,-0.00075,169.29
1,238176,1,0,59.86,4.9525,542.5,0.54250,12.0825,167.5,0.16750,12.0837,1197.5,0.03629,5.0812,705.0,0.07050,12.0837,492.5,0.04925,12.0813,457.5,0.04575,12.0837,637.5,0.06375,12.0850,-5.0,-0.00050,12.0850,-7.5,-0.00075,12.0813,-7.5,-0.00075,12.0825,-5.0,-0.00050,12.0825,-5.0,-0.00050,12.0837,-5.0,-0.00050,12.0850,-7.5,-0.00075,169.63
1,238511,1,0,59.58,4.9525,542.5,0.54250,12.0825,167.5,0.16750,12.0837,1197.5,0.03629,5.0812,702.5,0.07025,12.0837,487.5,0.04875,12.0825,462.5,0.04625,12.0837,632.5,0.06325,12.0850,-5.0,-0.00050,12.0850,-7.5,-0.00075,12.0825,-7.5,-0.00075,12.0837,-5.0,-0.00050,12.0837,-5.0,-0.00050,12.0837,-5.0,-0.00050,12.0850,-7.5,-0.00075,169.96
1,238926,1,0,59.24,4.9550,530.0,0.53000,12.0837,165.0,0.16500,12.0837,1200.0,0.03636,5.0812,705.0,0.07050,12.0850,482.5,0.04825,12.0825,442.5,0.04425,12.0850,620.0,0.06200,12.0850,-5.0,-0.00050,12.0862,-7.5,-0.00075,12.0825,-7.5,-0.00075,12.0837,-5.0,-0.00050,12.0837,-5.0,-0.00050,12.0850,-5.0,-0.00050,12.0850,-7.5,-0.00075,170.37
1,239262,1,0,58.96,4.9537,532.5,0.53250,12.0825,162.5,0.16250,12.0837,1200.0,0.03636,5.0812,702.5,0.07025,12.0837,475.0,0.04750,12.0813,447.5,0.04475,12.0837,622.5,0.06225,12.0837,-5.0,-0.00050,12.0850,-7.5,-0.00075,12.0825,-7.5,-0.00075,12.0837,-5.0,-0.00050,12.0837,-5.0,-0.00050,12.0837,-5.0,-0.00050,12.0850,-7.5,-0.00075,170.71
1,239597,1,0,58.68,4.9550,530.0,0.53000,12.0825,162.5,0.16250,12.0837,1197.5,0.03629,5.0812,702.5,0.07025,12.0837,482.5,0.04825,12.0825,455.0,0.04550,12.0837,620.0,0.06200,12.0850,-5.0,-0.00050,12.0850,-7.5,-0.00075,12.0825,-7.5,-0.00075,12.0825,-5.0,-0.00050,12.0837,-5.0,-0.00050,12.0837,-5.0,-0.00050,12.0850,-7.5,-0.00075,171.05
1,239932,1,0,58.40,4.9562,522.5,0.52250,12.0825,157.5,0.15750,12.0837,1197.5,0.03629,5.0812,705.0,0.07050,12.0837,470.0,0.04700,12.0813,432.5,0.04325,12.0837,605.0,0.06050,12.0850,-5.0,-0.00050,12.0850,-7.5,-0.00075,12.0825,-7.5,-0.00075,12.0837,-5.0,-0.00050,12.0837,-5.0,-0.00050,12.0837,-5.0,-0.00050,12.0850,-7.5,-0.00075,171.38
1,240342,1,0,58.06,4.9562,520.0,0.52000,12.0837,157.5,0.15750,12.0837,1197.5,0.03629,5.0812,705.0,0.07050,12.0850,467.5,0.04675,12.0825,437.5,0.04375,12.0850,602.5,0.06025,12.0850,-5.0,-0.00050,12.0862,-7.5,-0.00075,12.0825,-7.5,-0.00075,12.0837,-5.0,-0.00050,12.0837,-5.0,-0.00050,12.0850,-5.0,-0.00050,12.0850,-7.5,-0.00075,171.79
1,240678,1,0,57.78,4.9575,510.0,0.51000,12.0837,155.0,0.15500,12.0837,1200.0,0.03636,5.0812,702.5,0.07025,12.0837,460.0,0.04600,12.0825,425.0,0.04250,12.0850,585.0,0.05850,12.0850,-5.0,-0.00050,12.0862,-7.5,-0.00075,12.0825,-7.5,-0.00075,12.0837,-5.0,-0.00050,12.0837,-5.0,-0.00050,12.0837,-5.0,-0.00050,12.0850,-7.5,-0.00075,172.15
1,241034,1,0,57.48,4.9575,510.0,0.51000,12.0825,155.0,0.15500,12.0837,1200.0,0.03636,5.0812,705.0,0.07050,12.0837,452.5,0.04525,12.0813,420.0,0.04200,12.0837,582.5,0.05825,12.0837,-5.0,-0.00050,12.0850,-7.5,-0.00075,12.0825,-7.5,-0.00075,12.0837,-5.0,-0.00050,12.0837,-5.0,-0.00050,12.0837,-5.0,-0.00050,12.0850,-7.5,-0.00075,172.49
1,241370,1,0,57.20,4.9575,510.0,0.51000,12.0825,152.5,0.15250,12.0837,1200.0,0.03636,5.0812,702.5,0.07025,12.0837,452.5,0.04525,12.0813,422.5,0.04225,12.0837,590.0,0.05900,12.0850,-5.0,-0.00050,12.0850,-7.5,-0.00075,12.0825,-7.5,-0.00075,12.0825,-5.0,-0.00050,12.0837,-5.0,-0.00050,12.0837,-5.0,-0.00050,12.0850,-7.5,-0.00075,172.82
1,241782,1,0,56.86,4.9587,497.5,0.49750,12.0837,150.0,0.15000,12.0850,1197.5,0.03629,5.0812,705.0,0.07050,12.0850,437.5,0.04375,12.0825,412.5,0.04125,12.0850,572.5,0.05725,12.0850,-5.0,-0.00050,12.0862,-7.5,-0.00075,12.0825,-7.5,-0.00075,12.0837,-5.0,-0.00050,12.0837,-5.0,-0.00050,12.0850,-5.0,-0.00050,12.0850,-7.5,-0.00075,173.24
1,242118,1,0,56.58,4.9587,497.5,0.49750,12.0825,152.5,0.15250,12.0837,1197.5,0.03629,5.0812,702.5,0.07025,12.0837,432.5,0.04325,12.0813,417.5,0.04175,12.0837,567.5,0.05675,12.0837,-5.0,-0.00050,12.0850,-7.5,-0.00075,12.0825,-7.5,-0.00075,12.0825,-5.0,-0.00050,12.0837,-5.0,-0.00050,12.0837,-5.0,-0.00050,12.0850,-7.5,-0.00075,173.58
1,242453,1,0,56.30,4.9587,500.0,0.50000,12.0825,150.0,0.15000,12.0825,1200.0,0.03636,5.0812,702.5,0.07025,12.0837,452.5,0.04525,12.0813,412.5,0.04125,12.0837,572.5,0.05725,12.0837,-5.0,-0.00050,12.0850,-7.5,-0.00075,12.0813,-7.5,-0.00075,12.0825,-5.0,-0.00050,12.0825,-5.0,-0.00050,12.0837,-5.0,-0.00050,12.0837,-7.5,-0.00075,173.91
1,242788,1,0,56.02,4.9600,490.0,0.49000,12.0825,147.5,0.14750,12.0837,1195.0,0.03621,5.0812,702.5,0.07025,12.0837,432.5,0.04325,12.0813,402.5,0.04025,12.0837,552.5,0.05525,12.0850,-5.0,-0.00050,12.0850,-7.5,-0.00075,12.0825,-7.5,-0.00075,12.0837,-5.0,-0.00050,12.0837,-5.0,-0.00050,12.0837,-5.0,-0.00050,12.0850,-7.5,-0.00075,174.25
1,243217,1,0,55.66,4.9600,487.5,0.48750,12.0837,145.0,0.14500,12.0837,1195.0,0.03621,5.0812,702.5,0.07025,12.0850,432.5,0.04325,12.0825,405.0,0.04050,12.0850,555.0,0.05550,12.0850,-5.0,-0.00050,12.0862,-7.5,-0.00075,12.0825,-7.5,-0.00075,12.0837,-5.0,-0.00050,12.0837,-5.0,-0.00050,12.0837,-5.0,-0.00050,12.0850,-7.5,-0.00075,174.67
1,243552,1,0,55.38,4.9612,477.5,0.47750,12.0825,142.5,0.14250,12.0837,1200.0,0.03636,5.0812,702.5,0.07025,12.0837,420.0,0.04200,12.0825,392.5,0.03925,12.0837,542.5,0.05425,12.0850,-5.0,-0.00050,12.0850,-7.5,-0.00075,12.0825,-7.5,-0.00075,12.0825,-5.0,-0.00050,12.0837,-5.0,-0.00050,12.0837,-5.0,-0.00050,12.0850,-7.5,-0.00075,175.01
1,243887,1,0,55.10,4.9612,477.5,0.47750,12.0825,140.0,0.14000,12.0825,1200.0,0.03636,5.0812,702.5,0.07025,12.0837,420.0,0.04200,12.0813,392.5,0.03925,12.0837,535.0,0.05350,12.0837,-5.0,-0.00050,12.0850,-7.5,-0.00075,12.0813,-7.5,-0.00075,12.0825,-5.0,-0.00050,12.0825,-5.0,-0.00050,12.0837,-5.0,-0.00050,12.0837,-7.5,-0.00075,175.34
1,244222,1,0,54.82,4.9612,477.5,0.47750,12.0825,142.5,0.14250,12.0825,1197.5,0.03629,5.0812,702.5,0.07025,12.0837,420.0,0.04200,12.0813,392.5,0.03925,12.0837,540.0,0.05400,12.0837,-5.0,-0.00050,12.0850,-7.5,-0.00075,12.0813,-7.5,-0.00075,12.0825,-5.0,-0.00050,12.0825,-5.0,-0.00050,12.0837,-5.0,-0.00050,12.0837,-7.5,-0.00075,175.68
1,244642,1,0,54.47,4.9625,467.5,0.46750,12.0837,140.0,0.14000,12.0837,1195.0,0.03621,5.0812,702.5,0.07025,12.0850,412.5,0.04125,12.0825,382.5,0.03825,12.0850,525.0,0.05250,12.0850,-5.0,-0.00050,12.0862,-7.5,-0.00075,12.0825,-7.5,-0.00075,12.0837,-5.0,-0.00050,12.0837,-5.0,-0.00050,12.0850,-5.0,-0.00050,12.0850,-7.5,-0.00075,176.10
1,244978,1,0,54.19,4.9625,467.5,0.46750,12.0825,137.5,0.13750,12.0825,1200.0,0.03636,5.0812,702.5,0.07025,12.0837,407.5,0.04075,12.0813,382.5,0.03825,12.0837,525.0,0.05250,12.0837,-5.0,-0.00050,12.0850,-7.5,-0.00075,12.0813,-7.5,-0.00075,12.0825,-5.0,-0.00050,12.0825,-5.0,-0.00050,12.0825,-5.0,-0.00050,12.0837,-7.5,-0.00075,176.45
1,245334,1,0,53.90,4.9637,457.5,0.45750,12.0825,135.0,0.13500,12.0837,1197.5,0.03629,5.0812,702.5,0.07025,12.0837,397.5,0.03975,12.0813,372.5,0.03725,12.0837,510.0,0.05100,12.0850,-5.0,-0.00050,12.0850,-7.5,-0.00075,12.0825,-7.5,-0.00075,12.0825,-5.0,-0.00050,12.0837,-5.0,-0.00050,12.0837,-5.0,-0.00050,12.0850,-7.5,-0.00075,176.79
1,245670,1,0,53.62,4.9637,457.5,0.45750,12.0825,135.0,0.13500,12.0825,1197.5,0.03629,5.0812,702.5,0.07025,12.0837,397.5,0.03975,12.0813,367.5,0.03675,12.0837,512.5,0.05125,12.0837,-5.0,-0.00050,12.0850,-7.5,-0.00075,12.0813,-7.5,-0.00075,12.0825,-5.0,-0.00050,12.0825,-5.0,-0.00050,12.0837,-5.0,-0.00050,12.0837,-7.5,-0.00075,177.13
1,246097,1,0,53.26,4.9637,457.5,0.45750,12.0837,135.0,0.13500,12.0837,1197.5,0.03629,5.0812,702.5,0.07025,12.0850,400.0,0.04000,12.0825,370.0,0.03700,12.0850,512.5,0.05125,12.0850,-5.0,-0.00050,12.0862,-7.5,-0.00075,12.0825,-7.5,-0.00075,12.0837,-5.0,-0.00050,12.0837,-5.0,-0.00050,12.0837,-5.0,-0.00050,12.0850,-7.5,-0.00075,177.55
1,246433,1,0,52.98,4.9650,450.0,0.45000,12.0825,130.0,0.13000,12.0825,1197.5,0.03629,5.0812,702.5,0.07025,12.0837,387.5,0.03875,12.0813,360.0,0.03600,12.0837,495.0,0.04950,12.0850,-5.0,-0.00050,12.0850,-7.5,-0.00075,12.0825,-7.5,-0.00075,12.0825,-5.0,-0.00050,12.0837,-5.0,-0.00050,12.0837,-5.0,-0.00050,12.0850,-7.5,-0.00075,177.89
1,246768,1,0,52.70,4.9650,447.5,0.44750,12.0825,130.0,0.13000,12.0825,1195.0,0.03621,5.0812,702.5,0.07025,12.0837,385.0,0.03850,12.0813,360.0,0.03600,12.0837,490.0,0.04900,12.0837,-5.0,-0.00050,12.0850,-7.5,-0.00075,12.0813,-7.5,-0.00075,12.0825,-5.0,-0.00050,12.0825,-5.0,-0.00050,12.0837,-5.0,-0.00050,12.0850,-7.5,-0.00075,178.22
1,247103,1,0,52.42,4.9650,450.0,0.45000,12.0825,130.0,0.13000,12.0825,1192.5,0.03614,5.0812,702.5,0.07025,12.0837,390.0,0.03900,12.0813,360.0,0.03600,12.0837,495.0,0.04950,12.0837,-5.0,-0.00050,12.0850,-7.5,-0.00075,12.0825,-7.5,-0.00075,12.0825,-5.0,-0.00050,12.0837,-5.0,-0.00050,12.0837,-5.0,-0.00050,12.0850,-7.5,-0.00075,178.56
1,247622,1,0,51.99,4.9662,437.5,0.43750,12.0837,127.5,0.12750,12.0837,1197.5,0.03629,5.0812,702.5,0.07025,12.0850,382.5,0.03825,12.0825,350.0,0.03500,12.0850,480.0,0.04800,12.0850,-5.0,-0.00050,12.0862,-7.5,-0.00075,12.0825,-7.5,-0.00075,12.0837,-5.0,-0.00050,12.0837,-5.0,-0.00050,12.0837,-5.0,-0.00050,12.0850,-7.5,-0.00075,179.08
1,247958,1,0,51.71,4.9662,437.5,0.43750,12.0825,127.5,0.12750,12.0837,1197.5,0.03629,5.0812,702.5,0.07025,12.0837,380.0,0.03800,12.0825,350.0,0.03500,12.0837,482.5,0.04825,12.0850,-5.0,-0.00050,12.0850,-7.5,-0.00075,12.0825,-7.5,-0.00075,12.0825,-5.0,-0.00050,12.0825,-5.0,-0.00050,12.0837,-5.0,-0.00050,12.0850,-7.5,-0.00075,179.41
1,248293,1,0,51.43,4.9675,430.0,0.43000,12.0825,122.5,0.12250,12.0837,1197.5,0.03629,5.0812,702.5,0.07025,12.0837,365.0,0.03650,12.0825,347.5,0.03475,12.0837,465.0,0.04650,12.0850,-5.0,-0.00050,12.0850,-7.5,-0.00075,12.0825,-7.5,-0.00075,12.0837,-5.0,-0.00050,12.0837,-5.0,-0.00050,12.0837,-5.0,-0.00050,12.0850,-7.5,-0.00075,179.75
1,248628,1,0,51.15,4.9675,430.0,0.43000,12.0825,122.5,0.12250,12.0825,1197.5,0.03629,5.0812,702.5,0.07025,12.0837,365.0,0.03650,12.0813,345.0,0.03450,12.0837,462.5,0.04625,12.0837,-5.0,-0.00050,12.0850,-7.5,-0.00075,12.0813,-7.5,-0.00075,12.0825,-5.0,-0.00050,12.0825,-5.0,-0.00050,12.0837,-5.0,-0.00050,12.0837,-7.5,-0.00075,180.08
1,249039,1,0,50.81,4.9675,430.0,0.43000,12.0825,122.5,0.12250,12.0837,1200.0,0.03636,5.0812,702.5,0.07025,12.0850,365.0,0.03650,12.0825,335.0,0.03350,12.0850,462.5,0.04625,12.0850,-5.0,-0.00050,12.0850,-7.5,-0.00075,12.0825,-7.5,-0.00075,12.0837,-5.0,-0.00050,12.0837,-5.0,-0.00050,12.0837,-5.0,-0.00050,12.0850,-7.5,-0.00075,180.49
1,249375,1,0,50.53,4.9687,420.0,0.42000,12.0825,120.0,0.12000,12.0825,1197.5,0.03629,5.0812,702.5,0.07025,12.0837,355.0,0.03550,12.0813,330.0,0.03300,12.0837,455.0,0.04550,12.0850,-5.0,-0.00050,12.0850,-7.5,-0.00075,12.0813,-7.5,-0.00075,12.0825,-5.0,-0.00050,12.0825,-5.0,-0.00050,12.0837,-5.0,-0.00050,12.0837,-7.5,-0.00075,180.84
1,249731,1,0,50.23,4.9687,420.0,0.42000,12.0813,120.0,0.12000,12.0825,1195.0,0.03621,5.0812,702.5,0.07025,12.0837,355.0,0.03550,12.0813,330.0,0.03300,12.0837,452.5,0.04525,12.0837,-5.0,-0.00050,12.0850,-7.5,-0.00075,12.0813,-7.5,-0.00075,12.0825,-5.0,-0.00050,12.0825,-5.0,-0.00050,12.0825,-5.0,-0.00050,12.0837,-7.5,-0.00075,181.18
1,250067,1,0,49.95,4.9700,407.5,0.40750,12.0825,115.0,0.11500,12.0825,1197.5,0.03629,5.0812,702.5,0.07025,12.0837,340.0,0.03400,12.0825,317.5,0.03175,12.0837,435.0,0.04350,12.0837,-5.0,-0.00050,12.0850,-7.5,-0.00075,12.0825,-7.5,-0.00075,12.0825,-5.0,-0.00050,12.0837,-5.0,-0.00050,12.0837,-5.0,-0.00050,12.0850,-7.5,-0.00075,181.52
1,250484,1,0,49.60,4.9700,405.0,0.40500,12.0825,112.5,0.11250,12.0837,1195.0,0.03621,5.0812,702.5,0.07025,12.0850,340.0,0.03400,12.0825,315.0,0.03150,12.0850,430.0,0.04300,12.0850,-5.0,-0.00050,12.0862,-7.5,-0.00075,12.0825,-7.5,-0.00075,12.0837,-5.0,-0.00050,12.0837,-5.0,-0.00050,12.0837,-5.0,-0.00050,12.0850,-7.5,-0.00075,181.93
1,250820,1,0,49.32,4.9700,407.5,0.40750,12.0825,115.0,0.11500,12.0825,1197.5,0.03629,5.0812,702.5,0.07025,12.0837,337.5,0.03375,12.0813,317.5,0.03175,12.0837,432.5,0.04325,12.0837,-5.0,-0.00050,12.0850,-7.5,-0.00075,12.0813,-7.5,-0.00075,12.0825,-5.0,-0.00050,12.0825,-5.0,-0.00050,12.0825,-5.0,-0.00050,12.0837,-7.5,-0.00075,182.27
1,251155,1,0,49.05,4.9713,397.5,0.39750,12.0825,110.0,0.11000,12.0825,1192.5,0.03614,5.0812,702.5,0.07025,12.0837,325.0,0.03250,12.0813,307.5,0.03075,12.0837,417.5,0.04175,12.0837,-5.0,-0.00050,12.0850,-7.5,-0.00075,12.0813,-7.5,-0.00075,12.0825,-5.0,-0.00050,12.0825,-5.0,-0.00050,12.0837,-5.0,-0.00050,12.0837,-7.5,-0.00075,182.60
1,251490,1,0,48.77,4.9713,397.5,0.39750,12.0825,110.0,0.11000,12.0825,1195.0,0.03621,5.0812,702.5,0.07025,12.0837,327.5,0.03275,12.0813,310.0,0.03100,12.0837,417.5,0.04175,12.0837,-5.0,-0.00050,12.0850,-7.5,-0.00075,12.0813,-7.5,-0.00075,12.0825,-5.0,-0.00050,12.0825,-5.0,-0.00050,12.0837,-5.0,-0.00050,12.0837,-7.5,-0.00075,182.95
1,251920,1,0,48.41,4.9725,387.5,0.38750,12.0825,107.5,0.10750,12.0837,1195.0,0.03621,5.0812,702.5,0.07025,12.0850,315.0,0.03150,12.0825,297.5,0.02975,12.0850,405.0,0.04050,12.0850,-5.0,-0.00050,12.0850,-7.5,-0.00075,12.0825,-7.5,-0.00075,12.0837,-5.0,-0.00050,12.0837,-5.0,-0.00050,12.0837,-5.0,-0.00050,12.0850,-7.5,-0.00075,183.37
1,252256,1,0,48.13,4.9725,387.5,0.38750,12.0825,107.5,0.10750,12.0825,1195.0,0.03621,5.0812,702.5,0.07025,12.0837,315.0,0.03150,12.0813,297.5,0.02975,12.0837,405.0,0.04050,12.0837,-5.0,-0.00050,12.0850,-7.5,-0.00075,12.0825,-7.5,-0.00075,12.0825,-5.0,-0.00050,12.0837,-5.0,-0.00050,12.0837,-5.0,-0.00050,12.0837,-7.5,-0.00075,183.71
1,252591,1,0,47.85,4.9725,390.0,0.39000,12.0825,107.5,0.10750,12.0825,1195.0,0.03621,5.0812,702.5,0.07025,12.0837,320.0,0.03200,12.0813,300.0,0.03000,12.0837,402.5,0.04025,12.0837,-5.0,-0.00050,12.0850,-7.5,-0.00075,12.0825,-7.5,-0.00075,12.0825,-5.0,-0.00050,12.0825,-5.0,-0.00050,12.0837,-5.0,-0.00050,12.0837,-7.5,-0.00075,184.04
1,252926,1,0,47.57,4.9738,380.0,0.38000,12.0825,102.5,0.10250,12.0825,1197.5,0.03629,5.0812,702.5,0.07025,12.0837,312.5,0.03125,12.0825,287.5,0.02875,12.0837,392.5,0.03925,12.0837,-5.0,-0.00050,12.0850,-7.5,-0.00075,12.0825,-7.5,-0.00075,12.0825,-5.0,-0.00050,12.0825,-5.0,-0.00050,12.0837,-5.0,-0.00050,12.0850,-7.5,-0.00075,184.37
1,253396,1,0,47.18,4.9738,380.0,0.38000,12.0825,102.5,0.10250,12.0837,1195.0,0.03621,5.0812,702.5,0.07025,12.0850,310.0,0.03100,12.0825,290.0,0.02900,12.0850,395.0,0.03950,12.0850,-5.0,-0.00050,12.0862,-7.5,-0.00075,12.0825,-7.5,-0.00075,12.0837,-5.0,-0.00050,12.0837,-5.0,-0.00050,12.0837,-5.0,-0.00050,12.0850,-7.5,-0.00075,184.85
1,253732,1,0,46.90,4.9738,380.0,0.38000,12.0825,105.0,0.10500,12.0825,1197.5,0.03629,5.0812,702.5,0.07025,12.0837,307.5,0.03075,12.0825,292.5,0.02925,12.0837,390.0,0.03900,12.0837,-5.0,-0.00050,12.0850,-7.5,-0.00075,12.0813,-7.5,-0.00075,12.0825,-5.0,-0.00050,12.0825,-5.0,-0.00050,12.0837,-5.0,-0.00050,12.0837,-7.5,-0.00075,185.20
1,254088,1,0,46.60,4.9750,372.5,0.37250,12.0825,100.0,0.10000,12.0825,1195.0,0.03621,5.0812,702.5,0.07025,12.0837,302.5,0.03025,12.0813,277.5,0.02775,12.0837,377.5,0.03775,12.0837,-5.0,-0.00050,12.0850,-7.5,-0.00075,12.0813,-7.5,-0.00075,12.0825,-5.0,-0.00050,12.0825,-5.0,-0.00050,12.0837,-5.0,-0.00050,12.0837,-7.5,-0.00075,185.55
1,254424,1,0,46.32,4.9750,372.5,0.37250,12.0825,100.0,0.10000,12.0825,1195.0,0.03621,5.0812,702.5,0.07025,12.0837,300.0,0.03000,12.0825,282.5,0.02825,12.0837,380.0,0.03800,12.0850,-5.0,-0.00050,12.0850,-7.5,-0.00075,12.0813,-7.5,-0.00075,12.0825,-5.0,-0.00050,12.0825,-5.0,-0.00050,12.0837,-5.0,-0.00050,12.0837,-7.5,-0.00075,185.88
1,254835,1,0,45.98,4.9762,365.0,0.36500,12.0837,97.5,0.09750,12.0837,1197.5,0.03629,5.0812,702.5,0.07025,12.0850,290.0,0.02900,12.0825,275.0,0.02750,12.0850,365.0,0.03650,12.0850,-5.0,-0.00050,12.0862,-7.5,-0.00075,12.0825,-7.5,-0.00075,12.0837,-5.0,-0.00050,12.0837,-5.0,-0.00050,12.0837,-5.0,-0.00050,12.0850,-7.5,-0.00075,186.29
1,255171,1,0,45.70,4.9762,365.0,0.36500,12.0813,97.5,0.09750,12.0825,1197.5,0.03629,5.0812,702.5,0.07025,12.0837,290.0,0.02900,12.0813,272.5,0.02725,12.0837,367.5,0.03675,12.0837,-5.0,-0.00050,12.0850,-7.5,-0.00075,12.0813,-7.5,-0.00075,12.0825,-5.0,-0.00050,12.0825,-5.0,-0.00050,12.0825,-5.0,-0.00050,12.0837,-7.5,-0.00075,186.62
1,255506,1,0,45.42,4.9762,365.0,0.36500,12.0825,97.5,0.09750,12.0825,1192.5,0.03614,5.0812,702.5,0.07025,12.0837,290.0,0.02900,12.0813,277.5,0.02775,12.0837,365.0,0.03650,12.0837,-5.0,-0.00050,12.0850,-7.5,-0.00075,12.0813,-7.5,-0.00075,12.0825,-5.0,-0.00050,12.0825,-5.0,-0.00050,12.0837,-5.0,-0.00050,12.0837,-7.5,-0.00075,186.96
1,255841,1,0,45.14,4.9762,357.5,0.35750,12.0825,95.0,0.09500,12.0825,1195.0,0.03621,5.0812,702.5,0.07025,12.0837,277.5,0.02775,12.0813,265.0,0.02650,12.0837,355.0,0.03550,12.0837,-5.0,-0.00050,12.0850,-7.5,-0.00075,12.0813,-7.5,-0.00075,12.0825,-5.0,-0.00050,12.0825,-5.0,-0.00050,12.0837,-5.0,-0.00050,12.0837,-7.5,-0.00075,187.30
1,256244,1,0,44.80,4.9775,355.0,0.35500,12.0825,95.0,0.09500,12.0837,1195.0,0.03621,5.0812,702.5,0.07025,12.0850,282.5,0.02825,12.0825,262.5,0.02625,12.0850,355.0,0.03550,12.0850,-5.0,-0.00050,12.0850,-7.5,-0.00075,12.0825,-7.5,-0.00075,12.0837,-5.0,-0.00050,12.0837,-5.0,-0.00050,12.0837,-5.0,-0.00050,12.0850,-7.5,-0.00075,187.70
1,256580,1,0,44.52,4.9775,347.5,0.34750,12.0825,92.5,0.09250,12.0825,1195.0,0.03621,5.0812,702.5,0.07025,12.0837,272.5,0.02725,12.0813,257.5,0.02575,12.0837,345.0,0.03450,12.0837,-5.0,-0.00050,12.0850,-7.5,-0.00075,12.0813,-7.5,-0.00075,12.0825,-5.0,-0.00050,12.0825,-5.0,-0.00050,12.0837,-5.0,-0.00050,12.0837,-7.5,-0.00075,188.03
1,256915,1,0,44.25,4.9775,347.5,0.34750,12.0825,90.0,0.09000,12.0825,1195.0,0.03621,5.0812,702.5,0.07025,12.0837,272.5,0.02725,12.0825,260.0,0.02600,12.0837,342.5,0.03425,12.0837,-5.0,-0.00050,12.0850,-7.5,-0.00075,12.0813,-7.5,-0.00075,12.0825,-5.0,-0.00050,12.0825,-5.0,-0.00050,12.0837,-5.0,-0.00050,12.0837,-7.5,-0.00075,188.37
1,257250,1,0,43.97,4.9775,350.0,0.35000,12.0825,92.5,0.09250,12.0825,1197.5,0.03629,5.0812,700.0,0.07000,12.0837,272.5,0.02725,12.0813,257.5,0.02575,12.0837,342.5,0.03425,12.0837,-5.0,-0.00050,12.0850,-7.5,-0.00075,12.0813,-7.5,-0.00075,12.0825,-5.0,-0.00050,12.0825,-5.0,-0.00050,12.0837,-5.0,-0.00050,12.0837,-7.5,-0.00075,188.70
1,257652,1,0,43.63,4.9787,340.0,0.34000,12.0825,87.5,0.08750,12.0837,1195.0,0.03621,5.0812,702.5,0.07025,12.0850,267.5,0.02675,12.0825,250.0,0.02500,12.0850,327.5,0.03275,12.0850,-5.0,-0.00050,12.0862,-7.5,-0.00075,12.0825,-7.5,-0.00075,12.0837,-5.0,-0.00050,12.0837,-5.0,-0.00050,12.0837,-5.0,-0.00050,12.0850,-7.5,-0.00075,189.10
1,257987,1,0,43.35,4.9787,340.0,0.34000,12.0825,87.5,0.08750,12.0825,1195.0,0.03621,5.0812,702.5,0.07025,12.0837,262.5,0.02625,12.0813,247.5,0.02475,12.0837,335.0,0.03350,12.0837,-5.0,-0.00050,12.0850,-7.5,-0.00075,12.0813,-7.5,-0.00075,12.0825,-5.0,-0.00050,12.0825,-5.0,-0.00050,12.0837,-5.0,-0.00050,12.0837,-7.5,-0.00075,189.46
1,258343,1,0,43.06,4.9787,340.0,0.34000,12.0825,87.5,0.08750,12.0825,1195.0,0.03621,5.0812,702.5,0.07025,12.0837,265.0,0.02650,12.0813,250.0,0.02500,12.0837,332.5,0.03325,12.0837,-5.0,-0.00050,12.0850,-7.5,-0.00075,12.0813,-7.5,-0.00075,12.0825,-5.0,-0.00050,12.0825,-5.0,-0.00050,12.0837,-5.0,-0.00050,12.0837,-7.5,-0.00075,189.80
1,258679,1,0,42.78,4.9800,335.0,0.33500,12.0825,85.0,0.08500,12.0825,1192.5,0.03614,5.0812,702.5,0.07025,12.0837,252.5,0.02525,12.0813,240.0,0.02400,12.0837,320.0,0.03200,12.0837,-5.0,-0.00050,12.0850,-7.5,-0.00075,12.0813,-7.5,-0.00075,12.0825,-5.0,-0.00050,12.0837,-5.0,-0.00050,12.0837,-5.0,-0.00050,12.0850,-7.5,-0.00075,190.14
1,259081,1,0,42.44,4.9800,332.5,0.33250,12.0837,85.0,0.08500,12.0837,1195.0,0.03621,5.0812,702.5,0.07025,12.0850,255.0,0.02550,12.0825,240.0,0.02400,12.0850,320.0,0.03200,12.0850,-5.0,-0.00050,12.0862,-7.5,-0.00075,12.0825,-7.5,-0.00075,12.0837,-5.0,-0.00050,12.0837,-5.0,-0.00050,12.0837,-5.0,-0.00050,12.0850,-7.5,-0.00075,190.54
1,259417,1,0,42.16,4.9812,325.0,0.32500,12.0825,82.5,0.08250,12.0825,1195.0,0.03621,5.0812,702.5,0.07025,12.0837,247.5,0.02475,12.0825,232.5,0.02325,12.0850,305.0,0.03050,12.0850,-5.0,-0.00050,12.0850,-7.5,-0.00075,12.0825,-7.5,-0.00075,12.0825,-5.0,-0.00050,12.0837,-5.0,-0.00050,12.0837,-5.0,-0.00050,12.0837,-7.5,-0.00075,190.87
1,259752,1,0,41.88,4.9812,325.0,0.32500,12.0825,82.5,0.08250,12.0825,1192.5,0.03614,5.0812,700.0,0.07000,12.0837,250.0,0.02500,12.0825,230.0,0.02300,12.0837,307.5,0.03075,12.0837,-5.0,-0.00050,12.0850,-7.5,-0.00075,12.0813,-7.5,-0.00075,12.0825,-5.0,-0.00050,12.0825,-5.0,-0.00050,12.0837,-5.0,-0.00050,12.0850,-7.5,-0.00075,191.20
1,260087,1,0,41.60,4.9812,325.0,0.32500,12.0825,82.5,0.08250,12.0825,1195.0,0.03621,5.0812,702.5,0.07025,12.0837,247.5,0.02475,12.0813,235.0,0.02350,12.0837,307.5,0.03075,12.0837,-5.0,-0.00050,12.0850,-7.5,-0.00075,12.0813,-7.5,-0.00075,12.0825,-5.0,-0.00050,12.0825,-5.0,-0.00050,12.0837,-5.0,-0.00050,12.0837,-7.5,-0.00075,191.54
1,260506,1,0,41.25,4.9812,317.5,0.31750,12.0825,80.0,0.08000,12.0837,1192.5,0.03614,5.0812,702.5,0.07025,12.0850,237.5,0.02375,12.0825,225.0,0.02250,12.0850,297.5,0.02975,12.0850,-5.0,-0.00050,12.0862,-7.5,-0.00075,12.0825,-7.5,-0.00075,12.0837,-5.0,-0.00050,12.0837,-5.0,-0.00050,12.0837,-5.0,-0.00050,12.0850,-7.5,-0.00075,191.97
1,260841,1,0,40.97,4.9812,317.5,0.31750,12.0813,80.0,0.08000,12.0825,1192.5,0.03614,5.0812,700.0,0.07000,12.0837,237.5,0.02375,12.0813,225.0,0.02250,12.0837,297.5,0.02975,12.0837,-5.0,-0.00050,12.0850,-7.5,-0.00075,12.0813,-7.5,-0.00075,12.0825,-5.0,-0.00050,12.0825,-5.0,-0.00050,12.0825,-5.0,-0.00050,12.0837,-7.5,-0.00075,192.30
1,261176,1,0,40.69,4.9812,317.5,0.31750,12.0825,80.0,0.08000,12.0825,1195.0,0.03621,5.0812,700.0,0.07000,12.0837,237.5,0.02375,12.0813,227.5,0.02275,12.0837,295.0,0.02950,12.0837,-5.0,-0.00050,12.0850,-7.5,-0.00075,12.0813,-7.5,-0.00075,12.0825,-5.0,-0.00050,12.0825,-5.0,-0.00050,12.0837,-5.0,-0.00050,12.0837,-7.5,-0.00075,192.63
1,261511,1,0,40.42,4.9825,310.0,0.31000,12.0825,77.5,0.07750,12.0825,1195.0,0.03621,5.0812,700.0,0.07000,12.0837,230.0,0.02300,12.0825,220.0,0.02200,12.0837,285.0,0.02850,12.0837,-5.0,-0.00050,12.0850,-7.5,-0.00075,12.0813,-7.5,-0.00075,12.0825,-5.0,-0.00050,12.0825,-5.0,-0.00050,12.0837,-5.0,-0.00050,12.0837,-7.5,-0.00075,192.96
1,261924,1,0,40.07,4.9825,310.0,0.31000,12.0825,77.5,0.07750,12.0837,1195.0,0.03621,5.0812,702.5,0.07025,12.0850,232.5,0.02325,12.0825,217.5,0.02175,12.0850,282.5,0.02825,12.0850,-5.0,-0.00050,12.0862,-7.5,-0.00075,12.0825,-7.5,-0.00075,12.0837,-5.0,-0.00050,12.0837,-5.0,-0.00050,12.0850,-5.0,-0.00050,12.0850,-7.5,-0.00075,193.37
1,262260,1,0,39.79,4.9837,302.5,0.30250,12.0825,75.0,0.07500,12.0825,1195.0,0.03621,5.0812,702.5,0.07025,12.0837,222.5,0.02225,12.0825,207.5,0.02075,12.0837,275.0,0.02750,12.0837,-5.0,-0.00050,12.0850,-7.5,-0.00075,12.0813,-7.5,-0.00075,12.0825,-5.0,-0.00050,12.0825,-5.0,-0.00050,12.0837,-5.0,-0.00050,12.0837,-7.5,-0.00075,193.72
1,262616,1,0,39.49,4.9837,305.0,0.30500,12.0825,75.0,0.07500,12.0825,1192.5,0.03614,5.0812,700.0,0.07000,12.0837,222.5,0.02225,12.0825,210.0,0.02100,12.0837,275.0,0.02750,12.0837,-5.0,-0.00050,12.0850,-7.5,-0.00075,12.0813,-7.5,-0.00075,12.0825,-5.0,-0.00050,12.0825,-5.0,-0.00050,12.0837,-5.0,-0.00050,12.0837,-7.5,-0.00075,194.06
1,262952,1,0,39.21,4.9837,305.0,0.30500,12.0825,75.0,0.07500,12.0825,1192.5,0.03614,5.0812,702.5,0.07025,12.0837,222.5,0.02225,12.0813,212.5,0.02125,12.0837,277.5,0.02775,12.0837,-5.0,-0.00050,12.0850,-7.5,-0.00075,12.0813,-7.5,-0.00075,12.0825,-5.0,-0.00050,12.0825,-5.0,-0.00050,12.0837,-5.0,-0.00050,12.0837,-7.5,-0.00075,194.40
1,263372,1,0,38.86,4.9837,297.5,0.29750,12.0825,72.5,0.07250,12.0837,1192.5,0.03614,5.0812,700.0,0.07000,12.0850,215.0,0.02150,12.0837,205.0,0.02050,12.0850,265.0,0.02650,12.0850,-5.0,-0.00050,12.0862,-7.5,-0.00075,12.0825,-7.5,-0.00075,12.0837,-5.0,-0.00050,12.0837,-5.0,-0.00050,12.0837,-5.0,-0.00050,12.0850,-7.5,-0.00075,194.82
1,263708,1,0,38.58,4.9837,297.5,0.29750,12.0825,72.5,0.07250,12.0825,1192.5,0.03614,5.0812,700.0,0.07000,12.0837,215.0,0.02150,12.0825,200.0,0.02000,12.0837,267.5,0.02675,12.0837,-5.0,-0.00050,12.0850,-7.5,-0.00075,12.0813,-7.5,-0.00075,12.0825,-5.0,-0.00050,12.0825,-5.0,-0.00050,12.0837,-5.0,-0.00050,12.0850,-7.5,-0.00075,195.16
1,264043,1,0,38.31,4.9837,297.5,0.29750,12.0825,72.5,0.07250,12.0825,1192.5,0.03614,5.0812,700.0,0.07000,12.0837,215.0,0.02150,12.0825,205.0,0.02050,12.0850,262.5,0.02625,12.0850,-5.0,-0.00050,12.0850,-7.5,-0.00075,12.0813,-7.5,-0.00075,12.0825,-5.0,-0.00050,12.0837,-5.0,-0.00050,12.0837,-5.0,-0.00050,12.0850,-7.5,-0.00075,195.49
1,264378,1,0,38.03,4.9850,290.0,0.29000,12.0825,67.5,0.06750,12.0825,1192.5,0.03614,5.0812,700.0,0.07000,12.0837,207.5,0.02075,12.0825,197.5,0.01975,12.0837,252.5,0.02525,12.0837,-5.0,-0.00050,12.0850,-7.5,-0.00075,12.0825,-7.5,-0.00075,12.0825,-5.0,-0.00050,12.0837,-5.0,-0.00050,12.0837,-5.0,-0.00050,12.0850,-7.5,-0.00075,195.83
1,264809,1,0,37.67,4.9850,290.0,0.29000,12.0825,67.5,0.06750,12.0837,1192.5,0.03614,5.0812,700.0,0.07000,12.0850,210.0,0.02100,12.0825,197.5,0.01975,12.0850,255.0,0.02550,12.0850,-5.0,-0.00050,12.0862,-7.5,-0.00075,12.0825,-7.5,-0.00075,12.0837,-5.0,-0.00050,12.0837,-5.0,-0.00050,12.0837,-5.0,-0.00050,12.0850,-7.5,-0.00075,196.26
1,265144,1,0,37.39,4.9862,282.5,0.28250,12.0825,65.0,0.06500,12.0825,1197.5,0.03629,5.0812,700.0,0.07000,12.0837,200.0,0.02000,12.0825,187.5,0.01875,12.0837,245.0,0.02450,12.0850,-5.0,-0.00050,12.0850,-7.5,-0.00075,12.0825,-7.5,-0.00075,12.0825,-5.0,-0.00050,12.0825,-5.0,-0.00050,12.0837,-5.0,-0.00050,12.0850,-7.5,-0.00075,196.60
1,265479,1,0,37.11,4.9862,282.5,0.28250,12.0825,65.0,0.06500,12.0825,1195.0,0.03621,5.0812,700.0,0.07000,12.0837,200.0,0.02000,12.0825,187.5,0.01875,12.0850,245.0,0.02450,12.0850,-5.0,-0.00050,12.0850,-7.5,-0.00075,12.0813,-7.5,-0.00075,12.0825,-5.0,-0.00050,12.0837,-5.0,-0.00050,12.0837,-5.0,-0.00050,12.0837,-7.5,-0.00075,196.94
1,265814,1,0,36.83,4.9862,285.0,0.28500,12.0825,65.0,0.06500,12.0825,1195.0,0.03621,5.0812,700.0,0.07000,12.0837,200.0,0.02000,12.0825,190.0,0.01900,12.0837,245.0,0.02450,12.0837,-5.0,-0.00050,12.0850,-7.5,-0.00075,12.0813,-7.5,-0.00075,12.0825,-5.0,-0.00050,12.0825,-5.0,-0.00050,12.0837,-5.0,-0.00050,12.0837,-7.5,-0.00075,197.26
1,266252,1,0,36.46,4.9862,277.5,0.27750,12.0837,65.0,0.06500,12.0837,1195.0,0.03621,5.0812,700.0,0.07000,12.0850,192.5,0.01925,12.0837,182.5,0.01825,12.0850,237.5,0.02375,12.0850,-5.0,-0.00050,12.0862,-7.5,-0.00075,12.0837,-7.5,-0.00075,12.0837,-5.0,-0.00050,12.0837,-5.0,-0.00050,12.0837,-5.0,-0.00050,12.0850,-7.5,-0.00075,197.71
1,266588,1,0,36.18,4.9862,277.5,0.27750,12.0825,62.5,0.06250,12.0825,1192.5,0.03614,5.0812,700.0,0.07000,12.0850,195.0,0.01950,12.0825,182.5,0.01825,12.0850,235.0,0.02350,12.0850,-5.0,-0.00050,12.0850,-7.5,-0.00075,12.0825,-7.5,-0.00075,12.0837,-5.0,-0.00050,12.0837,-5.0,-0.00050,12.0837,-5.0,-0.00050,12.0850,-7.5,-0.00075,198.06
1,266934,1,0,35.90,4.9875,270.0,0.27000,12.0825,60.0,0.06000,12.0825,1195.0,0.03621,5.0812,700.0,0.07000,12.0837,185.0,0.01850,12.0825,177.5,0.01775,12.0850,227.5,0.02275,12.0850,-5.0,-0.00050,12.0850,-7.5,-0.00075,12.0825,-7.5,-0.00075,12.0837,-5.0,-0.00050,12.0837,-5.0,-0.00050,12.0837,-5.0,-0.00050,12.0850,-7.5,-0.00075,198.39
1,267270,1,0,35.62,4.9875,270.0,0.27000,12.0825,60.0,0.06000,12.0825,1192.5,0.03614,5.0812,700.0,0.07000,12.0837,185.0,0.01850,12.0825,175.0,0.01750,12.0850,227.5,0.02275,12.0850,-5.0,-0.00050,12.0850,-7.5,-0.00075,12.0825,-7.5,-0.00075,12.0825,-5.0,-0.00050,12.0837,-5.0,-0.00050,12.0837,-5.0,-0.00050,12.0850,-7.5,-0.00075,198.72
1,267721,1,0,35.24,4.9875,270.0,0.27000,12.0825,62.5,0.06250,12.0837,1192.5,0.03614,5.0812,700.0,0.07000,12.0850,187.5,0.01875,12.0825,177.5,0.01775,12.0850,225.0,0.02250,12.0850,-5.0,-0.00050,12.0862,-7.5,-0.00075,12.0825,-7.5,-0.00075,12.0837,-5.0,-0.00050,12.0837,-5.0,-0.00050,12.0837,-5.0,-0.00050,12.0850,-7.5,-0.00075,199.17
1,268057,1,0,34.96,4.9887,265.0,0.26500,12.0825,60.0,0.06000,12.0825,1192.5,0.03614,5.0812,700.0,0.07000,12.0850,180.0,0.01800,12.0825,167.5,0.01675,12.0850,217.5,0.02175,12.0850,-5.0,-0.00050,12.0862,-7.5,-0.00075,12.0825,-7.5,-0.00075,12.0837,-5.0,-0.00050,12.0837,-5.0,-0.00050,12.0837,-5.0,-0.00050,12.0850,-7.5,-0.00075,199.51
1,268392,1,0,34.68,4.9887,265.0,0.26500,12.0813,60.0,0.06000,12.0825,1190.0,0.03606,5.0812,700.0,0.07000,12.0837,180.0,0.01800,12.0825,170.0,0.01700,12.0837,217.5,0.02175,12.0837,-5.0,-0.00050,12.0850,-7.5,-0.00075,12.0813,-7.5,-0.00075,12.0825,-5.0,-0.00050,12.0825,-5.0,-0.00050,12.0837,-5.0,-0.00050,12.0837,-7.5,-0.00075,199.84
1,268727,1,0,34.40,4.9887,265.0,0.26500,12.0825,60.0,0.06000,12.0825,1192.5,0.03614,5.0812,700.0,0.07000,12.0850,180.0,0.01800,12.0825,170.0,0.01700,12.0850,217.5,0.02175,12.0850,-5.0,-0.00050,12.0850,-7.5,-0.00075,12.0825,-7.5,-0.00075,12.0837,-5.0,-0.00050,12.0837,-5.0,-0.00050,12.0837,-5.0,-0.00050,12.0850,-7.5,-0.00075,200.18
1,269179,1,0,34.03,4.9887,257.5,0.25750,12.0825,57.5,0.05750,12.0837,1190.0,0.03606,5.0812,700.0,0.07000,12.0850,175.0,0.01750,12.0825,165.0,0.01650,12.0850,210.0,0.02100,12.0850,-5.0,-0.00050,12.0850,-7.5,-0.00075,12.0825,-7.5,-0.00075,12.0837,-5.0,-0.00050,12.0837,-5.0,-0.00050,12.0837,-5.0,-0.00050,12.0850,-7.5,-0.00075,200.63
1,269515,1,0,33.75,4.9887,260.0,0.26000,12.0825,57.5,0.05750,12.0825,1190.0,0.03606,5.0812,700.0,0.07000,12.0837,172.5,0.01725,12.0825,165.0,0.01650,12.0837,210.0,0.02100,12.0837,-5.0,-0.00050,12.0850,-7.5,-0.00075,12.0813,-7.5,-0.00075,12.0825,-5.0,-0.00050,12.0825,-5.0,-0.00050,12.0837,-5.0,-0.00050,12.0837,-7.5,-0.00075,200.96
1,269850,1,0,33.47,4.9900,252.5,0.25250,12.0825,55.0,0.05500,12.0825,1192.5,0.03614,5.0812,700.0,0.07000,12.0837,167.5,0.01675,12.0825,157.5,0.01575,12.0850,200.0,0.02000,12.0837,-5.0,-0.00050,12.0850,-7.5,-0.00075,12.0825,-7.5,-0.00075,12.0825,-5.0,-0.00050,12.0837,-5.0,-0.00050,12.0837,-5.0,-0.00050,12.0850,-7.5,-0.00075,201.30
1,270185,1,0,33.19,4.9900,252.5,0.25250,12.0825,55.0,0.05500,12.0825,1195.0,0.03621,5.0812,700.0,0.07000,12.0837,167.5,0.01675,12.0825,157.5,0.01575,12.0837,200.0,0.02000,12.0837,-5.0,-0.00050,12.0850,-7.5,-0.00075,12.0813,-7.5,-0.00075,12.0825,-5.0,-0.00050,12.0825,-5.0,-0.00050,12.0837,-5.0,-0.00050,12.0837,-7.5,-0.00075,201.63
1,270730,1,0,32.73,4.9913,247.5,0.24750,12.0825,52.5,0.05250,12.0837,1192.5,0.03614,5.0812,700.0,0.07000,12.0850,160.0,0.01600,12.0825,152.5,0.01525,12.0850,192.5,0.01925,12.0850,-5.0,-0.00050,12.0862,-7.5,-0.00075,12.0825,-7.5,-0.00075,12.0837,-5.0,-0.00050,12.0837,-5.0,-0.00050,12.0837,-5.0,-0.00050,12.0850,-7.5,-0.00075,202.18
1,271065,1,0,32.45,4.9900,247.5,0.24750,12.0825,52.5,0.05250,12.0825,1192.5,0.03614,5.0812,700.0,0.07000,12.0837,160.0,0.01600,12.0825,152.5,0.01525,12.0850,192.5,0.01925,12.0837,-5.0,-0.00050,12.0850,-7.5,-0.00075,12.0813,-7.5,-0.00075,12.0825,-5.0,-0.00050,12.0825,-5.0,-0.00050,12.0837,-5.0,-0.00050,12.0837,-7.5,-0.00075,202.53
1,271421,1,0,32.16,4.9900,247.5,0.24750,12.0825,52.5,0.05250,12.0825,1192.5,0.03614,5.0812,700.0,0.07000,12.0837,162.5,0.01625,12.0825,150.0,0.01500,12.0837,192.5,0.01925,12.0837,-5.0,-0.00050,12.0850,-7.5,-0.00075,12.0813,-7.5,-0.00075,12.0825,-5.0,-0.00050,12.0825,-5.0,-0.00050,12.0837,-5.0,-0.00050,12.0837,-7.5,-0.00075,202.87
1,271757,1,0,31.88,4.9913,242.5,0.24250,12.0825,50.0,0.05000,12.0825,1190.0,0.03606,5.0812,700.0,0.07000,12.0837,152.5,0.01525,12.0825,145.0,0.01450,12.0850,185.0,0.01850,12.0850,-5.0,-0.00050,12.0850,-7.5,-0.00075,12.0825,-7.5,-0.00075,12.0825,-5.0,-0.00050,12.0825,-5.0,-0.00050,12.0837,-5.0,-0.00050,12.0850,-7.5,-0.00075,203.21
1,272218,1,0,31.49,4.9913,242.5,0.24250,12.0825,50.0,0.05000,12.0837,1192.5,0.03614,5.0812,700.0,0.07000,12.0850,155.0,0.01550,12.0825,147.5,0.01475,12.0850,185.0,0.01850,12.0850,-5.0,-0.00050,12.0862,-7.5,-0.00075,12.0825,-7.5,-0.00075,12.0837,-5.0,-0.00050,12.0837,-5.0,-0.00050,12.0837,-5.0,-0.00050,12.0850,-7.5,-0.00075,203.67
1,272553,1,0,31.21,4.9913,237.5,0.23750,12.0825,47.5,0.04750,12.0825,1190.0,0.03606,5.0812,700.0,0.07000,12.0837,147.5,0.01475,12.0825,140.0,0.01400,12.0850,180.0,0.01800,12.0850,-5.0,-0.00050,12.0850,-7.5,-0.00075,12.0825,-7.5,-0.00075,12.0837,-5.0,-0.00050,12.0837,-5.0,-0.00050,12.0837,-5.0,-0.00050,12.0850,-7.5,-0.00075,204.00
1,272888,1,0,30.93,4.9913,237.5,0.23750,12.0825,47.5,0.04750,12.0825,1192.5,0.03614,5.0812,700.0,0.07000,12.0837,147.5,0.01475,12.0825,140.0,0.01400,12.0837,175.0,0.01750,12.0837,-5.0,-0.00050,12.0850,-7.5,-0.00075,12.0813,-7.5,-0.00075,12.0825,-5.0,-0.00050,12.0825,-5.0,-0.00050,12.0837,-5.0,-0.00050,12.0837,-7.5,-0.00075,204.34
1,273223,1,0,30.66,4.9913,237.5,0.23750,12.0813,47.5,0.04750,12.0825,1190.0,0.03606,5.0812,700.0,0.07000,12.0837,147.5,0.01475,12.0825,142.5,0.01425,12.0837,177.5,0.01775,12.0837,-5.0,-0.00050,12.0850,-7.5,-0.00075,12.0813,-7.5,-0.00075,12.0825,-5.0,-0.00050,12.0825,-5.0,-0.00050,12.0825,-5.0,-0.00050,12.0837,-7.5,-0.00075,204.68
1,273634,1,0,30.31,4.9925,230.0,0.23000,12.0825,45.0,0.04500,12.0837,1192.5,0.03614,5.0812,700.0,0.07000,12.0850,142.5,0.01425,12.0825,137.5,0.01375,12.0850,170.0,0.01700,12.0850,-5.0,-0.00050,12.0850,-7.5,-0.00075,12.0825,-7.5,-0.00075,12.0837,-5.0,-0.00050,12.0837,-5.0,-0.00050,12.0837,-5.0,-0.00050,12.0850,-7.5,-0.00075,205.09
1,273970,1,0,30.03,4.9925,230.0,0.23000,12.0825,45.0,0.04500,12.0825,1190.0,0.03606,5.0812,700.0,0.07000,12.0837,142.5,0.01425,12.0825,137.5,0.01375,12.0837,170.0,0.01700,12.0837,-5.0,-0.00050,12.0850,-7.5,-0.00075,12.0813,-7.5,-0.00075,12.0825,-5.0,-0.00050,12.0825,-5.0,-0.00050,12.0837,-5.0,-0.00050,12.0837,-7.5,-0.00075,205.43
1,274305,1,0,29.75,4.9925,232.5,0.23250,12.0825,45.0,0.04500,12.0825,1190.0,0.03606,5.0812,700.0,0.07000,12.0837,142.5,0.01425,12.0825,137.5,0.01375,12.0837,170.0,0.01700,12.0837,-5.0,-0.00050,12.0850,-7.5,-0.00075,12.0813,-7.5,-0.00075,12.0825,-5.0,-0.00050,12.0825,-5.0,-0.00050,12.0837,-5.0,-0.00050,12.0837,-7.5,-0.00075,205.76
1,274640,1,0,29.47,4.9938,227.5,0.22750,12.0825,42.5,0.04250,12.0825,1195.0,0.03621,5.0812,700.0,0.07000,12.0837,137.5,0.01375,12.0825,132.5,0.01325,12.0850,162.5,0.01625,12.0837,-5.0,-0.00050,12.0850,-7.5,-0.00075,12.0825,-7.5,-0.00075,12.0825,-5.0,-0.00050,12.0825,-5.0,-0.00050,12.0837,-5.0,-0.00050,12.0850,-7.5,-0.00075,206.09
1,275047,1,0,29.14,4.9925,227.5,0.22750,12.0825,45.0,0.04500,12.0837,1187.5,0.03598,5.0812,700.0,0.07000,12.0850,137.5,0.01375,12.0825,132.5,0.01325,12.0850,162.5,0.01625,12.0850,-5.0,-0.00050,12.0862,-7.5,-0.00075,12.0825,-7.5,-0.00075,12.0837,-5.0,-0.00050,12.0837,-5.0,-0.00050,12.0837,-5.0,-0.00050,12.0850,-7.5,-0.00075,206.50
1,275383,1,0,28.86,4.9938,222.5,0.22250,12.0825,42.5,0.04250,12.0825,1195.0,0.03621,5.0812,700.0,0.07000,12.0837,130.0,0.01300,12.0825,125.0,0.01250,12.0850,157.5,0.01575,12.0837,-5.0,-0.00050,12.0850,-7.5,-0.00075,12.0813,-7.5,-0.00075,12.0825,-5.0,-0.00050,12.0837,-5.0,-0.00050,12.0837,-5.0,-0.00050,12.0850,-7.5,-0.00075,206.84
1,275739,1,0,28.56,4.9938,222.5,0.22250,12.0813,42.5,0.04250,12.0825,1190.0,0.03606,5.0812,700.0,0.07000,12.0837,130.0,0.01300,12.0813,125.0,0.01250,12.0837,155.0,0.01550,12.0837,-5.0,-0.00050,12.0850,-7.5,-0.00075,12.0813,-7.5,-0.00075,12.0825,-5.0,-0.00050,12.0825,-5.0,-0.00050,12.0837,-5.0,-0.00050,12.0837,-7.5,-0.00075,207.19
1,276075,1,0,28.28,4.9938,222.5,0.22250,12.0813,42.5,0.04250,12.0825,1190.0,0.03606,5.0812,700.0,0.07000,12.0837,132.5,0.01325,12.0813,127.5,0.01275,12.0837,155.0,0.01550,12.0837,-5.0,-0.00050,12.0850,-7.5,-0.00075,12.0813,-7.5,-0.00075,12.0825,-5.0,-0.00050,12.0825,-5.0,-0.00050,12.0825,-5.0,-0.00050,12.0837,-7.5,-0.00075,207.53
1,276486,1,0,27.94,4.9950,217.5,0.21750,12.0825,40.0,0.04000,12.0837,1190.0,0.03606,5.0812,700.0,0.07000,12.0850,127.5,0.01275,12.0825,120.0,0.01200,12.0850,145.0,0.01450,12.0850,-5.0,-0.00050,12.0862,-7.5,-0.00075,12.0825,-7.5,-0.00075,12.0837,-5.0,-0.00050,12.0837,-5.0,-0.00050,12.0837,-5.0,-0.00050,12.0850,-7.5,-0.00075,207.94
1,276822,1,0,27.66,4.9938,217.5,0.21750,12.0813,40.0,0.04000,12.0825,1190.0,0.03606,5.0812,700.0,0.07000,12.0837,125.0,0.01250,12.0813,122.5,0.01225,12.0837,147.5,0.01475,12.0837,-5.0,-0.00050,12.0850,-7.5,-0.00075,12.0813,-7.5,-0.00075,12.0825,-5.0,-0.00050,12.0825,-5.0,-0.00050,12.0825,-5.0,-0.00050,12.0837,-7.5,-0.00075,208.27
1,277157,1,0,27.38,4.9938,217.5,0.21750,12.0825,40.0,0.04000,12.0825,1192.5,0.03614,5.0812,700.0,0.07000,12.0837,127.5,0.01275,12.0825,122.5,0.01225,12.0837,147.5,0.01475,12.0837,-5.0,-0.00050,12.0850,-7.5,-0.00075,12.0813,-7.5,-0.00075,12.0825,-5.0,-0.00050,12.0825,-5.0,-0.00050,12.0837,-5.0,-0.00050,12.0837,-7.5,-0.00075,208.61
1,277492,1,0,27.10,4.9950,212.5,0.21250,12.0825,37.5,0.03750,12.0825,1190.0,0.03606,5.0812,700.0,0.07000,12.0837,122.5,0.01225,12.0825,117.5,0.01175,12.0850,140.0,0.01400,12.0850,-5.0,-0.00050,12.0850,-7.5,-0.00075,12.0825,-7.5,-0.00075,12.0825,-5.0,-0.00050,12.0825,-5.0,-0.00050,12.0837,-5.0,-0.00050,12.0850,-7.5,-0.00075,208.94
1,277900,1,0,26.76,4.9950,212.5,0.21250,12.0825,37.5,0.03750,12.0825,1192.5,0.03614,5.0812,700.0,0.07000,12.0850,120.0,0.01200,12.0825,117.5,0.01175,12.0850,140.0,0.01400,12.0850,-5.0,-0.00050,12.0862,-7.5,-0.00075,12.0825,-7.5,-0.00075,12.0837,-5.0,-0.00050,12.0837,-5.0,-0.00050,12.0837,-5.0,-0.00050,12.0850,-7.5,-0.00075,209.35
1,278236,1,0,26.48,4.9950,207.5,0.20750,12.0825,37.5,0.03750,12.0825,1192.5,0.03614,5.0812,700.0,0.07000,12.0850,115.0,0.01150,12.0825,112.5,0.01125,12.0850,135.0,0.01350,12.0850,-5.0,-0.00050,12.0850,-7.5,-0.00075,12.0825,-7.5,-0.00075,12.0825,-5.0,-0.00050,12.0837,-5.0,-0.00050,12.0837,-5.0,-0.00050,12.0850,-7.5,-0.00075,209.69
1,278571,1,0,26.20,4.9950,207.5,0.20750,12.0825,37.5,0.03750,12.0825,1192.5,0.03614,5.0812,700.0,0.07000,12.0837,115.0,0.01150,12.0825,112.5,0.01125,12.0837,135.0,0.01350,12.0837,-5.0,-0.00050,12.0850,-7.5,-0.00075,12.0813,-7.5,-0.00075,12.0825,-5.0,-0.00050,12.0825,-5.0,-0.00050,12.0837,-5.0,-0.00050,12.0837,-7.5,-0.00075,210.03
1,278906,1,0,25.92,4.9950,207.5,0.20750,12.0825,37.5,0.03750,12.0825,1192.5,0.03614,5.0812,697.5,0.06975,12.0837,115.0,0.01150,12.0825,112.5,0.01125,12.0850,135.0,0.01350,12.0837,-5.0,-0.00050,12.0850,-7.5,-0.00075,12.0825,-7.5,-0.00075,12.0825,-5.0,-0.00050,12.0825,-5.0,-0.00050,12.0837,-5.0,-0.00050,12.0837,-7.5,-0.00075,210.37
1,279322,1,0,25.57,4.9962,205.0,0.20500,12.0825,35.0,0.03500,12.0837,1192.5,0.03614,5.0812,700.0,0.07000,12.0850,112.5,0.01125,12.0825,107.5,0.01075,12.0850,130.0,0.01300,12.0850,-5.0,-0.00050,12.0862,-7.5,-0.00075,12.0825,-7.5,-0.00075,12.0837,-5.0,-0.00050,12.0837,-5.0,-0.00050,12.0837,-5.0,-0.00050,12.0850,-7.5,-0.00075,210.78
1,279658,1,0,25.29,4.9962,205.0,0.20500,12.0813,35.0,0.03500,12.0825,1187.5,0.03598,5.0812,700.0,0.07000,12.0837,110.0,0.01100,12.0825,107.5,0.01075,12.0837,127.5,0.01275,12.0837,-5.0,-0.00050,12.0850,-7.5,-0.00075,12.0813,-7.5,-0.00075,12.0825,-5.0,-0.00050,12.0825,-5.0,-0.00050,12.0825,-5.0,-0.00050,12.0837,-7.5,-0.00075,211.13
1,280014,1,0,25.00,4.9962,205.0,0.20500,12.0813,35.0,0.03500,12.0825,1190.0,0.03606,5.0812,700.0,0.07000,12.0837,112.5,0.01125,12.0825,110.0,0.01100,12.0837,127.5,0.01275,12.0837,-5.0,-0.00050,12.0850,-7.5,-0.00075,12.0813,-7.5,-0.00075,12.0825,-5.0,-0.00050,12.0825,-5.0,-0.00050,12.0837,-5.0,-0.00050,12.0837,-7.5,-0.00075,211.47
1,280350,1,0,24.72,4.9962,200.0,0.20000,12.0825,32.5,0.03250,12.0825,1190.0,0.03606,5.0812,700.0,0.07000,12.0850,107.5,0.01075,12.0825,102.5,0.01025,12.0850,122.5,0.01225,12.0837,-5.0,-0.00050,12.0850,-7.5,-0.00075,12.0825,-7.5,-0.00075,12.0837,-5.0,-0.00050,12.0825,-5.0,-0.00050,12.0837,-5.0,-0.00050,12.0850,-7.5,-0.00075,211.81
1,280772,1,0,24.36,4.9962,200.0,0.20000,12.0825,32.5,0.03250,12.0837,1190.0,0.03606,5.0812,700.0,0.07000,12.0850,107.5,0.01075,12.0837,102.5,0.01025,12.0850,122.5,0.01225,12.0850,-5.0,-0.00050,12.0862,-7.5,-0.00075,12.0825,-7.5,-0.00075,12.0837,-5.0,-0.00050,12.0837,-5.0,-0.00050,12.0837,-5.0,-0.00050,12.0850,-7.5,-0.00075,212.22
1,281107,1,0,24.09,4.9975,195.0,0.19500,12.0813,32.5,0.03250,12.0825,1190.0,0.03606,5.0812,697.5,0.06975,12.0837,102.5,0.01025,12.0825,100.0,0.01000,12.0837,117.5,0.01175,12.0837,-5.0,-0.00050,12.0850,-7.5,-0.00075,12.0813,-7.5,-0.00075,12.0825,-5.0,-0.00050,12.0825,-5.0,-0.00050,12.0825,-5.0,-0.00050,12.0837,-7.5,-0.00075,212.56
1,281442,1,0,23.81,4.9975,197.5,0.19750,12.0813,32.5,0.03250,12.0825,1190.0,0.03606,5.0812,700.0,0.07000,12.0837,100.0,0.01000,12.0825,97.5,0.00975,12.0850,117.5,0.01175,12.0837,-5.0,-0.00050,12.0850,-7.5,-0.00075,12.0813,-7.5,-0.00075,12.0825,-5.0,-0.00050,12.0825,-5.0,-0.00050,12.0837,-5.0,-0.00050,12.0837,-7.5,-0.00075,212.90
1,281777,1,0,23.53,4.9962,197.5,0.19750,12.0813,32.5,0.03250,12.0825,1187.5,0.03598,5.0812,700.0,0.07000,12.0837,102.5,0.01025,12.0825,100.0,0.01000,12.0837,117.5,0.01175,12.0837,-5.0,-0.00050,12.0850,-7.5,-0.00075,12.0813,-7.5,-0.00075,12.0825,-5.0,-0.00050,12.0825,-5.0,-0.00050,12.0837,-5.0,-0.00050,12.0837,-7.5,-0.00075,213.23
1,282200,1,0,23.17,4.9975,192.5,0.19250,12.0825,30.0,0.03000,12.0825,1185.0,0.03591,5.0812,697.5,0.06975,12.0850,97.5,0.00975,12.0825,95.0,0.00950,12.0850,112.5,0.01125,12.0850,-5.0,-0.00050,12.0850,-7.5,-0.00075,12.0825,-7.5,-0.00075,12.0837,-5.0,-0.00050,12.0837,-5.0,-0.00050,12.0837,-5.0,-0.00050,12.0850,-7.5,-0.00075,213.65
1,282536,1,0,22.89,4.9975,192.5,0.19250,12.0813,30.0,0.03000,12.0825,1190.0,0.03606,5.0812,700.0,0.07000,12.0837,97.5,0.00975,12.0825,97.5,0.00975,12.0837,112.5,0.01125,12.0837,-5.0,-0.00050,12.0850,-7.5,-0.00075,12.0813,-7.5,-0.00075,12.0825,-5.0,-0.00050,12.0825,-5.0,-0.00050,12.0825,-5.0,-0.00050,12.0837,-7.5,-0.00075,213.99
1,282871,1,0,22.62,4.9975,190.0,0.19000,12.0813,30.0,0.03000,12.0825,1190.0,0.03606,5.0812,697.5,0.06975,12.0837,95.0,0.00950,12.0825,90.0,0.00900,12.0837,105.0,0.01050,12.0837,-5.0,-0.00050,12.0850,-7.5,-0.00075,12.0813,-7.5,-0.00075,12.0825,-5.0,-0.00050,12.0825,-5.0,-0.00050,12.0825,-5.0,-0.00050,12.0837,-7.5,-0.00075,214.32
1,283206,1,0,22.34,4.9975,190.0,0.19000,12.0813,27.5,0.02750,12.0825,1187.5,0.03598,5.0812,697.5,0.06975,12.0837,92.5,0.00925,12.0825,92.5,0.00925,12.0837,105.0,0.01050,12.0837,-5.0,-0.00050,12.0850,-7.5,-0.00075,12.0813,-7.5,-0.00075,12.0825,-5.0,-0.00050,12.0825,-5.0,-0.00050,12.0837,-5.0,-0.00050,12.0837,-7.5,-0.00075,214.66
1,283624,1,0,21.99,4.9975,190.0,0.19000,12.0825,30.0,0.03000,12.0837,1192.5,0.03614,5.0812,700.0,0.07000,12.0850,95.0,0.00950,12.0825,90.0,0.00900,12.0850,107.5,0.01075,12.0850,-5.0,-0.00050,12.0862,-7.5,-0.00075,12.0825,-7.5,-0.00075,12.0837,-5.0,-0.00050,12.0837,-5.0,-0.00050,12.0837,-5.0,-0.00050,12.0850,-7.5,-0.00075,215.07
1,283960,1,0,21.71,4.9987,185.0,0.18500,12.0813,27.5,0.02750,12.0825,1190.0,0.03606,5.0812,697.5,0.06975,12.0837,90.0,0.00900,12.0825,87.5,0.00875,12.0850,102.5,0.01025,12.0837,-5.0,-0.00050,12.0850,-7.5,-0.00075,12.0813,-7.5,-0.00075,12.0825,-5.0,-0.00050,12.0825,-5.0,-0.00050,12.0825,-5.0,-0.00050,12.0837,-7.5,-0.00075,215.42
1,284306,1,0,21.42,4.9987,185.0,0.18500,12.0813,27.5,0.02750,12.0825,1190.0,0.03606,5.0812,697.5,0.06975,12.0837,90.0,0.00900,12.0825,87.5,0.00875,12.0837,100.0,0.01000,12.0837,-5.0,-0.00050,12.0850,-7.5,-0.00075,12.0813,-7.5,-0.00075,12.0825,-5.0,-0.00050,12.0825,-5.0,-0.00050,12.0825,-5.0,-0.00050,12.0837,-7.5,-0.00075,215.75
1,284642,1,0,21.14,4.9987,187.5,0.18750,12.0813,27.5,0.02750,12.0825,1190.0,0.03606,5.0812,697.5,0.06975,12.0837,90.0,0.00900,12.0825,90.0,0.00900,12.0837,100.0,0.01000,12.0837,-5.0,-0.00050,12.0850,-7.5,-0.00075,12.0813,-7.5,-0.00075,12.0825,-5.0,-0.00050,12.0825,-5.0,-0.00050,12.0825,-5.0,-0.00050,12.0837,-7.5,-0.00075,216.09
1,285064,1,0,20.79,4.9987,182.5,0.18250,12.0825,25.0,0.02500,12.0825,1190.0,0.03606,5.0812,697.5,0.06975,12.0850,87.5,0.00875,12.0825,85.0,0.00850,12.0850,95.0,0.00950,12.0850,-5.0,-0.00050,12.0862,-7.5,-0.00075,12.0825,-7.5,-0.00075,12.0837,-5.0,-0.00050,12.0837,-5.0,-0.00050,12.0837,-5.0,-0.00050,12.0850,-7.5,-0.00075,216.51
1,285400,1,0,20.51,4.9987,182.5,0.18250,12.0813,27.5,0.02750,12.0825,1192.5,0.03614,5.0812,697.5,0.06975,12.0837,85.0,0.00850,12.0825,85.0,0.00850,12.0837,97.5,0.00975,12.0837,-5.0,-0.00050,12.0850,-7.5,-0.00075,12.0813,-7.5,-0.00075,12.0825,-5.0,-0.00050,12.0825,-5.0,-0.00050,12.0825,-5.0,-0.00050,12.0837,-7.5,-0.00075,216.86
1,285735,1,0,20.23,4.9987,180.0,0.18000,12.0825,25.0,0.02500,12.0825,1185.0,0.03591,5.0812,697.5,0.06975,12.0837,82.5,0.00825,12.0825,82.5,0.00825,12.0850,92.5,0.00925,12.0837,-5.0,-0.00050,12.0850,-7.5,-0.00075,12.0813,-7.5,-0.00075,12.0825,-5.0,-0.00050,12.0825,-5.0,-0.00050,12.0825,-5.0,-0.00050,12.0837,-7.5,-0.00075,217.19
1,286070,1,0,19.95,4.9987,180.0,0.18000,12.0813,25.0,0.02500,12.0825,1187.5,0.03598,5.0812,697.5,0.06975,12.0837,87.5,0.00875,12.0813,80.0,0.00800,12.0837,92.5,0.00925,12.0837,-5.0,-0.00050,12.0850,-7.5,-0.00075,12.0813,-7.5,-0.00075,12.0825,-5.0,-0.00050,12.0825,-5.0,-0.00050,12.0825,-5.0,-0.00050,12.0837,-7.5,-0.00075,217.53
1,286504,1,0,19.59,4.9987,180.0,0.18000,12.0813,25.0,0.02500,12.0825,1190.0,0.03606,5.0812,697.5,0.06975,12.0837,87.5,0.00875,12.0825,82.5,0.00825,12.0850,92.5,0.00925,12.0837,-5.0,-0.00050,12.0850,-7.5,-0.00075,12.0813,-7.5,-0.00075,12.0825,-5.0,-0.00050,12.0825,-5.0,-0.00050,12.0837,-5.0,-0.00050,12.0837,-7.5,-0.00075,217.96
1,286840,1,0,19.31,4.9987,177.5,0.17750,12.0813,25.0,0.02500,12.0825,1187.5,0.03598,5.0812,697.5,0.06975,12.0837,80.0,0.00800,12.0813,77.5,0.00775,12.0837,87.5,0.00875,12.0837,-5.0,-0.00050,12.0850,-7.5,-0.00075,12.0813,-7.5,-0.00075,12.0825,-5.0,-0.00050,12.0825,-5.0,-0.00050,12.0825,-5.0,-0.00050,12.0837,-7.5,-0.00075,218.29
1,287175,1,0,19.03,5.0000,177.5,0.17750,12.0813,25.0,0.02500,12.0825,1190.0,0.03606,5.0812,697.5,0.06975,12.0837,80.0,0.00800,12.0813,77.5,0.00775,12.0837,87.5,0.00875,12.0837,-5.0,-0.00050,12.0850,-7.5,-0.00075,12.0813,-7.5,-0.00075,12.0825,-5.0,-0.00050,12.0825,-5.0,-0.00050,12.0825,-5.0,-0.00050,12.0837,-7.5,-0.00075,218.63
1,287510,1,0,18.75,5.0000,177.5,0.17750,12.0813,25.0,0.02500,12.0825,1187.5,0.03598,5.0812,697.5,0.06975,12.0837,80.0,0.00800,12.0825,77.5,0.00775,12.0837,85.0,0.00850,12.0837,-5.0,-0.00050,12.0850,-7.5,-0.00075,12.0813,-7.5,-0.00075,12.0825,-5.0,-0.00050,12.0825,-5.0,-0.00050,12.0825,-5.0,-0.00050,12.0837,-7.5,-0.00075,218.97
1,287948,1,0,18.38,5.0000,172.5,0.17250,12.0825,22.5,0.02250,12.0837,1187.5,0.03598,5.0812,697.5,0.06975,12.0850,75.0,0.00750,12.0825,75.0,0.00750,12.0850,85.0,0.00850,12.0850,-5.0,-0.00050,12.0862,-7.5,-0.00075,12.0825,-7.5,-0.00075,12.0837,-5.0,-0.00050,12.0837,-5.0,-0.00050,12.0837,-5.0,-0.00050,12.0850,-7.5,-0.00075,219.40
1,288284,1,0,18.10,5.0000,172.5,0.17250,12.0813,22.5,0.02250,12.0825,1187.5,0.03598,5.0812,697.5,0.06975,12.0837,75.0,0.00750,12.0825,75.0,0.00750,12.0837,85.0,0.00850,12.0837,-5.0,-0.00050,12.0850,-7.5,-0.00075,12.0813,-7.5,-0.00075,12.0825,-5.0,-0.00050,12.0825,-5.0,-0.00050,12.0837,-5.0,-0.00050,12.0837,-7.5,-0.00075,219.76
1,288630,1,0,17.82,5.0000,170.0,0.17000,12.0813,22.5,0.02250,12.0825,1190.0,0.03606,5.0812,697.5,0.06975,12.0837,72.5,0.00725,12.0825,72.5,0.00725,12.0837,80.0,0.00800,12.0837,-5.0,-0.00050,12.0850,-7.5,-0.00075,12.0813,-7.5,-0.00075,12.0825,-5.0,-0.00050,12.0825,-5.0,-0.00050,12.0825,-5.0,-0.00050,12.0837,-7.5,-0.00075,220.09
1,288966,1,0,17.54,5.0000,170.0,0.17000,12.0813,22.5,0.02250,12.0825,1185.0,0.03591,5.0812,697.5,0.06975,12.0837,72.5,0.00725,12.0813,72.5,0.00725,12.0837,80.0,0.00800,12.0837,-5.0,-0.00050,12.0850,-7.5,-0.00075,12.0813,-7.5,-0.00075,12.0825,-5.0,-0.00050,12.0825,-5.0,-0.00050,12.0825,-5.0,-0.00050,12.0837,-7.5,-0.00075,220.42
1,289462,1,0,17.12,5.0000,170.0,0.17000,12.0825,20.0,0.02000,12.0825,1190.0,0.03606,5.0812,697.5,0.06975,12.0850,70.0,0.00700,12.0825,70.0,0.00700,12.0850,77.5,0.00775,12.0850,-5.0,-0.00050,12.0850,-7.5,-0.00075,12.0825,-7.5,-0.00075,12.0825,-5.0,-0.00050,12.0837,-5.0,-0.00050,12.0837,-5.0,-0.00050,12.0850,-7.5,-0.00075,220.92
1,289798,1,0,16.84,5.0000,170.0,0.17000,12.0813,20.0,0.02000,12.0813,1192.5,0.03614,5.0812,697.5,0.06975,12.0837,70.0,0.00700,12.0813,70.0,0.00700,12.0837,77.5,0.00775,12.0837,-5.0,-0.00050,12.0850,-7.5,-0.00075,12.0813,-7.5,-0.00075,12.0825,-5.0,-0.00050,12.0825,-5.0,-0.00050,12.0825,-5.0,-0.00050,12.0837,-7.5,-0.00075,221.25
1,290133,1,0,16.56,5.0000,167.5,0.16750,12.0813,20.0,0.02000,12.0813,1190.0,0.03606,5.0812,697.5,0.06975,12.0837,70.0,0.00700,12.0813,70.0,0.00700,12.0837,77.5,0.00775,12.0837,-5.0,-0.00050,12.0850,-7.5,-0.00075,12.0813,-7.5,-0.00075,12.0825,-5.0,-0.00050,12.0825,-5.0,-0.00050,12.0825,-5.0,-0.00050,12.0837,-7.5,-0.00075,221.58
1,290468,1,0,16.28,5.0012,165.0,0.16500,12.0813,20.0,0.02000,12.0825,1185.0,0.03591,5.0812,697.5,0.06975,12.0837,67.5,0.00675,12.0813,65.0,0.00650,12.0837,72.5,0.00725,12.0837,-5.0,-0.00050,12.0850,-7.5,-0.00075,12.0813,-7.5,-0.00075,12.0825,-5.0,-0.00050,12.0825,-5.0,-0.00050,12.0825,-5.0,-0.00050,12.0837,-7.5,-0.00075,221.92
1,290908,1,0,15.92,5.0012,165.0,0.16500,12.0825,20.0,0.02000,12.0825,1187.5,0.03598,5.0812,697.5,0.06975,12.0850,67.5,0.00675,12.0825,67.5,0.00675,12.0850,72.5,0.00725,12.0850,-5.0,-0.00050,12.0850,-7.5,-0.00075,12.0825,-7.5,-0.00075,12.0825,-5.0,-0.00050,12.0837,-5.0,-0.00050,12.0837,-5.0,-0.00050,12.0837,-7.5,-0.00075,222.36
1,291244,1,0,15.64,5.0012,167.5,0.16750,12.0813,20.0,0.02000,12.0825,1190.0,0.03606,5.0812,697.5,0.06975,12.0837,65.0,0.00650,12.0813,67.5,0.00675,12.0837,72.5,0.00725,12.0837,-5.0,-0.00050,12.0850,-7.5,-0.00075,12.0813,-7.5,-0.00075,12.0825,-5.0,-0.00050,12.0825,-5.0,-0.00050,12.0825,-5.0,-0.00050,12.0837,-7.5,-0.00075,222.69
1,291579,1,0,15.36,5.0012,165.0,0.16500,12.0813,20.0,0.02000,12.0825,1187.5,0.03598,5.0812,697.5,0.06975,12.0837,65.0,0.00650,12.0825,65.0,0.00650,12.0850,70.0,0.00700,12.0837,-5.0,-0.00050,12.0850,-7.5,-0.00075,12.0813,-7.5,-0.00075,12.0825,-5.0,-0.00050,12.0825,-5.0,-0.00050,12.0837,-5.0,-0.00050,12.0837,-7.5,-0.00075,223.04
1,291914,1,0,15.08,5.0012,165.0,0.16500,12.0813,20.0,0.02000,12.0825,1185.0,0.03591,5.0812,697.5,0.06975,12.0837,65.0,0.00650,12.0813,65.0,0.00650,12.0837,70.0,0.00700,12.0837,-5.0,-0.00050,12.0850,-7.5,-0.00075,12.0813,-7.5,-0.00075,12.0825,-5.0,-0.00050,12.0825,-5.0,-0.00050,12.0825,-5.0,-0.00050,12.0837,-7.5,-0.00075,223.37
1,292353,1,0,14.71,5.0012,162.5,0.16250,12.0825,17.5,0.01750,12.0825,1190.0,0.03606,5.0812,697.5,0.06975,12.0850,60.0,0.00600,12.0825,62.5,0.00625,12.0850,65.0,0.00650,12.0850,-5.0,-0.00050,12.0862,-7.5,-0.00075,12.0825,-7.5,-0.00075,12.0837,-5.0,-0.00050,12.0837,-5.0,-0.00050,12.0837,-5.0,-0.00050,12.0850,-7.5,-0.00075,223.81
1,292689,1,0,14.43,5.0012,162.5,0.16250,12.0813,17.5,0.01750,12.0825,1185.0,0.03591,5.0812,697.5,0.06975,12.0837,62.5,0.00625,12.0825,62.5,0.00625,12.0837,65.0,0.00650,12.0837,-5.0,-0.00050,12.0850,-7.5,-0.00075,12.0813,-7.5,-0.00075,12.0825,-5.0,-0.00050,12.0825,-5.0,-0.00050,12.0825,-5.0,-0.00050,12.0837,-7.5,-0.00075,224.16
1,293035,1,0,14.14,5.0012,162.5,0.16250,12.0813,17.5,0.01750,12.0825,1187.5,0.03598,5.0812,697.5,0.06975,12.0837,62.5,0.00625,12.0813,62.5,0.00625,12.0837,65.0,0.00650,12.0837,-5.0,-0.00050,12.0850,-7.5,-0.00075,12.0813,-7.5,-0.00075,12.0825,-5.0,-0.00050,12.0825,-5.0,-0.00050,12.0825,-5.0,-0.00050,12.0837,-7.5,-0.00075,224.49
1,293371,1,0,13.86,5.0012,160.0,0.16000,12.0813,17.5,0.01750,12.0825,1185.0,0.03591,5.0812,697.5,0.06975,12.0837,60.0,0.00600,12.0825,60.0,0.00600,12.0850,62.5,0.00625,12.0837,-5.0,-0.00050,12.0850,-7.5,-0.00075,12.0813,-7.5,-0.00075,12.0825,-5.0,-0.00050,12.0825,-5.0,-0.00050,12.0837,-5.0,-0.00050,12.0837,-7.5,-0.00075,224.83
1,293900,1,0,13.42,5.0012,160.0,0.16000,12.0825,17.5,0.01750,12.0825,1187.5,0.03598,5.0812,697.5,0.06975,12.0850,60.0,0.00600,12.0825,60.0,0.00600,12.0850,62.5,0.00625,12.0850,-5.0,-0.00050,12.0850,-7.5,-0.00075,12.0825,-7.5,-0.00075,12.0837,-5.0,-0.00050,12.0837,-5.0,-0.00050,12.0837,-5.0,-0.00050,12.0837,-7.5,-0.00075,225.36
1,294235,1,0,13.14,5.0025,157.5,0.15750,12.0813,15.0,0.01500,12.0825,1187.5,0.03598,5.0812,697.5,0.06975,12.0837,57.5,0.00575,12.0825,57.5,0.00575,12.0837,60.0,0.00600,12.0837,-5.0,-0.00050,12.0850,-7.5,-0.00075,12.0813,-7.5,-0.00075,12.0825,-5.0,-0.00050,12.0825,-5.0,-0.00050,12.0825,-5.0,-0.00050,12.0837,-7.5,-0.00075,225.68
1,294570,1,0,12.87,5.0012,157.5,0.15750,12.0813,17.5,0.01750,12.0825,1187.5,0.03598,5.0812,697.5,0.06975,12.0837,57.5,0.00575,12.0825,57.5,0.00575,12.0850,60.0,0.00600,12.0837,-5.0,-0.00050,12.0850,-7.5,-0.00075,12.0813,-7.5,-0.00075,12.0825,-5.0,-0.00050,12.0825,-5.0,-0.00050,12.0837,-5.0,-0.00050,12.0837,-7.5,-0.00075,226.03
1,294905,1,0,12.59,5.0012,157.5,0.15750,12.0825,15.0,0.01500,12.0825,1182.5,0.03583,5.0812,697.5,0.06975,12.0837,57.5,0.00575,12.0825,57.5,0.00575,12.0837,60.0,0.00600,12.0837,-5.0,-0.00050,12.0850,-7.5,-0.00075,12.0813,-7.5,-0.00075,12.0825,-5.0,-0.00050,12.0825,-5.0,-0.00050,12.0825,-5.0,-0.00050,12.0837,-7.5,-0.00075,226.36
1,295318,1,0,12.24,5.0025,155.0,0.15500,12.0825,15.0,0.01500,12.0825,1187.5,0.03598,5.0812,697.5,0.06975,12.0850,55.0,0.00550,12.0825,55.0,0.00550,12.0850,57.5,0.00575,12.0850,-5.0,-0.00050,12.0862,-7.5,-0.00075,12.0825,-7.5,-0.00075,12.0837,-5.0,-0.00050,12.0837,-5.0,-0.00050,12.0837,-5.0,-0.00050,12.0850,-7.5,-0.00075,226.77
1,295654,1,0,11.96,5.0025,155.0,0.15500,12.0813,15.0,0.01500,12.0825,1187.5,0.03598,5.0812,697.5,0.06975,12.0837,55.0,0.00550,12.0825,55.0,0.00550,12.0850,57.5,0.00575,12.0837,-5.0,-0.00050,12.0850,-7.5,-0.00075,12.0813,-7.5,-0.00075,12.0825,-5.0,-0.00050,12.0825,-5.0,-0.00050,12.0825,-5.0,-0.00050,12.0837,-7.5,-0.00075,227.11
1,295989,1,0,11.68,5.0025,157.5,0.15750,12.0813,15.0,0.01500,12.0825,1190.0,0.03606,5.0812,697.5,0.06975,12.0837,55.0,0.00550,12.0825,57.5,0.00575,12.0850,57.5,0.00575,12.0837,-5.0,-0.00050,12.0850,-7.5,-0.00075,12.0813,-7.5,-0.00075,12.0825,-5.0,-0.00050,12.0825,-5.0,-0.00050,12.0825,-5.0,-0.00050,12.0837,-7.5,-0.00075,227.44
1,296324,1,0,11.40,5.0025,155.0,0.15500,12.0813,15.0,0.01500,12.0825,1190.0,0.03606,5.0812,697.5,0.06975,12.0837,52.5,0.00525,12.0825,55.0,0.00550,12.0837,55.0,0.00550,12.0837,-5.0,-0.00050,12.0850,-7.5,-0.00075,12.0813,-7.5,-0.00075,12.0825,-5.0,-0.00050,12.0825,-5.0,-0.00050,12.0825,-5.0,-0.00050,12.0837,-7.5,-0.00075,227.78
1,296729,1,0,11.07,5.0025,155.0,0.15500,12.0825,15.0,0.01500,12.0825,1187.5,0.03598,5.0812,697.5,0.06975,12.0850,52.5,0.00525,12.0825,55.0,0.00550,12.0850,57.5,0.00575,12.0850,-5.0,-0.00050,12.0862,-7.5,-0.00075,12.0825,-7.5,-0.00075,12.0837,-5.0,-0.00050,12.0837,-5.0,-0.00050,12.0837,-5.0,-0.00050,12.0850,-7.5,-0.00075,228.19
1,297065,1,0,10.79,5.0025,152.5,0.15250,12.0813,15.0,0.01500,12.0813,1185.0,0.03591,5.0812,697.5,0.06975,12.0837,52.5,0.00525,12.0813,52.5,0.00525,12.0837,55.0,0.00550,12.0837,-5.0,-0.00050,12.0850,-7.5,-0.00075,12.0813,-7.5,-0.00075,12.0825,-5.0,-0.00050,12.0825,-5.0,-0.00050,12.0825,-5.0,-0.00050,12.0837,-7.5,-0.00075,228.54
1,297411,1,0,10.50,5.0025,152.5,0.15250,12.0813,15.0,0.01500,12.0825,1185.0,0.03591,5.0812,697.5,0.06975,12.0837,50.0,0.00500,12.0825,52.5,0.00525,12.0837,52.5,0.00525,12.0837,-5.0,-0.00050,12.0850,-7.5,-0.00075,12.0813,-7.5,-0.00075,12.0825,-5.0,-0.00050,12.0825,-5.0,-0.00050,12.0825,-5.0,-0.00050,12.0837,-7.5,-0.00075,228.87
1,297747,1,0,10.22,5.0025,152.5,0.15250,12.0813,15.0,0.01500,12.0825,1187.5,0.03598,5.0812,697.5,0.06975,12.0837,52.5,0.00525,12.0825,52.5,0.00525,12.0837,52.5,0.00525,12.0837,-5.0,-0.00050,12.0850,-7.5,-0.00075,12.0813,-7.5,-0.00075,12.0825,-5.0,-0.00050,12.0825,-5.0,-0.00050,12.0825,-5.0,-0.00050,12.0837,-7.5,-0.00075,229.20
1,298161,1,0,9.87,5.0025,152.5,0.15250,12.0825,15.0,0.01500,12.0825,1187.5,0.03598,5.0812,697.5,0.06975,12.0850,52.5,0.00525,12.0825,55.0,0.00550,12.0850,55.0,0.00550,12.0850,-5.0,-0.00050,12.0862,-7.5,-0.00075,12.0825,-7.5,-0.00075,12.0837,-5.0,-0.00050,12.0837,-5.0,-0.00050,12.0837,-5.0,-0.00050,12.0850,-7.5,-0.00075,229.62
1,298496,1,0,9.59,5.0025,155.0,0.15500,12.0813,15.0,0.01500,12.0825,1187.5,0.03598,5.0812,697.5,0.06975,12.0837,52.5,0.00525,12.0813,52.5,0.00525,12.0837,55.0,0.00550,12.0837,-5.0,-0.00050,12.0850,-7.5,-0.00075,12.0813,-7.5,-0.00075,12.0825,-5.0,-0.00050,12.0825,-5.0,-0.00050,12.0825,-5.0,-0.00050,12.0837,-7.5,-0.00075,229.95
1,298831,1,0,9.31,5.0025,155.0,0.15500,12.0813,15.0,0.01500,12.0825,1185.0,0.03591,5.0812,697.5,0.06975,12.0837,52.5,0.00525,12.0813,55.0,0.00550,12.0837,55.0,0.00550,12.0837,-5.0,-0.00050,12.0850,-7.5,-0.00075,12.0813,-7.5,-0.00075,12.0825,-5.0,-0.00050,12.0825,-5.0,-0.00050,12.0825,-5.0,-0.00050,12.0837,-7.5,-0.00075,230.28
1,299166,1,0,9.04,5.0025,155.0,0.15500,12.0813,15.0,0.01500,12.0825,1187.5,0.03598,5.0812,697.5,0.06975,12.0837,52.5,0.00525,12.0825,55.0,0.00550,12.0837,55.0,0.00550,12.0837,-5.0,-0.00050,12.0850,-7.5,-0.00075,12.0813,-7.5,-0.00075,12.0825,-5.0,-0.00050,12.0825,-5.0,-0.00050,12.0825,-5.0,-0.00050,12.0837,-7.5,-0.00075,230.61
1,299572,1,0,8.70,5.0025,152.5,0.15250,12.0825,15.0,0.01500,12.0825,1185.0,0.03591,5.0812,695.0,0.06950,12.0850,52.5,0.00525,12.0825,55.0,0.00550,12.0850,55.0,0.00550,12.0850,-5.0,-0.00050,12.0850,-7.5,-0.00075,12.0825,-7.5,-0.00075,12.0837,-5.0,-0.00050,12.0837,-5.0,-0.00050,12.0837,-5.0,-0.00050,12.0850,-7.5,-0.00075,231.02
1,299908,1,0,8.42,5.0025,155.0,0.15500,12.0813,15.0,0.01500,12.0825,1187.5,0.03598,5.0812,697.5,0.06975,12.0837,52.5,0.00525,12.0825,55.0,0.00550,12.0850,55.0,0.00550,12.0837,-5.0,-0.00050,12.0850,-7.5,-0.00075,12.0813,-7.5,-0.00075,12.0825,-5.0,-0.00050,12.0825,-5.0,-0.00050,12.0837,-5.0,-0.00050,12.0837,-7.5,-0.00075,231.36
1,300243,1,0,8.14,5.0025,155.0,0.15500,12.0813,15.0,0.01500,12.0825,1187.5,0.03598,5.0812,697.5,0.06975,12.0837,52.5,0.00525,12.0825,55.0,0.00550,12.0850,55.0,0.00550,12.0837,-5.0,-0.00050,12.0850,-7.5,-0.00075,12.0813,-7.5,-0.00075,12.0825,-5.0,-0.00050,12.0825,-5.0,-0.00050,12.0837,-5.0,-0.00050,12.0837,-7.5,-0.00075,231.69
1,300578,1,0,7.86,5.0025,155.0,0.15500,12.0813,15.0,0.01500,12.0825,1185.0,0.03591,5.0812,697.5,0.06975,12.0837,52.5,0.00525,12.0825,55.0,0.00550,12.0850,55.0,0.00550,12.0837,-5.0,-0.00050,12.0850,-7.5,-0.00075,12.0813,-7.5,-0.00075,12.0825,-5.0,-0.00050,12.0825,-5.0,-0.00050,12.0837,-5.0,-0.00050,12.0837,-7.5,-0.00075,232.03
1,301001,1,0,7.51,5.0025,155.0,0.15500,12.0825,15.0,0.01500,12.0825,1187.5,0.03598,5.0812,697.5,0.06975,12.0850,55.0,0.00550,12.0825,55.0,0.00550,12.0850,55.0,0.00550,12.0850,-5.0,-0.00050,12.0862,-7.5,-0.00075,12.0825,-7.5,-0.00075,12.0837,-5.0,-0.00050,12.0837,-5.0,-0.00050,12.0837,-5.0,-0.00050,12.0850,-7.5,-0.00075,232.46
1,301337,1,0,7.23,5.0025,155.0,0.15500,12.0813,15.0,0.01500,12.0825,1185.0,0.03591,5.0812,697.5,0.06975,12.0837,55.0,0.00550,12.0825,55.0,0.00550,12.0850,55.0,0.00550,12.0837,-5.0,-0.00050,12.0850,-7.5,-0.00075,12.0813,-7.5,-0.00075,12.0825,-5.0,-0.00050,12.0825,-5.0,-0.00050,12.0825,-5.0,-0.00050,12.0837,-7.5,-0.00075,232.81
1,301683,1,0,6.94,5.0025,155.0,0.15500,12.0813,15.0,0.01500,12.0825,1187.5,0.03598,5.0812,697.5,0.06975,12.0837,55.0,0.00550,12.0825,57.5,0.00575,12.0850,55.0,0.00550,12.0837,-5.0,-0.00050,12.0850,-7.5,-0.00075,12.0813,-7.5,-0.00075,12.0825,-5.0,-0.00050,12.0825,-5.0,-0.00050,12.0825,-5.0,-0.00050,12.0837,-7.5,-0.00075,233.13
1,302019,1,0,6.66,5.0025,155.0,0.15500,12.0825,15.0,0.01500,12.0825,1185.0,0.03591,5.0812,695.0,0.06950,12.0850,55.0,0.00550,12.0825,55.0,0.00550,12.0850,55.0,0.00550,12.0837,-5.0,-0.00050,12.0850,-7.5,-0.00075,12.0813,-7.5,-0.00075,12.0825,-5.0,-0.00050,12.0837,-5.0,-0.00050,12.0837,-5.0,-0.00050,12.0837,-7.5,-0.00075,233.47
1,302442,1,0,6.31,5.0025,155.0,0.15500,12.0825,15.0,0.01500,12.0825,1187.5,0.03598,5.0812,697.5,0.06975,12.0850,55.0,0.00550,12.0825,57.5,0.00575,12.0850,55.0,0.00550,12.0850,-5.0,-0.00050,12.0862,-7.5,-0.00075,12.0825,-7.5,-0.00075,12.0837,-5.0,-0.00050,12.0837,-5.0,-0.00050,12.0837,-5.0,-0.00050,12.0850,-7.5,-0.00075,233.89
1,302778,1,0,6.03,5.0025,155.0,0.15500,12.0813,15.0,0.01500,12.0825,1185.0,0.03591,5.0812,695.0,0.06950,12.0837,55.0,0.00550,12.0825,57.5,0.00575,12.0850,55.0,0.00550,12.0837,-5.0,-0.00050,12.0850,-7.5,-0.00075,12.0813,-7.5,-0.00075,12.0825,-5.0,-0.00050,12.0825,-5.0,-0.00050,12.0825,-5.0,-0.00050,12.0837,-7.5,-0.00075,234.23
1,303113,1,0,5.75,5.0025,155.0,0.15500,12.0813,15.0,0.01500,12.0825,1185.0,0.03591,5.0812,697.5,0.06975,12.0837,55.0,0.00550,12.0825,55.0,0.00550,12.0837,55.0,0.00550,12.0837,-5.0,-0.00050,12.0850,-7.5,-0.00075,12.0813,-7.5,-0.00075,12.0825,-5.0,-0.00050,12.0825,-5.0,-0.00050,12.0837,-5.0,-0.00050,12.0837,-7.5,-0.00075,234.56
1,303448,1,0,5.47,5.0025,155.0,0.15500,12.0813,15.0,0.01500,12.0825,1185.0,0.03591,5.0812,695.0,0.06950,12.0837,55.0,0.00550,12.0825,55.0,0.00550,12.0837,55.0,0.00550,12.0837,-5.0,-0.00050,12.0850,-7.5,-0.00075,12.0813,-7.5,-0.00075,12.0825,-5.0,-0.00050,12.0825,-5.0,-0.00050,12.0825,-5.0,-0.00050,12.0837,-7.5,-0.00075,234.89
1,303885,1,0,5.10,5.0037,140.0,0.14000,12.0825,10.0,0.01000,12.0825,1187.5,0.03598,5.0812,697.5,0.06975,12.0850,37.5,0.00375,12.0825,40.0,0.00400,12.0850,40.0,0.00400,12.0850,-5.0,-0.00050,12.0850,-7.5,-0.00075,12.0825,-7.5,-0.00075,12.0837,-5.0,-0.00050,12.0837,-5.0,-0.00050,12.0837,-5.0,-0.00050,12.0850,-7.5,-0.00075,235.33
1,304221,1,0,4.82,5.0037,140.0,0.14000,12.0813,10.0,0.01000,12.0813,1185.0,0.03591,5.0812,697.5,0.06975,12.0837,37.5,0.00375,12.0813,40.0,0.00400,12.0837,35.0,0.00350,12.0837,-5.0,-0.00050,12.0850,-7.5,-0.00075,12.0813,-7.5,-0.00075,12.0825,-5.0,-0.00050,12.0825,-5.0,-0.00050,12.0825,-5.0,-0.00050,12.0837,-7.5,-0.00075,235.67
1,304556,1,0,4.54,5.0037,140.0,0.14000,12.0813,10.0,0.01000,12.0825,1187.5,0.03598,5.0812,697.5,0.06975,12.0837,37.5,0.00375,12.0813,40.0,0.00400,12.0837,35.0,0.00350,12.0837,-5.0,-0.00050,12.0850,-7.5,-0.00075,12.0813,-7.5,-0.00075,12.0825,-5.0,-0.00050,12.0825,-5.0,-0.00050,12.0825,-5.0,-0.00050,12.0837,-7.5,-0.00075,236.00
1,304891,1,0,4.26,5.0037,140.0,0.14000,12.0813,10.0,0.01000,12.0825,1187.5,0.03598,5.0812,697.5,0.06975,12.0837,37.5,0.00375,12.0825,40.0,0.00400,12.0837,35.0,0.00350,12.0837,-5.0,-0.00050,12.0850,-7.5,-0.00075,12.0813,-7.5,-0.00075,12.0825,-5.0,-0.00050,12.0825,-5.0,-0.00050,12.0825,-5.0,-0.00050,12.0837,-7.5,-0.00075,236.34
1,305314,1,0,3.91,5.0037,140.0,0.14000,12.0825,10.0,0.01000,12.0825,1185.0,0.03591,5.0812,697.5,0.06975,12.0850,37.5,0.00375,12.0825,40.0,0.00400,12.0850,35.0,0.00350,12.0850,-5.0,-0.00050,12.0862,-7.5,-0.00075,12.0825,-7.5,-0.00075,12.0837,-5.0,-0.00050,12.0837,-5.0,-0.00050,12.0837,-5.0,-0.00050,12.0850,-7.5,-0.00075,236.77
1,305649,1,0,3.63,5.0037,140.0,0.14000,12.0813,10.0,0.01000,12.0825,1185.0,0.03591,5.0812,697.5,0.06975,12.0850,37.5,0.00375,12.0825,40.0,0.00400,12.0850,35.0,0.00350,12.0837,-5.0,-0.00050,12.0850,-7.5,-0.00075,12.0825,-7.5,-0.00075,12.0825,-5.0,-0.00050,12.0825,-5.0,-0.00050,12.0837,-5.0,-0.00050,12.0837,-7.5,-0.00075,237.12
1,305995,1,0,3.34,5.0037,140.0,0.14000,12.0813,10.0,0.01000,12.0825,1187.5,0.03598,5.0812,697.5,0.06975,12.0850,37.5,0.00375,12.0825,40.0,0.00400,12.0850,35.0,0.00350,12.0837,-5.0,-0.00050,12.0850,-7.5,-0.00075,12.0813,-7.5,-0.00075,12.0825,-5.0,-0.00050,12.0825,-5.0,-0.00050,12.0825,-5.0,-0.00050,12.0837,-7.5,-0.00075,237.45
1,306331,1,0,3.06,5.0037,140.0,0.14000,12.0813,10.0,0.01000,12.0825,1187.5,0.03598,5.0812,697.5,0.06975,12.0837,37.5,0.00375,12.0813,40.0,0.00400,12.0837,35.0,0.00350,12.0837,-5.0,-0.00050,12.0850,-7.5,-0.00075,12.0813,-7.5,-0.00075,12.0825,-5.0,-0.00050,12.0825,-5.0,-0.00050,12.0825,-5.0,-0.00050,12.0837,-7.5,-0.00075,237.79
1,306755,1,0,2.71,5.0037,140.0,0.14000,12.0825,10.0,0.01000,12.0825,1187.5,0.03598,5.0812,697.5,0.06975,12.0850,37.5,0.00375,12.0825,40.0,0.00400,12.0850,35.0,0.00350,12.0850,-5.0,-0.00050,12.0850,-7.5,-0.00075,12.0825,-7.5,-0.00075,12.0837,-5.0,-0.00050,12.0837,-5.0,-0.00050,12.0837,-5.0,-0.00050,12.0850,-7.5,-0.00075,238.21
1,307091,1,0,2.43,5.0037,140.0,0.14000,12.0813,10.0,0.01000,12.0825,1187.5,0.03598,5.0812,697.5,0.06975,12.0837,37.5,0.00375,12.0825,40.0,0.00400,12.0837,35.0,0.00350,12.0837,-5.0,-0.00050,12.0850,-7.5,-0.00075,12.0813,-7.5,-0.00075,12.0825,-5.0,-0.00050,12.0825,-5.0,-0.00050,12.0825,-5.0,-0.00050,12.0837,-7.5,-0.00075,238.55
1,307426,1,0,2.15,5.0037,140.0,0.14000,12.0813,10.0,0.01000,12.0825,1187.5,0.03598,5.0812,697.5,0.06975,12.0850,37.5,0.00375,12.0825,40.0,0.00400,12.0850,35.0,0.00350,12.0837,-5.0,-0.00050,12.0850,-7.5,-0.00075,12.0813,-7.5,-0.00075,12.0825,-5.0,-0.00050,12.0837,-5.0,-0.00050,12.0837,-5.0,-0.00050,12.0837,-7.5,-0.00075,238.88
1,307761,1,0,1.87,5.0037,140.0,0.14000,12.0813,10.0,0.01000,12.0825,1187.5,0.03598,5.0812,697.5,0.06975,12.0837,37.5,0.00375,12.0825,40.0,0.00400,12.0850,35.0,0.00350,12.0837,-5.0,-0.00050,12.0850,-7.5,-0.00075,12.0813,-7.5,-0.00075,12.0825,-5.0,-0.00050,12.0825,-5.0,-0.00050,12.0837,-5.0,-0.00050,12.0837,-7.5,-0.00075,239.21
1,308238,1,0,1.48,5.0037,140.0,0.14000,12.0825,10.0,0.01000,12.0825,1187.5,0.03598,5.0812,697.5,0.06975,12.0850,37.5,0.00375,12.0825,40.0,0.00400,12.0850,35.0,0.00350,12.0850,-5.0,-0.00050,12.0850,-7.5,-0.00075,12.0825,-7.5,-0.00075,12.0825,-5.0,-0.00050,12.0825,-5.0,-0.00050,12.0837,-5.0,-0.00050,12.0837,-7.5,-0.00075,239.68
1,308573,1,0,1.20,5.0037,140.0,0.14000,12.0813,10.0,0.01000,12.0825,1187.5,0.03598,5.0812,695.0,0.06950,12.0837,37.5,0.00375,12.0825,40.0,0.00400,12.0850,35.0,0.00350,12.0837,-5.0,-0.00050,12.0850,-7.5,-0.00075,12.0813,-7.5,-0.00075,12.0825,-5.0,-0.00050,12.0825,-5.0,-0.00050,12.0837,-5.0,-0.00050,12.0837,-7.5,-0.00075,240.02
1,308908,1,0,0.92,5.0037,140.0,0.14000,12.0825,10.0,0.01000,12.0825,1185.0,0.03591,5.0812,697.5,0.06975,12.0850,37.5,0.00375,12.0825,40.0,0.00400,12.0850,35.0,0.00350,12.0837,-5.0,-0.00050,12.0850,-7.5,-0.00075,12.0813,-7.5,-0.00075,12.0825,-5.0,-0.00050,12.0825,-5.0,-0.00050,12.0837,-5.0,-0.00050,12.0837,-7.5,-0.00075,240.35
1,309243,1,0,0.64,5.0037,140.0,0.14000,12.0813,10.0,0.01000,12.0825,1187.5,0.03598,5.0812,697.5,0.06975,12.0837,37.5,0.00375,12.0825,40.0,0.00400,12.0850,35.0,0.00350,12.0837,-5.0,-0.00050,12.0850,-7.5,-0.00075,12.0813,-7.5,-0.00075,12.0825,-5.0,-0.00050,12.0825,-5.0,-0.00050,12.0825,-5.0,-0.00050,12.0837,-7.5,-0.00075,240.69
1,309676,1,0,0.28,5.0037,140.0,0.14000,12.0825,10.0,0.01000,12.0825,1185.0,0.03591,5.0812,697.5,0.06975,12.0850,37.5,0.00375,12.0825,40.0,0.00400,12.0850,35.0,0.00350,12.0850,-5.0,-0.00050,12.0862,-7.5,-0.00075,12.0825,-7.5,-0.00075,12.0837,-5.0,-0.00050,12.0837,-5.0,-0.00050,12.0837,-5.0,-0.00050,12.0850,-7.5,-0.00075,241.12
1,310012,1,0,0.00,5.0037,140.0,0.14000,12.0813,10.0,0.01000,12.0825,1185.0,0.03591,5.0812,695.0,0.06950,12.0837,37.5,0.00375,12.0825,40.0,0.00400,12.0850,35.0,0.00350,12.0837,-5.0,-0.00050,12.0850,-7.5,-0.00075,12.0813,-7.5,-0.00075,12.0825,-5.0,-0.00050,12.0825,-5.0,-0.00050,12.0825,-5.0,-0.00050,12.0837,-7.5,-0.00075,241.47
1,310358,1,0,0.00,5.0037,140.0,0.14000,12.0813,10.0,0.01000,12.0825,1182.5,0.03583,5.0812,697.5,0.06975,12.0837,37.5,0.00375,12.0813,40.0,0.00400,12.0837,35.0,0.00350,12.0837,-5.0,-0.00050,12.0850,-7.5,-0.00075,12.0813,-7.5,-0.00075,12.0825,-5.0,-0.00050,12.0825,-5.0,-0.00050,12.0825,-5.0,-0.00050,12.0837,-7.5,-0.00075,241.80
1,310694,1,0,0.00,5.0037,140.0,0.14000,12.0813,10.0,0.01000,12.0825,1185.0,0.03591,5.0812,695.0,0.06950,12.0837,37.5,0.00375,12.0825,40.0,0.00400,12.0850,35.0,0.00350,12.0837,-5.0,-0.00050,12.0850,-7.5,-0.00075,12.0813,-7.5,-0.00075,12.0825,-5.0,-0.00050,12.0825,-5.0,-0.00050,12.0825,-5.0,-0.00050,12.0837,-7.5,-0.00075,242.14
1,311111,1,0,0.00,5.0037,140.0,0.14000,12.0825,10.0,0.01000,12.0825,1187.5,0.03598,5.0812,695.0,0.06950,12.0850,37.5,0.00375,12.0825,40.0,0.00400,12.0850,35.0,0.00350,12.0850,-5.0,-0.00050,12.0862,-7.5,-0.00075,12.0825,-7.5,-0.00075,12.0837,-5.0,-0.00050,12.0837,-5.0,-0.00050,12.0837,-5.0,-0.00050,12.0850,-7.5,-0.00075,242.56
1,311447,1,0,0.00,5.0037,140.0,0.14000,12.0813,10.0,0.01000,12.0825,1185.0,0.03591,5.0812,695.0,0.06950,12.0837,37.5,0.00375,12.0825,40.0,0.00400,12.0850,35.0,0.00350,12.0837,-5.0,-0.00050,12.0850,-7.5,-0.00075,12.0813,-7.5,-0.00075,12.0825,-5.0,-0.00050,12.0825,-5.0,-0.00050,12.0837,-5.0,-0.00050,12.0837,-7.5,-0.00075,242.89
1,311782,1,0,0.00,5.0037,140.0,0.14000,12.0825,10.0,0.01000,12.0825,1182.5,0.03583,5.0812,695.0,0.06950,12.0837,37.5,0.00375,12.0825,40.0,0.00400,12.0850,35.0,0.00350,12.0837,-5.0,-0.00050,12.0850,-7.5,-0.00075,12.0813,-7.5,-0.00075,12.0825,-5.0,-0.00050,12.0825,-5.0,-0.00050,12.0837,-5.0,-0.00050,12.0837,-7.5,-0.00075,243.23
1,312117,1,0,0.00,5.0037,140.0,0.14000,12.0813,10.0,0.01000,12.0825,1185.0,0.03591,5.0812,695.0,0.06950,12.0837,37.5,0.00375,12.0825,40.0,0.00400,12.0837,35.0,0.00350,12.0837,-5.0,-0.00050,12.0850,-7.5,-0.00075,12.0813,-7.5,-0.00075,12.0825,-5.0,-0.00050,12.0825,-5.0,-0.00050,12.0825,-5.0,-0.00050,12.0837,-7.5,-0.00075,243.57
1,312563,1,0,0.00,5.0037,140.0,0.14000,12.0825,10.0,0.01000,12.0825,1185.0,0.03591,5.0812,697.5,0.06975,12.0850,37.5,0.00375,12.0825,40.0,0.00400,12.0850,35.0,0.00350,12.0850,-5.0,-0.00050,12.0850,-7.5,-0.00075,12.0825,-7.5,-0.00075,12.0837,-5.0,-0.00050,12.0837,-5.0,-0.00050,12.0837,-5.0,-0.00050,12.0850,-7.5,-0.00075,244.01
1,312899,1,0,0.00,5.0037,140.0,0.14000,12.0813,10.0,0.01000,12.0825,1185.0,0.03591,5.0812,695.0,0.06950,12.0837,37.5,0.00375,12.0813,40.0,0.00400,12.0837,35.0,0.00350,12.0837,-5.0,-0.00050,12.0850,-7.5,-0.00075,12.0813,-7.5,-0.00075,12.0825,-5.0,-0.00050,12.0825,-5.0,-0.00050,12.0825,-5.0,-0.00050,12.0837,-7.5,-0.00075,244.35
1,313234,1,0,0.00,5.0037,140.0,0.14000,12.0813,10.0,0.01000,12.0825,1182.5,0.03583,5.0812,695.0,0.06950,12.0837,37.5,0.00375,12.0825,40.0,0.00400,12.0850,35.0,0.00350,12.0837,-5.0,-0.00050,12.0850,-7.5,-0.00075,12.0813,-7.5,-0.00075,12.0825,-5.0,-0.00050,12.0825,-5.0,-0.00050,12.0825,-5.0,-0.00050,12.0837,-7.5,-0.00075,244.68
1,313569,1,0,0.00,5.0037,140.0,0.14000,12.0813,10.0,0.01000,12.0825,1185.0,0.03591,5.0812,695.0,0.06950,12.0837,37.5,0.00375,12.0825,40.0,0.00400,12.0850,35.0,0.00350,12.0837,-5.0,-0.00050,12.0850,-7.5,-0.00075,12.0813,-7.5,-0.00075,12.0825,-5.0,-0.00050,12.0825,-5.0,-0.00050,12.0825,-5.0,-0.00050,12.0837,-7.5,-0.00075,245.01
1,314006,1,0,0.00,5.0037,140.0,0.14000,12.0825,10.0,0.01000,12.0837,1185.0,0.03591,5.0812,695.0,0.06950,12.0850,37.5,0.00375,12.0825,40.0,0.00400,12.0850,35.0,0.00350,12.0850,-5.0,-0.00050,12.0862,-7.5,-0.00075,12.0825,-7.5,-0.00075,12.0837,-5.0,-0.00050,12.0837,-5.0,-0.00050,12.0837,-5.0,-0.00050,12.0850,-7.5,-0.00075,245.46
1,314342,1,0,0.00,5.0037,140.0,0.14000,12.0813,10.0,0.01000,12.0825,1185.0,0.03591,5.0812,695.0,0.06950,12.0837,37.5,0.00375,12.0825,40.0,0.00400,12.0850,35.0,0.00350,12.0837,-5.0,-0.00050,12.0850,-7.5,-0.00075,12.0813,-7.5,-0.00075,12.0825,-5.0,-0.00050,12.0825,-5.0,-0.00050,12.0825,-5.0,-0.00050,12.0837,-7.5,-0.00075,245.81
1,314688,1,0,0.00,5.0037,140.0,0.14000,12.0813,10.0,0.01000,12.0825,1182.5,0.03583,5.0812,695.0,0.06950,12.0837,37.5,0.00375,12.0825,40.0,0.00400,12.0850,35.0,0.00350,12.0837,-5.0,-0.00050,12.0850,-7.5,-0.00075,12.0813,-7.5,-0.00075,12.0825,-5.0,-0.00050,12.0825,-5.0,-0.00050,12.0825,-5.0,-0.00050,12.0837,-7.5,-0.00075,246.15
1,315024,1,0,0.00,5.0037,140.0,0.14000,12.0813,10.0,0.01000,12.0825,1187.5,0.03598,5.0812,697.5,0.06975,12.0837,37.5,0.00375,12.0825,40.0,0.00400,12.0850,35.0,0.00350,12.0837,-5.0,-0.00050,12.0850,-7.5,-0.00075,12.0813,-7.5,-0.00075,12.0825,-5.0,-0.00050,12.0825,-5.0,-0.00050,12.0837,-5.0,-0.00050,12.0837,-7.5,-0.00075,246.48
1,315463,1,0,0.00,5.0037,140.0,0.14000,12.0825,10.0,0.01000,12.0825,1182.5,0.03583,5.0812,695.0,0.06950,12.0850,37.5,0.00375,12.0825,40.0,0.00400,12.0850,35.0,0.00350,12.0850,-5.0,-0.00050,12.0850,-7.5,-0.00075,12.0825,-7.5,-0.00075,12.0837,-5.0,-0.00050,12.0837,-5.0,-0.00050,12.0837,-5.0,-0.00050,12.0850,-7.5,-0.00075,246.92
1,315799,1,0,0.00,5.0037,140.0,0.14000,12.0813,10.0,0.01000,12.0825,1187.5,0.03598,5.0812,695.0,0.06950,12.0837,37.5,0.00375,12.0813,40.0,0.00400,12.0837,35.0,0.00350,12.0837,-5.0,-0.00050,12.0850,-7.5,-0.00075,12.0813,-7.5,-0.00075,12.0825,-5.0,-0.00050,12.0825,-5.0,-0.00050,12.0825,-5.0,-0.00050,12.0837,-7.5,-0.00075,247.24
1,316134,1,0,0.00,5.0037,140.0,0.14000,12.0813,10.0,0.01000,12.0825,1185.0,0.03591,5.0812,695.0,0.06950,12.0837,37.5,0.00375,12.0825,40.0,0.00400,12.0850,35.0,0.00350,12.0837,-5.0,-0.00050,12.0850,-7.5,-0.00075,12.0813,-7.5,-0.00075,12.0825,-5.0,-0.00050,12.0825,-5.0,-0.00050,12.0837,-5.0,-0.00050,12.0837,-7.5,-0.00075,247.58
1,316469,1,0,0.00,5.0037,140.0,0.14000,12.0813,10.0,0.01000,12.0825,1182.5,0.03583,5.0812,695.0,0.06950,12.0837,37.5,0.00375,12.0813,40.0,0.00400,12.0850,35.0,0.00350,12.0837,-5.0,-0.00050,12.0850,-7.5,-0.00075,12.0813,-7.5,-0.00075,12.0825,-5.0,-0.00050,12.0825,-5.0,-0.00050,12.0825,-5.0,-0.00050,12.0837,-7.5,-0.00075,247.92
1,317015,1,0,0.00,5.0037,140.0,0.14000,12.0825,10.0,0.01000,12.0825,1187.5,0.03598,5.0812,695.0,0.06950,12.0850,37.5,0.00375,12.0825,40.0,0.00400,12.0850,35.0,0.00350,12.0850,-5.0,-0.00050,12.0850,-7.5,-0.00075,12.0825,-7.5,-0.00075,12.0825,-5.0,-0.00050,12.0837,-5.0,-0.00050,12.0837,-5.0,-0.00050,12.0837,-7.5,-0.00075,248.46
1,317350,1,0,0.00,5.0037,140.0,0.14000,12.0825,10.0,0.01000,12.0825,1185.0,0.03591,5.0812,697.5,0.06975,12.0850,37.5,0.00375,12.0825,40.0,0.00400,12.0850,35.0,0.00350,12.0837,-5.0,-0.00050,12.0850,-7.5,-0.00075,12.0813,-7.5,-0.00075,12.0825,-5.0,-0.00050,12.0825,-5.0,-0.00050,12.0837,-5.0,-0.00050,12.0837,-7.5,-0.00075,248.80
1,317685,1,0,0.00,5.0037,140.0,0.14000,12.0813,10.0,0.01000,12.0825,1185.0,0.03591,5.0812,697.5,0.06975,12.0850,37.5,0.00375,12.0825,40.0,0.00400,12.0850,35.0,0.00350,12.0837,-5.0,-0.00050,12.0850,-7.5,-0.00075,12.0813,-7.5,-0.00075,12.0825,-5.0,-0.00050,12.0825,-5.0,-0.00050,12.0837,-5.0,-0.00050,12.0837,-7.5,-0.00075,249.13
1,318020,1,0,0.00,5.0037,140.0,0.14000,12.0813,10.0,0.01000,12.0825,1185.0,0.03591,5.0812,697.5,0.06975,12.0837,37.5,0.00375,12.0825,40.0,0.00400,12.0850,35.0,0.00350,12.0837,-5.0,-0.00050,12.0850,-7.5,-0.00075,12.0813,-7.5,-0.00075,12.0825,-5.0,-0.00050,12.0825,-5.0,-0.00050,12.0837,-5.0,-0.00050,12.0837,-7.5,-0.00075,249.47
1,318427,1,0,0.00,5.0037,140.0,0.14000,12.0825,10.0,0.01000,12.0837,1185.0,0.03591,5.0812,697.5,0.06975,12.0850,37.5,0.00375,12.0825,40.0,0.00400,12.0850,35.0,0.00350,12.0850,-5.0,-0.00050,12.0862,-7.5,-0.00075,12.0825,-7.5,-0.00075,12.0837,-5.0,-0.00050,12.0837,-5.0,-0.00050,12.0837,-5.0,-0.00050,12.0850,-7.5,-0.00075,249.89
1,318763,1,0,0.00,5.0037,140.0,0.14000,12.0813,10.0,0.01000,12.0825,1185.0,0.03591,5.0812,695.0,0.06950,12.0837,37.5,0.00375,12.0825,40.0,0.00400,12.0850,35.0,0.00350,12.0837,-5.0,-0.00050,12.0850,-7.5,-0.00075,12.0813,-7.5,-0.00075,12.0825,-5.0,-0.00050,12.0825,-5.0,-0.00050,12.0825,-5.0,-0.00050,12.0837,-7.5,-0.00075,250.23
1,319109,1,0,0.00,5.0037,140.0,0.14000,12.0825,10.0,0.01000,12.0825,1182.5,0.03583,5.0812,695.0,0.06950,12.0837,37.5,0.00375,12.0825,40.0,0.00400,12.0850,35.0,0.00350,12.0837,-5.0,-0.00050,12.0850,-7.5,-0.00075,12.0813,-7.5,-0.00075,12.0825,-5.0,-0.00050,12.0825,-5.0,-0.00050,12.0837,-5.0,-0.00050,12.0837,-7.5,-0.00075,250.56
1,319445,1,0,0.00,5.0037,140.0,0.14000,12.0813,10.0,0.01000,12.0825,1185.0,0.03591,5.0812,695.0,0.06950,12.0837,37.5,0.00375,12.0825,40.0,0.00400,12.0850,35.0,0.00350,12.0837,-5.0,-0.00050,12.0850,-7.5,-0.00075,12.0813,-7.5,-0.00075,12.0825,-5.0,-0.00050,12.0825,-5.0,-0.00050,12.0837,-5.0,-0.00050,12.0837,-7.5,-0.00075,250.90
1,319858,1,0,0.00,5.0037,140.0,0.14000,12.0825,10.0,0.01000,12.0825,1185.0,0.03591,5.0812,695.0,0.06950,12.0850,37.5,0.00375,12.0825,40.0,0.00400,12.0850,35.0,0.00350,12.0850,-5.0,-0.00050,12.0862,-7.5,-0.00075,12.0825,-7.5,-0.00075,12.0837,-5.0,-0.00050,12.0837,-5.0,-0.00050,12.0837,-5.0,-0.00050,12.0850,-7.5,-0.00075,251.31
1,320194,1,0,0.00,5.0037,140.0,0.14000,12.0813,10.0,0.01000,12.0825,1182.5,0.03583,5.0812,695.0,0.06950,12.0837,37.5,0.00375,12.0825,40.0,0.00400,12.0837,35.0,0.00350,12.0837,-5.0,-0.00050,12.0850,-7.5,-0.00075,12.0813,-7.5,-0.00075,12.0825,-5.0,-0.00050,12.0825,-5.0,-0.00050,12.0825,-5.0,-0.00050,12.0837,-7.5,-0.00075,251.65
1,320529,1,0,0.00,5.0037,140.0,0.14000,12.0813,10.0,0.01000,12.0825,1185.0,0.03591,5.0812,695.0,0.06950,12.0837,37.5,0.00375,12.0825,40.0,0.00400,12.0837,35.0,0.00350,12.0837,-5.0,-0.00050,12.0850,-7.5,-0.00075,12.0813,-7.5,-0.00075,12.0825,-5.0,-0.00050,12.0825,-5.0,-0.00050,12.0825,-5.0,-0.00050,12.0837,-7.5,-0.00075,251.98
1,320864,1,0,0.00,5.0037,140.0,0.14000,12.0813,10.0,0.01000,12.0825,1182.5,0.03583,5.0812,697.5,0.06975,12.0850,37.5,0.00375,12.0825,40.0,0.00400,12.0850,35.0,0.00350,12.0837,-5.0,-0.00050,12.0850,-7.5,-0.00075,12.0813,-7.5,-0.00075,12.0825,-5.0,-0.00050,12.0825,-5.0,-0.00050,12.0837,-5.0,-0.00050,12.0837,-7.5,-0.00075,252.31
1,321275,1,0,0.00,5.0037,140.0,0.14000,12.0825,10.0,0.01000,12.0825,1187.5,0.03598,5.0812,697.5,0.06975,12.0850,37.5,0.00375,12.0825,40.0,0.00400,12.0850,35.0,0.00350,12.0850,-5.0,-0.00050,12.0850,-7.5,-0.00075,12.0825,-7.5,-0.00075,12.0837,-5.0,-0.00050,12.0837,-5.0,-0.00050,12.0837,-5.0,-0.00050,12.0850,-7.5,-0.00075,252.72
1,321611,1,0,0.00,5.0037,140.0,0.14000,12.0813,10.0,0.01000,12.0825,1185.0,0.03591,5.0812,695.0,0.06950,12.0837,37.5,0.00375,12.0825,40.0,0.00400,12.0850,35.0,0.00350,12.0837,-5.0,-0.00050,12.0850,-7.5,-0.00075,12.0813,-7.5,-0.00075,12.0825,-5.0,-0.00050,12.0825,-5.0,-0.00050,12.0825,-5.0,-0.00050,12.0837,-7.5,-0.00075,253.05
1,321946,1,0,0.00,5.0037,140.0,0.14000,12.0825,10.0,0.01000,12.0825,1182.5,0.03583,5.0812,695.0,0.06950,12.0837,37.5,0.00375,12.0825,40.0,0.00400,12.0850,35.0,0.00350,12.0837,-5.0,-0.00050,12.0850,-7.5,-0.00075,12.0813,-7.5,-0.00075,12.0825,-5.0,-0.00050,12.0825,-5.0,-0.00050,12.0837,-5.0,-0.00050,12.0837,-7.5,-0.00075,253.40
1,322281,1,0,0.00,5.0037,140.0,0.14000,12.0813,10.0,0.01000,12.0825,1185.0,0.03591,5.0812,697.5,0.06975,12.0837,37.5,0.00375,12.0825,40.0,0.00400,12.0850,35.0,0.00350,12.0850,-5.0,-0.00050,12.0850,-7.5,-0.00075,12.0813,-7.5,-0.00075,12.0825,-5.0,-0.00050,12.0825,-5.0,-0.00050,12.0837,-5.0,-0.00050,12.0837,-7.5,-0.00075,253.73
1,322700,1,0,0.00,5.0037,140.0,0.14000,12.0825,10.0,0.01000,12.0837,1187.5,0.03598,5.0812,697.5,0.06975,12.0850,37.5,0.00375,12.0825,40.0,0.00400,12.0850,35.0,0.00350,12.0850,-5.0,-0.00050,12.0862,-7.5,-0.00075,12.0825,-7.5,-0.00075,12.0837,-5.0,-0.00050,12.0837,-5.0,-0.00050,12.0837,-5.0,-0.00050,12.0850,-7.5,-0.00075,254.15
1,323036,1,0,0.00,5.0037,140.0,0.14000,12.0825,10.0,0.01000,12.0825,1185.0,0.03591,5.0812,695.0,0.06950,12.0850,37.5,0.00375,12.0825,40.0,0.00400,12.0850,35.0,0.00350,12.0837,-5.0,-0.00050,12.0850,-7.5,-0.00075,12.0825,-7.5,-0.00075,12.0825,-5.0,-0.00050,12.0837,-5.0,-0.00050,12.0837,-5.0,-0.00050,12.0850,-7.5,-0.00075,254.50
1,323382,1,0,0.00,5.0037,140.0,0.14000,12.0813,10.0,0.01000,12.0825,1187.5,0.03598,5.0812,697.5,0.06975,12.0850,37.5,0.00375,12.0825,40.0,0.00400,12.0850,35.0,0.00350,12.0837,-5.0,-0.00050,12.0850,-7.5,-0.00075,12.0813,-7.5,-0.00075,12.0825,-5.0,-0.00050,12.0837,-5.0,-0.00050,12.0837,-5.0,-0.00050,12.0837,-7.5,-0.00075,254.83
1,323718,1,0,0.00,5.0037,140.0,0.14000,12.0813,10.0,0.01000,12.0825,1185.0,0.03591,5.0812,695.0,0.06950,12.0837,37.5,0.00375,12.0825,40.0,0.00400,12.0850,35.0,0.00350,12.0837,-5.0,-0.00050,12.0850,-7.5,-0.00075,12.0813,-7.5,-0.00075,12.0825,-5.0,-0.00050,12.0825,-5.0,-0.00050,12.0837,-5.0,-0.00050,12.0837,-7.5,-0.00075,255.17
1,324143,1,0,0.00,5.0037,140.0,0.14000,12.0825,10.0,0.01000,12.0825,1185.0,0.03591,5.0812,695.0,0.06950,12.0850,37.5,0.00375,12.0825,40.0,0.00400,12.0850,35.0,0.00350,12.0850,-5.0,-0.00050,12.0862,-7.5,-0.00075,12.0825,-7.5,-0.00075,12.0837,-5.0,-0.00050,12.0837,-5.0,-0.00050,12.0837,-5.0,-0.00050,12.0850,-7.5,-0.00075,255.59
1,324478,1,0,0.00,5.0037,140.0,0.14000,12.0813,10.0,0.01000,12.0825,1187.5,0.03598,5.0812,697.5,0.06975,12.0837,37.5,0.00375,12.0825,40.0,0.00400,12.0850,35.0,0.00350,12.0837,-5.0,-0.00050,12.0850,-7.5,-0.00075,12.0813,-7.5,-0.00075,12.0825,-5.0,-0.00050,12.0825,-5.0,-0.00050,12.0825,-5.0,-0.00050,12.0837,-7.5,-0.00075,255.93
1,324813,1,0,0.00,5.0037,140.0,0.14000,12.0813,10.0,0.01000,12.0825,1182.5,0.03583,5.0812,695.0,0.06950,12.0837,37.5,0.00375,12.0825,40.0,0.00400,12.0850,35.0,0.00350,12.0837,-5.0,-0.00050,12.0850,-7.5,-0.00075,12.0813,-7.5,-0.00075,12.0825,-5.0,-0.00050,12.0825,-5.0,-0.00050,12.0825,-5.0,-0.00050,12.0837,-7.5,-0.00075,256.26
1,325148,1,0,0.00,5.0037,140.0,0.14000,12.0813,10.0,0.01000,12.0825,1185.0,0.03591,5.0812,695.0,0.06950,12.0837,37.5,0.00375,12.0825,40.0,0.00400,12.0837,35.0,0.00350,12.0837,-5.0,-0.00050,12.0850,-7.5,-0.00075,12.0813,-7.5,-0.00075,12.0825,-5.0,-0.00050,12.0825,-5.0,-0.00050,12.0825,-5.0,-0.00050,12.0837,-7.5,-0.00075,256.60
1,325584,1,0,0.00,5.0037,140.0,0.14000,12.0825,10.0,0.01000,12.0825,1185.0,0.03591,5.0812,695.0,0.06950,12.0850,37.5,0.00375,12.0825,40.0,0.00400,12.0850,35.0,0.00350,12.0850,-5.0,-0.00050,12.0850,-7.5,-0.00075,12.0825,-7.5,-0.00075,12.0825,-5.0,-0.00050,12.0837,-5.0,-0.00050,12.0837,-5.0,-0.00050,12.0837,-7.5,-0.00075,257.03
1,325920,1,0,0.00,5.0037,140.0,0.14000,12.0813,10.0,0.01000,12.0825,1182.5,0.03583,5.0812,695.0,0.06950,12.0837,37.5,0.00375,12.0825,40.0,0.00400,12.0850,35.0,0.00350,12.0837,-5.0,-0.00050,12.0850,-7.5,-0.00075,12.0813,-7.5,-0.00075,12.0825,-5.0,-0.00050,12.0825,-5.0,-0.00050,12.0825,-5.0,-0.00050,12.0837,-7.5,-0.00075,257.36
1,326255,1,0,0.00,5.0037,140.0,0.14000,12.0813,10.0,0.01000,12.0825,1182.5,0.03583,5.0812,697.5,0.06975,12.0837,37.5,0.00375,12.0825,40.0,0.00400,12.0837,35.0,0.00350,12.0837,-5.0,-0.00050,12.0850,-7.5,-0.00075,12.0813,-7.5,-0.00075,12.0825,-5.0,-0.00050,12.0825,-5.0,-0.00050,12.0825,-5.0,-0.00050,12.0837,-7.5,-0.00075,257.70
