run,t_ms,n,flags,pwm_pct,fan1_rpm,fan2_rpm,fan3_rpm,fan4_rpm,in_V,in_uV,in_A,fan12_V,fan12_uV,fan12_A,b5in_V,b5in_uV,b5in_A,b5out_V,b5out_uV,b5out_A,fan1_V,fan1_uV,fan1_A,fan2_V,fan2_uV,fan2_A,fan3_V,fan3_uV,fan3_A,fan4_V,fan4_uV,fan4_A,fan5_V,fan5_uV,fan5_A,fan6_V,fan6_uV,fan6_A,fan7_V,fan7_uV,fan7_A,fan8_V,fan8_uV,fan8_A,fan9_V,fan9_uV,fan9_A,fan10_V,fan10_uV,fan10_A,pc_time_s
7,332354,1,0,0.00,0.0,0.0,0.0,0.0,5.0300,262.5,0.26250,12.0825,60.0,0.06000,12.0825,1185.0,0.03591,5.0812,695.0,0.06950,12.0850,227.5,0.02275,12.0825,292.5,0.02925,12.0850,52.5,0.00525,12.0850,-5.0,-0.00050,12.0850,-7.5,-0.00075,12.0825,-7.5,-0.00075,12.0837,-5.0,-0.00050,12.0837,-5.0,-0.00050,12.0837,-5.0,-0.00050,12.0850,-7.5,-0.00075,0.50
7,332701,1,0,0.01,0.0,0.0,0.0,0.0,5.0300,262.5,0.26250,12.0825,60.0,0.06000,12.0825,1185.0,0.03591,5.0812,695.0,0.06950,12.0837,227.5,0.02275,12.0825,292.5,0.02925,12.0850,52.5,0.00525,12.0837,-5.0,-0.00050,12.0850,-7.5,-0.00075,12.0825,-7.5,-0.00075,12.0825,-5.0,-0.00050,12.0837,-5.0,-0.00050,12.0837,-5.0,-0.00050,12.0850,-7.5,-0.00075,0.85
7,333038,1,0,0.23,0.0,0.0,0.0,0.0,5.0300,262.5,0.26250,12.0825,60.0,0.06000,12.0825,1185.0,0.03591,5.0812,695.0,0.06950,12.0850,227.5,0.02275,12.0825,292.5,0.02925,12.0850,52.5,0.00525,12.0850,-5.0,-0.00050,12.0850,-7.5,-0.00075,12.0825,-7.5,-0.00075,12.0837,-5.0,-0.00050,12.0837,-5.0,-0.00050,12.0837,-5.0,-0.00050,12.0850,-7.5,-0.00075,1.18
7,333374,1,0,0.46,0.0,0.0,0.0,0.0,5.0300,262.5,0.26250,12.0825,60.0,0.06000,12.0825,1185.0,0.03591,5.0812,695.0,0.06950,12.0850,225.0,0.02250,12.0825,290.0,0.02900,12.0850,52.5,0.00525,12.0850,-5.0,-0.00050,12.0850,-7.5,-0.00075,12.0825,-7.5,-0.00075,12.0837,-5.0,-0.00050,12.0837,-5.0,-0.00050,12.0837,-5.0,-0.00050,12.0850,-7.5,-0.00075,1.52
7,333709,1,0,0.68,0.0,0.0,0.0,0.0,5.0300,262.5,0.26250,12.0825,60.0,0.06000,12.0825,1187.5,0.03598,5.0812,695.0,0.06950,12.0850,225.0,0.02250,12.0825,290.0,0.02900,12.0850,52.5,0.00525,12.0850,-5.0,-0.00050,12.0850,-7.5,-0.00075,12.0825,-7.5,-0.00075,12.0837,-5.0,-0.00050,12.0837,-5.0,-0.00050,12.0837,-5.0,-0.00050,12.0850,-7.5,-0.00075,1.87
7,334065,1,0,0.92,0.0,0.0,0.0,0.0,5.0300,262.5,0.26250,12.0825,57.5,0.05750,12.0825,1187.5,0.03598,5.0812,695.0,0.06950,12.0837,225.0,0.02250,12.0825,290.0,0.02900,12.0850,52.5,0.00525,12.0850,-5.0,-0.00050,12.0850,-7.5,-0.00075,12.0825,-7.5,-0.00075,12.0837,-5.0,-0.00050,12.0837,-5.0,-0.00050,12.0837,-5.0,-0.00050,12.0850,-7.5,-0.00075,2.21
7,334402,1,0,1.14,0.0,0.0,0.0,0.0,5.0300,262.5,0.26250,12.0825,60.0,0.06000,12.0825,1185.0,0.03591,5.0812,695.0,0.06950,12.0837,227.5,0.02275,12.0825,290.0,0.02900,12.0850,52.5,0.00525,12.0850,-5.0,-0.00050,12.0850,-7.5,-0.00075,12.0825,-7.5,-0.00075,12.0837,-5.0,-0.00050,12.0837,-5.0,-0.00050,12.0837,-5.0,-0.00050,12.0850,-7.5,-0.00075,2.55
7,334738,1,0,1.37,0.0,0.0,0.0,0.0,5.0300,262.5,0.26250,12.0825,57.5,0.05750,12.0837,1187.5,0.03598,5.0812,695.0,0.06950,12.0850,225.0,0.02250,12.0825,290.0,0.02900,12.0850,52.5,0.00525,12.0850,-5.0,-0.00050,12.0862,-7.5,-0.00075,12.0825,-7.5,-0.00075,12.0837,-5.0,-0.00050,12.0837,-5.0,-0.00050,12.0837,-5.0,-0.00050,12.0850,-7.5,-0.00075,2.88
7,335073,1,0,1.59,0.0,0.0,0.0,0.0,5.0300,262.5,0.26250,12.0825,60.0,0.06000,12.0837,1187.5,0.03598,5.0812,695.0,0.06950,12.0850,225.0,0.02250,12.0825,290.0,0.02900,12.0850,52.5,0.00525,12.0850,-5.0,-0.00050,12.0862,-7.5,-0.00075,12.0825,-7.5,-0.00075,12.0837,-5.0,-0.00050,12.0837,-5.0,-0.00050,12.0837,-5.0,-0.00050,12.0850,-7.5,-0.00075,3.21
7,335408,1,0,1.81,0.0,0.0,0.0,0.0,5.0300,262.5,0.26250,12.0825,60.0,0.06000,12.0837,1187.5,0.03598,5.0812,695.0,0.06950,12.0850,225.0,0.02250,12.0825,290.0,0.02900,12.0850,52.5,0.00525,12.0850,-5.0,-0.00050,12.0862,-7.5,-0.00075,12.0825,-7.5,-0.00075,12.0837,-5.0,-0.00050,12.0837,-5.0,-0.00050,12.0837,-5.0,-0.00050,12.0850,-7.5,-0.00075,3.55
7,335744,1,0,2.04,0.0,0.0,0.0,0.0,5.0300,262.5,0.26250,12.0825,57.5,0.05750,12.0825,1185.0,0.03591,5.0812,695.0,0.06950,12.0850,225.0,0.02250,12.0825,290.0,0.02900,12.0850,52.5,0.00525,12.0850,-5.0,-0.00050,12.0850,-7.5,-0.00075,12.0825,-7.5,-0.00075,12.0837,-5.0,-0.00050,12.0837,-5.0,-0.00050,12.0837,-5.0,-0.00050,12.0850,-7.5,-0.00075,3.90
7,336101,1,0,2.27,0.0,0.0,0.0,0.0,5.0300,262.5,0.26250,12.0825,60.0,0.06000,12.0825,1187.5,0.03598,5.0812,695.0,0.06950,12.0850,227.5,0.02275,12.0825,290.0,0.02900,12.0850,52.5,0.00525,12.0850,-5.0,-0.00050,12.0850,-7.5,-0.00075,12.0825,-7.5,-0.00075,12.0825,-5.0,-0.00050,12.0837,-5.0,-0.00050,12.0837,-5.0,-0.00050,12.0850,-7.5,-0.00075,4.25
7,336437,1,0,2.50,0.0,0.0,0.0,0.0,5.0300,262.5,0.26250,12.0825,60.0,0.06000,12.0825,1185.0,0.03591,5.0812,695.0,0.06950,12.0850,225.0,0.02250,12.0825,290.0,0.02900,12.0850,52.5,0.00525,12.0850,-5.0,-0.00050,12.0850,-7.5,-0.00075,12.0825,-7.5,-0.00075,12.0837,-5.0,-0.00050,12.0837,-5.0,-0.00050,12.0837,-5.0,-0.00050,12.0850,-7.5,-0.00075,4.58
7,336773,1,0,2.72,0.0,0.0,0.0,0.0,5.0300,262.5,0.26250,12.0825,60.0,0.06000,12.0825,1185.0,0.03591,5.0812,695.0,0.06950,12.0837,225.0,0.02250,12.0825,290.0,0.02900,12.0850,52.5,0.00525,12.0850,-5.0,-0.00050,12.0850,-7.5,-0.00075,12.0825,-7.5,-0.00075,12.0837,-5.0,-0.00050,12.0837,-5.0,-0.00050,12.0837,-5.0,-0.00050,12.0850,-7.5,-0.00075,4.92
7,337109,1,0,2.95,0.0,0.0,0.0,0.0,5.0300,262.5,0.26250,12.0825,57.5,0.05750,12.0837,1187.5,0.03598,5.0812,695.0,0.06950,12.0850,225.0,0.02250,12.0825,290.0,0.02900,12.0850,52.5,0.00525,12.0850,-5.0,-0.00050,12.0850,-7.5,-0.00075,12.0825,-7.5,-0.00075,12.0837,-5.0,-0.00050,12.0837,-5.0,-0.00050,12.0837,-5.0,-0.00050,12.0850,-7.5,-0.00075,5.27
7,337445,1,0,3.17,0.0,0.0,0.0,0.0,5.0300,262.5,0.26250,12.0825,60.0,0.06000,12.0825,1187.5,0.03598,5.0812,695.0,0.06950,12.0850,225.0,0.02250,12.0825,290.0,0.02900,12.0850,52.5,0.00525,12.0850,-5.0,-0.00050,12.0850,-7.5,-0.00075,12.0825,-7.5,-0.00075,12.0837,-5.0,-0.00050,12.0837,-5.0,-0.00050,12.0837,-5.0,-0.00050,12.0850,-7.5,-0.00075,5.59
7,337780,1,0,3.39,0.0,0.0,0.0,0.0,5.0300,262.5,0.26250,12.0825,60.0,0.06000,12.0837,1185.0,0.03591,5.0812,695.0,0.06950,12.0850,225.0,0.02250,12.0825,290.0,0.02900,12.0850,52.5,0.00525,12.0850,-5.0,-0.00050,12.0862,-7.5,-0.00075,12.0825,-7.5,-0.00075,12.0837,-5.0,-0.00050,12.0837,-5.0,-0.00050,12.0837,-5.0,-0.00050,12.0850,-7.5,-0.00075,5.95
7,338136,1,0,3.63,0.0,0.0,0.0,0.0,5.0300,262.5,0.26250,12.0825,57.5,0.05750,12.0825,1185.0,0.03591,5.0812,695.0,0.06950,12.0837,225.0,0.02250,12.0825,290.0,0.02900,12.0850,52.5,0.00525,12.0850,-5.0,-0.00050,12.0850,-7.5,-0.00075,12.0825,-7.5,-0.00075,12.0837,-5.0,-0.00050,12.0837,-5.0,-0.00050,12.0837,-5.0,-0.00050,12.0850,-7.5,-0.00075,6.29
7,338473,1,0,3.86,0.0,0.0,0.0,0.0,5.0300,262.5,0.26250,12.0825,60.0,0.06000,12.0825,1185.0,0.03591,5.0812,695.0,0.06950,12.0837,225.0,0.02250,12.0825,290.0,0.02900,12.0850,52.5,0.00525,12.0850,-5.0,-0.00050,12.0862,-7.5,-0.00075,12.0825,-7.5,-0.00075,12.0837,-5.0,-0.00050,12.0837,-5.0,-0.00050,12.0837,-5.0,-0.00050,12.0850,-7.5,-0.00075,6.62
7,338809,1,0,4.08,0.0,0.0,0.0,0.0,5.0300,262.5,0.26250,12.0825,57.5,0.05750,12.0825,1185.0,0.03591,5.0812,695.0,0.06950,12.0837,225.0,0.02250,12.0825,290.0,0.02900,12.0850,52.5,0.00525,12.0850,-5.0,-0.00050,12.0850,-7.5,-0.00075,12.0825,-7.5,-0.00075,12.0825,-5.0,-0.00050,12.0837,-5.0,-0.00050,12.0837,-5.0,-0.00050,12.0850,-7.5,-0.00075,6.95
7,339144,1,0,4.30,0.0,0.0,0.0,0.0,5.0300,262.5,0.26250,12.0825,57.5,0.05750,12.0825,1187.5,0.03598,5.0812,695.0,0.06950,12.0850,225.0,0.02250,12.0825,290.0,0.02900,12.0850,52.5,0.00525,12.0850,-5.0,-0.00050,12.0850,-7.5,-0.00075,12.0825,-7.5,-0.00075,12.0837,-5.0,-0.00050,12.0837,-5.0,-0.00050,12.0837,-5.0,-0.00050,12.0850,-7.5,-0.00075,7.29
7,339479,1,0,4.53,0.0,0.0,0.0,0.0,5.0300,262.5,0.26250,12.0825,57.5,0.05750,12.0825,1185.0,0.03591,5.0812,695.0,0.06950,12.0850,225.0,0.02250,12.0825,290.0,0.02900,12.0850,52.5,0.00525,12.0850,-5.0,-0.00050,12.0850,-7.5,-0.00075,12.0825,-7.5,-0.00075,12.0837,-5.0,-0.00050,12.0837,-5.0,-0.00050,12.0837,-5.0,-0.00050,12.0850,-7.5,-0.00075,7.62
7,339815,1,0,4.75,0.0,0.0,0.0,0.0,5.0300,262.5,0.26250,12.0825,60.0,0.06000,12.0837,1187.5,0.03598,5.0812,695.0,0.06950,12.0850,225.0,0.02250,12.0825,290.0,0.02900,12.0850,52.5,0.00525,12.0850,-5.0,-0.00050,12.0862,-7.5,-0.00075,12.0825,-7.5,-0.00075,12.0837,-5.0,-0.00050,12.0837,-5.0,-0.00050,12.0837,-5.0,-0.00050,12.0850,-7.5,-0.00075,7.98
7,340172,1,0,4.99,0.0,0.0,0.0,0.0,5.0300,260.0,0.26000,12.0825,57.5,0.05750,12.0825,1187.5,0.03598,5.0812,695.0,0.06950,12.0850,222.5,0.02225,12.0825,287.5,0.02875,12.0850,52.5,0.00525,12.0850,-5.0,-0.00050,12.0862,-7.5,-0.00075,12.0825,-7.5,-0.00075,12.0837,-5.0,-0.00050,12.0837,-5.0,-0.00050,12.0837,-5.0,-0.00050,12.0850,-7.5,-0.00075,8.33
7,340508,1,0,5.21,0.0,0.0,0.0,0.0,5.0300,260.0,0.26000,12.0825,57.5,0.05750,12.0825,1190.0,0.03606,5.0812,695.0,0.06950,12.0850,222.5,0.02225,12.0825,287.5,0.02875,12.0850,52.5,0.00525,12.0850,-5.0,-0.00050,12.0862,-7.5,-0.00075,12.0825,-7.5,-0.00075,12.0837,-5.0,-0.00050,12.0837,-5.0,-0.00050,12.0837,-5.0,-0.00050,12.0850,-7.5,-0.00075,8.66
7,340844,1,0,5.44,0.0,0.0,0.0,0.0,5.0300,260.0,0.26000,12.0825,57.5,0.05750,12.0825,1185.0,0.03591,5.0812,697.5,0.06975,12.0837,222.5,0.02225,12.0825,287.5,0.02875,12.0850,52.5,0.00525,12.0850,-5.0,-0.00050,12.0850,-7.5,-0.00075,12.0825,-7.5,-0.00075,12.0837,-5.0,-0.00050,12.0837,-5.0,-0.00050,12.0837,-5.0,-0.00050,12.0850,-7.5,-0.00075,9.00
7,341180,1,0,5.66,0.0,0.0,0.0,0.0,4.6925,2982.5,2.98250,12.0525,1045.0,1.04500,12.0525,1190.0,0.03606,5.0812,695.0,0.06950,12.0437,4797.5,0.47975,12.0400,4915.0,0.49150,12.0512,52.5,0.00525,12.0512,-5.0,-0.00050,12.0525,-7.5,-0.00075,12.0525,-7.5,-0.00075,12.0538,-5.0,-0.00050,12.0550,-5.0,-0.00050,12.0562,-5.0,-0.00050,12.0575,-7.5,-0.00075,9.33
7,341516,1,0,5.88,0.0,0.0,0.0,0.0,4.6762,3130.0,3.13000,12.1037,1075.0,1.07500,12.1037,1187.5,0.03598,5.0812,697.5,0.06975,12.0950,3895.0,0.38950,12.0900,5070.0,0.50700,12.1000,1205.0,0.12050,12.1012,-5.0,-0.00050,12.1025,-7.5,-0.00075,12.1000,-7.5,-0.00075,12.1025,-5.0,-0.00050,12.1037,-5.0,-0.00050,12.1037,-5.0,-0.00050,12.1050,-7.5,-0.00075,9.67
7,341851,1,0,6.11,387.1,333.0,0.0,0.0,4.8375,1817.5,1.81750,12.0900,650.0,0.65000,12.0912,1190.0,0.03606,5.0812,697.5,0.06975,12.0875,2080.0,0.20800,12.0837,2972.5,0.29725,12.0887,1035.0,0.10350,12.0900,-5.0,-0.00050,12.0912,-7.5,-0.00075,12.0875,-7.5,-0.00075,12.0887,-5.0,-0.00050,12.0900,-5.0,-0.00050,12.0900,-5.0,-0.00050,12.0912,-7.5,-0.00075,10.01
7,342208,1,0,6.35,409.8,409.6,406.7,0.0,4.8837,1445.0,1.44500,12.0862,512.5,0.51250,12.0862,1187.5,0.03598,5.0812,697.5,0.06975,12.0825,1870.0,0.18700,12.0800,2442.5,0.24425,12.0850,520.0,0.05200,12.0862,-5.0,-0.00050,12.0875,-7.5,-0.00075,12.0850,-7.5,-0.00075,12.0850,-5.0,-0.00050,12.0862,-5.0,-0.00050,12.0862,-5.0,-0.00050,12.0875,-7.5,-0.00075,10.35
7,342545,1,0,6.57,465.9,466.4,409.5,0.0,4.8987,1317.5,1.31750,12.0875,475.0,0.47500,12.0887,1187.5,0.03598,5.0812,697.5,0.06975,12.0862,1735.0,0.17350,12.0825,2200.0,0.22000,12.0875,482.5,0.04825,12.0887,-5.0,-0.00050,12.0887,-7.5,-0.00075,12.0850,-7.5,-0.00075,12.0862,-5.0,-0.00050,12.0862,-5.0,-0.00050,12.0862,-5.0,-0.00050,12.0875,-7.5,-0.00075,10.69
7,342881,1,0,6.79,520.9,521.0,465.9,0.0,4.9137,1197.5,1.19750,12.0862,425.0,0.42500,12.0875,1187.5,0.03598,5.0812,697.5,0.06975,12.0837,1562.5,0.15625,12.0825,1997.5,0.19975,12.0862,452.5,0.04525,12.0862,-5.0,-0.00050,12.0875,-7.5,-0.00075,12.0850,-7.5,-0.00075,12.0850,-5.0,-0.00050,12.0850,-5.0,-0.00050,12.0862,-5.0,-0.00050,12.0875,-7.5,-0.00075,11.03
7,343217,1,0,7.02,560.4,560.2,642.1,0.0,4.9288,1082.5,1.08250,12.0862,380.0,0.38000,12.0862,1187.5,0.03598,5.0812,697.5,0.06975,12.0850,1382.5,0.13825,12.0813,1792.5,0.17925,12.0862,377.5,0.03775,12.0862,-5.0,-0.00050,12.0875,-7.5,-0.00075,12.0850,-7.5,-0.00075,12.0862,-5.0,-0.00050,12.0862,-5.0,-0.00050,12.0862,-5.0,-0.00050,12.0875,-7.5,-0.00075,11.36
7,343553,1,0,7.24,750.4,856.5,669.3,0.0,4.9425,972.5,0.97250,12.0850,337.5,0.33750,12.0862,1190.0,0.03606,5.0812,697.5,0.06975,12.0850,1235.0,0.12350,12.0825,1587.5,0.15875,12.0862,362.5,0.03625,12.0862,-5.0,-0.00050,12.0875,-7.5,-0.00075,12.0837,-7.5,-0.00075,12.0850,-5.0,-0.00050,12.0850,-5.0,-0.00050,12.0862,-5.0,-0.00050,12.0875,-7.5,-0.00075,11.71
7,343890,1,0,7.47,613.6,609.5,658.7,0.0,4.9550,870.0,0.87000,12.0850,297.5,0.29750,12.0862,1185.0,0.03591,5.0812,697.5,0.06975,12.0850,1090.0,0.10900,12.0825,1410.0,0.14100,12.0862,315.0,0.03150,12.0862,-5.0,-0.00050,12.0875,-7.5,-0.00075,12.0837,-7.5,-0.00075,12.0850,-5.0,-0.00050,12.0862,-5.0,-0.00050,12.0862,-5.0,-0.00050,12.0875,-7.5,-0.00075,12.05
7,344247,1,0,7.70,629.4,751.7,615.4,0.0,4.9675,772.5,0.77250,12.0850,260.0,0.26000,12.0862,1187.5,0.03598,5.0812,697.5,0.06975,12.0850,937.5,0.09375,12.0825,1237.5,0.12375,12.0862,272.5,0.02725,12.0862,-5.0,-0.00050,12.0875,-7.5,-0.00075,12.0837,-7.5,-0.00075,12.0850,-5.0,-0.00050,12.0850,-5.0,-0.00050,12.0850,-5.0,-0.00050,12.0862,-7.5,-0.00075,12.39
7,344583,1,0,7.93,695.4,760.6,735.7,0.0,4.9775,685.0,0.68500,12.0837,225.0,0.22500,12.0850,1190.0,0.03606,5.0812,697.5,0.06975,12.0850,815.0,0.08150,12.0825,1065.0,0.10650,12.0862,240.0,0.02400,12.0862,-5.0,-0.00050,12.0875,-7.5,-0.00075,12.0837,-7.5,-0.00075,12.0850,-5.0,-0.00050,12.0850,-5.0,-0.00050,12.0850,-5.0,-0.00050,12.0862,-7.5,-0.00075,12.73
7,344919,1,0,8.15,767.4,692.8,637.9,0.0,4.9875,605.0,0.60500,12.0837,192.5,0.19250,12.0850,1190.0,0.03606,5.0812,697.5,0.06975,12.0850,705.0,0.07050,12.0825,917.5,0.09175,12.0862,210.0,0.02100,12.0862,-5.0,-0.00050,12.0875,-7.5,-0.00075,12.0837,-7.5,-0.00075,12.0850,-5.0,-0.00050,12.0850,-5.0,-0.00050,12.0850,-5.0,-0.00050,12.0862,-7.5,-0.00075,13.07
7,345256,1,0,8.38,890.6,758.5,770.9,0.0,4.9938,550.0,0.55000,12.0837,172.5,0.17250,12.0837,1190.0,0.03606,5.0812,697.5,0.06975,12.0850,625.0,0.06250,12.0825,827.5,0.08275,12.0850,185.0,0.01850,12.0850,-5.0,-0.00050,12.0862,-7.5,-0.00075,12.0825,-7.5,-0.00075,12.0837,-5.0,-0.00050,12.0837,-5.0,-0.00050,12.0850,-5.0,-0.00050,12.0850,-7.5,-0.00075,13.40
7,345592,1,0,8.60,735.1,625.4,637.6,0.0,5.0000,502.5,0.50250,12.0825,155.0,0.15500,12.0837,1187.5,0.03598,5.0812,697.5,0.06975,12.0837,555.0,0.05550,12.0813,742.5,0.07425,12.0850,157.5,0.01575,12.0850,-5.0,-0.00050,12.0862,-7.5,-0.00075,12.0825,-7.5,-0.00075,12.0837,-5.0,-0.00050,12.0837,-5.0,-0.00050,12.0837,-5.0,-0.00050,12.0850,-7.5,-0.00075,13.74
7,345928,1,0,8.83,744.9,740.1,632.8,0.0,5.0050,467.5,0.46750,12.0825,140.0,0.14000,12.0837,1187.5,0.03598,5.0812,697.5,0.06975,12.0837,507.5,0.05075,12.0813,677.5,0.06775,12.0850,142.5,0.01425,12.0850,-5.0,-0.00050,12.0862,-7.5,-0.00075,12.0825,-7.5,-0.00075,12.0837,-5.0,-0.00050,12.0837,-5.0,-0.00050,12.0837,-5.0,-0.00050,12.0850,-7.5,-0.00075,14.09
7,346285,1,0,9.06,729.0,726.4,621.7,0.0,5.0075,442.5,0.44250,12.0825,130.0,0.13000,12.0837,1187.5,0.03598,5.0812,697.5,0.06975,12.0837,485.0,0.04850,12.0825,635.0,0.06350,12.0850,130.0,0.01300,12.0850,-5.0,-0.00050,12.0862,-7.5,-0.00075,12.0825,-7.5,-0.00075,12.0837,-5.0,-0.00050,12.0837,-5.0,-0.00050,12.0837,-5.0,-0.00050,12.0850,-7.5,-0.00075,14.43
7,346622,1,0,9.29,662.9,593.3,762.5,0.0,5.0100,425.0,0.42500,12.0825,122.5,0.12250,12.0837,1190.0,0.03606,5.0812,697.5,0.06975,12.0837,455.0,0.04550,12.0825,600.0,0.06000,12.0850,117.5,0.01175,12.0850,-5.0,-0.00050,12.0862,-7.5,-0.00075,12.0825,-7.5,-0.00075,12.0837,-5.0,-0.00050,12.0837,-5.0,-0.00050,12.0837,-5.0,-0.00050,12.0850,-7.5,-0.00075,14.77
7,346958,1,0,9.51,584.3,726.9,596.9,0.0,5.0100,422.5,0.42250,12.0825,122.5,0.12250,12.0837,1187.5,0.03598,5.0812,697.5,0.06975,12.0837,457.5,0.04575,12.0813,590.0,0.05900,12.0850,115.0,0.01150,12.0850,-5.0,-0.00050,12.0850,-7.5,-0.00075,12.0825,-7.5,-0.00075,12.0837,-5.0,-0.00050,12.0837,-5.0,-0.00050,12.0837,-5.0,-0.00050,12.0850,-7.5,-0.00075,15.11
7,347294,1,0,9.74,763.6,569.7,702.0,0.0,5.0113,420.0,0.42000,12.0825,120.0,0.12000,12.0837,1187.5,0.03598,5.0812,697.5,0.06975,12.0837,452.5,0.04525,12.0813,590.0,0.05900,12.0850,112.5,0.01125,12.0850,-5.0,-0.00050,12.0850,-7.5,-0.00075,12.0825,-7.5,-0.00075,12.0837,-5.0,-0.00050,12.0837,-5.0,-0.00050,12.0837,-5.0,-0.00050,12.0850,-7.5,-0.00075,15.44
7,347630,1,0,9.96,672.1,559.5,714.9,0.0,5.0100,425.0,0.42500,12.0825,122.5,0.12250,12.0825,1187.5,0.03598,5.0812,697.5,0.06975,12.0837,465.0,0.04650,12.0813,602.5,0.06025,12.0837,115.0,0.01150,12.0837,-5.0,-0.00050,12.0850,-7.5,-0.00075,12.0813,-7.5,-0.00075,12.0825,-5.0,-0.00050,12.0825,-5.0,-0.00050,12.0837,-5.0,-0.00050,12.0850,-7.5,-0.00075,15.78
7,347967,1,0,10.18,661.5,612.9,624.9,0.0,5.0087,435.0,0.43500,12.0825,127.5,0.12750,12.0837,1187.5,0.03598,5.0812,697.5,0.06975,12.0837,482.5,0.04825,12.0813,615.0,0.06150,12.0850,112.5,0.01125,12.0850,-5.0,-0.00050,12.0850,-7.5,-0.00075,12.0825,-7.5,-0.00075,12.0837,-5.0,-0.00050,12.0837,-5.0,-0.00050,12.0837,-5.0,-0.00050,12.0850,-7.5,-0.00075,16.13
7,348324,1,0,10.42,724.2,678.2,688.8,0.0,5.0075,442.5,0.44250,12.0825,130.0,0.13000,12.0837,1190.0,0.03606,5.0812,697.5,0.06975,12.0837,495.0,0.04950,12.0813,627.5,0.06275,12.0850,117.5,0.01175,12.0850,-5.0,-0.00050,12.0850,-7.5,-0.00075,12.0825,-7.5,-0.00075,12.0837,-5.0,-0.00050,12.0837,-5.0,-0.00050,12.0837,-5.0,-0.00050,12.0850,-7.5,-0.00075,16.48
7,348660,1,0,10.65,537.2,805.3,543.0,0.0,5.0062,457.5,0.45750,12.0825,137.5,0.13750,12.0837,1190.0,0.03606,5.0812,697.5,0.06975,12.0837,520.0,0.05200,12.0813,662.5,0.06625,12.0850,122.5,0.01225,12.0850,-5.0,-0.00050,12.0850,-7.5,-0.00075,12.0813,-7.5,-0.00075,12.0825,-5.0,-0.00050,12.0837,-5.0,-0.00050,12.0837,-5.0,-0.00050,12.0850,-7.5,-0.00075,16.81
7,348996,1,0,10.87,532.8,532.8,536.9,0.0,5.0050,467.5,0.46750,12.0825,140.0,0.14000,12.0837,1187.5,0.03598,5.0812,697.5,0.06975,12.0837,530.0,0.05300,12.0813,677.5,0.06775,12.0850,127.5,0.01275,12.0850,-5.0,-0.00050,12.0862,-7.5,-0.00075,12.0825,-7.5,-0.00075,12.0837,-5.0,-0.00050,12.0837,-5.0,-0.00050,12.0837,-5.0,-0.00050,12.0850,-7.5,-0.00075,17.15
7,349333,1,0,11.10,706.3,529.9,665.1,0.0,5.0025,482.5,0.48250,12.0825,145.0,0.14500,12.0837,1185.0,0.03591,5.0812,697.5,0.06975,12.0837,555.0,0.05550,12.0813,700.0,0.07000,12.0850,132.5,0.01325,12.0837,-5.0,-0.00050,12.0850,-7.5,-0.00075,12.0825,-7.5,-0.00075,12.0825,-5.0,-0.00050,12.0837,-5.0,-0.00050,12.0837,-5.0,-0.00050,12.0850,-7.5,-0.00075,17.49
7,349669,1,0,11.32,660.6,528.9,529.1,0.0,5.0012,500.0,0.50000,12.0825,152.5,0.15250,12.0837,1187.5,0.03598,5.0812,697.5,0.06975,12.0837,582.5,0.05825,12.0813,730.0,0.07300,12.0850,135.0,0.01350,12.0850,-5.0,-0.00050,12.0850,-7.5,-0.00075,12.0825,-7.5,-0.00075,12.0837,-5.0,-0.00050,12.0837,-5.0,-0.00050,12.0837,-5.0,-0.00050,12.0850,-7.5,-0.00075,17.82
7,350005,1,0,11.54,528.1,529.4,527.9,0.0,5.0000,510.0,0.51000,12.0825,157.5,0.15750,12.0837,1190.0,0.03606,5.0812,697.5,0.06975,12.0837,595.0,0.05950,12.0813,750.0,0.07500,12.0850,142.5,0.01425,12.0850,-5.0,-0.00050,12.0850,-7.5,-0.00075,12.0813,-7.5,-0.00075,12.0825,-5.0,-0.00050,12.0837,-5.0,-0.00050,12.0837,-5.0,-0.00050,12.0850,-7.5,-0.00075,18.17
7,350362,1,0,11.78,661.3,530.4,791.9,0.0,4.9962,530.0,0.53000,12.0825,165.0,0.16500,12.0825,1185.0,0.03591,5.0812,697.5,0.06975,12.0837,625.0,0.06250,12.0813,787.5,0.07875,12.0837,152.5,0.01525,12.0837,-5.0,-0.00050,12.0850,-7.5,-0.00075,12.0813,-7.5,-0.00075,12.0825,-5.0,-0.00050,12.0825,-5.0,-0.00050,12.0825,-5.0,-0.00050,12.0837,-7.5,-0.00075,18.52
7,350699,1,0,12.01,532.3,533.1,587.5,0.0,4.9950,542.5,0.54250,12.0825,170.0,0.17000,12.0837,1187.5,0.03598,5.0812,697.5,0.06975,12.0837,642.5,0.06425,12.0813,807.5,0.08075,12.0850,157.5,0.01575,12.0837,-5.0,-0.00050,12.0850,-7.5,-0.00075,12.0825,-7.5,-0.00075,12.0825,-5.0,-0.00050,12.0837,-5.0,-0.00050,12.0837,-5.0,-0.00050,12.0850,-7.5,-0.00075,18.85
7,351035,1,0,12.23,668.9,669.8,664.2,0.0,4.9950,545.0,0.54500,12.0825,170.0,0.17000,12.0837,1187.5,0.03598,5.0812,697.5,0.06975,12.0837,645.0,0.06450,12.0813,820.0,0.08200,12.0850,157.5,0.01575,12.0837,-5.0,-0.00050,12.0850,-7.5,-0.00075,12.0825,-7.5,-0.00075,12.0825,-5.0,-0.00050,12.0837,-5.0,-0.00050,12.0837,-5.0,-0.00050,12.0850,-7.5,-0.00075,19.19
7,351371,1,0,12.45,538.0,538.4,594.9,0.0,4.9938,552.5,0.55250,12.0825,175.0,0.17500,12.0837,1195.0,0.03621,5.0812,697.5,0.06975,12.0837,652.5,0.06525,12.0813,830.0,0.08300,12.0850,160.0,0.01600,12.0850,-5.0,-0.00050,12.0850,-7.5,-0.00075,12.0825,-7.5,-0.00075,12.0837,-5.0,-0.00050,12.0837,-5.0,-0.00050,12.0837,-5.0,-0.00050,12.0850,-7.5,-0.00075,19.53
7,351707,1,0,12.68,541.6,541.9,807.3,0.0,4.9925,565.0,0.56500,12.0825,180.0,0.18000,12.0837,1190.0,0.03606,5.0812,697.5,0.06975,12.0837,670.0,0.06700,12.0813,855.0,0.08550,12.0850,170.0,0.01700,12.0837,-5.0,-0.00050,12.0850,-7.5,-0.00075,12.0813,-7.5,-0.00075,12.0825,-5.0,-0.00050,12.0837,-5.0,-0.00050,12.0837,-5.0,-0.00050,12.0837,-7.5,-0.00075,19.85
7,352044,1,0,12.90,765.0,545.6,724.9,0.0,4.9925,572.5,0.57250,12.0825,182.5,0.18250,12.0837,1190.0,0.03606,5.0812,697.5,0.06975,12.0837,690.0,0.06900,12.0813,860.0,0.08600,12.0850,170.0,0.01700,12.0850,-5.0,-0.00050,12.0850,-7.5,-0.00075,12.0813,-7.5,-0.00075,12.0825,-5.0,-0.00050,12.0825,-5.0,-0.00050,12.0837,-5.0,-0.00050,12.0850,-7.5,-0.00075,20.21
7,352401,1,0,13.14,688.8,769.9,768.0,0.0,4.9900,582.5,0.58250,12.0825,187.5,0.18750,12.0837,1190.0,0.03606,5.0812,697.5,0.06975,12.0837,712.5,0.07125,12.0813,880.0,0.08800,12.0850,177.5,0.01775,12.0850,-5.0,-0.00050,12.0850,-7.5,-0.00075,12.0813,-7.5,-0.00075,12.0825,-5.0,-0.00050,12.0825,-5.0,-0.00050,12.0837,-5.0,-0.00050,12.0837,-7.5,-0.00075,20.56
7,352737,1,0,13.36,695.3,554.3,691.7,0.0,4.9900,587.5,0.58750,12.0837,185.0,0.18500,12.0837,1190.0,0.03606,5.0812,697.5,0.06975,12.0837,705.0,0.07050,12.0813,892.5,0.08925,12.0837,175.0,0.01750,12.0837,-5.0,-0.00050,12.0850,-7.5,-0.00075,12.0825,-7.5,-0.00075,12.0837,-5.0,-0.00050,12.0837,-5.0,-0.00050,12.0850,-5.0,-0.00050,12.0850,-7.5,-0.00075,20.89
7,353073,1,0,13.59,561.1,699.4,698.1,0.0,4.9900,587.5,0.58750,12.0825,187.5,0.18750,12.0837,1190.0,0.03606,5.0812,697.5,0.06975,12.0837,710.0,0.07100,12.0813,880.0,0.08800,12.0850,185.0,0.01850,12.0850,-5.0,-0.00050,12.0862,-7.5,-0.00075,12.0825,-7.5,-0.00075,12.0837,-5.0,-0.00050,12.0837,-5.0,-0.00050,12.0837,-5.0,-0.00050,12.0850,-7.5,-0.00075,21.22
7,353410,1,0,13.81,565.6,751.7,750.9,0.0,4.9875,600.0,0.60000,12.0837,192.5,0.19250,12.0837,1190.0,0.03606,5.0812,697.5,0.06975,12.0837,710.0,0.07100,12.0813,910.0,0.09100,12.0850,180.0,0.01800,12.0850,-5.0,-0.00050,12.0862,-7.5,-0.00075,12.0825,-7.5,-0.00075,12.0837,-5.0,-0.00050,12.0837,-5.0,-0.00050,12.0837,-5.0,-0.00050,12.0850,-7.5,-0.00075,21.57
7,353746,1,0,14.04,571.2,569.5,568.4,0.0,4.9887,600.0,0.60000,12.0837,192.5,0.19250,12.0837,1187.5,0.03598,5.0812,697.5,0.06975,12.0837,732.5,0.07325,12.0813,925.0,0.09250,12.0837,182.5,0.01825,12.0837,-5.0,-0.00050,12.0850,-7.5,-0.00075,12.0825,-7.5,-0.00075,12.0837,-5.0,-0.00050,12.0837,-5.0,-0.00050,12.0837,-5.0,-0.00050,12.0850,-7.5,-0.00075,21.89
7,354082,1,0,14.26,692.0,637.8,639.6,0.0,4.9887,597.5,0.59750,12.0837,190.0,0.19000,12.0837,1190.0,0.03606,5.0812,697.5,0.06975,12.0837,727.5,0.07275,12.0825,915.0,0.09150,12.0850,187.5,0.01875,12.0850,-5.0,-0.00050,12.0862,-7.5,-0.00075,12.0825,-7.5,-0.00075,12.0837,-5.0,-0.00050,12.0837,-5.0,-0.00050,12.0850,-5.0,-0.00050,12.0850,-7.5,-0.00075,22.25
7,354439,1,0,14.50,580.9,579.1,644.4,0.0,4.9875,607.5,0.60750,12.0825,195.0,0.19500,12.0837,1190.0,0.03606,5.0812,697.5,0.06975,12.0837,737.5,0.07375,12.0813,915.0,0.09150,12.0850,190.0,0.01900,12.0850,-5.0,-0.00050,12.0862,-7.5,-0.00075,12.0825,-7.5,-0.00075,12.0837,-5.0,-0.00050,12.0837,-5.0,-0.00050,12.0837,-5.0,-0.00050,12.0850,-7.5,-0.00075,22.59
7,354776,1,0,14.72,879.4,701.0,584.0,0.0,4.9875,610.0,0.61000,12.0837,195.0,0.19500,12.0837,1192.5,0.03614,5.0812,697.5,0.06975,12.0837,740.0,0.07400,12.0813,920.0,0.09200,12.0850,187.5,0.01875,12.0850,-5.0,-0.00050,12.0862,-7.5,-0.00075,12.0825,-7.5,-0.00075,12.0837,-5.0,-0.00050,12.0837,-5.0,-0.00050,12.0837,-5.0,-0.00050,12.0850,-7.5,-0.00075,22.93
7,355112,1,0,14.95,591.1,883.3,589.5,0.0,4.9862,617.5,0.61750,12.0837,197.5,0.19750,12.0837,1187.5,0.03598,5.0812,697.5,0.06975,12.0837,755.0,0.07550,12.0813,940.0,0.09400,12.0850,190.0,0.01900,12.0850,-5.0,-0.00050,12.0862,-7.5,-0.00075,12.0825,-7.5,-0.00075,12.0837,-5.0,-0.00050,12.0837,-5.0,-0.00050,12.0837,-5.0,-0.00050,12.0850,-7.5,-0.00075,23.27
7,355448,1,0,15.17,834.0,831.2,595.4,0.0,4.9862,617.5,0.61750,12.0837,200.0,0.20000,12.0837,1190.0,0.03606,5.0812,697.5,0.06975,12.0837,755.0,0.07550,12.0813,947.5,0.09475,12.0850,190.0,0.01900,12.0850,-5.0,-0.00050,12.0862,-7.5,-0.00075,12.0825,-7.5,-0.00075,12.0837,-5.0,-0.00050,12.0837,-5.0,-0.00050,12.0837,-5.0,-0.00050,12.0850,-7.5,-0.00075,23.60
7,355784,1,0,15.40,599.8,718.5,598.3,0.0,4.9862,620.0,0.62000,12.0825,200.0,0.20000,12.0837,1187.5,0.03598,5.0812,697.5,0.06975,12.0837,752.5,0.07525,12.0813,947.5,0.09475,12.0850,192.5,0.01925,12.0850,-5.0,-0.00050,12.0850,-7.5,-0.00075,12.0825,-7.5,-0.00075,12.0837,-5.0,-0.00050,12.0837,-5.0,-0.00050,12.0837,-5.0,-0.00050,12.0850,-7.5,-0.00075,23.94
7,356121,1,0,15.62,605.0,803.4,603.7,0.0,4.9850,627.5,0.62750,12.0825,202.5,0.20250,12.0837,1190.0,0.03606,5.0812,697.5,0.06975,12.0837,770.0,0.07700,12.0813,965.0,0.09650,12.0850,192.5,0.01925,12.0850,-5.0,-0.00050,12.0862,-7.5,-0.00075,12.0825,-7.5,-0.00075,12.0837,-5.0,-0.00050,12.0837,-5.0,-0.00050,12.0837,-5.0,-0.00050,12.0850,-7.5,-0.00075,24.29
7,356478,1,0,15.86,853.5,851.7,883.8,0.0,4.9850,627.5,0.62750,12.0837,202.5,0.20250,12.0837,1190.0,0.03606,5.0812,697.5,0.06975,12.0837,762.5,0.07625,12.0813,957.5,0.09575,12.0850,192.5,0.01925,12.0850,-5.0,-0.00050,12.0862,-7.5,-0.00075,12.0825,-7.5,-0.00075,12.0837,-5.0,-0.00050,12.0837,-5.0,-0.00050,12.0837,-5.0,-0.00050,12.0850,-7.5,-0.00075,24.63
7,356814,1,0,16.08,738.0,680.0,736.6,0.0,4.9837,640.0,0.64000,12.0825,207.5,0.20750,12.0837,1187.5,0.03598,5.0812,697.5,0.06975,12.0837,785.0,0.07850,12.0813,992.5,0.09925,12.0837,200.0,0.02000,12.0837,-5.0,-0.00050,12.0850,-7.5,-0.00075,12.0825,-7.5,-0.00075,12.0837,-5.0,-0.00050,12.0837,-5.0,-0.00050,12.0837,-5.0,-0.00050,12.0850,-7.5,-0.00075,24.97
7,357150,1,0,16.31,619.2,740.2,741.7,0.0,4.9837,640.0,0.64000,12.0825,207.5,0.20750,12.0837,1190.0,0.03606,5.0812,697.5,0.06975,12.0837,795.0,0.07950,12.0813,990.0,0.09900,12.0850,195.0,0.01950,12.0850,-5.0,-0.00050,12.0862,-7.5,-0.00075,12.0825,-7.5,-0.00075,12.0837,-5.0,-0.00050,12.0837,-5.0,-0.00050,12.0837,-5.0,-0.00050,12.0850,-7.5,-0.00075,25.31
7,357487,1,0,16.53,749.4,904.5,745.0,0.0,4.9837,635.0,0.63500,12.0837,205.0,0.20500,12.0837,1190.0,0.03606,5.0812,697.5,0.06975,12.0837,790.0,0.07900,12.0813,982.5,0.09825,12.0850,190.0,0.01900,12.0850,-5.0,-0.00050,12.0862,-7.5,-0.00075,12.0825,-7.5,-0.00075,12.0837,-5.0,-0.00050,12.0837,-5.0,-0.00050,12.0837,-5.0,-0.00050,12.0850,-7.5,-0.00075,25.64
7,357823,1,0,16.76,628.0,625.8,751.3,0.0,4.9837,642.5,0.64250,12.0837,207.5,0.20750,12.0837,1190.0,0.03606,5.0812,697.5,0.06975,12.0837,792.5,0.07925,12.0813,995.0,0.09950,12.0850,190.0,0.01900,12.0850,-5.0,-0.00050,12.0862,-7.5,-0.00075,12.0825,-7.5,-0.00075,12.0837,-5.0,-0.00050,12.0837,-5.0,-0.00050,12.0837,-5.0,-0.00050,12.0850,-7.5,-0.00075,25.97
7,358159,1,0,16.98,886.7,757.5,629.0,0.0,4.9825,650.0,0.65000,12.0837,212.5,0.21250,12.0837,1190.0,0.03606,5.0812,697.5,0.06975,12.0837,802.5,0.08025,12.0813,1012.5,0.10125,12.0850,195.0,0.01950,12.0850,-5.0,-0.00050,12.0850,-7.5,-0.00075,12.0825,-7.5,-0.00075,12.0837,-5.0,-0.00050,12.0837,-5.0,-0.00050,12.0837,-5.0,-0.00050,12.0850,-7.5,-0.00075,26.33
7,358516,1,0,17.22,812.6,810.8,632.4,0.0,4.9812,660.0,0.66000,12.0837,217.5,0.21750,12.0837,1187.5,0.03598,5.0812,697.5,0.06975,12.0837,815.0,0.08150,12.0813,1032.5,0.10325,12.0850,200.0,0.02000,12.0850,-5.0,-0.00050,12.0850,-7.5,-0.00075,12.0825,-7.5,-0.00075,12.0837,-5.0,-0.00050,12.0837,-5.0,-0.00050,12.0837,-5.0,-0.00050,12.0850,-7.5,-0.00075,26.67
7,358853,1,0,17.44,643.4,641.8,766.2,0.0,4.9800,665.0,0.66500,12.0825,217.5,0.21750,12.0837,1187.5,0.03598,5.0812,697.5,0.06975,12.0837,822.5,0.08225,12.0813,1027.5,0.10275,12.0850,210.0,0.02100,12.0850,-5.0,-0.00050,12.0862,-7.5,-0.00075,12.0825,-7.5,-0.00075,12.0837,-5.0,-0.00050,12.0837,-5.0,-0.00050,12.0837,-5.0,-0.00050,12.0850,-7.5,-0.00075,27.00
7,359189,1,0,17.67,778.2,905.5,641.3,0.0,4.9800,665.0,0.66500,12.0837,217.5,0.21750,12.0837,1190.0,0.03606,5.0812,697.5,0.06975,12.0837,820.0,0.08200,12.0813,1027.5,0.10275,12.0850,207.5,0.02075,12.0850,-5.0,-0.00050,12.0862,-7.5,-0.00075,12.0825,-7.5,-0.00075,12.0837,-5.0,-0.00050,12.0837,-5.0,-0.00050,12.0837,-5.0,-0.00050,12.0850,-7.5,-0.00075,27.34
7,359525,1,0,17.89,762.1,868.3,862.1,0.0,4.9787,675.0,0.67500,12.0825,222.5,0.22250,12.0837,1187.5,0.03598,5.0812,697.5,0.06975,12.0837,842.5,0.08425,12.0813,1052.5,0.10525,12.0850,207.5,0.02075,12.0850,-5.0,-0.00050,12.0862,-7.5,-0.00075,12.0825,-7.5,-0.00075,12.0837,-5.0,-0.00050,12.0837,-5.0,-0.00050,12.0837,-5.0,-0.00050,12.0850,-7.5,-0.00075,27.68
7,359861,1,0,18.11,789.3,918.4,782.7,0.0,4.9800,667.5,0.66750,12.0837,217.5,0.21750,12.0837,1190.0,0.03606,5.0812,697.5,0.06975,12.0837,825.0,0.08250,12.0813,1037.5,0.10375,12.0850,212.5,0.02125,12.0850,-5.0,-0.00050,12.0862,-7.5,-0.00075,12.0825,-7.5,-0.00075,12.0837,-5.0,-0.00050,12.0837,-5.0,-0.00050,12.0837,-5.0,-0.00050,12.0850,-7.5,-0.00075,28.02
7,360198,1,0,18.34,772.7,770.0,655.2,0.0,4.9787,675.0,0.67500,12.0825,222.5,0.22250,12.0837,1190.0,0.03606,5.0812,697.5,0.06975,12.0837,835.0,0.08350,12.0813,1055.0,0.10550,12.0850,215.0,0.02150,12.0850,-5.0,-0.00050,12.0850,-7.5,-0.00075,12.0825,-7.5,-0.00075,12.0837,-5.0,-0.00050,12.0837,-5.0,-0.00050,12.0837,-5.0,-0.00050,12.0850,-7.5,-0.00075,28.37
7,360555,1,0,18.58,667.5,798.0,840.2,0.0,4.9775,690.0,0.69000,12.0825,227.5,0.22750,12.0837,1190.0,0.03606,5.0812,697.5,0.06975,12.0837,855.0,0.08550,12.0813,1072.5,0.10725,12.0850,217.5,0.02175,12.0850,-5.0,-0.00050,12.0862,-7.5,-0.00075,12.0825,-7.5,-0.00075,12.0837,-5.0,-0.00050,12.0837,-5.0,-0.00050,12.0837,-5.0,-0.00050,12.0850,-7.5,-0.00075,28.71
7,360891,1,0,18.80,671.8,781.0,888.2,0.0,4.9775,685.0,0.68500,12.0837,225.0,0.22500,12.0850,1190.0,0.03606,5.0812,697.5,0.06975,12.0837,827.5,0.08275,12.0813,1062.5,0.10625,12.0850,220.0,0.02200,12.0850,-5.0,-0.00050,12.0862,-7.5,-0.00075,12.0825,-7.5,-0.00075,12.0837,-5.0,-0.00050,12.0837,-5.0,-0.00050,12.0837,-5.0,-0.00050,12.0850,-7.5,-0.00075,29.04
7,361227,1,0,19.02,676.1,808.4,671.6,0.0,4.9762,702.5,0.70250,12.0825,232.5,0.23250,12.0850,1190.0,0.03606,5.0812,697.5,0.06975,12.0837,862.5,0.08625,12.0813,1100.0,0.11000,12.0850,217.5,0.02175,12.0850,-5.0,-0.00050,12.0862,-7.5,-0.00075,12.0825,-7.5,-0.00075,12.0837,-5.0,-0.00050,12.0837,-5.0,-0.00050,12.0837,-5.0,-0.00050,12.0850,-7.5,-0.00075,29.37
7,361564,1,0,19.25,680.2,791.9,788.4,0.0,4.9762,700.0,0.70000,12.0837,230.0,0.23000,12.0850,1185.0,0.03591,5.0812,697.5,0.06975,12.0837,875.0,0.08750,12.0825,1095.0,0.10950,12.0850,230.0,0.02300,12.0850,-5.0,-0.00050,12.0862,-7.5,-0.00075,12.0825,-7.5,-0.00075,12.0837,-5.0,-0.00050,12.0837,-5.0,-0.00050,12.0850,-5.0,-0.00050,12.0862,-7.5,-0.00075,29.71
7,361900,1,0,19.47,797.5,908.9,951.5,0.0,4.9800,667.5,0.66750,12.0837,217.5,0.21750,12.0850,1190.0,0.03606,5.0812,697.5,0.06975,12.0837,822.5,0.08225,12.0813,1032.5,0.10325,12.0850,222.5,0.02225,12.0850,-5.0,-0.00050,12.0862,-7.5,-0.00075,12.0825,-7.5,-0.00075,12.0837,-5.0,-0.00050,12.0837,-5.0,-0.00050,12.0850,-5.0,-0.00050,12.0862,-7.5,-0.00075,30.05
7,362236,1,0,19.70,914.2,869.9,683.1,0.0,4.9787,677.5,0.67750,12.0825,222.5,0.22250,12.0837,1190.0,0.03606,5.0812,697.5,0.06975,12.0837,835.0,0.08350,12.0813,1060.0,0.10600,12.0850,210.0,0.02100,12.0850,-5.0,-0.00050,12.0850,-7.5,-0.00075,12.0825,-7.5,-0.00075,12.0837,-5.0,-0.00050,12.0837,-5.0,-0.00050,12.0837,-5.0,-0.00050,12.0850,-7.5,-0.00075,30.40
7,362593,1,0,19.94,803.6,950.0,913.3,0.0,4.9800,667.5,0.66750,12.0837,217.5,0.21750,12.0837,1190.0,0.03606,5.0812,697.5,0.06975,12.0837,817.5,0.08175,12.0813,1042.5,0.10425,12.0850,207.5,0.02075,12.0850,-5.0,-0.00050,12.0862,-7.5,-0.00075,12.0825,-7.5,-0.00075,12.0837,-5.0,-0.00050,12.0837,-5.0,-0.00050,12.0850,-5.0,-0.00050,12.0862,-7.5,-0.00075,30.74
7,362930,1,0,20.16,966.8,1101.5,687.7,0.0,4.9800,670.0,0.67000,12.0825,220.0,0.22000,12.0837,1190.0,0.03606,5.0812,697.5,0.06975,12.0837,820.0,0.08200,12.0813,1035.0,0.10350,12.0850,215.0,0.02150,12.0850,-5.0,-0.00050,12.0862,-7.5,-0.00075,12.0825,-7.5,-0.00075,12.0837,-5.0,-0.00050,12.0837,-5.0,-0.00050,12.0837,-5.0,-0.00050,12.0850,-7.5,-0.00075,31.08
7,363266,1,0,20.38,692.6,850.4,690.7,0.0,4.9762,700.0,0.70000,12.0825,230.0,0.23000,12.0837,1190.0,0.03606,5.0812,697.5,0.06975,12.0837,872.5,0.08725,12.0813,1095.0,0.10950,12.0837,217.5,0.02175,12.0837,-5.0,-0.00050,12.0850,-7.5,-0.00075,12.0825,-7.5,-0.00075,12.0837,-5.0,-0.00050,12.0837,-5.0,-0.00050,12.0837,-5.0,-0.00050,12.0850,-7.5,-0.00075,31.41
7,363602,1,0,20.61,1044.9,926.9,834.2,0.0,4.9762,697.5,0.69750,12.0825,230.0,0.23000,12.0837,1190.0,0.03606,5.0812,697.5,0.06975,12.0837,870.0,0.08700,12.0813,1085.0,0.10850,12.0850,225.0,0.02250,12.0850,-5.0,-0.00050,12.0862,-7.5,-0.00075,12.0825,-7.5,-0.00075,12.0837,-5.0,-0.00050,12.0837,-5.0,-0.00050,12.0837,-5.0,-0.00050,12.0850,-7.5,-0.00075,31.75
7,363938,1,0,20.83,933.1,931.5,697.3,0.0,4.9762,702.5,0.70250,12.0837,232.5,0.23250,12.0837,1190.0,0.03606,5.0812,697.5,0.06975,12.0837,867.5,0.08675,12.0813,1105.0,0.11050,12.0850,222.5,0.02225,12.0850,-5.0,-0.00050,12.0850,-7.5,-0.00075,12.0825,-7.5,-0.00075,12.0837,-5.0,-0.00050,12.0837,-5.0,-0.00050,12.0837,-5.0,-0.00050,12.0850,-7.5,-0.00075,32.08
7,364275,1,0,21.06,703.9,702.7,701.8,0.0,4.9738,722.5,0.72250,12.0825,240.0,0.24000,12.0837,1192.5,0.03614,5.0812,697.5,0.06975,12.0825,902.5,0.09025,12.0813,1127.5,0.11275,12.0837,230.0,0.02300,12.0837,-5.0,-0.00050,12.0850,-7.5,-0.00075,12.0825,-7.5,-0.00075,12.0837,-5.0,-0.00050,12.0837,-5.0,-0.00050,12.0837,-5.0,-0.00050,12.0850,-7.5,-0.00075,32.44
7,364632,1,0,21.29,708.5,707.4,900.1,0.0,4.9725,727.5,0.72750,12.0825,242.5,0.24250,12.0837,1190.0,0.03606,5.0812,697.5,0.06975,12.0825,927.5,0.09275,12.0813,1142.5,0.11425,12.0850,232.5,0.02325,12.0850,-5.0,-0.00050,12.0850,-7.5,-0.00075,12.0825,-7.5,-0.00075,12.0825,-5.0,-0.00050,12.0837,-5.0,-0.00050,12.0837,-5.0,-0.00050,12.0850,-7.5,-0.00075,32.78
7,364968,1,0,21.52,832.7,1068.2,948.8,0.0,4.9700,747.5,0.74750,12.0837,250.0,0.25000,12.0837,1190.0,0.03606,5.0812,697.5,0.06975,12.0837,962.5,0.09625,12.0813,1180.0,0.11800,12.0850,237.5,0.02375,12.0850,-5.0,-0.00050,12.0862,-7.5,-0.00075,12.0825,-7.5,-0.00075,12.0837,-5.0,-0.00050,12.0837,-5.0,-0.00050,12.0837,-5.0,-0.00050,12.0850,-7.5,-0.00075,33.11
7,365304,1,0,21.74,719.3,717.1,717.2,0.0,4.9700,752.5,0.75250,12.0837,252.5,0.25250,12.0850,1190.0,0.03606,5.0812,697.5,0.06975,12.0837,970.0,0.09700,12.0813,1190.0,0.11900,12.0850,237.5,0.02375,12.0850,-5.0,-0.00050,12.0862,-7.5,-0.00075,12.0825,-7.5,-0.00075,12.0837,-5.0,-0.00050,12.0837,-5.0,-0.00050,12.0837,-5.0,-0.00050,12.0850,-7.5,-0.00075,33.45
7,365641,1,0,21.97,724.4,842.3,722.6,0.0,4.9700,752.5,0.75250,12.0837,252.5,0.25250,12.0837,1192.5,0.03614,5.0812,697.5,0.06975,12.0837,947.5,0.09475,12.0813,1192.5,0.11925,12.0850,237.5,0.02375,12.0850,-5.0,-0.00050,12.0862,-7.5,-0.00075,12.0825,-7.5,-0.00075,12.0837,-5.0,-0.00050,12.0837,-5.0,-0.00050,12.0850,-5.0,-0.00050,12.0850,-7.5,-0.00075,33.79
7,365977,1,0,22.19,833.7,848.4,849.2,0.0,4.9675,772.5,0.77250,12.0825,260.0,0.26000,12.0837,1190.0,0.03606,5.0812,697.5,0.06975,12.0837,955.0,0.09550,12.0813,1235.0,0.12350,12.0850,250.0,0.02500,12.0850,-5.0,-0.00050,12.0850,-7.5,-0.00075,12.0825,-7.5,-0.00075,12.0837,-5.0,-0.00050,12.0837,-5.0,-0.00050,12.0837,-5.0,-0.00050,12.0850,-7.5,-0.00075,34.12
7,366313,1,0,22.42,905.0,901.5,733.1,0.0,4.9675,772.5,0.77250,12.0837,257.5,0.25750,12.0850,1192.5,0.03614,5.0812,697.5,0.06975,12.0837,980.0,0.09800,12.0813,1225.0,0.12250,12.0850,252.5,0.02525,12.0850,-5.0,-0.00050,12.0862,-7.5,-0.00075,12.0825,-7.5,-0.00075,12.0837,-5.0,-0.00050,12.0837,-5.0,-0.00050,12.0850,-5.0,-0.00050,12.0850,-7.5,-0.00075,34.47
7,366670,1,0,22.65,741.0,860.9,1055.8,0.0,4.9675,770.0,0.77000,12.0837,260.0,0.26000,12.0850,1190.0,0.03606,5.0812,697.5,0.06975,12.0837,962.5,0.09625,12.0813,1232.5,0.12325,12.0850,247.5,0.02475,12.0850,-5.0,-0.00050,12.0862,-7.5,-0.00075,12.0825,-7.5,-0.00075,12.0837,-5.0,-0.00050,12.0837,-5.0,-0.00050,12.0837,-5.0,-0.00050,12.0850,-7.5,-0.00075,34.81
7,367007,1,0,22.88,745.9,1114.0,1029.0,0.0,4.9650,785.0,0.78500,12.0837,265.0,0.26500,12.0850,1190.0,0.03606,5.0812,700.0,0.07000,12.0837,987.5,0.09875,12.0813,1240.0,0.12400,12.0850,255.0,0.02550,12.0850,-5.0,-0.00050,12.0862,-7.5,-0.00075,12.0825,-7.5,-0.00075,12.0837,-5.0,-0.00050,12.0837,-5.0,-0.00050,12.0837,-5.0,-0.00050,12.0850,-7.5,-0.00075,35.15
7,367343,1,0,23.10,751.0,997.9,997.1,0.0,4.9662,777.5,0.77750,12.0837,262.5,0.26250,12.0850,1190.0,0.03606,5.0812,697.5,0.06975,12.0837,982.5,0.09825,12.0813,1245.0,0.12450,12.0850,250.0,0.02500,12.0850,-5.0,-0.00050,12.0862,-7.5,-0.00075,12.0825,-7.5,-0.00075,12.0837,-5.0,-0.00050,12.0850,-5.0,-0.00050,12.0850,-5.0,-0.00050,12.0862,-7.5,-0.00075,35.50
7,367679,1,0,23.33,755.9,1004.7,751.5,0.0,4.9625,802.5,0.80250,12.0837,272.5,0.27250,12.0837,1190.0,0.03606,5.0812,700.0,0.07000,12.0825,1017.5,0.10175,12.0813,1292.5,0.12925,12.0850,262.5,0.02625,12.0850,-5.0,-0.00050,12.0862,-7.5,-0.00075,12.0825,-7.5,-0.00075,12.0837,-5.0,-0.00050,12.0837,-5.0,-0.00050,12.0850,-5.0,-0.00050,12.0850,-7.5,-0.00075,35.83
7,368015,1,0,23.55,1016.2,758.8,758.7,0.0,4.9625,805.0,0.80500,12.0837,272.5,0.27250,12.0850,1190.0,0.03606,5.0812,700.0,0.07000,12.0837,1015.0,0.10150,12.0813,1287.5,0.12875,12.0850,265.0,0.02650,12.0850,-5.0,-0.00050,12.0862,-7.5,-0.00075,12.0825,-7.5,-0.00075,12.0837,-5.0,-0.00050,12.0850,-5.0,-0.00050,12.0850,-5.0,-0.00050,12.0862,-7.5,-0.00075,36.16
7,368352,1,0,23.77,895.1,891.5,983.0,0.0,4.9637,795.0,0.79500,12.0837,270.0,0.27000,12.0850,1190.0,0.03606,5.0812,697.5,0.06975,12.0837,995.0,0.09950,12.0813,1275.0,0.12750,12.0850,255.0,0.02550,12.0850,-5.0,-0.00050,12.0862,-7.5,-0.00075,12.0825,-7.5,-0.00075,12.0850,-5.0,-0.00050,12.0850,-5.0,-0.00050,12.0850,-5.0,-0.00050,12.0862,-7.5,-0.00075,36.51
7,368709,1,0,24.01,772.5,879.6,768.8,0.0,4.9612,817.5,0.81750,12.0837,277.5,0.27750,12.0850,1190.0,0.03606,5.0812,700.0,0.07000,12.0837,1045.0,0.10450,12.0813,1310.0,0.13100,12.0850,265.0,0.02650,12.0850,-5.0,-0.00050,12.0862,-7.5,-0.00075,12.0825,-7.5,-0.00075,12.0837,-5.0,-0.00050,12.0837,-5.0,-0.00050,12.0837,-5.0,-0.00050,12.0850,-7.5,-0.00075,36.86
7,369045,1,0,24.24,777.8,1162.7,774.7,0.0,4.9625,812.5,0.81250,12.0837,277.5,0.27750,12.0850,1190.0,0.03606,5.0812,700.0,0.07000,12.0837,1040.0,0.10400,12.0813,1305.0,0.13050,12.0850,267.5,0.02675,12.0850,-5.0,-0.00050,12.0862,-7.5,-0.00075,12.0825,-7.5,-0.00075,12.0837,-5.0,-0.00050,12.0837,-5.0,-0.00050,12.0850,-5.0,-0.00050,12.0862,-7.5,-0.00075,37.19
7,369381,1,0,24.46,783.3,1003.3,957.2,0.0,4.9600,830.0,0.83000,12.0837,282.5,0.28250,12.0850,1187.5,0.03598,5.0812,697.5,0.06975,12.0837,1052.5,0.10525,12.0813,1332.5,0.13325,12.0850,265.0,0.02650,12.0850,-5.0,-0.00050,12.0862,-7.5,-0.00075,12.0825,-7.5,-0.00075,12.0837,-5.0,-0.00050,12.0837,-5.0,-0.00050,12.0837,-5.0,-0.00050,12.0850,-7.5,-0.00075,37.53
7,369718,1,0,24.69,902.6,786.5,914.5,0.0,4.9575,845.0,0.84500,12.0837,290.0,0.29000,12.0850,1190.0,0.03606,5.0812,700.0,0.07000,12.0837,1075.0,0.10750,12.0813,1362.5,0.13625,12.0850,282.5,0.02825,12.0850,-5.0,-0.00050,12.0862,-7.5,-0.00075,12.0825,-7.5,-0.00075,12.0837,-5.0,-0.00050,12.0837,-5.0,-0.00050,12.0837,-5.0,-0.00050,12.0850,-7.5,-0.00075,37.87
7,370054,1,0,24.91,856.1,1018.1,901.9,0.0,4.9587,842.5,0.84250,12.0837,285.0,0.28500,12.0850,1192.5,0.03614,5.0812,697.5,0.06975,12.0837,1075.0,0.10750,12.0813,1342.5,0.13425,12.0850,275.0,0.02750,12.0850,-5.0,-0.00050,12.0862,-7.5,-0.00075,12.0837,-7.5,-0.00075,12.0837,-5.0,-0.00050,12.0850,-5.0,-0.00050,12.0850,-5.0,-0.00050,12.0862,-7.5,-0.00075,38.20
7,370390,1,0,25.13,933.4,911.1,906.9,0.0,4.9575,852.5,0.85250,12.0837,290.0,0.29000,12.0850,1190.0,0.03606,5.0812,697.5,0.06975,12.0837,1090.0,0.10900,12.0813,1372.5,0.13725,12.0850,277.5,0.02775,12.0850,-5.0,-0.00050,12.0862,-7.5,-0.00075,12.0825,-7.5,-0.00075,12.0837,-5.0,-0.00050,12.0837,-5.0,-0.00050,12.0850,-5.0,-0.00050,12.0850,-7.5,-0.00075,38.56
7,370747,1,0,25.37,920.5,917.3,982.7,0.0,4.9575,852.5,0.85250,12.0837,292.5,0.29250,12.0850,1192.5,0.03614,5.0812,697.5,0.06975,12.0837,1082.5,0.10825,12.0813,1370.0,0.13700,12.0850,282.5,0.02825,12.0850,-5.0,-0.00050,12.0862,-7.5,-0.00075,12.0825,-7.5,-0.00075,12.0837,-5.0,-0.00050,12.0837,-5.0,-0.00050,12.0837,-5.0,-0.00050,12.0850,-7.5,-0.00075,38.89
7,371084,1,0,25.60,925.2,806.9,802.7,0.0,4.9575,855.0,0.85500,12.0837,292.5,0.29250,12.0850,1190.0,0.03606,5.0812,700.0,0.07000,12.0837,1087.5,0.10875,12.0813,1372.5,0.13725,12.0850,282.5,0.02825,12.0850,-5.0,-0.00050,12.0862,-7.5,-0.00075,12.0825,-7.5,-0.00075,12.0837,-5.0,-0.00050,12.0837,-5.0,-0.00050,12.0837,-5.0,-0.00050,12.0850,-7.5,-0.00075,39.23
7,371420,1,0,25.82,1046.5,1275.2,807.0,0.0,4.9550,870.0,0.87000,12.0837,300.0,0.30000,12.0850,1192.5,0.03614,5.0812,697.5,0.06975,12.0837,1132.5,0.11325,12.0813,1397.5,0.13975,12.0850,282.5,0.02825,12.0850,-5.0,-0.00050,12.0862,-7.5,-0.00075,12.0825,-7.5,-0.00075,12.0837,-5.0,-0.00050,12.0837,-5.0,-0.00050,12.0837,-5.0,-0.00050,12.0850,-7.5,-0.00075,39.57
7,371756,1,0,26.04,1052.8,932.7,865.1,0.0,4.9562,862.5,0.86250,12.0837,295.0,0.29500,12.0850,1192.5,0.03614,5.0812,697.5,0.06975,12.0837,1107.5,0.11075,12.0813,1382.5,0.13825,12.0850,292.5,0.02925,12.0850,-5.0,-0.00050,12.0862,-7.5,-0.00075,12.0825,-7.5,-0.00075,12.0837,-5.0,-0.00050,12.0837,-5.0,-0.00050,12.0850,-5.0,-0.00050,12.0862,-7.5,-0.00075,39.90
7,372092,1,0,26.27,878.4,1055.4,1049.8,0.0,4.9513,895.0,0.89500,12.0837,307.5,0.30750,12.0837,1192.5,0.03614,5.0812,700.0,0.07000,12.0825,1132.5,0.11325,12.0800,1447.5,0.14475,12.0837,297.5,0.02975,12.0837,-5.0,-0.00050,12.0850,-7.5,-0.00075,12.0825,-7.5,-0.00075,12.0837,-5.0,-0.00050,12.0837,-5.0,-0.00050,12.0837,-5.0,-0.00050,12.0850,-7.5,-0.00075,40.24
7,372429,1,0,26.49,1185.2,944.2,1057.2,0.0,4.9513,900.0,0.90000,12.0837,310.0,0.31000,12.0850,1192.5,0.03614,5.0812,697.5,0.06975,12.0825,1175.0,0.11750,12.0800,1457.5,0.14575,12.0837,300.0,0.03000,12.0850,-5.0,-0.00050,12.0850,-7.5,-0.00075,12.0825,-7.5,-0.00075,12.0837,-5.0,-0.00050,12.0837,-5.0,-0.00050,12.0837,-5.0,-0.00050,12.0850,-7.5,-0.00075,40.59
7,372786,1,0,26.73,1073.2,950.0,993.4,0.0,4.9537,882.5,0.88250,12.0837,302.5,0.30250,12.0850,1195.0,0.03621,5.0812,697.5,0.06975,12.0837,1127.5,0.11275,12.0813,1430.0,0.14300,12.0850,307.5,0.03075,12.0850,-5.0,-0.00050,12.0862,-7.5,-0.00075,12.0825,-7.5,-0.00075,12.0837,-5.0,-0.00050,12.0837,-5.0,-0.00050,12.0850,-5.0,-0.00050,12.0862,-7.5,-0.00075,40.93
7,373122,1,0,26.95,838.8,955.7,937.2,0.0,4.9513,905.0,0.90500,12.0837,310.0,0.31000,12.0850,1195.0,0.03621,5.0812,697.5,0.06975,12.0837,1152.5,0.11525,12.0813,1467.5,0.14675,12.0850,295.0,0.02950,12.0850,-5.0,-0.00050,12.0862,-7.5,-0.00075,12.0825,-7.5,-0.00075,12.0837,-5.0,-0.00050,12.0837,-5.0,-0.00050,12.0850,-5.0,-0.00050,12.0850,-7.5,-0.00075,41.27
7,373458,1,0,27.18,1160.3,946.5,1047.4,0.0,4.9513,902.5,0.90250,12.0837,312.5,0.31250,12.0850,1192.5,0.03614,5.0812,700.0,0.07000,12.0837,1152.5,0.11525,12.0813,1452.5,0.14525,12.0850,307.5,0.03075,12.0850,-5.0,-0.00050,12.0862,-7.5,-0.00075,12.0825,-7.5,-0.00075,12.0837,-5.0,-0.00050,12.0850,-5.0,-0.00050,12.0850,-5.0,-0.00050,12.0862,-7.5,-0.00075,41.60
7,373795,1,0,27.40,1211.8,966.1,1084.6,0.0,4.9513,902.5,0.90250,12.0837,312.5,0.31250,12.0850,1187.5,0.03598,5.0812,697.5,0.06975,12.0837,1150.0,0.11500,12.0813,1455.0,0.14550,12.0850,315.0,0.03150,12.0850,-5.0,-0.00050,12.0862,-7.5,-0.00075,12.0825,-7.5,-0.00075,12.0837,-5.0,-0.00050,12.0837,-5.0,-0.00050,12.0850,-5.0,-0.00050,12.0862,-7.5,-0.00075,41.94
7,374131,1,0,27.63,959.5,1062.8,969.2,0.0,4.9475,932.5,0.93250,12.0837,322.5,0.32250,12.0850,1192.5,0.03614,5.0812,700.0,0.07000,12.0825,1202.5,0.12025,12.0800,1512.5,0.15125,12.0850,322.5,0.03225,12.0850,-5.0,-0.00050,12.0862,-7.5,-0.00075,12.0825,-7.5,-0.00075,12.0837,-5.0,-0.00050,12.0837,-5.0,-0.00050,12.0837,-5.0,-0.00050,12.0850,-7.5,-0.00075,42.28
7,374467,1,0,27.85,858.1,978.3,976.6,0.0,4.9475,927.5,0.92750,12.0850,320.0,0.32000,12.0850,1190.0,0.03606,5.0812,700.0,0.07000,12.0837,1190.0,0.11900,12.0813,1497.5,0.14975,12.0850,320.0,0.03200,12.0862,-5.0,-0.00050,12.0862,-7.5,-0.00075,12.0837,-7.5,-0.00075,12.0850,-5.0,-0.00050,12.0850,-5.0,-0.00050,12.0850,-5.0,-0.00050,12.0862,-7.5,-0.00075,42.63
7,374824,1,0,28.09,863.0,861.0,1105.3,0.0,4.9488,925.0,0.92500,12.0837,320.0,0.32000,12.0850,1190.0,0.03606,5.0812,700.0,0.07000,12.0837,1185.0,0.11850,12.0813,1495.0,0.14950,12.0850,320.0,0.03200,12.0850,-5.0,-0.00050,12.0862,-7.5,-0.00075,12.0825,-7.5,-0.00075,12.0837,-5.0,-0.00050,12.0837,-5.0,-0.00050,12.0850,-5.0,-0.00050,12.0862,-7.5,-0.00075,42.98
7,375161,1,0,28.31,991.7,1236.9,988.3,0.0,4.9450,945.0,0.94500,12.0837,327.5,0.32750,12.0850,1190.0,0.03606,5.0812,700.0,0.07000,12.0825,1230.0,0.12300,12.0813,1532.5,0.15325,12.0850,325.0,0.03250,12.0850,-5.0,-0.00050,12.0862,-7.5,-0.00075,12.0825,-7.5,-0.00075,12.0837,-5.0,-0.00050,12.0837,-5.0,-0.00050,12.0850,-5.0,-0.00050,12.0850,-7.5,-0.00075,43.32
7,375497,1,0,28.54,931.1,979.1,870.5,0.0,4.9450,947.5,0.94750,12.0837,327.5,0.32750,12.0850,1190.0,0.03606,5.0812,700.0,0.07000,12.0837,1212.5,0.12125,12.0813,1527.5,0.15275,12.0850,327.5,0.03275,12.0850,-5.0,-0.00050,12.0862,-7.5,-0.00075,12.0825,-7.5,-0.00075,12.0837,-5.0,-0.00050,12.0837,-5.0,-0.00050,12.0850,-5.0,-0.00050,12.0862,-7.5,-0.00075,43.64
7,375833,1,0,28.76,1098.4,984.6,985.2,0.0,4.9425,975.0,0.97500,12.0837,340.0,0.34000,12.0850,1192.5,0.03614,5.0812,700.0,0.07000,12.0825,1275.0,0.12750,12.0800,1580.0,0.15800,12.0850,335.0,0.03350,12.0850,-5.0,-0.00050,12.0862,-7.5,-0.00075,12.0825,-7.5,-0.00075,12.0837,-5.0,-0.00050,12.0837,-5.0,-0.00050,12.0837,-5.0,-0.00050,12.0850,-7.5,-0.00075,43.99
7,376169,1,0,28.99,994.9,1383.1,1007.1,0.0,4.9412,977.5,0.97750,12.0837,340.0,0.34000,12.0850,1192.5,0.03614,5.0812,700.0,0.07000,12.0837,1275.0,0.12750,12.0813,1590.0,0.15900,12.0850,342.5,0.03425,12.0850,-5.0,-0.00050,12.0862,-7.5,-0.00075,12.0825,-7.5,-0.00075,12.0837,-5.0,-0.00050,12.0850,-5.0,-0.00050,12.0850,-5.0,-0.00050,12.0862,-7.5,-0.00075,44.33
7,376506,1,0,29.21,1223.3,944.1,1064.6,0.0,4.9425,975.0,0.97500,12.0837,340.0,0.34000,12.0850,1190.0,0.03606,5.0812,697.5,0.06975,12.0837,1265.0,0.12650,12.0813,1590.0,0.15900,12.0850,342.5,0.03425,12.0850,-5.0,-0.00050,12.0862,-7.5,-0.00075,12.0825,-7.5,-0.00075,12.0837,-5.0,-0.00050,12.0850,-5.0,-0.00050,12.0850,-5.0,-0.00050,12.0862,-7.5,-0.00075,44.67
7,376863,1,0,29.45,1022.6,1001.0,1225.0,0.0,4.9400,992.5,0.99250,12.0837,347.5,0.34750,12.0850,1190.0,0.03606,5.0812,700.0,0.07000,12.0825,1290.0,0.12900,12.0800,1620.0,0.16200,12.0850,347.5,0.03475,12.0850,-5.0,-0.00050,12.0862,-7.5,-0.00075,12.0825,-7.5,-0.00075,12.0837,-5.0,-0.00050,12.0837,-5.0,-0.00050,12.0837,-5.0,-0.00050,12.0850,-7.5,-0.00075,45.02
7,377199,1,0,29.67,1012.7,1118.4,1232.1,0.0,4.9387,997.5,0.99750,12.0837,350.0,0.35000,12.0850,1192.5,0.03614,5.0812,700.0,0.07000,12.0837,1292.5,0.12925,12.0813,1627.5,0.16275,12.0850,350.0,0.03500,12.0850,-5.0,-0.00050,12.0862,-7.5,-0.00075,12.0825,-7.5,-0.00075,12.0837,-5.0,-0.00050,12.0837,-5.0,-0.00050,12.0850,-5.0,-0.00050,12.0862,-7.5,-0.00075,45.34
7,377535,1,0,29.90,1018.0,1011.9,900.9,0.0,4.9400,995.0,0.99500,12.0837,347.5,0.34750,12.0850,1192.5,0.03614,5.0812,700.0,0.07000,12.0837,1292.5,0.12925,12.0813,1617.5,0.16175,12.0850,347.5,0.03475,12.0850,-5.0,-0.00050,12.0862,-7.5,-0.00075,12.0837,-7.5,-0.00075,12.0837,-5.0,-0.00050,12.0850,-5.0,-0.00050,12.0850,-5.0,-0.00050,12.0862,-7.5,-0.00075,45.68
7,377872,1,0,30.12,1137.4,1243.1,1245.6,0.0,4.9375,1015.0,1.01500,12.0837,355.0,0.35500,12.0850,1192.5,0.03614,5.0812,700.0,0.07000,12.0825,1320.0,0.13200,12.0813,1640.0,0.16400,12.0850,352.5,0.03525,12.0850,-5.0,-0.00050,12.0862,-7.5,-0.00075,12.0825,-7.5,-0.00075,12.0837,-5.0,-0.00050,12.0837,-7.5,-0.00075,12.0850,-5.0,-0.00050,12.0850,-7.5,-0.00075,46.03
7,378208,1,0,30.35,915.2,1039.8,1040.9,0.0,4.9375,1015.0,1.01500,12.0837,355.0,0.35500,12.0850,1192.5,0.03614,5.0812,700.0,0.07000,12.0837,1325.0,0.13250,12.0813,1660.0,0.16600,12.0850,352.5,0.03525,12.0850,-5.0,-0.00050,12.0862,-7.5,-0.00075,12.0825,-7.5,-0.00075,12.0837,-5.0,-0.00050,12.0850,-5.0,-0.00050,12.0850,-5.0,-0.00050,12.0862,-7.5,-0.00075,46.36
7,378544,1,0,30.57,920.1,1258.9,915.7,0.0,4.9337,1040.0,1.04000,12.0837,365.0,0.36500,12.0850,1192.5,0.03614,5.0812,700.0,0.07000,12.0825,1342.5,0.13425,12.0800,1705.0,0.17050,12.0837,367.5,0.03675,12.0850,-5.0,-0.00050,12.0862,-7.5,-0.00075,12.0825,-7.5,-0.00075,12.0837,-5.0,-0.00050,12.0837,-5.0,-0.00050,12.0837,-5.0,-0.00050,12.0850,-7.5,-0.00075,46.71
7,378901,1,0,30.81,926.0,1037.3,1037.3,0.0,4.9337,1042.5,1.04250,12.0837,365.0,0.36500,12.0850,1195.0,0.03621,5.0812,700.0,0.07000,12.0837,1345.0,0.13450,12.0800,1707.5,0.17075,12.0850,365.0,0.03650,12.0850,-5.0,-0.00050,12.0862,-7.5,-0.00075,12.0825,-7.5,-0.00075,12.0837,-5.0,-0.00050,12.0837,-5.0,-0.00050,12.0850,-5.0,-0.00050,12.0850,-7.5,-0.00075,47.05
7,379238,1,0,31.03,1047.7,1339.1,1042.9,0.0,4.9337,1040.0,1.04000,12.0837,365.0,0.36500,12.0850,1195.0,0.03621,5.0812,700.0,0.07000,12.0837,1350.0,0.13500,12.0800,1702.5,0.17025,12.0850,355.0,0.03550,12.0850,-5.0,-0.00050,12.0862,-7.5,-0.00075,12.0825,-7.5,-0.00075,12.0837,-5.0,-0.00050,12.0837,-5.0,-0.00050,12.0850,-5.0,-0.00050,12.0862,-7.5,-0.00075,47.40
7,379574,1,0,31.26,1052.7,1049.2,1035.3,0.0,4.9313,1065.0,1.06500,12.0837,375.0,0.37500,12.0850,1190.0,0.03606,5.0812,700.0,0.07000,12.0825,1380.0,0.13800,12.0800,1747.5,0.17475,12.0837,377.5,0.03775,12.0850,-5.0,-0.00050,12.0850,-7.5,-0.00075,12.0825,-7.5,-0.00075,12.0837,-5.0,-0.00050,12.0837,-5.0,-0.00050,12.0850,-5.0,-0.00050,12.0850,-7.5,-0.00075,47.72
7,379910,1,0,31.48,1059.0,1172.6,1054.1,0.0,4.9313,1057.5,1.05750,12.0837,372.5,0.37250,12.0850,1192.5,0.03614,5.0812,700.0,0.07000,12.0837,1367.5,0.13675,12.0813,1742.5,0.17425,12.0850,370.0,0.03700,12.0850,-5.0,-0.00050,12.0862,-7.5,-0.00075,12.0825,-7.5,-0.00075,12.0837,-5.0,-0.00050,12.0850,-5.0,-0.00050,12.0850,-5.0,-0.00050,12.0862,-7.5,-0.00075,48.07
7,380246,1,0,31.70,946.0,943.1,1045.1,0.0,4.9300,1070.0,1.07000,12.0837,377.5,0.37750,12.0850,1192.5,0.03614,5.0812,700.0,0.07000,12.0825,1385.0,0.13850,12.0800,1770.0,0.17700,12.0837,370.0,0.03700,12.0837,-5.0,-0.00050,12.0850,-7.5,-0.00075,12.0825,-7.5,-0.00075,12.0837,-5.0,-0.00050,12.0837,-5.0,-0.00050,12.0837,-5.0,-0.00050,12.0850,-7.5,-0.00075,48.40
7,380583,1,0,31.93,1308.0,1423.2,1063.5,0.0,4.9275,1090.0,1.09000,12.0837,382.5,0.38250,12.0850,1192.5,0.03614,5.0812,700.0,0.07000,12.0825,1422.5,0.14225,12.0800,1787.5,0.17875,12.0850,380.0,0.03800,12.0850,-5.0,-0.00050,12.0862,-7.5,-0.00075,12.0825,-7.5,-0.00075,12.0837,-5.0,-0.00050,12.0837,-5.0,-0.00050,12.0850,-5.0,-0.00050,12.0862,-7.5,-0.00075,48.74
7,380940,1,0,32.17,1063.4,954.4,1069.7,0.0,4.9288,1082.5,1.08250,12.0837,382.5,0.38250,12.0850,1192.5,0.03614,5.0812,700.0,0.07000,12.0837,1415.0,0.14150,12.0800,1777.5,0.17775,12.0850,382.5,0.03825,12.0850,-5.0,-0.00050,12.0862,-7.5,-0.00075,12.0825,-7.5,-0.00075,12.0837,-5.0,-0.00050,12.0837,-5.0,-0.00050,12.0850,-5.0,-0.00050,12.0862,-7.5,-0.00075,49.09
7,381276,1,0,32.39,962.5,959.0,955.7,0.0,4.9275,1097.5,1.09750,12.0837,385.0,0.38500,12.0850,1192.5,0.03614,5.0812,700.0,0.07000,12.0825,1432.5,0.14325,12.0800,1805.0,0.18050,12.0850,380.0,0.03800,12.0850,-5.0,-0.00050,12.0862,-7.5,-0.00075,12.0825,-7.5,-0.00075,12.0837,-5.0,-0.00050,12.0837,-5.0,-0.00050,12.0850,-5.0,-0.00050,12.0850,-7.5,-0.00075,49.43
7,381612,1,0,32.61,968.0,964.8,1199.9,0.0,4.9250,1110.0,1.11000,12.0837,392.5,0.39250,12.0850,1195.0,0.03621,5.0812,700.0,0.07000,12.0825,1465.0,0.14650,12.0800,1822.5,0.18225,12.0837,385.0,0.03850,12.0850,-5.0,-0.00050,12.0862,-7.5,-0.00075,12.0825,-7.5,-0.00075,12.0837,-5.0,-0.00050,12.0837,-5.0,-0.00050,12.0850,-5.0,-0.00050,12.0850,-7.5,-0.00075,49.76
7,381949,1,0,32.84,1144.2,1212.3,964.5,0.0,4.9250,1115.0,1.11500,12.0837,392.5,0.39250,12.0850,1192.5,0.03614,5.0812,700.0,0.07000,12.0825,1462.5,0.14625,12.0800,1820.0,0.18200,12.0850,392.5,0.03925,12.0850,-5.0,-0.00050,12.0862,-7.5,-0.00075,12.0825,-7.5,-0.00075,12.0837,-5.0,-0.00050,12.0837,-5.0,-0.00050,12.0850,-5.0,-0.00050,12.0862,-7.5,-0.00075,50.10
7,382285,1,0,33.06,1035.7,1191.1,1076.9,0.0,4.9237,1125.0,1.12500,12.0837,397.5,0.39750,12.0850,1187.5,0.03598,5.0812,697.5,0.06975,12.0825,1475.0,0.14750,12.0800,1860.0,0.18600,12.0850,395.0,0.03950,12.0850,-5.0,-0.00050,12.0850,-7.5,-0.00075,12.0825,-7.5,-0.00075,12.0837,-5.0,-0.00050,12.0837,-5.0,-0.00050,12.0837,-5.0,-0.00050,12.0850,-7.5,-0.00075,50.44
7,382621,1,0,33.29,1200.9,1088.7,1032.3,0.0,4.9212,1140.0,1.14000,12.0837,400.0,0.40000,12.0850,1192.5,0.03614,5.0812,700.0,0.07000,12.0825,1487.5,0.14875,12.0800,1870.0,0.18700,12.0850,405.0,0.04050,12.0850,-5.0,-0.00050,12.0862,-7.5,-0.00075,12.0825,-7.5,-0.00075,12.0837,-5.0,-0.00050,12.0837,-7.5,-0.00075,12.0850,-5.0,-0.00050,12.0850,-7.5,-0.00075,50.79
7,382978,1,0,33.53,988.0,1141.3,1037.9,0.0,4.9200,1155.0,1.15500,12.0837,410.0,0.41000,12.0850,1192.5,0.03614,5.0812,700.0,0.07000,12.0825,1542.5,0.15425,12.0800,1900.0,0.19000,12.0837,402.5,0.04025,12.0850,-5.0,-0.00050,12.0850,-7.5,-0.00075,12.0825,-7.5,-0.00075,12.0837,-5.0,-0.00050,12.0837,-5.0,-0.00050,12.0850,-5.0,-0.00050,12.0850,-7.5,-0.00075,51.13
7,383315,1,0,33.75,1214.0,1431.6,985.4,0.0,4.9187,1160.0,1.16000,12.0837,412.5,0.41250,12.0850,1190.0,0.03606,5.0812,700.0,0.07000,12.0825,1520.0,0.15200,12.0800,1905.0,0.19050,12.0850,412.5,0.04125,12.0850,-5.0,-0.00050,12.0862,-7.5,-0.00075,12.0825,-7.5,-0.00075,12.0837,-5.0,-0.00050,12.0837,-5.0,-0.00050,12.0837,-5.0,-0.00050,12.0850,-7.5,-0.00075,51.47
7,383651,1,0,33.97,1219.9,1327.7,1238.7,0.0,4.9187,1157.5,1.15750,12.0837,407.5,0.40750,12.0850,1195.0,0.03621,5.0812,700.0,0.07000,12.0825,1512.5,0.15125,12.0800,1902.5,0.19025,12.0850,415.0,0.04150,12.0850,-5.0,-0.00050,12.0862,-7.5,-0.00075,12.0825,-7.5,-0.00075,12.0837,-5.0,-0.00050,12.0850,-5.0,-0.00050,12.0850,-5.0,-0.00050,12.0862,-7.5,-0.00075,51.81
7,383987,1,0,34.20,1128.6,1445.0,996.2,0.0,4.9162,1180.0,1.18000,12.0837,417.5,0.41750,12.0850,1192.5,0.03614,5.0812,700.0,0.07000,12.0825,1557.5,0.15575,12.0800,1942.5,0.19425,12.0837,425.0,0.04250,12.0837,-5.0,-0.00050,12.0850,-7.5,-0.00075,12.0825,-7.5,-0.00075,12.0837,-5.0,-0.00050,12.0837,-5.0,-0.00050,12.0837,-5.0,-0.00050,12.0850,-7.5,-0.00075,52.14
7,384323,1,0,34.42,1008.4,1116.4,1112.6,0.0,4.9175,1170.0,1.17000,12.0837,412.5,0.41250,12.0850,1190.0,0.03606,5.0812,700.0,0.07000,12.0825,1527.5,0.15275,12.0800,1910.0,0.19100,12.0850,422.5,0.04225,12.0850,-5.0,-0.00050,12.0862,-7.5,-0.00075,12.0825,-7.5,-0.00075,12.0837,-5.0,-0.00050,12.0850,-5.0,-0.00050,12.0850,-5.0,-0.00050,12.0862,-7.5,-0.00075,52.48
7,384660,1,0,34.65,1237.2,1232.8,1006.8,0.0,4.9187,1165.0,1.16500,12.0837,412.5,0.41250,12.0850,1192.5,0.03614,5.0812,700.0,0.07000,12.0825,1520.0,0.15200,12.0800,1920.0,0.19200,12.0837,430.0,0.04300,12.0850,-5.0,-0.00050,12.0850,-7.5,-0.00075,12.0825,-7.5,-0.00075,12.0837,-5.0,-0.00050,12.0837,-5.0,-0.00050,12.0850,-5.0,-0.00050,12.0862,-7.5,-0.00075,52.82
7,385017,1,0,34.88,1284.0,1350.2,1462.4,0.0,4.9137,1210.0,1.21000,12.0837,427.5,0.42750,12.0837,1195.0,0.03621,5.0812,700.0,0.07000,12.0813,1595.0,0.15950,12.0787,1990.0,0.19900,12.0837,440.0,0.04400,12.0837,-5.0,-0.00050,12.0850,-7.5,-0.00075,12.0813,-7.5,-0.00075,12.0825,-5.0,-0.00050,12.0837,-5.0,-0.00050,12.0837,-5.0,-0.00050,12.0850,-7.5,-0.00075,53.17
7,385353,1,0,35.11,1249.9,1393.0,1357.0,0.0,4.9150,1195.0,1.19500,12.0850,425.0,0.42500,12.0862,1190.0,0.03606,5.0812,700.0,0.07000,12.0825,1570.0,0.15700,12.0800,1980.0,0.19800,12.0850,435.0,0.04350,12.0850,-5.0,-0.00050,12.0862,-7.5,-0.00075,12.0825,-7.5,-0.00075,12.0837,-5.0,-0.00050,12.0850,-5.0,-0.00050,12.0850,-5.0,-0.00050,12.0862,-7.5,-0.00075,53.51
7,385689,1,0,35.33,1255.2,1363.6,1022.9,0.0,4.9150,1195.0,1.19500,12.0850,422.5,0.42250,12.0862,1190.0,0.03606,5.0812,700.0,0.07000,12.0837,1562.5,0.15625,12.0813,1967.5,0.19675,12.0850,435.0,0.04350,12.0850,-5.0,-0.00050,12.0862,-7.5,-0.00075,12.0825,-7.5,-0.00075,12.0837,-5.0,-0.00050,12.0850,-5.0,-0.00050,12.0850,-5.0,-0.00050,12.0862,-7.5,-0.00075,53.84
7,386026,1,0,35.56,1146.1,1369.3,1407.2,0.0,4.9113,1222.5,1.22250,12.0837,435.0,0.43500,12.0850,1192.5,0.03614,5.0812,700.0,0.07000,12.0825,1605.0,0.16050,12.0787,2022.5,0.20225,12.0837,445.0,0.04450,12.0850,-5.0,-0.00050,12.0850,-7.5,-0.00075,12.0825,-7.5,-0.00075,12.0837,-5.0,-0.00050,12.0837,-5.0,-0.00050,12.0837,-5.0,-0.00050,12.0850,-7.5,-0.00075,54.18
7,386362,1,0,35.78,1151.4,1261.6,1412.6,0.0,4.9100,1230.0,1.23000,12.0850,437.5,0.43750,12.0850,1192.5,0.03614,5.0812,700.0,0.07000,12.0825,1625.0,0.16250,12.0800,2037.5,0.20375,12.0850,447.5,0.04475,12.0850,-5.0,-0.00050,12.0862,-7.5,-0.00075,12.0825,-7.5,-0.00075,12.0837,-5.0,-0.00050,12.0850,-5.0,-0.00050,12.0850,-5.0,-0.00050,12.0862,-7.5,-0.00075,54.52
7,386698,1,0,36.01,1157.3,1267.4,1141.8,0.0,4.9075,1255.0,1.25500,12.0837,447.5,0.44750,12.0850,1192.5,0.03614,5.0812,700.0,0.07000,12.0825,1657.5,0.16575,12.0800,2085.0,0.20850,12.0837,455.0,0.04550,12.0850,-5.0,-0.00050,12.0862,-7.5,-0.00075,12.0825,-7.5,-0.00075,12.0837,-5.0,-0.00050,12.0837,-5.0,-0.00050,12.0850,-5.0,-0.00050,12.0850,-7.5,-0.00075,54.87
7,387055,1,0,36.24,1396.1,1251.7,1275.7,0.0,4.9062,1260.0,1.26000,12.0850,450.0,0.45000,12.0850,1192.5,0.03614,5.0812,700.0,0.07000,12.0825,1665.0,0.16650,12.0800,2097.5,0.20975,12.0850,465.0,0.04650,12.0850,-5.0,-0.00050,12.0862,-7.5,-0.00075,12.0825,-7.5,-0.00075,12.0850,-5.0,-0.00050,12.0850,-5.0,-0.00050,12.0850,-5.0,-0.00050,12.0862,-7.5,-0.00075,55.21
7,387392,1,0,36.47,1169.1,1213.9,1398.4,0.0,4.9062,1262.5,1.26250,12.0850,447.5,0.44750,12.0862,1192.5,0.03614,5.0812,700.0,0.07000,12.0825,1652.5,0.16525,12.0800,2085.0,0.20850,12.0850,452.5,0.04525,12.0850,-5.0,-0.00050,12.0862,-7.5,-0.00075,12.0837,-7.5,-0.00075,12.0837,-5.0,-0.00050,12.0850,-5.0,-0.00050,12.0850,-5.0,-0.00050,12.0862,-7.5,-0.00075,55.55
7,387728,1,0,36.69,1175.2,1404.9,1475.3,0.0,4.9025,1292.5,1.29250,12.0850,462.5,0.46250,12.0862,1190.0,0.03606,5.0812,700.0,0.07000,12.0825,1697.5,0.16975,12.0800,2145.0,0.21450,12.0850,477.5,0.04775,12.0850,-5.0,-0.00050,12.0862,-7.5,-0.00075,12.0837,-7.5,-0.00075,12.0837,-5.0,-0.00050,12.0850,-5.0,-0.00050,12.0850,-5.0,-0.00050,12.0862,-7.5,-0.00075,55.87
7,388064,1,0,36.92,1063.1,1449.0,1294.5,0.0,4.9025,1297.5,1.29750,12.0850,462.5,0.46250,12.0862,1192.5,0.03614,5.0812,700.0,0.07000,12.0837,1705.0,0.17050,12.0813,2157.5,0.21575,12.0850,472.5,0.04725,12.0862,-5.0,-0.00050,12.0862,-7.5,-0.00075,12.0837,-7.5,-0.00075,12.0850,-5.0,-0.00050,12.0850,-5.0,-0.00050,12.0850,-5.0,-0.00050,12.0862,-7.5,-0.00075,56.22
7,388400,1,0,37.14,1068.0,1655.4,1182.3,0.0,4.9025,1295.0,1.29500,12.0850,462.5,0.46250,12.0862,1192.5,0.03614,5.0812,700.0,0.07000,12.0825,1700.0,0.17000,12.0813,2145.0,0.21450,12.0850,472.5,0.04725,12.0862,-5.0,-0.00050,12.0862,-7.5,-0.00075,12.0837,-7.5,-0.00075,12.0850,-5.0,-0.00050,12.0850,-5.0,-0.00050,12.0850,-5.0,-0.00050,12.0862,-7.5,-0.00075,56.56
7,388737,1,0,37.36,1180.1,1069.1,1237.3,0.0,4.9000,1317.5,1.31750,12.0850,470.0,0.47000,12.0862,1192.5,0.03614,5.0812,700.0,0.07000,12.0825,1727.5,0.17275,12.0800,2185.0,0.21850,12.0850,480.0,0.04800,12.0850,-5.0,-0.00050,12.0862,-7.5,-0.00075,12.0825,-7.5,-0.00075,12.0837,-5.0,-0.00050,12.0850,-5.0,-0.00050,12.0850,-5.0,-0.00050,12.0862,-7.5,-0.00075,56.91
7,389094,1,0,37.60,1186.2,1181.7,1314.3,0.0,4.9000,1317.5,1.31750,12.0850,470.0,0.47000,12.0862,1195.0,0.03621,5.0812,700.0,0.07000,12.0825,1740.0,0.17400,12.0800,2185.0,0.21850,12.0850,485.0,0.04850,12.0850,-5.0,-0.00050,12.0862,-7.5,-0.00075,12.0837,-7.5,-0.00075,12.0837,-5.0,-0.00050,12.0850,-5.0,-0.00050,12.0850,-5.0,-0.00050,12.0862,-7.5,-0.00075,57.24
7,389430,1,0,37.83,1300.0,1295.0,1200.3,0.0,4.8962,1342.5,1.34250,12.0850,480.0,0.48000,12.0850,1192.5,0.03614,5.0812,700.0,0.07000,12.0825,1780.0,0.17800,12.0800,2230.0,0.22300,12.0850,495.0,0.04950,12.0850,-5.0,-0.00050,12.0862,-7.5,-0.00075,12.0825,-7.5,-0.00075,12.0837,-5.0,-0.00050,12.0837,-5.0,-0.00050,12.0850,-5.0,-0.00050,12.0862,-7.5,-0.00075,57.59
7,389766,1,0,38.05,1197.8,1301.7,1256.0,0.0,4.8962,1350.0,1.35000,12.0850,482.5,0.48250,12.0862,1192.5,0.03614,5.0812,700.0,0.07000,12.0825,1760.0,0.17600,12.0800,2250.0,0.22500,12.0850,500.0,0.05000,12.0850,-5.0,-0.00050,12.0862,-7.5,-0.00075,12.0825,-7.5,-0.00075,12.0837,-5.0,-0.00050,12.0850,-5.0,-0.00050,12.0850,-5.0,-0.00050,12.0862,-7.5,-0.00075,57.92
7,390103,1,0,38.28,1336.6,1090.0,1309.0,0.0,4.8962,1347.5,1.34750,12.0850,482.5,0.48250,12.0862,1192.5,0.03614,5.0812,700.0,0.07000,12.0825,1772.5,0.17725,12.0800,2245.0,0.22450,12.0850,490.0,0.04900,12.0850,-5.0,-0.00050,12.0862,-7.5,-0.00075,12.0825,-7.5,-0.00075,12.0837,-5.0,-0.00050,12.0850,-5.0,-0.00050,12.0850,-5.0,-0.00050,12.0862,-7.5,-0.00075,58.26
7,390439,1,0,38.50,1359.8,1267.6,1095.4,0.0,4.8925,1375.0,1.37500,12.0837,492.5,0.49250,12.0862,1192.5,0.03614,5.0812,700.0,0.07000,12.0825,1797.5,0.17975,12.0800,2292.5,0.22925,12.0850,512.5,0.05125,12.0850,-5.0,-0.00050,12.0862,-7.5,-0.00075,12.0825,-7.5,-0.00075,12.0837,-5.0,-0.00050,12.0837,-5.0,-0.00050,12.0850,-5.0,-0.00050,12.0850,-7.5,-0.00075,58.59
7,390775,1,0,38.72,1103.7,1320.2,1361.6,0.0,4.8937,1370.0,1.37000,12.0850,490.0,0.49000,12.0862,1190.0,0.03606,5.0812,700.0,0.07000,12.0825,1800.0,0.18000,12.0800,2292.5,0.22925,12.0850,487.5,0.04875,12.0850,-5.0,-0.00050,12.0862,-7.5,-0.00075,12.0825,-7.5,-0.00075,12.0837,-5.0,-0.00050,12.0850,-5.0,-0.00050,12.0850,-5.0,-0.00050,12.0862,-7.5,-0.00075,58.94
7,391132,1,0,38.96,1373.3,1437.3,1104.8,0.0,4.8888,1402.5,1.40250,12.0850,502.5,0.50250,12.0850,1190.0,0.03606,5.0812,700.0,0.07000,12.0825,1850.0,0.18500,12.0787,2342.5,0.23425,12.0837,510.0,0.05100,12.0850,-5.0,-0.00050,12.0862,-7.5,-0.00075,12.0825,-7.5,-0.00075,12.0837,-5.0,-0.00050,12.0837,-5.0,-0.00050,12.0850,-5.0,-0.00050,12.0850,-7.5,-0.00075,59.28
7,391469,1,0,39.19,1226.6,1520.3,1221.4,0.0,4.8888,1410.0,1.41000,12.0850,505.0,0.50500,12.0862,1195.0,0.03621,5.0812,700.0,0.07000,12.0825,1857.5,0.18575,12.0800,2352.5,0.23525,12.0850,515.0,0.05150,12.0850,-5.0,-0.00050,12.0862,-7.5,-0.00075,12.0825,-7.5,-0.00075,12.0837,-5.0,-0.00050,12.0837,-5.0,-0.00050,12.0850,-5.0,-0.00050,12.0862,-7.5,-0.00075,59.61
7,391805,1,0,39.41,1232.2,1451.4,1338.1,0.0,4.8888,1402.5,1.40250,12.0850,502.5,0.50250,12.0862,1192.5,0.03614,5.0812,700.0,0.07000,12.0825,1845.0,0.18450,12.0800,2337.5,0.23375,12.0850,507.5,0.05075,12.0850,-5.0,-0.00050,12.0862,-7.5,-0.00075,12.0825,-7.5,-0.00075,12.0837,-5.0,-0.00050,12.0837,-5.0,-0.00050,12.0850,-5.0,-0.00050,12.0862,-7.5,-0.00075,59.96
7,392141,1,0,39.63,1463.2,1298.5,1119.0,0.0,4.8863,1425.0,1.42500,12.0850,510.0,0.51000,12.0850,1195.0,0.03621,5.0812,700.0,0.07000,12.0813,1892.5,0.18925,12.0787,2370.0,0.23700,12.0837,507.5,0.05075,12.0850,-5.0,-0.00050,12.0862,-7.5,-0.00075,12.0825,-7.5,-0.00075,12.0837,-5.0,-0.00050,12.0837,-5.0,-0.00050,12.0850,-5.0,-0.00050,12.0862,-7.5,-0.00075,60.29
7,392477,1,0,39.86,1292.3,1577.7,1347.4,0.0,4.8850,1430.0,1.43000,12.0850,515.0,0.51500,12.0862,1192.5,0.03614,5.0812,700.0,0.07000,12.0825,1897.5,0.18975,12.0800,2387.5,0.23875,12.0850,520.0,0.05200,12.0850,-5.0,-0.00050,12.0862,-7.5,-0.00075,12.0825,-7.5,-0.00075,12.0850,-5.0,-0.00050,12.0850,-5.0,-0.00050,12.0850,-5.0,-0.00050,12.0862,-7.5,-0.00075,60.62
7,392814,1,0,40.08,1250.2,1186.3,1578.0,0.0,4.8825,1452.5,1.45250,12.0837,522.5,0.52250,12.0850,1192.5,0.03614,5.0812,700.0,0.07000,12.0813,1917.5,0.19175,12.0787,2435.0,0.24350,12.0837,530.0,0.05300,12.0837,-5.0,-0.00050,12.0850,-7.5,-0.00075,12.0825,-7.5,-0.00075,12.0825,-5.0,-0.00050,12.0837,-5.0,-0.00050,12.0837,-5.0,-0.00050,12.0850,-7.5,-0.00075,60.98
7,393171,1,0,40.32,1142.9,1138.1,1441.3,0.0,4.8825,1457.5,1.45750,12.0850,522.5,0.52250,12.0862,1192.5,0.03614,5.0812,700.0,0.07000,12.0825,1910.0,0.19100,12.0800,2440.0,0.24400,12.0850,540.0,0.05400,12.0850,-5.0,-0.00050,12.0862,-7.5,-0.00075,12.0825,-7.5,-0.00075,12.0837,-5.0,-0.00050,12.0837,-5.0,-0.00050,12.0850,-5.0,-0.00050,12.0862,-7.5,-0.00075,61.32
7,393507,1,0,40.54,1262.8,1714.9,1365.3,0.0,4.8800,1472.5,1.47250,12.0837,530.0,0.53000,12.0850,1192.5,0.03614,5.0812,700.0,0.07000,12.0813,1952.5,0.19525,12.0787,2450.0,0.24500,12.0837,545.0,0.05450,12.0837,-5.0,-0.00050,12.0850,-7.5,-0.00075,12.0825,-7.5,-0.00075,12.0837,-5.0,-0.00050,12.0837,-5.0,-0.00050,12.0837,-5.0,-0.00050,12.0850,-7.5,-0.00075,61.65
7,393843,1,0,40.77,1257.5,1421.7,1372.3,0.0,4.8775,1500.0,1.50000,12.0850,540.0,0.54000,12.0862,1192.5,0.03614,5.0812,700.0,0.07000,12.0813,1992.5,0.19925,12.0787,2492.5,0.24925,12.0837,552.5,0.05525,12.0850,-5.0,-0.00050,12.0862,-7.5,-0.00075,12.0825,-7.5,-0.00075,12.0837,-5.0,-0.00050,12.0850,-5.0,-0.00050,12.0850,-5.0,-0.00050,12.0862,-7.5,-0.00075,62.00
7,394180,1,0,40.99,1158.1,1538.1,1378.6,0.0,4.8762,1505.0,1.50500,12.0850,542.5,0.54250,12.0862,1192.5,0.03614,5.0812,700.0,0.07000,12.0813,1990.0,0.19900,12.0787,2500.0,0.25000,12.0837,570.0,0.05700,12.0850,-5.0,-0.00050,12.0862,-7.5,-0.00075,12.0825,-7.5,-0.00075,12.0837,-5.0,-0.00050,12.0837,-5.0,-0.00050,12.0850,-5.0,-0.00050,12.0850,-7.5,-0.00075,62.34
7,394516,1,0,41.22,1268.4,1433.6,1269.5,0.0,4.8762,1510.0,1.51000,12.0850,540.0,0.54000,12.0862,1192.5,0.03614,5.0812,700.0,0.07000,12.0825,1995.0,0.19950,12.0787,2505.0,0.25050,12.0850,562.5,0.05625,12.0850,-5.0,-0.00050,12.0862,-7.5,-0.00075,12.0825,-7.5,-0.00075,12.0837,-5.0,-0.00050,12.0850,-5.0,-0.00050,12.0850,-5.0,-0.00050,12.0862,-7.5,-0.00075,62.67
7,394852,1,0,41.44,1273.3,1395.4,1391.5,0.0,4.8737,1525.0,1.52500,12.0837,550.0,0.55000,12.0850,1195.0,0.03621,5.0812,700.0,0.07000,12.0813,2022.5,0.20225,12.0787,2547.5,0.25475,12.0837,557.5,0.05575,12.0850,-5.0,-0.00050,12.0850,-7.5,-0.00075,12.0813,-7.5,-0.00075,12.0837,-5.0,-0.00050,12.0837,-5.0,-0.00050,12.0837,-5.0,-0.00050,12.0850,-7.5,-0.00075,63.02
7,395209,1,0,41.68,1385.5,1698.2,1270.1,0.0,4.8750,1512.5,1.51250,12.0850,545.0,0.54500,12.0862,1195.0,0.03621,5.0812,700.0,0.07000,12.0825,1987.5,0.19875,12.0800,2517.5,0.25175,12.0850,567.5,0.05675,12.0850,-5.0,-0.00050,12.0862,-7.5,-0.00075,12.0825,-7.5,-0.00075,12.0837,-5.0,-0.00050,12.0850,-5.0,-0.00050,12.0850,-5.0,-0.00050,12.0862,-7.5,-0.00075,63.37
7,395546,1,0,41.90,1390.1,1523.6,1382.1,0.0,4.8712,1552.5,1.55250,12.0837,557.5,0.55750,12.0850,1192.5,0.03614,5.0812,700.0,0.07000,12.0813,2052.5,0.20525,12.0775,2580.0,0.25800,12.0825,565.0,0.05650,12.0837,-5.0,-0.00050,12.0850,-7.5,-0.00075,12.0813,-7.5,-0.00075,12.0825,-5.0,-0.00050,12.0825,-5.0,-0.00050,12.0837,-5.0,-0.00050,12.0850,-7.5,-0.00075,63.70
7,395882,1,0,42.13,1418.7,1346.3,1644.6,0.0,4.8688,1567.5,1.56750,12.0837,565.0,0.56500,12.0850,1192.5,0.03614,5.0812,700.0,0.07000,12.0813,2077.5,0.20775,12.0787,2635.0,0.26350,12.0837,585.0,0.05850,12.0837,-5.0,-0.00050,12.0850,-7.5,-0.00075,12.0825,-7.5,-0.00075,12.0837,-5.0,-0.00050,12.0837,-5.0,-0.00050,12.0837,-5.0,-0.00050,12.0850,-7.5,-0.00075,64.04
7,396218,1,0,42.35,1582.9,1301.5,1533.9,0.0,4.8700,1552.5,1.55250,12.0850,560.0,0.56000,12.0862,1192.5,0.03614,5.0812,700.0,0.07000,12.0825,2040.0,0.20400,12.0800,2577.5,0.25775,12.0850,587.5,0.05875,12.0850,-5.0,-0.00050,12.0862,-7.5,-0.00075,12.0825,-7.5,-0.00075,12.0850,-5.0,-0.00050,12.0850,-5.0,-0.00050,12.0850,-5.0,-0.00050,12.0862,-7.5,-0.00075,64.38
7,396554,1,0,42.58,1408.1,1404.0,1508.2,0.0,4.8663,1587.5,1.58750,12.0837,570.0,0.57000,12.0850,1192.5,0.03614,5.0812,700.0,0.07000,12.0800,2097.5,0.20975,12.0775,2672.5,0.26725,12.0825,592.5,0.05925,12.0837,-5.0,-0.00050,12.0850,-7.5,-0.00075,12.0813,-7.5,-0.00075,12.0825,-5.0,-0.00050,12.0825,-5.0,-0.00050,12.0837,-5.0,-0.00050,12.0850,-7.5,-0.00075,64.70
7,396891,1,0,42.80,1316.6,1518.4,1190.3,0.0,4.8663,1585.0,1.58500,12.0850,570.0,0.57000,12.0862,1192.5,0.03614,5.0812,700.0,0.07000,12.0813,2085.0,0.20850,12.0787,2627.5,0.26275,12.0837,597.5,0.05975,12.0850,-5.0,-0.00050,12.0862,-7.5,-0.00075,12.0825,-7.5,-0.00075,12.0837,-5.0,-0.00050,12.0837,-5.0,-0.00050,12.0850,-5.0,-0.00050,12.0850,-7.5,-0.00075,65.06
7,397248,1,0,43.04,1567.3,1368.7,1521.9,0.0,4.8663,1582.5,1.58250,12.0850,570.0,0.57000,12.0862,1195.0,0.03621,5.0812,700.0,0.07000,12.0813,2080.0,0.20800,12.0787,2665.0,0.26650,12.0837,602.5,0.06025,12.0850,-5.0,-0.00050,12.0850,-7.5,-0.00075,12.0825,-7.5,-0.00075,12.0837,-5.0,-0.00050,12.0837,-5.0,-0.00050,12.0837,-5.0,-0.00050,12.0850,-7.5,-0.00075,65.40
7,397584,1,0,43.26,1315.5,1311.6,1310.3,0.0,4.8600,1637.5,1.63750,12.0837,587.5,0.58750,12.0850,1192.5,0.03614,5.0812,700.0,0.07000,12.0800,2155.0,0.21550,12.0775,2742.5,0.27425,12.0825,617.5,0.06175,12.0837,-5.0,-0.00050,12.0850,-7.5,-0.00075,12.0813,-7.5,-0.00075,12.0825,-5.0,-0.00050,12.0825,-5.0,-0.00050,12.0837,-5.0,-0.00050,12.0850,-7.5,-0.00075,65.73
7,397920,1,0,43.49,1321.4,1328.1,1535.2,0.0,4.8612,1630.0,1.63000,12.0850,582.5,0.58250,12.0862,1195.0,0.03621,5.0812,700.0,0.07000,12.0813,2140.0,0.21400,12.0787,2717.5,0.27175,12.0837,622.5,0.06225,12.0850,-5.0,-0.00050,12.0850,-7.5,-0.00075,12.0825,-7.5,-0.00075,12.0837,-5.0,-0.00050,12.0837,-5.0,-0.00050,12.0850,-5.0,-0.00050,12.0862,-7.5,-0.00075,66.07
7,398257,1,0,43.71,1547.0,1541.8,1474.2,0.0,4.8612,1630.0,1.63000,12.0850,585.0,0.58500,12.0850,1192.5,0.03614,5.0812,700.0,0.07000,12.0813,2140.0,0.21400,12.0775,2717.5,0.27175,12.0837,620.0,0.06200,12.0850,-5.0,-0.00050,12.0850,-7.5,-0.00075,12.0825,-7.5,-0.00075,12.0837,-5.0,-0.00050,12.0837,-5.0,-0.00050,12.0837,-5.0,-0.00050,12.0850,-7.5,-0.00075,66.40
7,398593,1,0,43.94,1441.8,1437.1,1268.7,0.0,4.8575,1657.5,1.65750,12.0837,597.5,0.59750,12.0850,1192.5,0.03614,5.0812,700.0,0.07000,12.0800,2187.5,0.21875,12.0775,2767.5,0.27675,12.0837,622.5,0.06225,12.0837,-5.0,-0.00050,12.0850,-7.5,-0.00075,12.0813,-7.5,-0.00075,12.0825,-5.0,-0.00050,12.0825,-5.0,-0.00050,12.0837,-5.0,-0.00050,12.0850,-7.5,-0.00075,66.74
7,398929,1,0,44.16,1559.0,1331.9,1332.8,0.0,4.8562,1665.0,1.66500,12.0837,602.5,0.60250,12.0850,1192.5,0.03614,5.0812,700.0,0.07000,12.0813,2192.5,0.21925,12.0775,2817.5,0.28175,12.0837,622.5,0.06225,12.0837,-5.0,-0.00050,12.0850,-7.5,-0.00075,12.0813,-7.5,-0.00075,12.0825,-5.0,-0.00050,12.0825,-5.0,-0.00050,12.0837,-5.0,-0.00050,12.0850,-7.5,-0.00075,67.09
7,399286,1,0,44.40,1565.3,1560.8,1493.4,0.0,4.8562,1667.5,1.66750,12.0837,602.5,0.60250,12.0850,1192.5,0.03614,5.0812,700.0,0.07000,12.0813,2200.0,0.22000,12.0787,2805.0,0.28050,12.0837,630.0,0.06300,12.0837,-5.0,-0.00050,12.0850,-7.5,-0.00075,12.0825,-7.5,-0.00075,12.0825,-5.0,-0.00050,12.0837,-5.0,-0.00050,12.0837,-5.0,-0.00050,12.0850,-7.5,-0.00075,67.43
7,399623,1,0,44.62,1396.7,1343.4,1343.5,0.0,4.8512,1705.0,1.70500,12.0837,615.0,0.61500,12.0850,1192.5,0.03614,5.0812,700.0,0.07000,12.0800,2252.5,0.22525,12.0775,2835.0,0.28350,12.0825,642.5,0.06425,12.0837,-5.0,-0.00050,12.0850,-7.5,-0.00075,12.0813,-7.5,-0.00075,12.0825,-5.0,-0.00050,12.0825,-5.0,-0.00050,12.0837,-5.0,-0.00050,12.0837,-7.5,-0.00075,67.77
7,399959,1,0,44.85,1354.6,1751.6,1686.5,0.0,4.8500,1725.0,1.72500,12.0837,622.5,0.62250,12.0850,1190.0,0.03606,5.0812,700.0,0.07000,12.0800,2305.0,0.23050,12.0775,2875.0,0.28750,12.0837,655.0,0.06550,12.0837,-5.0,-0.00050,12.0850,-7.5,-0.00075,12.0813,-7.5,-0.00075,12.0825,-5.0,-0.00050,12.0837,-5.0,-0.00050,12.0837,-5.0,-0.00050,12.0850,-7.5,-0.00075,68.11
7,400295,1,0,45.07,1247.3,1580.1,1403.4,0.0,4.8450,1762.5,1.76250,12.0837,635.0,0.63500,12.0850,1197.5,0.03629,5.0812,700.0,0.07000,12.0800,2350.0,0.23500,12.0775,2935.0,0.29350,12.0825,665.0,0.06650,12.0837,-5.0,-0.00050,12.0850,-7.5,-0.00075,12.0813,-7.5,-0.00075,12.0825,-5.0,-0.00050,12.0825,-5.0,-0.00050,12.0837,-5.0,-0.00050,12.0850,-7.5,-0.00075,68.44
7,400631,1,0,45.29,1366.8,1473.8,1361.2,0.0,4.8437,1765.0,1.76500,12.0837,637.5,0.63750,12.0850,1195.0,0.03621,5.0812,700.0,0.07000,12.0813,2342.5,0.23425,12.0787,2942.5,0.29425,12.0837,675.0,0.06750,12.0837,-5.0,-0.00050,12.0850,-7.5,-0.00075,12.0825,-7.5,-0.00075,12.0837,-5.0,-0.00050,12.0837,-5.0,-0.00050,12.0837,-5.0,-0.00050,12.0850,-7.5,-0.00075,68.78
7,400968,1,0,45.52,1312.4,1365.5,1367.1,0.0,4.8450,1765.0,1.76500,12.0837,635.0,0.63500,12.0850,1195.0,0.03621,5.0812,700.0,0.07000,12.0813,2332.5,0.23325,12.0775,2950.0,0.29500,12.0837,667.5,0.06675,12.0837,-5.0,-0.00050,12.0850,-7.5,-0.00075,12.0825,-7.5,-0.00075,12.0825,-5.0,-0.00050,12.0837,-5.0,-0.00050,12.0837,-5.0,-0.00050,12.0850,-7.5,-0.00075,69.14
7,401325,1,0,45.76,1317.9,1599.3,1258.5,0.0,4.8412,1792.5,1.79250,12.0837,647.5,0.64750,12.0850,1195.0,0.03621,5.0812,700.0,0.07000,12.0800,2370.0,0.23700,12.0763,3000.0,0.30000,12.0825,685.0,0.06850,12.0825,-5.0,-0.00050,12.0837,-7.5,-0.00075,12.0813,-7.5,-0.00075,12.0825,-5.0,-0.00050,12.0825,-5.0,-0.00050,12.0837,-5.0,-0.00050,12.0850,-7.5,-0.00075,69.48
7,401661,1,0,45.98,1382.7,1787.6,1539.1,0.0,4.8412,1790.0,1.79000,12.0837,645.0,0.64500,12.0850,1192.5,0.03614,5.0812,700.0,0.07000,12.0800,2350.0,0.23500,12.0775,3002.5,0.30025,12.0837,662.5,0.06625,12.0837,-5.0,-0.00050,12.0850,-7.5,-0.00075,12.0825,-7.5,-0.00075,12.0825,-5.0,-0.00050,12.0837,-5.0,-0.00050,12.0837,-5.0,-0.00050,12.0850,-7.5,-0.00075,69.81
7,401997,1,0,46.20,1379.0,1478.3,1373.7,0.0,4.8375,1825.0,1.82500,12.0837,660.0,0.66000,12.0850,1192.5,0.03614,5.0812,700.0,0.07000,12.0787,2405.0,0.24050,12.0763,3065.0,0.30650,12.0825,692.5,0.06925,12.0825,-5.0,-0.00050,12.0837,-7.5,-0.00075,12.0800,-7.5,-0.00075,12.0825,-5.0,-0.00050,12.0825,-5.0,-0.00050,12.0825,-5.0,-0.00050,12.0837,-7.5,-0.00075,70.15
7,402334,1,0,46.43,1394.7,1660.2,1273.7,0.0,4.8350,1837.5,1.83750,12.0837,665.0,0.66500,12.0850,1190.0,0.03606,5.0812,700.0,0.07000,12.0800,2412.5,0.24125,12.0775,3075.0,0.30750,12.0837,687.5,0.06875,12.0837,-5.0,-0.00050,12.0850,-7.5,-0.00075,12.0813,-7.5,-0.00075,12.0825,-5.0,-0.00050,12.0837,-5.0,-0.00050,12.0837,-5.0,-0.00050,12.0850,-7.5,-0.00075,70.49
7,402670,1,0,46.65,1450.6,1976.0,1446.1,0.0,4.8362,1830.0,1.83000,12.0837,662.5,0.66250,12.0850,1192.5,0.03614,5.0812,700.0,0.07000,12.0800,2405.0,0.24050,12.0775,3092.5,0.30925,12.0825,692.5,0.06925,12.0837,-5.0,-0.00050,12.0850,-7.5,-0.00075,12.0813,-7.5,-0.00075,12.0825,-5.0,-0.00050,12.0825,-5.0,-0.00050,12.0837,-5.0,-0.00050,12.0850,-7.5,-0.00075,70.81
7,403006,1,0,46.88,1396.0,1498.3,1390.2,0.0,4.8312,1870.0,1.87000,12.0837,675.0,0.67500,12.0850,1195.0,0.03621,5.0812,700.0,0.07000,12.0800,2452.5,0.24525,12.0775,3147.5,0.31475,12.0825,700.0,0.07000,12.0837,-5.0,-0.00050,12.0850,-7.5,-0.00075,12.0813,-7.5,-0.00075,12.0825,-5.0,-0.00050,12.0825,-5.0,-0.00050,12.0837,-5.0,-0.00050,12.0850,-7.5,-0.00075,71.18
7,403363,1,0,47.12,1294.1,1504.6,1288.7,0.0,4.8312,1867.5,1.86750,12.0837,677.5,0.67750,12.0850,1195.0,0.03621,5.0812,700.0,0.07000,12.0800,2460.0,0.24600,12.0775,3135.0,0.31350,12.0825,695.0,0.06950,12.0837,-5.0,-0.00050,12.0850,-7.5,-0.00075,12.0813,-7.5,-0.00075,12.0825,-5.0,-0.00050,12.0825,-5.0,-0.00050,12.0837,-5.0,-0.00050,12.0850,-7.5,-0.00075,71.51
7,403700,1,0,47.34,1299.7,1726.3,1348.1,0.0,4.8300,1885.0,1.88500,12.0837,682.5,0.68250,12.0850,1192.5,0.03614,5.0812,700.0,0.07000,12.0800,2482.5,0.24825,12.0775,3167.5,0.31675,12.0825,695.0,0.06950,12.0837,-5.0,-0.00050,12.0850,-7.5,-0.00075,12.0813,-7.5,-0.00075,12.0825,-5.0,-0.00050,12.0825,-5.0,-0.00050,12.0837,-5.0,-0.00050,12.0850,-7.5,-0.00075,71.84
7,404036,1,0,47.56,1361.9,1733.7,1620.9,0.0,4.8263,1912.5,1.91250,12.0837,690.0,0.69000,12.0850,1195.0,0.03621,5.0812,700.0,0.07000,12.0800,2500.0,0.25000,12.0775,3197.5,0.31975,12.0825,722.5,0.07225,12.0837,-5.0,-0.00050,12.0850,-7.5,-0.00075,12.0813,-7.5,-0.00075,12.0825,-5.0,-0.00050,12.0825,-5.0,-0.00050,12.0837,-5.0,-0.00050,12.0850,-7.5,-0.00075,72.18
7,404372,1,0,47.79,1419.0,1631.3,1302.3,0.0,4.8263,1910.0,1.91000,12.0837,690.0,0.69000,12.0850,1192.5,0.03614,5.0812,700.0,0.07000,12.0800,2505.0,0.25050,12.0775,3190.0,0.31900,12.0825,720.0,0.07200,12.0837,-5.0,-0.00050,12.0850,-7.5,-0.00075,12.0813,-7.5,-0.00075,12.0825,-5.0,-0.00050,12.0837,-5.0,-0.00050,12.0837,-5.0,-0.00050,12.0850,-7.5,-0.00075,72.52
7,404708,1,0,48.01,1424.7,1666.3,1415.4,0.0,4.8238,1935.0,1.93500,12.0837,700.0,0.70000,12.0850,1192.5,0.03614,5.0812,700.0,0.07000,12.0800,2580.0,0.25800,12.0763,3247.5,0.32475,12.0825,725.0,0.07250,12.0837,-5.0,-0.00050,12.0850,-7.5,-0.00075,12.0813,-7.5,-0.00075,12.0825,-5.0,-0.00050,12.0825,-5.0,-0.00050,12.0837,-5.0,-0.00050,12.0850,-7.5,-0.00075,72.85
7,405045,1,0,48.24,1478.1,1533.1,1528.7,0.0,4.8200,1957.5,1.95750,12.0837,707.5,0.70750,12.0850,1195.0,0.03621,5.0812,700.0,0.07000,12.0800,2582.5,0.25825,12.0763,3280.0,0.32800,12.0825,727.5,0.07275,12.0837,-5.0,-0.00050,12.0850,-7.5,-0.00075,12.0813,-7.5,-0.00075,12.0825,-5.0,-0.00050,12.0837,-5.0,-0.00050,12.0837,-5.0,-0.00050,12.0850,-7.5,-0.00075,73.21
7,405402,1,0,48.47,1435.1,1583.3,1554.3,0.0,4.8200,1965.0,1.96500,12.0837,710.0,0.71000,12.0850,1195.0,0.03621,5.0812,700.0,0.07000,12.0800,2580.0,0.25800,12.0763,3300.0,0.33000,12.0825,732.5,0.07325,12.0837,-5.0,-0.00050,12.0850,-7.5,-0.00075,12.0813,-7.5,-0.00075,12.0825,-5.0,-0.00050,12.0837,-5.0,-0.00050,12.0837,-5.0,-0.00050,12.0850,-7.5,-0.00075,73.56
7,405738,1,0,48.70,1489.4,1656.1,1540.0,0.0,4.8150,1997.5,1.99750,12.0837,725.0,0.72500,12.0850,1195.0,0.03621,5.0812,700.0,0.07000,12.0787,2645.0,0.26450,12.0763,3360.0,0.33600,12.0825,755.0,0.07550,12.0825,-5.0,-0.00050,12.0837,-7.5,-0.00075,12.0813,-7.5,-0.00075,12.0825,-5.0,-0.00050,12.0825,-5.0,-0.00050,12.0837,-5.0,-0.00050,12.0850,-7.5,-0.00075,73.89
7,406074,1,0,48.92,1557.6,1662.7,1656.7,0.0,4.8162,1990.0,1.99000,12.0837,720.0,0.72000,12.0862,1192.5,0.03614,5.0812,700.0,0.07000,12.0800,2607.5,0.26075,12.0775,3332.5,0.33325,12.0825,772.5,0.07725,12.0837,-5.0,-0.00050,12.0850,-7.5,-0.00075,12.0813,-7.5,-0.00075,12.0825,-5.0,-0.00050,12.0837,-5.0,-0.00050,12.0837,-5.0,-0.00050,12.0850,-7.5,-0.00075,74.23
7,406411,1,0,49.15,1451.8,1446.6,1441.7,0.0,4.8112,2032.5,2.03250,12.0837,735.0,0.73500,12.0850,1192.5,0.03614,5.0812,700.0,0.07000,12.0787,2690.0,0.26900,12.0763,3395.0,0.33950,12.0825,762.5,0.07625,12.0825,-5.0,-0.00050,12.0837,-7.5,-0.00075,12.0813,-7.5,-0.00075,12.0825,-5.0,-0.00050,12.0825,-5.0,-0.00050,12.0825,-5.0,-0.00050,12.0837,-7.5,-0.00075,74.57
7,406747,1,0,49.37,1570.6,1717.0,1447.5,0.0,4.8087,2052.5,2.05250,12.0837,742.5,0.74250,12.0850,1195.0,0.03621,5.0812,700.0,0.07000,12.0787,2697.5,0.26975,12.0763,3425.0,0.34250,12.0825,782.5,0.07825,12.0837,-5.0,-0.00050,12.0850,-7.5,-0.00075,12.0813,-7.5,-0.00075,12.0825,-5.0,-0.00050,12.0825,-5.0,-0.00050,12.0837,-5.0,-0.00050,12.0850,-7.5,-0.00075,74.89
7,407083,1,0,49.60,1513.4,1683.5,1454.3,0.0,4.8112,2027.5,2.02750,12.0850,732.5,0.73250,12.0862,1192.5,0.03614,5.0812,700.0,0.07000,12.0800,2655.0,0.26550,12.0775,3397.5,0.33975,12.0837,792.5,0.07925,12.0837,-5.0,-0.00050,12.0850,-7.5,-0.00075,12.0825,-7.5,-0.00075,12.0837,-5.0,-0.00050,12.0837,-5.0,-0.00050,12.0837,-5.0,-0.00050,12.0850,-7.5,-0.00075,75.25
7,407440,1,0,49.83,1459.9,1576.6,1402.7,0.0,4.8050,2077.5,2.07750,12.0825,752.5,0.75250,12.0850,1195.0,0.03621,5.0812,700.0,0.07000,12.0787,2730.0,0.27300,12.0750,3497.5,0.34975,12.0813,792.5,0.07925,12.0825,-5.0,-0.00050,12.0837,-7.5,-0.00075,12.0800,-7.5,-0.00075,12.0813,-5.0,-0.00050,12.0825,-5.0,-0.00050,12.0825,-5.0,-0.00050,12.0837,-7.5,-0.00075,75.59
7,407777,1,0,50.06,1587.0,2147.5,1623.4,0.0,4.8063,2070.0,2.07000,12.0837,747.5,0.74750,12.0862,1192.5,0.03614,5.0812,700.0,0.07000,12.0800,2687.5,0.26875,12.0763,3482.5,0.34825,12.0825,800.0,0.08000,12.0837,-5.0,-0.00050,12.0850,-7.5,-0.00075,12.0813,-7.5,-0.00075,12.0825,-5.0,-0.00050,12.0837,-5.0,-0.00050,12.0837,-5.0,-0.00050,12.0850,-7.5,-0.00075,75.92
7,408113,1,0,50.28,1477.4,1586.7,1585.4,0.0,4.8075,2060.0,2.06000,12.0837,745.0,0.74500,12.0862,1195.0,0.03621,5.0812,700.0,0.07000,12.0800,2700.0,0.27000,12.0775,3442.5,0.34425,12.0825,795.0,0.07950,12.0837,-5.0,-0.00050,12.0850,-7.5,-0.00075,12.0813,-7.5,-0.00075,12.0837,-5.0,-0.00050,12.0837,-5.0,-0.00050,12.0837,-5.0,-0.00050,12.0850,-7.5,-0.00075,76.26
7,408449,1,0,50.51,1641.5,1784.3,1468.9,0.0,4.7987,2127.5,2.12750,12.0825,770.0,0.77000,12.0837,1195.0,0.03621,5.0812,700.0,0.07000,12.0775,2785.0,0.27850,12.0750,3580.0,0.35800,12.0813,815.0,0.08150,12.0825,-5.0,-0.00050,12.0837,-7.5,-0.00075,12.0800,-7.5,-0.00075,12.0813,-5.0,-0.00050,12.0813,-5.0,-0.00050,12.0825,-5.0,-0.00050,12.0837,-7.5,-0.00075,76.60
7,408785,1,0,50.73,1479.5,1580.1,1533.0,0.0,4.8000,2120.0,2.12000,12.0837,767.5,0.76750,12.0862,1192.5,0.03614,5.0812,700.0,0.07000,12.0800,2772.5,0.27725,12.0763,3562.5,0.35625,12.0825,815.0,0.08150,12.0837,-5.0,-0.00050,12.0850,-7.5,-0.00075,12.0813,-7.5,-0.00075,12.0825,-5.0,-0.00050,12.0825,-5.0,-0.00050,12.0837,-5.0,-0.00050,12.0850,-7.5,-0.00075,76.93
7,409122,1,0,50.95,1608.5,1603.1,1480.2,0.0,4.8012,2112.5,2.11250,12.0837,765.0,0.76500,12.0862,1195.0,0.03621,5.0812,700.0,0.07000,12.0787,2762.5,0.27625,12.0763,3545.0,0.35450,12.0825,802.5,0.08025,12.0837,-5.0,-0.00050,12.0850,-7.5,-0.00075,12.0813,-7.5,-0.00075,12.0825,-5.0,-0.00050,12.0837,-5.0,-0.00050,12.0837,-5.0,-0.00050,12.0850,-7.5,-0.00075,77.29
7,409479,1,0,51.19,1597.0,1697.2,1697.9,0.0,4.7937,2172.5,2.17250,12.0825,785.0,0.78500,12.0850,1192.5,0.03614,5.0812,700.0,0.07000,12.0775,2850.0,0.28500,12.0750,3652.5,0.36525,12.0813,817.5,0.08175,12.0825,-5.0,-0.00050,12.0837,-7.5,-0.00075,12.0800,-7.5,-0.00075,12.0813,-5.0,-0.00050,12.0813,-5.0,-0.00050,12.0825,-5.0,-0.00050,12.0837,-7.5,-0.00075,77.63
7,409815,1,0,51.42,1445.5,1917.2,1730.8,0.0,4.7950,2165.0,2.16500,12.0850,782.5,0.78250,12.0862,1195.0,0.03621,5.0812,700.0,0.07000,12.0800,2822.5,0.28225,12.0763,3645.0,0.36450,12.0825,825.0,0.08250,12.0837,-5.0,-0.00050,12.0850,-7.5,-0.00075,12.0813,-7.5,-0.00075,12.0825,-5.0,-0.00050,12.0837,-5.0,-0.00050,12.0837,-5.0,-0.00050,12.0850,-7.5,-0.00075,77.96
7,410151,1,0,51.64,1394.9,1709.9,1389.9,0.0,4.7912,2197.5,2.19750,12.0837,795.0,0.79500,12.0850,1195.0,0.03621,5.0812,700.0,0.07000,12.0787,2880.0,0.28800,12.0750,3685.0,0.36850,12.0825,835.0,0.08350,12.0825,-5.0,-0.00050,12.0837,-7.5,-0.00075,12.0813,-7.5,-0.00075,12.0825,-5.0,-0.00050,12.0837,-5.0,-0.00050,12.0837,-5.0,-0.00050,12.0850,-7.5,-0.00075,78.30
7,410488,1,0,51.87,1400.5,1975.2,1717.5,0.0,4.7900,2202.5,2.20250,12.0837,797.5,0.79750,12.0862,1195.0,0.03621,5.0812,700.0,0.07000,12.0787,2882.5,0.28825,12.0763,3692.5,0.36925,12.0825,847.5,0.08475,12.0837,-5.0,-0.00050,12.0850,-7.5,-0.00075,12.0813,-7.5,-0.00075,12.0825,-5.0,-0.00050,12.0837,-5.0,-0.00050,12.0837,-5.0,-0.00050,12.0850,-7.5,-0.00075,78.63
7,410824,1,0,52.09,1522.6,1722.0,1516.7,0.0,4.7900,2202.5,2.20250,12.0837,792.5,0.79250,12.0862,1195.0,0.03621,5.0812,700.0,0.07000,12.0787,2877.5,0.28775,12.0763,3687.5,0.36875,12.0825,847.5,0.08475,12.0837,-5.0,-0.00050,12.0837,-7.5,-0.00075,12.0813,-7.5,-0.00075,12.0825,-5.0,-0.00050,12.0825,-5.0,-0.00050,12.0837,-5.0,-0.00050,12.0850,-7.5,-0.00075,78.98
7,411160,1,0,52.31,1735.6,1620.2,1837.0,0.0,4.7850,2240.0,2.24000,12.0837,810.0,0.81000,12.0850,1195.0,0.03621,5.0812,700.0,0.07000,12.0787,2967.5,0.29675,12.0750,3735.0,0.37350,12.0813,865.0,0.08650,12.0825,-5.0,-0.00050,12.0837,-7.5,-0.00075,12.0800,-7.5,-0.00075,12.0825,-5.0,-0.00050,12.0825,-5.0,-0.00050,12.0825,-5.0,-0.00050,12.0837,-7.5,-0.00075,79.33
7,411517,1,0,52.55,1524.3,1774.9,1736.4,0.0,4.7825,2265.0,2.26500,12.0837,817.5,0.81750,12.0850,1195.0,0.03621,5.0812,700.0,0.07000,12.0787,2965.0,0.29650,12.0750,3777.5,0.37775,12.0813,867.5,0.08675,12.0825,-5.0,-0.00050,12.0837,-7.5,-0.00075,12.0813,-7.5,-0.00075,12.0825,-5.0,-0.00050,12.0825,-5.0,-0.00050,12.0837,-5.0,-0.00050,12.0850,-7.5,-0.00075,79.67
7,411854,1,0,52.78,1789.1,1768.3,1742.5,0.0,4.7812,2275.0,2.27500,12.0837,822.5,0.82250,12.0850,1192.5,0.03614,5.0812,700.0,0.07000,12.0787,2990.0,0.29900,12.0750,3795.0,0.37950,12.0825,887.5,0.08875,12.0825,-5.0,-0.00050,12.0837,-7.5,-0.00075,12.0813,-7.5,-0.00075,12.0825,-5.0,-0.00050,12.0825,-5.0,-0.00050,12.0837,-5.0,-0.00050,12.0850,-7.5,-0.00075,80.01
7,412190,1,0,53.00,1644.7,1471.9,1748.7,0.0,4.7762,2317.5,2.31750,12.0837,837.5,0.83750,12.0850,1192.5,0.03614,5.0812,700.0,0.07000,12.0775,3037.5,0.30375,12.0750,3867.5,0.38675,12.0813,902.5,0.09025,12.0825,-5.0,-0.00050,12.0837,-7.5,-0.00075,12.0800,-7.5,-0.00075,12.0813,-5.0,-0.00050,12.0825,-5.0,-0.00050,12.0825,-5.0,-0.00050,12.0837,-7.5,-0.00075,80.35
7,412526,1,0,53.22,1540.8,1898.9,1644.7,0.0,4.7762,2307.5,2.30750,12.0850,832.5,0.83250,12.0862,1192.5,0.03614,5.0812,700.0,0.07000,12.0787,3042.5,0.30425,12.0763,3845.0,0.38450,12.0825,885.0,0.08850,12.0837,-5.0,-0.00050,12.0850,-7.5,-0.00075,12.0813,-7.5,-0.00075,12.0825,-5.0,-0.00050,12.0837,-5.0,-0.00050,12.0837,-5.0,-0.00050,12.0850,-7.5,-0.00075,80.67
7,412862,1,0,53.45,1767.2,1759.4,1979.8,0.0,4.7712,2347.5,2.34750,12.0837,847.5,0.84750,12.0850,1190.0,0.03606,5.0812,700.0,0.07000,12.0775,3102.5,0.31025,12.0737,3895.0,0.38950,12.0813,910.0,0.09100,12.0813,-5.0,-0.00050,12.0825,-7.5,-0.00075,12.0800,-7.5,-0.00075,12.0813,-5.0,-0.00050,12.0813,-5.0,-0.00050,12.0825,-5.0,-0.00050,12.0837,-7.5,-0.00075,81.00
7,413199,1,0,53.67,1552.6,1655.5,1656.8,0.0,4.7700,2365.0,2.36500,12.0837,852.5,0.85250,12.0850,1192.5,0.03614,5.0812,700.0,0.07000,12.0775,3115.0,0.31150,12.0750,3940.0,0.39400,12.0813,925.0,0.09250,12.0825,-5.0,-0.00050,12.0837,-7.5,-0.00075,12.0813,-7.5,-0.00075,12.0825,-5.0,-0.00050,12.0825,-5.0,-0.00050,12.0837,-5.0,-0.00050,12.0850,-7.5,-0.00075,81.36
7,413556,1,0,53.91,1653.8,1645.8,1773.8,0.0,4.7700,2365.0,2.36500,12.0837,855.0,0.85500,12.0862,1197.5,0.03629,5.0812,700.0,0.07000,12.0787,3107.5,0.31075,12.0750,3930.0,0.39300,12.0825,915.0,0.09150,12.0837,-5.0,-0.00050,12.0850,-7.5,-0.00075,12.0813,-7.5,-0.00075,12.0825,-5.0,-0.00050,12.0825,-5.0,-0.00050,12.0837,-5.0,-0.00050,12.0850,-7.5,-0.00075,81.70
7,413892,1,0,54.13,1563.7,1778.7,1607.0,0.0,4.7650,2405.0,2.40500,12.0837,867.5,0.86750,12.0850,1195.0,0.03621,5.0812,700.0,0.07000,12.0775,3155.0,0.31550,12.0750,3987.5,0.39875,12.0813,925.0,0.09250,12.0825,-5.0,-0.00050,12.0837,-7.5,-0.00075,12.0813,-7.5,-0.00075,12.0813,-5.0,-0.00050,12.0825,-5.0,-0.00050,12.0825,-5.0,-0.00050,12.0837,-7.5,-0.00075,82.04
7,414228,1,0,54.36,1681.5,2009.1,1563.9,0.0,4.7625,2417.5,2.41750,12.0850,872.5,0.87250,12.0862,1197.5,0.03629,5.0812,700.0,0.07000,12.0787,3180.0,0.31800,12.0750,4055.0,0.40550,12.0825,930.0,0.09300,12.0837,-5.0,-0.00050,12.0837,-7.5,-0.00075,12.0813,-7.5,-0.00075,12.0825,-5.0,-0.00050,12.0825,-5.0,-0.00050,12.0837,-5.0,-0.00050,12.0850,-7.5,-0.00075,82.37
7,414565,1,0,54.58,1671.8,1680.5,1560.6,0.0,4.7587,2447.5,2.44750,12.0837,880.0,0.88000,12.0850,1192.5,0.03614,5.0812,700.0,0.07000,12.0775,3225.0,0.32250,12.0750,4077.5,0.40775,12.0813,922.5,0.09225,12.0825,-5.0,-0.00050,12.0837,-7.5,-0.00075,12.0813,-7.5,-0.00075,12.0813,-5.0,-0.00050,12.0825,-5.0,-0.00050,12.0825,-5.0,-0.00050,12.0850,-7.5,-0.00075,82.71
7,414901,1,0,54.81,1468.6,1879.8,1685.2,0.0,4.7575,2465.0,2.46500,12.0837,890.0,0.89000,12.0850,1195.0,0.03621,5.0812,700.0,0.07000,12.0775,3217.5,0.32175,12.0750,4107.5,0.41075,12.0813,945.0,0.09450,12.0825,-5.0,-0.00050,12.0837,-7.5,-0.00075,12.0813,-7.5,-0.00075,12.0825,-5.0,-0.00050,12.0825,-5.0,-0.00050,12.0837,-5.0,-0.00050,12.0850,-7.5,-0.00075,83.05
7,415237,1,0,55.03,1586.5,1956.6,1691.1,0.0,4.7587,2457.5,2.45750,12.0850,887.5,0.88750,12.0862,1197.5,0.03629,5.0812,700.0,0.07000,12.0787,3225.0,0.32250,12.0750,4092.5,0.40925,12.0825,937.5,0.09375,12.0837,-5.0,-0.00050,12.0850,-7.5,-0.00075,12.0813,-7.5,-0.00075,12.0825,-5.0,-0.00050,12.0837,-5.0,-0.00050,12.0837,-5.0,-0.00050,12.0850,-7.5,-0.00075,83.40
7,415594,1,0,55.27,1705.3,1788.0,1809.6,0.0,4.7550,2485.0,2.48500,12.0837,897.5,0.89750,12.0850,1195.0,0.03621,5.0812,700.0,0.07000,12.0775,3277.5,0.32775,12.0737,4150.0,0.41500,12.0813,930.0,0.09300,12.0825,-5.0,-0.00050,12.0837,-7.5,-0.00075,12.0800,-7.5,-0.00075,12.0813,-5.0,-0.00050,12.0825,-5.0,-0.00050,12.0825,-5.0,-0.00050,12.0837,-7.5,-0.00075,83.74
7,415931,1,0,55.49,1589.2,1818.6,1580.5,0.0,4.7512,2510.0,2.51000,12.0837,905.0,0.90500,12.0862,1195.0,0.03621,5.0812,700.0,0.07000,12.0775,3300.0,0.33000,12.0750,4167.5,0.41675,12.0813,957.5,0.09575,12.0825,-5.0,-0.00050,12.0837,-7.5,-0.00075,12.0800,-7.5,-0.00075,12.0825,-5.0,-0.00050,12.0825,-5.0,-0.00050,12.0825,-5.0,-0.00050,12.0837,-7.5,-0.00075,84.08
7,416267,1,0,55.72,1717.0,1800.3,1708.1,0.0,4.7525,2502.5,2.50250,12.0850,900.0,0.90000,12.0862,1192.5,0.03614,5.0812,700.0,0.07000,12.0787,3297.5,0.32975,12.0750,4142.5,0.41425,12.0825,952.5,0.09525,12.0837,-5.0,-0.00050,12.0850,-7.5,-0.00075,12.0813,-7.5,-0.00075,12.0825,-5.0,-0.00050,12.0825,-5.0,-0.00050,12.0837,-5.0,-0.00050,12.0850,-7.5,-0.00075,84.41
7,416603,1,0,55.94,1599.5,2336.9,1802.6,0.0,4.7487,2527.5,2.52750,12.0837,910.0,0.91000,12.0850,1197.5,0.03629,5.0812,700.0,0.07000,12.0775,3355.0,0.33550,12.0750,4177.5,0.41775,12.0813,967.5,0.09675,12.0825,-5.0,-0.00050,12.0837,-7.5,-0.00075,12.0813,-7.5,-0.00075,12.0813,-5.0,-0.00050,12.0825,-5.0,-0.00050,12.0825,-5.0,-0.00050,12.0837,-7.5,-0.00075,84.75
7,416939,1,0,56.17,1712.1,2210.1,1718.0,0.0,4.7462,2545.0,2.54500,12.0837,917.5,0.91750,12.0850,1192.5,0.03614,5.0812,700.0,0.07000,12.0775,3360.0,0.33600,12.0737,4227.5,0.42275,12.0813,975.0,0.09750,12.0825,-5.0,-0.00050,12.0837,-7.5,-0.00075,12.0800,-7.5,-0.00075,12.0813,-5.0,-0.00050,12.0825,-5.0,-0.00050,12.0837,-5.0,-0.00050,12.0837,-7.5,-0.00075,85.08
7,417276,1,0,56.39,1610.9,1961.1,1723.6,0.0,4.7413,2590.0,2.59000,12.0837,930.0,0.93000,12.0850,1200.0,0.03636,5.0812,700.0,0.07000,12.0775,3412.5,0.34125,12.0737,4275.0,0.42750,12.0813,977.5,0.09775,12.0825,-5.0,-0.00050,12.0837,-7.5,-0.00075,12.0800,-7.5,-0.00075,12.0813,-5.0,-0.00050,12.0825,-5.0,-0.00050,12.0825,-5.0,-0.00050,12.0837,-7.5,-0.00075,85.44
7,417633,1,0,56.63,1833.5,1717.4,1819.8,0.0,4.7375,2620.0,2.62000,12.0825,945.0,0.94500,12.0850,1195.0,0.03621,5.0812,700.0,0.07000,12.0763,3447.5,0.34475,12.0737,4340.0,0.43400,12.0813,995.0,0.09950,12.0825,-5.0,-0.00050,12.0837,-7.5,-0.00075,12.0800,-7.5,-0.00075,12.0813,-5.0,-0.00050,12.0825,-5.0,-0.00050,12.0825,-5.0,-0.00050,12.0837,-7.5,-0.00075,85.78
7,417969,1,0,56.85,1623.5,1831.5,1827.2,0.0,4.7350,2640.0,2.64000,12.0837,950.0,0.95000,12.0862,1192.5,0.03614,5.0812,700.0,0.07000,12.0775,3475.0,0.34750,12.0737,4382.5,0.43825,12.0813,1022.5,0.10225,12.0825,-5.0,-0.00050,12.0837,-7.5,-0.00075,12.0813,-7.5,-0.00075,12.0825,-5.0,-0.00050,12.0825,-5.0,-0.00050,12.0837,-5.0,-0.00050,12.0837,-7.5,-0.00075,86.11
7,418305,1,0,57.08,1737.6,1730.3,1833.8,0.0,4.7312,2665.0,2.66500,12.0837,960.0,0.96000,12.0862,1197.5,0.03629,5.0812,700.0,0.07000,12.0775,3510.0,0.35100,12.0737,4407.5,0.44075,12.0813,1027.5,0.10275,12.0825,-5.0,-0.00050,12.0837,-7.5,-0.00075,12.0800,-7.5,-0.00075,12.0813,-5.0,-0.00050,12.0825,-5.0,-0.00050,12.0825,-5.0,-0.00050,12.0837,-7.5,-0.00075,86.45
7,418642,1,0,57.30,1743.2,1952.8,1623.8,0.0,4.7337,2645.0,2.64500,12.0850,955.0,0.95500,12.0862,1192.5,0.03614,5.0812,702.5,0.07025,12.0775,3465.0,0.34650,12.0750,4387.5,0.43875,12.0813,1040.0,0.10400,12.0837,-5.0,-0.00050,12.0850,-7.5,-0.00075,12.0813,-7.5,-0.00075,12.0825,-5.0,-0.00050,12.0837,-5.0,-0.00050,12.0837,-5.0,-0.00050,12.0850,-7.5,-0.00075,86.79
7,418978,1,0,57.53,1638.5,1957.1,1738.1,0.0,4.7350,2637.5,2.63750,12.0837,952.5,0.95250,12.0850,1197.5,0.03629,5.0812,702.5,0.07025,12.0775,3440.0,0.34400,12.0737,4382.5,0.43825,12.0813,1045.0,0.10450,12.0825,-5.0,-0.00050,12.0837,-7.5,-0.00075,12.0813,-7.5,-0.00075,12.0813,-5.0,-0.00050,12.0825,-5.0,-0.00050,12.0825,-5.0,-0.00050,12.0837,-7.5,-0.00075,87.13
7,419314,1,0,57.75,1533.2,2071.0,1744.4,0.0,4.7238,2722.5,2.72250,12.0825,980.0,0.98000,12.0837,1197.5,0.03629,5.0812,702.5,0.07025,12.0750,3545.0,0.35450,12.0725,4515.0,0.45150,12.0800,1047.5,0.10475,12.0813,-5.0,-0.00050,12.0825,-7.5,-0.00075,12.0787,-7.5,-0.00075,12.0800,-5.0,-0.00050,12.0813,-5.0,-0.00050,12.0813,-5.0,-0.00050,12.0825,-7.5,-0.00075,87.47
7,419671,1,0,57.99,1648.1,1859.8,1969.4,0.0,4.7238,2725.0,2.72500,12.0850,977.5,0.97750,12.0862,1192.5,0.03614,5.0812,702.5,0.07025,12.0775,3525.0,0.35250,12.0750,4527.5,0.45275,12.0825,1050.0,0.10500,12.0837,-5.0,-0.00050,12.0837,-7.5,-0.00075,12.0813,-7.5,-0.00075,12.0825,-5.0,-0.00050,12.0825,-5.0,-0.00050,12.0837,-5.0,-0.00050,12.0850,-7.5,-0.00075,87.82
7,420008,1,0,58.21,1703.2,1695.3,1535.8,0.0,4.7175,2780.0,2.78000,12.0837,997.5,0.99750,12.0850,1195.0,0.03621,5.0812,702.5,0.07025,12.0763,3630.0,0.36300,12.0725,4612.5,0.46125,12.0800,1065.0,0.10650,12.0813,-5.0,-0.00050,12.0825,-7.5,-0.00075,12.0800,-7.5,-0.00075,12.0813,-5.0,-0.00050,12.0813,-5.0,-0.00050,12.0825,-5.0,-0.00050,12.0837,-7.5,-0.00075,88.15
7,420344,1,0,58.44,1880.9,1915.4,1650.6,0.0,4.7125,2817.5,2.81750,12.0837,1010.0,1.01000,12.0850,1195.0,0.03621,5.0812,702.5,0.07025,12.0763,3652.5,0.36525,12.0737,4667.5,0.46675,12.0813,1070.0,0.10700,12.0825,-5.0,-0.00050,12.0837,-7.5,-0.00075,12.0800,-7.5,-0.00075,12.0813,-5.0,-0.00050,12.0813,-5.0,-0.00050,12.0825,-5.0,-0.00050,12.0837,-7.5,-0.00075,88.49
7,420680,1,0,58.66,1775.9,1756.0,1707.1,0.0,4.7162,2785.0,2.78500,12.0850,1000.0,1.00000,12.0862,1195.0,0.03621,5.0812,702.5,0.07025,12.0775,3607.5,0.36075,12.0750,4612.5,0.46125,12.0813,1090.0,0.10900,12.0837,-5.0,-0.00050,12.0850,-7.5,-0.00075,12.0813,-7.5,-0.00075,12.0825,-5.0,-0.00050,12.0825,-5.0,-0.00050,12.0837,-5.0,-0.00050,12.0850,-7.5,-0.00075,88.83
7,421016,1,0,58.88,1892.9,1886.4,1774.0,0.0,4.7125,2810.0,2.81000,12.0837,1010.0,1.01000,12.0850,1195.0,0.03621,5.0812,700.0,0.07000,12.0763,3657.5,0.36575,12.0737,4667.5,0.46675,12.0813,1107.5,0.11075,12.0825,-5.0,-0.00050,12.0837,-7.5,-0.00075,12.0800,-7.5,-0.00075,12.0813,-5.0,-0.00050,12.0825,-5.0,-0.00050,12.0825,-5.0,-0.00050,12.0837,-7.5,-0.00075,89.16
7,421353,1,0,59.11,1725.4,2003.2,1825.6,0.0,4.7112,2822.5,2.82250,12.0837,1015.0,1.01500,12.0862,1197.5,0.03629,5.0812,702.5,0.07025,12.0763,3657.5,0.36575,12.0737,4702.5,0.47025,12.0813,1107.5,0.11075,12.0825,-5.0,-0.00050,12.0837,-7.5,-0.00075,12.0800,-7.5,-0.00075,12.0813,-5.0,-0.00050,12.0825,-5.0,-0.00050,12.0825,-5.0,-0.00050,12.0837,-7.5,-0.00075,89.51
7,421710,1,0,59.35,1838.8,1977.8,2047.7,0.0,4.7112,2825.0,2.82500,12.0837,1015.0,1.01500,12.0850,1195.0,0.03621,5.0812,702.5,0.07025,12.0763,3652.5,0.36525,12.0737,4707.5,0.47075,12.0813,1100.0,0.11000,12.0825,-5.0,-0.00050,12.0837,-7.5,-0.00075,12.0800,-7.5,-0.00075,12.0813,-5.0,-0.00050,12.0825,-5.0,-0.00050,12.0825,-5.0,-0.00050,12.0837,-7.5,-0.00075,89.86
7,422046,1,0,59.57,1676.6,2124.1,1904.3,0.0,4.7062,2867.5,2.86750,12.0837,1030.0,1.03000,12.0850,1195.0,0.03621,5.0812,702.5,0.07025,12.0763,3700.0,0.37000,12.0725,4780.0,0.47800,12.0800,1107.5,0.11075,12.0813,-5.0,-0.00050,12.0837,-7.5,-0.00075,12.0800,-7.5,-0.00075,12.0813,-5.0,-0.00050,12.0813,-5.0,-0.00050,12.0825,-5.0,-0.00050,12.0837,-7.5,-0.00075,90.19
7,422382,1,0,59.79,1630.6,1779.6,1783.4,0.0,4.7013,2897.5,2.89750,12.0837,1040.0,1.04000,12.0862,1192.5,0.03614,5.0812,700.0,0.07000,12.0763,3735.0,0.37350,12.0737,4807.5,0.48075,12.0813,1115.0,0.11150,12.0825,-5.0,-0.00050,12.0837,-7.5,-0.00075,12.0800,-7.5,-0.00075,12.0825,-5.0,-0.00050,12.0825,-5.0,-0.00050,12.0825,-5.0,-0.00050,12.0837,-7.5,-0.00075,90.53
7,422719,1,0,60.02,2072.5,1801.1,2178.2,0.0,4.7013,2902.5,2.90250,12.0837,1037.5,1.03750,12.0862,1197.5,0.03629,5.0812,700.0,0.07000,12.0763,3755.0,0.37550,12.0737,4782.5,0.47825,12.0813,1127.5,0.11275,12.0825,-5.0,-0.00050,12.0837,-7.5,-0.00075,12.0813,-7.5,-0.00075,12.0813,-5.0,-0.00050,12.0825,-5.0,-0.00050,12.0837,-5.0,-0.00050,12.0850,-7.5,-0.00075,90.86
7,423055,1,0,60.24,1798.3,2180.9,2035.6,0.0,4.6962,2940.0,2.94000,12.0837,1050.0,1.05000,12.0850,1197.5,0.03629,5.0812,702.5,0.07025,12.0763,3812.5,0.38125,12.0725,4857.5,0.48575,12.0800,1122.5,0.11225,12.0813,-5.0,-0.00050,12.0825,-7.5,-0.00075,12.0800,-7.5,-0.00075,12.0813,-5.0,-0.00050,12.0813,-5.0,-0.00050,12.0825,-5.0,-0.00050,12.0837,-7.5,-0.00075,91.20
7,423391,1,0,60.47,1910.5,1904.0,1800.0,0.0,4.6950,2947.5,2.94750,12.0837,1055.0,1.05500,12.0850,1195.0,0.03621,5.0812,702.5,0.07025,12.0763,3832.5,0.38325,12.0725,4860.0,0.48600,12.0800,1150.0,0.11500,12.0813,-5.0,-0.00050,12.0825,-7.5,-0.00075,12.0800,-7.5,-0.00075,12.0813,-5.0,-0.00050,12.0825,-5.0,-0.00050,12.0825,-5.0,-0.00050,12.0837,-7.5,-0.00075,91.55
7,423748,1,0,60.71,2024.3,1910.5,1699.6,0.0,4.6850,3027.5,3.02750,12.0837,1077.5,1.07750,12.0850,1195.0,0.03621,5.0812,702.5,0.07025,12.0750,3912.5,0.39125,12.0725,4980.0,0.49800,12.0787,1177.5,0.11775,12.0813,-5.0,-0.00050,12.0825,-7.5,-0.00075,12.0787,-7.5,-0.00075,12.0800,-5.0,-0.00050,12.0800,-5.0,-0.00050,12.0813,-5.0,-0.00050,12.0825,-7.5,-0.00075,91.89
7,424085,1,0,60.93,1711.6,1704.2,1811.9,0.0,4.6800,3067.5,3.06750,12.0837,1090.0,1.09000,12.0862,1197.5,0.03629,5.0812,702.5,0.07025,12.0763,3957.5,0.39575,12.0737,5012.5,0.50125,12.0813,1182.5,0.11825,12.0825,-5.0,-0.00050,12.0837,-7.5,-0.00075,12.0800,-7.5,-0.00075,12.0813,-5.0,-0.00050,12.0813,-5.0,-0.00050,12.0825,-5.0,-0.00050,12.0837,-7.5,-0.00075,92.24
7,424421,1,0,61.15,2040.4,1603.8,1925.1,0.0,4.6813,3057.5,3.05750,12.0837,1092.5,1.09250,12.0862,1195.0,0.03621,5.0812,702.5,0.07025,12.0763,3947.5,0.39475,12.0737,5005.0,0.50050,12.0813,1177.5,0.11775,12.0837,-5.0,-0.00050,12.0850,-7.5,-0.00075,12.0813,-7.5,-0.00075,12.0825,-5.0,-0.00050,12.0825,-5.0,-0.00050,12.0837,-5.0,-0.00050,12.0850,-7.5,-0.00075,92.57
7,424757,1,0,61.38,1939.4,2180.3,1716.9,0.0,4.6775,3082.5,3.08250,12.0837,1100.0,1.10000,12.0862,1195.0,0.03621,5.0812,702.5,0.07025,12.0763,3972.5,0.39725,12.0725,5042.5,0.50425,12.0800,1195.0,0.11950,12.0825,-5.0,-0.00050,12.0837,-7.5,-0.00075,12.0800,-7.5,-0.00075,12.0813,-5.0,-0.00050,12.0813,-5.0,-0.00050,12.0825,-5.0,-0.00050,12.0837,-7.5,-0.00075,92.90
7,425093,1,0,61.60,1728.8,2044.8,1938.1,0.0,4.6762,3092.5,3.09250,12.0837,1102.5,1.10250,12.0862,1197.5,0.03629,5.0812,702.5,0.07025,12.0763,3975.0,0.39750,12.0725,5077.5,0.50775,12.0800,1205.0,0.12050,12.0825,-5.0,-0.00050,12.0837,-7.5,-0.00075,12.0800,-7.5,-0.00075,12.0813,-5.0,-0.00050,12.0825,-5.0,-0.00050,12.0825,-5.0,-0.00050,12.0837,-7.5,-0.00075,93.24
7,425430,1,0,61.83,1625.1,1943.8,1835.6,0.0,4.6737,3112.5,3.11250,12.0837,1107.5,1.10750,12.0862,1195.0,0.03621,5.0812,702.5,0.07025,12.0763,4027.5,0.40275,12.0725,5097.5,0.50975,12.0800,1185.0,0.11850,12.0825,-5.0,-0.00050,12.0837,-7.5,-0.00075,12.0800,-7.5,-0.00075,12.0813,-5.0,-0.00050,12.0825,-5.0,-0.00050,12.0825,-5.0,-0.00050,12.0837,-7.5,-0.00075,93.59
7,425787,1,0,62.06,1957.2,2166.5,1732.5,0.0,4.6700,3137.5,3.13750,12.0837,1117.5,1.11750,12.0850,1195.0,0.03621,5.0812,702.5,0.07025,12.0750,4072.5,0.40725,12.0712,5155.0,0.51550,12.0800,1220.0,0.12200,12.0813,-5.0,-0.00050,12.0825,-7.5,-0.00075,12.0800,-7.5,-0.00075,12.0813,-5.0,-0.00050,12.0813,-5.0,-0.00050,12.0825,-5.0,-0.00050,12.0837,-7.5,-0.00075,93.93
7,426123,1,0,62.29,1688.9,1909.5,1737.4,0.0,4.6700,3140.0,3.14000,12.0837,1117.5,1.11750,12.0862,1192.5,0.03614,5.0812,702.5,0.07025,12.0763,4022.5,0.40225,12.0725,5130.0,0.51300,12.0813,1200.0,0.12000,12.0825,-5.0,-0.00050,12.0837,-7.5,-0.00075,12.0813,-7.5,-0.00075,12.0813,-5.0,-0.00050,12.0825,-5.0,-0.00050,12.0837,-5.0,-0.00050,12.0850,-7.5,-0.00075,94.27
7,426459,1,0,62.51,2117.6,2177.3,1850.9,0.0,4.6613,3200.0,3.20000,12.0825,1140.0,1.14000,12.0850,1195.0,0.03621,5.0812,702.5,0.07025,12.0750,4125.0,0.41250,12.0712,5252.5,0.52525,12.0787,1250.0,0.12500,12.0813,-5.0,-0.00050,12.0825,-7.5,-0.00075,12.0787,-7.5,-0.00075,12.0800,-5.0,-0.00050,12.0813,-5.0,-0.00050,12.0813,-5.0,-0.00050,12.0825,-7.5,-0.00075,94.61
7,426796,1,0,62.74,1975.0,1966.8,1857.6,0.0,4.6588,3220.0,3.22000,12.0837,1145.0,1.14500,12.0862,1200.0,0.03636,5.0812,702.5,0.07025,12.0750,4132.5,0.41325,12.0725,5282.5,0.52825,12.0800,1260.0,0.12600,12.0825,-5.0,-0.00050,12.0837,-7.5,-0.00075,12.0800,-7.5,-0.00075,12.0813,-5.0,-0.00050,12.0813,-5.0,-0.00050,12.0825,-5.0,-0.00050,12.0837,-7.5,-0.00075,94.94
7,427132,1,0,62.96,1981.0,2083.7,1972.7,0.0,4.6550,3252.5,3.25250,12.0837,1157.5,1.15750,12.0862,1197.5,0.03629,5.0812,702.5,0.07025,12.0750,4182.5,0.41825,12.0712,5350.0,0.53500,12.0800,1230.0,0.12300,12.0813,-5.0,-0.00050,12.0825,-7.5,-0.00075,12.0800,-7.5,-0.00075,12.0813,-5.0,-0.00050,12.0813,-5.0,-0.00050,12.0825,-5.0,-0.00050,12.0837,-7.5,-0.00075,95.29
7,427468,1,0,63.19,1877.5,2201.2,1757.5,0.0,4.6500,3285.0,3.28500,12.0837,1167.5,1.16750,12.0850,1192.5,0.03614,5.0812,702.5,0.07025,12.0750,4200.0,0.42000,12.0712,5405.0,0.54050,12.0800,1250.0,0.12500,12.0813,-5.0,-0.00050,12.0825,-7.5,-0.00075,12.0800,-7.5,-0.00075,12.0813,-5.0,-0.00050,12.0813,-5.0,-0.00050,12.0825,-5.0,-0.00050,12.0837,-7.5,-0.00075,95.63
7,427825,1,0,63.42,1765.7,1987.7,1872.8,0.0,4.6500,3285.0,3.28500,12.0837,1167.5,1.16750,12.0862,1195.0,0.03621,5.0812,702.5,0.07025,12.0750,4215.0,0.42150,12.0725,5377.5,0.53775,12.0800,1262.5,0.12625,12.0825,-5.0,-0.00050,12.0837,-7.5,-0.00075,12.0800,-7.5,-0.00075,12.0813,-5.0,-0.00050,12.0813,-5.0,-0.00050,12.0825,-5.0,-0.00050,12.0837,-7.5,-0.00075,95.98
7,428162,1,0,63.65,1777.6,2325.7,1988.4,0.0,4.6450,3320.0,3.32000,12.0837,1172.5,1.17250,12.0850,1197.5,0.03629,5.0812,702.5,0.07025,12.0750,4257.5,0.42575,12.0712,5415.0,0.54150,12.0787,1275.0,0.12750,12.0800,-5.0,-0.00050,12.0825,-7.5,-0.00075,12.0787,-7.5,-0.00075,12.0800,-5.0,-0.00050,12.0813,-5.0,-0.00050,12.0813,-5.0,-0.00050,12.0825,-7.5,-0.00075,96.32
7,428498,1,0,63.87,1942.6,1999.7,1882.7,0.0,4.6400,3355.0,3.35500,12.0837,1187.5,1.18750,12.0850,1197.5,0.03629,5.0812,702.5,0.07025,12.0750,4305.0,0.43050,12.0712,5507.5,0.55075,12.0787,1287.5,0.12875,12.0813,-5.0,-0.00050,12.0825,-7.5,-0.00075,12.0787,-7.5,-0.00075,12.0800,-5.0,-0.00050,12.0813,-5.0,-0.00050,12.0813,-5.0,-0.00050,12.0825,-7.5,-0.00075,96.65
7,428844,1,0,63.87,1992.2,1782.1,2257.3,0.0,4.6462,3307.5,3.30750,12.0850,1175.0,1.17500,12.0862,1195.0,0.03621,5.0812,702.5,0.07025,12.0763,4245.0,0.42450,12.0725,5365.0,0.53650,12.0800,1282.5,0.12825,12.0825,-5.0,-0.00050,12.0837,-7.5,-0.00075,12.0800,-7.5,-0.00075,12.0825,-5.0,-0.00050,12.0825,-5.0,-0.00050,12.0837,-5.0,-0.00050,12.0850,-7.5,-0.00075,97.00
7,429180,1,0,63.64,2166.8,2007.2,1778.8,0.0,4.6625,3177.5,3.17750,12.0862,1127.5,1.12750,12.0887,1197.5,0.03629,5.0812,702.5,0.07025,12.0787,4102.5,0.41025,12.0750,5190.0,0.51900,12.0825,1237.5,0.12375,12.0850,-5.0,-0.00050,12.0862,-7.5,-0.00075,12.0825,-7.5,-0.00075,12.0837,-5.0,-0.00050,12.0837,-5.0,-0.00050,12.0850,-5.0,-0.00050,12.0862,-7.5,-0.00075,97.33
7,429517,1,0,63.42,1900.8,1892.9,1874.1,0.0,4.6850,3007.5,3.00750,12.0875,1072.5,1.07250,12.0887,1197.5,0.03629,5.0812,702.5,0.07025,12.0787,3892.5,0.38925,12.0750,4920.0,0.49200,12.0837,1195.0,0.11950,12.0850,-5.0,-0.00050,12.0862,-7.5,-0.00075,12.0825,-7.5,-0.00075,12.0837,-5.0,-0.00050,12.0850,-5.0,-0.00050,12.0850,-5.0,-0.00050,12.0862,-7.5,-0.00075,97.68
7,429874,1,0,63.18,2005.7,1664.7,2143.1,0.0,4.6975,2902.5,2.90250,12.0850,1035.0,1.03500,12.0875,1197.5,0.03629,5.0812,702.5,0.07025,12.0787,3720.0,0.37200,12.0750,4767.5,0.47675,12.0825,1162.5,0.11625,12.0837,-5.0,-0.00050,12.0850,-7.5,-0.00075,12.0813,-7.5,-0.00075,12.0825,-5.0,-0.00050,12.0837,-5.0,-0.00050,12.0837,-5.0,-0.00050,12.0850,-7.5,-0.00075,98.02
7,430210,1,0,62.95,2184.6,2245.8,2207.0,0.0,4.7062,2835.0,2.83500,12.0850,1015.0,1.01500,12.0875,1197.5,0.03629,5.0812,702.5,0.07025,12.0787,3680.0,0.36800,12.0750,4652.5,0.46525,12.0825,1132.5,0.11325,12.0837,-5.0,-0.00050,12.0850,-7.5,-0.00075,12.0813,-7.5,-0.00075,12.0825,-5.0,-0.00050,12.0837,-5.0,-0.00050,12.0837,-5.0,-0.00050,12.0850,-7.5,-0.00075,98.36
7,430546,1,0,62.73,1877.7,1759.4,1648.3,0.0,4.7112,2797.5,2.79750,12.0850,1000.0,1.00000,12.0875,1197.5,0.03629,5.0812,702.5,0.07025,12.0775,3592.5,0.35925,12.0750,4602.5,0.46025,12.0813,1140.0,0.11400,12.0837,-5.0,-0.00050,12.0850,-7.5,-0.00075,12.0813,-7.5,-0.00075,12.0825,-5.0,-0.00050,12.0825,-5.0,-0.00050,12.0837,-5.0,-0.00050,12.0850,-7.5,-0.00075,98.69
7,430883,1,0,62.51,1649.0,2298.4,1800.9,0.0,4.7125,2785.0,2.78500,12.0837,997.5,0.99750,12.0862,1197.5,0.03629,5.0812,702.5,0.07025,12.0775,3612.5,0.36125,12.0737,4605.0,0.46050,12.0813,1102.5,0.11025,12.0825,-5.0,-0.00050,12.0837,-7.5,-0.00075,12.0813,-7.5,-0.00075,12.0825,-5.0,-0.00050,12.0825,-5.0,-0.00050,12.0825,-5.0,-0.00050,12.0837,-7.5,-0.00075,99.03
7,431219,1,0,62.28,2080.3,2030.0,1896.4,0.0,4.7137,2775.0,2.77500,12.0850,992.5,0.99250,12.0862,1197.5,0.03629,5.0812,702.5,0.07025,12.0775,3582.5,0.35825,12.0750,4577.5,0.45775,12.0825,1077.5,0.10775,12.0837,-5.0,-0.00050,12.0850,-7.5,-0.00075,12.0813,-7.5,-0.00075,12.0825,-5.0,-0.00050,12.0825,-5.0,-0.00050,12.0837,-5.0,-0.00050,12.0850,-7.5,-0.00075,99.38
7,431555,1,0,62.06,1794.5,1846.3,1845.1,0.0,4.7112,2797.5,2.79750,12.0837,1005.0,1.00500,12.0862,1195.0,0.03621,5.0812,702.5,0.07025,12.0775,3602.5,0.36025,12.0737,4627.5,0.46275,12.0813,1115.0,0.11150,12.0825,-5.0,-0.00050,12.0837,-7.5,-0.00075,12.0813,-7.5,-0.00075,12.0825,-5.0,-0.00050,12.0825,-5.0,-0.00050,12.0837,-5.0,-0.00050,12.0850,-7.5,-0.00075,99.73
7,431912,1,0,61.82,1630.6,2057.1,1731.2,0.0,4.7100,2807.5,2.80750,12.0850,1007.5,1.00750,12.0862,1192.5,0.03614,5.0812,702.5,0.07025,12.0775,3647.5,0.36475,12.0737,4642.5,0.46425,12.0813,1090.0,0.10900,12.0825,-5.0,-0.00050,12.0837,-7.5,-0.00075,12.0813,-7.5,-0.00075,12.0825,-5.0,-0.00050,12.0825,-5.0,-0.00050,12.0837,-5.0,-0.00050,12.0850,-7.5,-0.00075,100.06
7,432249,1,0,61.60,1951.2,2267.8,1833.7,0.0,4.7112,2790.0,2.79000,12.0850,1000.0,1.00000,12.0862,1195.0,0.03621,5.0812,702.5,0.07025,12.0775,3595.0,0.35950,12.0737,4637.5,0.46375,12.0813,1100.0,0.11000,12.0825,-5.0,-0.00050,12.0837,-7.5,-0.00075,12.0813,-7.5,-0.00075,12.0825,-5.0,-0.00050,12.0825,-5.0,-0.00050,12.0837,-5.0,-0.00050,12.0850,-7.5,-0.00075,100.39
7,432585,1,0,61.37,1852.5,2339.3,2045.4,0.0,4.7137,2775.0,2.77500,12.0837,995.0,0.99500,12.0862,1197.5,0.03629,5.0812,700.0,0.07000,12.0775,3567.5,0.35675,12.0737,4600.0,0.46000,12.0813,1095.0,0.10950,12.0825,-5.0,-0.00050,12.0837,-7.5,-0.00075,12.0813,-7.5,-0.00075,12.0825,-5.0,-0.00050,12.0825,-5.0,-0.00050,12.0837,-5.0,-0.00050,12.0850,-7.5,-0.00075,100.73
7,432921,1,0,61.15,1731.0,1841.5,1718.7,0.0,4.7187,2730.0,2.73000,12.0850,975.0,0.97500,12.0862,1195.0,0.03621,5.0812,700.0,0.07000,12.0787,3500.0,0.35000,12.0750,4520.0,0.45200,12.0825,1080.0,0.10800,12.0837,-5.0,-0.00050,12.0850,-7.5,-0.00075,12.0813,-7.5,-0.00075,12.0825,-5.0,-0.00050,12.0837,-5.0,-0.00050,12.0837,-5.0,-0.00050,12.0850,-7.5,-0.00075,101.08
7,433257,1,0,60.92,1955.1,1771.8,1713.8,0.0,4.7213,2712.5,2.71250,12.0850,970.0,0.97000,12.0862,1195.0,0.03621,5.0812,700.0,0.07000,12.0775,3492.5,0.34925,12.0750,4492.5,0.44925,12.0813,1070.0,0.10700,12.0825,-5.0,-0.00050,12.0837,-7.5,-0.00075,12.0813,-7.5,-0.00075,12.0825,-5.0,-0.00050,12.0837,-5.0,-0.00050,12.0837,-5.0,-0.00050,12.0850,-7.5,-0.00075,101.41
7,433594,1,0,60.70,1712.5,1944.3,2242.3,0.0,4.7213,2712.5,2.71250,12.0850,972.5,0.97250,12.0862,1195.0,0.03621,5.0812,702.5,0.07025,12.0775,3525.0,0.35250,12.0750,4482.5,0.44825,12.0813,1065.0,0.10650,12.0825,-5.0,-0.00050,12.0837,-7.5,-0.00075,12.0813,-7.5,-0.00075,12.0825,-5.0,-0.00050,12.0837,-5.0,-0.00050,12.0837,-5.0,-0.00050,12.0850,-7.5,-0.00075,101.76
7,433951,1,0,60.46,1706.9,1871.0,1809.8,0.0,4.7275,2662.5,2.66250,12.0850,960.0,0.96000,12.0862,1192.5,0.03614,5.0812,702.5,0.07025,12.0787,3470.0,0.34700,12.0750,4415.0,0.44150,12.0825,1055.0,0.10550,12.0837,-5.0,-0.00050,12.0850,-7.5,-0.00075,12.0813,-7.5,-0.00075,12.0825,-5.0,-0.00050,12.0837,-5.0,-0.00050,12.0837,-5.0,-0.00050,12.0850,-7.5,-0.00075,102.11
7,434287,1,0,60.24,1709.0,1864.1,1910.5,0.0,4.7300,2642.5,2.64250,12.0850,950.0,0.95000,12.0875,1192.5,0.03614,5.0812,700.0,0.07000,12.0787,3430.0,0.34300,12.0750,4367.5,0.43675,12.0825,1060.0,0.10600,12.0837,-5.0,-0.00050,12.0850,-7.5,-0.00075,12.0813,-7.5,-0.00075,12.0825,-5.0,-0.00050,12.0825,-5.0,-0.00050,12.0837,-5.0,-0.00050,12.0850,-7.5,-0.00075,102.45
7,434623,1,0,60.01,1754.3,1901.9,1798.6,0.0,4.7350,2602.5,2.60250,12.0850,935.0,0.93500,12.0875,1192.5,0.03614,5.0812,702.5,0.07025,12.0787,3392.5,0.33925,12.0763,4282.5,0.42825,12.0825,1017.5,0.10175,12.0837,-5.0,-0.00050,12.0850,-7.5,-0.00075,12.0813,-7.5,-0.00075,12.0837,-5.0,-0.00050,12.0837,-5.0,-0.00050,12.0850,-5.0,-0.00050,12.0862,-7.5,-0.00075,102.78
7,434960,1,0,59.79,2037.5,1999.8,1694.3,0.0,4.7387,2577.5,2.57750,12.0850,927.5,0.92750,12.0862,1192.5,0.03614,5.0812,702.5,0.07025,12.0787,3345.0,0.33450,12.0750,4280.0,0.42800,12.0825,1025.0,0.10250,12.0837,-5.0,-0.00050,12.0850,-7.5,-0.00075,12.0813,-7.5,-0.00075,12.0825,-5.0,-0.00050,12.0825,-5.0,-0.00050,12.0837,-5.0,-0.00050,12.0850,-7.5,-0.00075,103.12
7,435296,1,0,59.56,1579.7,1910.4,1689.2,0.0,4.7387,2570.0,2.57000,12.0850,925.0,0.92500,12.0862,1192.5,0.03614,5.0812,700.0,0.07000,12.0787,3335.0,0.33350,12.0763,4232.5,0.42325,12.0825,1007.5,0.10075,12.0837,-5.0,-0.00050,12.0850,-7.5,-0.00075,12.0813,-7.5,-0.00075,12.0825,-5.0,-0.00050,12.0837,-5.0,-0.00050,12.0837,-5.0,-0.00050,12.0850,-7.5,-0.00075,103.45
7,435632,1,0,59.34,1687.2,2016.4,1780.1,0.0,4.7450,2530.0,2.53000,12.0862,910.0,0.91000,12.0875,1192.5,0.03614,5.0812,702.5,0.07025,12.0800,3310.0,0.33100,12.0763,4162.5,0.41625,12.0837,992.5,0.09925,12.0850,-5.0,-0.00050,12.0862,-7.5,-0.00075,12.0825,-7.5,-0.00075,12.0837,-5.0,-0.00050,12.0837,-5.0,-0.00050,12.0850,-5.0,-0.00050,12.0862,-7.5,-0.00075,103.79
7,435989,1,0,59.10,1568.9,1674.4,1899.0,0.0,4.7450,2522.5,2.52250,12.0850,907.5,0.90750,12.0862,1195.0,0.03621,5.0812,702.5,0.07025,12.0787,3267.5,0.32675,12.0750,4207.5,0.42075,12.0825,1002.5,0.10025,12.0837,-5.0,-0.00050,12.0850,-7.5,-0.00075,12.0813,-7.5,-0.00075,12.0825,-5.0,-0.00050,12.0837,-5.0,-0.00050,12.0837,-5.0,-0.00050,12.0850,-7.5,-0.00075,104.14
7,436326,1,0,58.88,1772.9,1934.5,2004.3,0.0,4.7475,2510.0,2.51000,12.0850,905.0,0.90500,12.0875,1192.5,0.03614,5.0812,700.0,0.07000,12.0787,3257.5,0.32575,12.0763,4180.0,0.41800,12.0825,1000.0,0.10000,12.0837,-5.0,-0.00050,12.0850,-7.5,-0.00075,12.0813,-7.5,-0.00075,12.0837,-5.0,-0.00050,12.0837,-5.0,-0.00050,12.0837,-5.0,-0.00050,12.0850,-7.5,-0.00075,104.48
7,436662,1,0,58.65,1893.4,1887.4,1929.9,0.0,4.7537,2457.5,2.45750,12.0850,885.0,0.88500,12.0875,1195.0,0.03621,5.0812,700.0,0.07000,12.0800,3215.0,0.32150,12.0763,4072.5,0.40725,12.0837,965.0,0.09650,12.0837,-5.0,-0.00050,12.0862,-7.5,-0.00075,12.0825,-7.5,-0.00075,12.0837,-5.0,-0.00050,12.0837,-5.0,-0.00050,12.0850,-5.0,-0.00050,12.0862,-7.5,-0.00075,104.81
7,436998,1,0,58.43,1658.0,1991.5,1652.6,0.0,4.7537,2460.0,2.46000,12.0837,885.0,0.88500,12.0862,1195.0,0.03621,5.0812,700.0,0.07000,12.0775,3220.0,0.32200,12.0750,4070.0,0.40700,12.0813,967.5,0.09675,12.0825,-5.0,-0.00050,12.0837,-7.5,-0.00075,12.0813,-7.5,-0.00075,12.0825,-5.0,-0.00050,12.0825,-5.0,-0.00050,12.0837,-5.0,-0.00050,12.0850,-7.5,-0.00075,105.14
7,437334,1,0,58.21,1881.8,1875.1,1809.5,0.0,4.7613,2397.5,2.39750,12.0862,865.0,0.86500,12.0875,1195.0,0.03621,5.0812,702.5,0.07025,12.0800,3102.5,0.31025,12.0775,3982.5,0.39825,12.0837,962.5,0.09625,12.0850,-5.0,-0.00050,12.0862,-7.5,-0.00075,12.0825,-7.5,-0.00075,12.0837,-5.0,-0.00050,12.0850,-5.0,-0.00050,12.0850,-5.0,-0.00050,12.0862,-7.5,-0.00075,105.48
7,437671,1,0,57.98,1596.7,1977.5,1758.2,0.0,4.7625,2387.5,2.38750,12.0850,860.0,0.86000,12.0862,1197.5,0.03629,5.0812,702.5,0.07025,12.0787,3090.0,0.30900,12.0763,3982.5,0.39825,12.0825,940.0,0.09400,12.0837,-5.0,-0.00050,12.0850,-7.5,-0.00075,12.0813,-7.5,-0.00075,12.0825,-5.0,-0.00050,12.0837,-5.0,-0.00050,12.0837,-5.0,-0.00050,12.0850,-7.5,-0.00075,105.83
7,438028,1,0,57.74,1647.0,1902.5,1752.2,0.0,4.7575,2427.5,2.42750,12.0837,875.0,0.87500,12.0862,1192.5,0.03614,5.0812,700.0,0.07000,12.0787,3162.5,0.31625,12.0750,4032.5,0.40325,12.0825,957.5,0.09575,12.0825,-5.0,-0.00050,12.0837,-7.5,-0.00075,12.0813,-7.5,-0.00075,12.0825,-5.0,-0.00050,12.0825,-5.0,-0.00050,12.0837,-5.0,-0.00050,12.0850,-7.5,-0.00075,106.17
7,438364,1,0,57.52,1532.3,2108.4,2116.0,0.0,4.7650,2372.5,2.37250,12.0862,855.0,0.85500,12.0875,1195.0,0.03621,5.0812,700.0,0.07000,12.0800,3105.0,0.31050,12.0775,3927.5,0.39275,12.0837,925.0,0.09250,12.0850,-5.0,-0.00050,12.0862,-7.5,-0.00075,12.0825,-7.5,-0.00075,12.0837,-5.0,-0.00050,12.0850,-5.0,-0.00050,12.0850,-5.0,-0.00050,12.0862,-7.5,-0.00075,106.51
7,438700,1,0,57.29,1963.3,1890.6,1741.6,0.0,4.7662,2355.0,2.35500,12.0850,850.0,0.85000,12.0862,1190.0,0.03606,5.0812,700.0,0.07000,12.0800,3085.0,0.30850,12.0763,3882.5,0.38825,12.0825,930.0,0.09300,12.0837,-5.0,-0.00050,12.0850,-7.5,-0.00075,12.0825,-7.5,-0.00075,12.0837,-5.0,-0.00050,12.0837,-5.0,-0.00050,12.0837,-5.0,-0.00050,12.0862,-7.5,-0.00075,106.84
7,439037,1,0,57.07,1849.0,1951.3,1518.6,0.0,4.7638,2375.0,2.37500,12.0850,852.5,0.85250,12.0862,1197.5,0.03629,5.0812,700.0,0.07000,12.0787,3117.5,0.31175,12.0763,3902.5,0.39025,12.0825,917.5,0.09175,12.0837,-5.0,-0.00050,12.0850,-7.5,-0.00075,12.0813,-7.5,-0.00075,12.0825,-5.0,-0.00050,12.0837,-5.0,-0.00050,12.0837,-5.0,-0.00050,12.0850,-7.5,-0.00075,107.18
7,439373,1,0,56.85,1736.5,1838.2,1621.0,0.0,4.7675,2350.0,2.35000,12.0862,845.0,0.84500,12.0875,1200.0,0.03636,5.0812,700.0,0.07000,12.0800,3075.0,0.30750,12.0775,3852.5,0.38525,12.0837,915.0,0.09150,12.0850,-5.0,-0.00050,12.0862,-7.5,-0.00075,12.0825,-7.5,-0.00075,12.0837,-5.0,-0.00050,12.0850,-5.0,-0.00050,12.0850,-5.0,-0.00050,12.0862,-7.5,-0.00075,107.52
7,439709,1,0,56.62,2057.4,1832.6,1898.3,0.0,4.7687,2335.0,2.33500,12.0850,840.0,0.84000,12.0862,1195.0,0.03621,5.0812,700.0,0.07000,12.0787,3035.0,0.30350,12.0763,3857.5,0.38575,12.0825,907.5,0.09075,12.0837,-5.0,-0.00050,12.0850,-7.5,-0.00075,12.0825,-7.5,-0.00075,12.0825,-5.0,-0.00050,12.0837,-5.0,-0.00050,12.0837,-5.0,-0.00050,12.0850,-7.5,-0.00075,107.87
7,440066,1,0,56.38,1512.4,1827.6,1670.4,0.0,4.7712,2322.5,2.32250,12.0850,837.5,0.83750,12.0862,1192.5,0.03614,5.0812,700.0,0.07000,12.0800,3017.5,0.30175,12.0763,3877.5,0.38775,12.0825,900.0,0.09000,12.0837,-5.0,-0.00050,12.0850,-7.5,-0.00075,12.0825,-7.5,-0.00075,12.0837,-5.0,-0.00050,12.0837,-5.0,-0.00050,12.0837,-5.0,-0.00050,12.0850,-7.5,-0.00075,108.21
7,440403,1,0,56.16,1508.2,2112.7,1612.5,0.0,4.7750,2285.0,2.28500,12.0850,825.0,0.82500,12.0862,1195.0,0.03621,5.0812,700.0,0.07000,12.0800,2960.0,0.29600,12.0763,3855.0,0.38550,12.0837,887.5,0.08875,12.0837,-5.0,-0.00050,12.0850,-7.5,-0.00075,12.0825,-7.5,-0.00075,12.0837,-5.0,-0.00050,12.0837,-5.0,-0.00050,12.0850,-5.0,-0.00050,12.0862,-7.5,-0.00075,108.55
7,440739,1,0,55.94,1717.7,1726.8,1598.8,0.0,4.7787,2255.0,2.25500,12.0850,815.0,0.81500,12.0875,1195.0,0.03621,5.0812,700.0,0.07000,12.0800,2955.0,0.29550,12.0775,3725.0,0.37250,12.0837,880.0,0.08800,12.0850,-5.0,-0.00050,12.0862,-7.5,-0.00075,12.0825,-7.5,-0.00075,12.0837,-5.0,-0.00050,12.0837,-5.0,-0.00050,12.0837,-5.0,-0.00050,12.0850,-7.5,-0.00075,108.89
7,441075,1,0,55.71,1612.4,1704.1,1805.1,0.0,4.7838,2215.0,2.21500,12.0850,800.0,0.80000,12.0862,1192.5,0.03614,5.0812,700.0,0.07000,12.0800,2895.0,0.28950,12.0763,3717.5,0.37175,12.0837,867.5,0.08675,12.0837,-5.0,-0.00050,12.0850,-7.5,-0.00075,12.0825,-7.5,-0.00075,12.0837,-5.0,-0.00050,12.0837,-5.0,-0.00050,12.0850,-5.0,-0.00050,12.0862,-7.5,-0.00075,109.23
7,441411,1,0,55.49,1720.4,1803.5,1481.8,0.0,4.7838,2215.0,2.21500,12.0837,800.0,0.80000,12.0862,1195.0,0.03621,5.0812,700.0,0.07000,12.0787,2882.5,0.28825,12.0763,3682.5,0.36825,12.0825,882.5,0.08825,12.0837,-5.0,-0.00050,12.0850,-7.5,-0.00075,12.0813,-7.5,-0.00075,12.0825,-5.0,-0.00050,12.0825,-5.0,-0.00050,12.0837,-5.0,-0.00050,12.0850,-7.5,-0.00075,109.57
7,441748,1,0,55.26,1591.6,1821.3,1688.4,0.0,4.7850,2207.5,2.20750,12.0850,797.5,0.79750,12.0862,1195.0,0.03621,5.0812,700.0,0.07000,12.0800,2900.0,0.29000,12.0775,3672.5,0.36725,12.0825,870.0,0.08700,12.0837,-5.0,-0.00050,12.0850,-7.5,-0.00075,12.0813,-7.5,-0.00075,12.0837,-5.0,-0.00050,12.0837,-5.0,-0.00050,12.0837,-5.0,-0.00050,12.0850,-7.5,-0.00075,109.91
7,442105,1,0,55.02,1707.8,1895.7,1584.7,0.0,4.7875,2187.5,2.18750,12.0850,790.0,0.79000,12.0862,1192.5,0.03614,5.0812,700.0,0.07000,12.0800,2850.0,0.28500,12.0775,3640.0,0.36400,12.0837,865.0,0.08650,12.0837,-5.0,-0.00050,12.0850,-7.5,-0.00075,12.0825,-7.5,-0.00075,12.0837,-5.0,-0.00050,12.0837,-5.0,-0.00050,12.0850,-5.0,-0.00050,12.0862,-7.5,-0.00075,110.25
7,442441,1,0,54.80,1701.3,1807.6,1571.3,0.0,4.7887,2182.5,2.18250,12.0850,790.0,0.79000,12.0862,1192.5,0.03614,5.0812,700.0,0.07000,12.0800,2835.0,0.28350,12.0763,3640.0,0.36400,12.0825,872.5,0.08725,12.0837,-5.0,-0.00050,12.0850,-7.5,-0.00075,12.0813,-7.5,-0.00075,12.0825,-5.0,-0.00050,12.0837,-5.0,-0.00050,12.0837,-5.0,-0.00050,12.0850,-7.5,-0.00075,110.59
7,442777,1,0,54.58,1583.0,1463.8,1625.6,0.0,4.7937,2145.0,2.14500,12.0850,775.0,0.77500,12.0862,1192.5,0.03614,5.0812,700.0,0.07000,12.0800,2820.0,0.28200,12.0775,3565.0,0.35650,12.0837,835.0,0.08350,12.0837,-5.0,-0.00050,12.0850,-7.5,-0.00075,12.0825,-7.5,-0.00075,12.0837,-5.0,-0.00050,12.0837,-5.0,-0.00050,12.0850,-5.0,-0.00050,12.0850,-7.5,-0.00075,110.93
7,443114,1,0,54.35,1802.6,1796.5,1793.7,0.0,4.7987,2105.0,2.10500,12.0850,760.0,0.76000,12.0862,1192.5,0.03614,5.0812,700.0,0.07000,12.0800,2742.5,0.27425,12.0775,3502.5,0.35025,12.0837,837.5,0.08375,12.0850,-5.0,-0.00050,12.0862,-7.5,-0.00075,12.0825,-7.5,-0.00075,12.0837,-5.0,-0.00050,12.0837,-5.0,-0.00050,12.0850,-5.0,-0.00050,12.0862,-7.5,-0.00075,111.27
7,443450,1,0,54.13,1795.9,1790.4,1676.3,0.0,4.8000,2090.0,2.09000,12.0850,755.0,0.75500,12.0862,1195.0,0.03621,5.0812,700.0,0.07000,12.0800,2697.5,0.26975,12.0775,3502.5,0.35025,12.0825,845.0,0.08450,12.0837,-5.0,-0.00050,12.0850,-7.5,-0.00075,12.0813,-7.5,-0.00075,12.0825,-5.0,-0.00050,12.0837,-5.0,-0.00050,12.0837,-5.0,-0.00050,12.0850,-7.5,-0.00075,111.60
7,443786,1,0,53.90,1765.2,1966.3,1559.7,0.0,4.8050,2050.0,2.05000,12.0850,742.5,0.74250,12.0862,1195.0,0.03621,5.0812,700.0,0.07000,12.0800,2675.0,0.26750,12.0775,3407.5,0.34075,12.0837,817.5,0.08175,12.0850,-5.0,-0.00050,12.0862,-7.5,-0.00075,12.0825,-7.5,-0.00075,12.0837,-5.0,-0.00050,12.0837,-5.0,-0.00050,12.0850,-5.0,-0.00050,12.0862,-7.5,-0.00075,111.95
7,444143,1,0,53.67,1670.3,1775.3,1554.2,0.0,4.8063,2045.0,2.04500,12.0850,737.5,0.73750,12.0862,1192.5,0.03614,5.0812,700.0,0.07000,12.0800,2652.5,0.26525,12.0775,3420.0,0.34200,12.0825,815.0,0.08150,12.0837,-5.0,-0.00050,12.0850,-7.5,-0.00075,12.0813,-7.5,-0.00075,12.0825,-5.0,-0.00050,12.0837,-5.0,-0.00050,12.0837,-5.0,-0.00050,12.0850,-7.5,-0.00075,112.29
7,444480,1,0,53.44,1553.5,1989.7,1549.1,0.0,4.8063,2045.0,2.04500,12.0837,740.0,0.74000,12.0850,1195.0,0.03621,5.0812,700.0,0.07000,12.0800,2675.0,0.26750,12.0763,3402.5,0.34025,12.0825,825.0,0.08250,12.0837,-5.0,-0.00050,12.0850,-7.5,-0.00075,12.0813,-7.5,-0.00075,12.0825,-5.0,-0.00050,12.0837,-5.0,-0.00050,12.0837,-5.0,-0.00050,12.0850,-7.5,-0.00075,112.63
7,444816,1,0,53.22,1437.8,1432.2,1764.7,0.0,4.8100,2010.0,2.01000,12.0850,725.0,0.72500,12.0862,1192.5,0.03614,5.0812,700.0,0.07000,12.0800,2615.0,0.26150,12.0775,3355.0,0.33550,12.0837,800.0,0.08000,12.0837,-5.0,-0.00050,12.0850,-7.5,-0.00075,12.0825,-7.5,-0.00075,12.0837,-5.0,-0.00050,12.0837,-5.0,-0.00050,12.0850,-5.0,-0.00050,12.0862,-7.5,-0.00075,112.96
7,445152,1,0,52.99,1653.2,1427.1,2087.7,0.0,4.8112,2005.0,2.00500,12.0837,725.0,0.72500,12.0850,1195.0,0.03621,5.0812,700.0,0.07000,12.0800,2612.5,0.26125,12.0775,3350.0,0.33500,12.0825,795.0,0.07950,12.0837,-5.0,-0.00050,12.0850,-7.5,-0.00075,12.0813,-7.5,-0.00075,12.0825,-5.0,-0.00050,12.0837,-5.0,-0.00050,12.0837,-5.0,-0.00050,12.0850,-7.5,-0.00075,113.30
7,445488,1,0,52.77,1756.6,1640.9,1971.1,0.0,4.8162,1962.5,1.96250,12.0850,710.0,0.71000,12.0862,1192.5,0.03614,5.0812,700.0,0.07000,12.0813,2567.5,0.25675,12.0775,3267.5,0.32675,12.0837,787.5,0.07875,12.0850,-5.0,-0.00050,12.0862,-7.5,-0.00075,12.0825,-7.5,-0.00075,12.0837,-5.0,-0.00050,12.0837,-5.0,-0.00050,12.0850,-5.0,-0.00050,12.0862,-7.5,-0.00075,113.63
7,445825,1,0,52.54,1639.6,1525.7,1418.2,0.0,4.8162,1957.5,1.95750,12.0837,710.0,0.71000,12.0850,1195.0,0.03621,5.0812,700.0,0.07000,12.0800,2562.5,0.25625,12.0775,3257.5,0.32575,12.0825,785.0,0.07850,12.0837,-5.0,-0.00050,12.0850,-7.5,-0.00075,12.0825,-7.5,-0.00075,12.0837,-5.0,-0.00050,12.0837,-5.0,-0.00050,12.0837,-5.0,-0.00050,12.0850,-7.5,-0.00075,113.98
7,446182,1,0,52.31,1851.4,1521.1,1521.8,0.0,4.8150,1970.0,1.97000,12.0850,715.0,0.71500,12.0862,1195.0,0.03621,5.0812,700.0,0.07000,12.0800,2605.0,0.26050,12.0763,3282.5,0.32825,12.0825,782.5,0.07825,12.0837,-5.0,-0.00050,12.0850,-7.5,-0.00075,12.0813,-7.5,-0.00075,12.0825,-5.0,-0.00050,12.0837,-5.0,-0.00050,12.0837,-5.0,-0.00050,12.0850,-7.5,-0.00075,114.33
7,446518,1,0,52.08,1519.2,1643.2,1840.9,0.0,4.8187,1942.5,1.94250,12.0850,700.0,0.70000,12.0862,1190.0,0.03606,5.0812,700.0,0.07000,12.0813,2532.5,0.25325,12.0787,3222.5,0.32225,12.0837,762.5,0.07625,12.0850,-5.0,-0.00050,12.0862,-7.5,-0.00075,12.0825,-7.5,-0.00075,12.0837,-5.0,-0.00050,12.0837,-5.0,-0.00050,12.0850,-5.0,-0.00050,12.0862,-7.5,-0.00075,114.66
7,446854,1,0,51.86,1514.0,1835.3,1765.5,0.0,4.8200,1927.5,1.92750,12.0837,700.0,0.70000,12.0862,1195.0,0.03621,5.0812,700.0,0.07000,12.0800,2550.0,0.25500,12.0775,3192.5,0.31925,12.0837,765.0,0.07650,12.0837,-5.0,-0.00050,12.0850,-7.5,-0.00075,12.0813,-7.5,-0.00075,12.0825,-5.0,-0.00050,12.0837,-5.0,-0.00050,12.0837,-5.0,-0.00050,12.0850,-7.5,-0.00075,115.00
7,447191,1,0,51.63,1402.1,2043.4,1676.5,0.0,4.8200,1930.0,1.93000,12.0850,697.5,0.69750,12.0862,1190.0,0.03606,5.0812,700.0,0.07000,12.0800,2535.0,0.25350,12.0775,3210.0,0.32100,12.0837,762.5,0.07625,12.0837,-5.0,-0.00050,12.0850,-7.5,-0.00075,12.0813,-7.5,-0.00075,12.0837,-5.0,-0.00050,12.0837,-5.0,-0.00050,12.0837,-5.0,-0.00050,12.0850,-7.5,-0.00075,115.33
7,447527,1,0,51.41,1613.1,1741.0,1393.5,0.0,4.8238,1900.0,1.90000,12.0850,685.0,0.68500,12.0862,1192.5,0.03614,5.0812,700.0,0.07000,12.0813,2502.5,0.25025,12.0787,3142.5,0.31425,12.0837,747.5,0.07475,12.0850,-5.0,-0.00050,12.0862,-7.5,-0.00075,12.0825,-7.5,-0.00075,12.0837,-5.0,-0.00050,12.0837,-5.0,-0.00050,12.0850,-5.0,-0.00050,12.0862,-7.5,-0.00075,115.67
7,447863,1,0,51.19,1607.7,1600.5,1504.1,0.0,4.8225,1910.0,1.91000,12.0837,690.0,0.69000,12.0850,1192.5,0.03614,5.0812,700.0,0.07000,12.0800,2527.5,0.25275,12.0775,3180.0,0.31800,12.0825,740.0,0.07400,12.0837,-5.0,-0.00050,12.0850,-7.5,-0.00075,12.0813,-7.5,-0.00075,12.0825,-5.0,-0.00050,12.0837,-5.0,-0.00050,12.0837,-5.0,-0.00050,12.0850,-7.5,-0.00075,116.02
7,448220,1,0,50.95,1388.5,1612.0,1489.3,0.0,4.8300,1857.5,1.85750,12.0862,670.0,0.67000,12.0875,1192.5,0.03614,5.0812,700.0,0.07000,12.0813,2440.0,0.24400,12.0787,3090.0,0.30900,12.0850,730.0,0.07300,12.0850,-5.0,-0.00050,12.0862,-7.5,-0.00075,12.0837,-7.5,-0.00075,12.0850,-5.0,-0.00050,12.0850,-5.0,-0.00050,12.0862,-5.0,-0.00050,12.0862,-7.5,-0.00075,116.37
7,448557,1,0,50.72,2127.5,1693.1,1606.0,0.0,4.8312,1840.0,1.84000,12.0850,662.5,0.66250,12.0862,1192.5,0.03614,5.0812,700.0,0.07000,12.0813,2407.5,0.24075,12.0775,3075.0,0.30750,12.0837,722.5,0.07225,12.0850,-5.0,-0.00050,12.0862,-7.5,-0.00075,12.0825,-7.5,-0.00075,12.0837,-5.0,-0.00050,12.0837,-5.0,-0.00050,12.0850,-5.0,-0.00050,12.0862,-7.5,-0.00075,116.70
7,448893,1,0,50.50,1763.5,1598.6,1476.8,0.0,4.8312,1840.0,1.84000,12.0837,667.5,0.66750,12.0850,1192.5,0.03614,5.0812,700.0,0.07000,12.0800,2425.0,0.24250,12.0775,3072.5,0.30725,12.0825,730.0,0.07300,12.0837,-5.0,-0.00050,12.0850,-7.5,-0.00075,12.0813,-7.5,-0.00075,12.0825,-5.0,-0.00050,12.0825,-5.0,-0.00050,12.0837,-5.0,-0.00050,12.0850,-7.5,-0.00075,117.04
7,449229,1,0,50.28,1601.1,1707.5,1593.4,0.0,4.8387,1780.0,1.78000,12.0862,642.5,0.64250,12.0875,1192.5,0.03614,5.0812,700.0,0.07000,12.0825,2297.5,0.22975,12.0787,2980.0,0.29800,12.0850,702.5,0.07025,12.0862,-5.0,-0.00050,12.0875,-7.5,-0.00075,12.0837,-7.5,-0.00075,12.0850,-5.0,-0.00050,12.0850,-5.0,-0.00050,12.0862,-5.0,-0.00050,12.0862,-7.5,-0.00075,117.37
7,449565,1,0,50.05,1365.4,1780.0,1474.3,0.0,4.8400,1775.0,1.77500,12.0850,640.0,0.64000,12.0850,1192.5,0.03614,5.0812,700.0,0.07000,12.0813,2327.5,0.23275,12.0787,2965.0,0.29650,12.0837,707.5,0.07075,12.0837,-5.0,-0.00050,12.0850,-7.5,-0.00075,12.0825,-7.5,-0.00075,12.0837,-5.0,-0.00050,12.0837,-5.0,-0.00050,12.0850,-5.0,-0.00050,12.0862,-7.5,-0.00075,117.71
7,449902,1,0,49.83,1700.6,1696.0,1581.2,0.0,4.8375,1797.5,1.79750,12.0837,650.0,0.65000,12.0862,1195.0,0.03621,5.0812,700.0,0.07000,12.0800,2357.5,0.23575,12.0775,3002.5,0.30025,12.0837,697.5,0.06975,12.0837,-5.0,-0.00050,12.0850,-7.5,-0.00075,12.0813,-7.5,-0.00075,12.0825,-5.0,-0.00050,12.0837,-5.0,-0.00050,12.0837,-5.0,-0.00050,12.0850,-7.5,-0.00075,118.08
7,450259,1,0,49.59,1695.2,1465.4,1660.6,0.0,4.8412,1760.0,1.76000,12.0850,640.0,0.64000,12.0862,1192.5,0.03614,5.0812,700.0,0.07000,12.0813,2317.5,0.23175,12.0787,2917.5,0.29175,12.0837,697.5,0.06975,12.0850,-5.0,-0.00050,12.0862,-7.5,-0.00075,12.0825,-7.5,-0.00075,12.0850,-5.0,-0.00050,12.0850,-5.0,-0.00050,12.0850,-5.0,-0.00050,12.0862,-7.5,-0.00075,118.42
7,450595,1,0,49.36,1464.1,1616.8,1551.7,0.0,4.8400,1777.5,1.77750,12.0837,640.0,0.64000,12.0850,1195.0,0.03621,5.0812,700.0,0.07000,12.0813,2325.0,0.23250,12.0775,2927.5,0.29275,12.0837,697.5,0.06975,12.0837,-5.0,-0.00050,12.0850,-7.5,-0.00075,12.0825,-7.5,-0.00075,12.0837,-5.0,-0.00050,12.0837,-5.0,-0.00050,12.0837,-5.0,-0.00050,12.0850,-7.5,-0.00075,118.75
7,450931,1,0,49.14,1572.1,1679.1,1339.8,0.0,4.8400,1772.5,1.77250,12.0837,640.0,0.64000,12.0862,1195.0,0.03621,5.0812,700.0,0.07000,12.0813,2345.0,0.23450,12.0787,2932.5,0.29325,12.0837,685.0,0.06850,12.0837,-5.0,-0.00050,12.0850,-7.5,-0.00075,12.0813,-7.5,-0.00075,12.0825,-5.0,-0.00050,12.0837,-5.0,-0.00050,12.0837,-5.0,-0.00050,12.0850,-7.5,-0.00075,119.08
7,451268,1,0,48.92,1455.5,1785.2,1669.2,0.0,4.8475,1717.5,1.71750,12.0862,617.5,0.61750,12.0875,1195.0,0.03621,5.0812,700.0,0.07000,12.0825,2262.5,0.22625,12.0800,2850.0,0.28500,12.0850,685.0,0.06850,12.0850,-5.0,-0.00050,12.0862,-7.5,-0.00075,12.0837,-7.5,-0.00075,12.0850,-5.0,-0.00050,12.0850,-5.0,-0.00050,12.0850,-5.0,-0.00050,12.0862,-7.5,-0.00075,119.42
7,451604,1,0,48.69,1337.9,1778.6,1774.3,0.0,4.8475,1715.0,1.71500,12.0837,620.0,0.62000,12.0862,1192.5,0.03614,5.0812,700.0,0.07000,12.0813,2270.0,0.22700,12.0787,2840.0,0.28400,12.0837,660.0,0.06600,12.0837,-5.0,-0.00050,12.0850,-7.5,-0.00075,12.0813,-7.5,-0.00075,12.0825,-5.0,-0.00050,12.0837,-5.0,-0.00050,12.0837,-5.0,-0.00050,12.0850,-7.5,-0.00075,119.76
7,451940,1,0,48.47,1705.8,1661.4,1546.0,0.0,4.8500,1692.5,1.69250,12.0850,607.5,0.60750,12.0862,1192.5,0.03614,5.0812,700.0,0.07000,12.0825,2222.5,0.22225,12.0787,2800.0,0.28000,12.0837,657.5,0.06575,12.0850,-5.0,-0.00050,12.0862,-7.5,-0.00075,12.0825,-7.5,-0.00075,12.0837,-5.0,-0.00050,12.0850,-5.0,-0.00050,12.0850,-5.0,-0.00050,12.0862,-7.5,-0.00075,120.11
7,452297,1,0,48.23,1438.0,1544.0,1478.6,0.0,4.8512,1687.5,1.68750,12.0850,607.5,0.60750,12.0862,1192.5,0.03614,5.0812,700.0,0.07000,12.0813,2215.0,0.22150,12.0787,2810.0,0.28100,12.0837,662.5,0.06625,12.0850,-5.0,-0.00050,12.0862,-7.5,-0.00075,12.0825,-7.5,-0.00075,12.0837,-5.0,-0.00050,12.0837,-5.0,-0.00050,12.0850,-5.0,-0.00050,12.0862,-7.5,-0.00075,120.46
7,452634,1,0,48.01,1543.1,1757.7,1533.4,0.0,4.8525,1677.5,1.67750,12.0850,605.0,0.60500,12.0862,1190.0,0.03606,5.0812,700.0,0.07000,12.0813,2215.0,0.22150,12.0787,2777.5,0.27775,12.0837,637.5,0.06375,12.0850,-5.0,-0.00050,12.0862,-7.5,-0.00075,12.0825,-7.5,-0.00075,12.0837,-5.0,-0.00050,12.0837,-5.0,-0.00050,12.0850,-5.0,-0.00050,12.0862,-7.5,-0.00075,120.78
7,452970,1,0,47.78,1537.3,1598.8,1636.5,0.0,4.8550,1652.5,1.65250,12.0850,595.0,0.59500,12.0862,1195.0,0.03621,5.0812,700.0,0.07000,12.0813,2170.0,0.21700,12.0787,2742.5,0.27425,12.0837,647.5,0.06475,12.0850,-5.0,-0.00050,12.0862,-7.5,-0.00075,12.0825,-7.5,-0.00075,12.0837,-5.0,-0.00050,12.0837,-5.0,-0.00050,12.0850,-5.0,-0.00050,12.0862,-7.5,-0.00075,121.12
7,453306,1,0,47.56,1312.1,1743.2,1522.2,0.0,4.8550,1652.5,1.65250,12.0850,595.0,0.59500,12.0862,1195.0,0.03621,5.0812,700.0,0.07000,12.0813,2162.5,0.21625,12.0787,2755.0,0.27550,12.0837,660.0,0.06600,12.0850,-5.0,-0.00050,12.0862,-7.5,-0.00075,12.0825,-7.5,-0.00075,12.0837,-5.0,-0.00050,12.0837,-5.0,-0.00050,12.0850,-5.0,-0.00050,12.0862,-7.5,-0.00075,121.46
7,453642,1,0,47.33,1743.3,1735.6,1300.6,0.0,4.8575,1632.5,1.63250,12.0850,592.5,0.59250,12.0862,1192.5,0.03614,5.0812,700.0,0.07000,12.0813,2145.0,0.21450,12.0787,2717.5,0.27175,12.0837,630.0,0.06300,12.0850,-5.0,-0.00050,12.0862,-7.5,-0.00075,12.0825,-7.5,-0.00075,12.0850,-5.0,-0.00050,12.0850,-5.0,-0.00050,12.0850,-5.0,-0.00050,12.0862,-7.5,-0.00075,121.79
7,453979,1,0,47.11,1628.3,1532.1,1413.1,0.0,4.8612,1610.0,1.61000,12.0850,577.5,0.57750,12.0862,1195.0,0.03621,5.0812,700.0,0.07000,12.0825,2087.5,0.20875,12.0800,2665.0,0.26650,12.0850,627.5,0.06275,12.0850,-5.0,-0.00050,12.0862,-7.5,-0.00075,12.0837,-7.5,-0.00075,12.0850,-5.0,-0.00050,12.0850,-5.0,-0.00050,12.0850,-5.0,-0.00050,12.0862,-7.5,-0.00075,122.14
7,454336,1,0,46.87,1532.9,1291.3,1504.0,0.0,4.8612,1602.5,1.60250,12.0850,577.5,0.57750,12.0862,1192.5,0.03614,5.0812,700.0,0.07000,12.0813,2085.0,0.20850,12.0800,2667.5,0.26675,12.0850,612.5,0.06125,12.0850,-5.0,-0.00050,12.0862,-7.5,-0.00075,12.0825,-7.5,-0.00075,12.0837,-5.0,-0.00050,12.0850,-5.0,-0.00050,12.0850,-5.0,-0.00050,12.0862,-7.5,-0.00075,122.49
7,454672,1,0,46.65,1506.9,1501.6,1496.9,0.0,4.8663,1570.0,1.57000,12.0850,565.0,0.56500,12.0875,1190.0,0.03606,5.0812,700.0,0.07000,12.0825,2040.0,0.20400,12.0800,2630.0,0.26300,12.0850,597.5,0.05975,12.0862,-5.0,-0.00050,12.0862,-7.5,-0.00075,12.0837,-7.5,-0.00075,12.0850,-5.0,-0.00050,12.0850,-5.0,-0.00050,12.0862,-5.0,-0.00050,12.0862,-7.5,-0.00075,122.82
7,455008,1,0,46.42,1341.5,1398.7,1510.5,0.0,4.8675,1555.0,1.55500,12.0850,560.0,0.56000,12.0862,1190.0,0.03606,5.0812,700.0,0.07000,12.0825,2027.5,0.20275,12.0800,2597.5,0.25975,12.0850,612.5,0.06125,12.0850,-5.0,-0.00050,12.0862,-7.5,-0.00075,12.0825,-7.5,-0.00075,12.0837,-5.0,-0.00050,12.0837,-5.0,-0.00050,12.0850,-5.0,-0.00050,12.0862,-7.5,-0.00075,123.15
7,455345,1,0,46.20,1280.7,1595.9,1593.0,0.0,4.8675,1557.5,1.55750,12.0850,562.5,0.56250,12.0862,1195.0,0.03621,5.0812,700.0,0.07000,12.0825,2037.5,0.20375,12.0800,2577.5,0.25775,12.0837,622.5,0.06225,12.0850,-5.0,-0.00050,12.0862,-7.5,-0.00075,12.0825,-7.5,-0.00075,12.0837,-5.0,-0.00050,12.0837,-5.0,-0.00050,12.0850,-5.0,-0.00050,12.0862,-7.5,-0.00075,123.50
7,455681,1,0,45.97,1276.1,1484.0,1482.5,0.0,4.8700,1530.0,1.53000,12.0862,547.5,0.54750,12.0862,1192.5,0.03614,5.0812,700.0,0.07000,12.0825,2010.0,0.20100,12.0800,2535.0,0.25350,12.0850,590.0,0.05900,12.0862,-5.0,-0.00050,12.0875,-7.5,-0.00075,12.0837,-7.5,-0.00075,12.0850,-5.0,-0.00050,12.0862,-5.0,-0.00050,12.0862,-5.0,-0.00050,12.0875,-7.5,-0.00075,123.83
7,456017,1,0,45.75,1617.3,1381.4,1726.0,0.0,4.8712,1527.5,1.52750,12.0850,552.5,0.55250,12.0862,1192.5,0.03614,5.0812,700.0,0.07000,12.0813,2020.0,0.20200,12.0800,2522.5,0.25225,12.0837,600.0,0.06000,12.0850,-5.0,-0.00050,12.0862,-7.5,-0.00075,12.0825,-7.5,-0.00075,12.0837,-5.0,-0.00050,12.0837,-5.0,-0.00050,12.0837,-5.0,-0.00050,12.0850,-7.5,-0.00075,124.19
7,456374,1,0,45.51,1380.0,1489.0,1261.0,0.0,4.8750,1502.5,1.50250,12.0850,542.5,0.54250,12.0862,1195.0,0.03621,5.0812,700.0,0.07000,12.0825,1982.5,0.19825,12.0800,2487.5,0.24875,12.0850,592.5,0.05925,12.0850,-5.0,-0.00050,12.0862,-7.5,-0.00075,12.0825,-7.5,-0.00075,12.0850,-5.0,-0.00050,12.0850,-5.0,-0.00050,12.0850,-5.0,-0.00050,12.0862,-7.5,-0.00075,124.53
7,456711,1,0,45.29,1259.6,1636.0,1639.3,0.0,4.8737,1502.5,1.50250,12.0850,540.0,0.54000,12.0862,1192.5,0.03614,5.0812,700.0,0.07000,12.0825,1947.5,0.19475,12.0800,2487.5,0.24875,12.0850,592.5,0.05925,12.0850,-5.0,-0.00050,12.0862,-7.5,-0.00075,12.0837,-7.5,-0.00075,12.0837,-5.0,-0.00050,12.0850,-5.0,-0.00050,12.0850,-5.0,-0.00050,12.0862,-7.5,-0.00075,124.86
7,457047,1,0,45.06,1368.9,1476.1,1522.9,0.0,4.8737,1507.5,1.50750,12.0850,542.5,0.54250,12.0862,1195.0,0.03621,5.0812,700.0,0.07000,12.0825,1967.5,0.19675,12.0800,2500.0,0.25000,12.0850,585.0,0.05850,12.0850,-5.0,-0.00050,12.0862,-7.5,-0.00075,12.0825,-7.5,-0.00075,12.0850,-5.0,-0.00050,12.0850,-5.0,-0.00050,12.0850,-5.0,-0.00050,12.0862,-7.5,-0.00075,125.20
7,457383,1,0,44.84,1629.4,1406.3,1517.2,0.0,4.8775,1475.0,1.47500,12.0850,530.0,0.53000,12.0875,1195.0,0.03621,5.0812,700.0,0.07000,12.0825,1925.0,0.19250,12.0800,2455.0,0.24550,12.0850,572.5,0.05725,12.0862,-5.0,-0.00050,12.0875,-7.5,-0.00075,12.0837,-7.5,-0.00075,12.0850,-5.0,-0.00050,12.0850,-5.0,-0.00050,12.0862,-5.0,-0.00050,12.0862,-7.5,-0.00075,125.54
7,457719,1,0,44.62,1357.8,1509.8,1512.3,0.0,4.8787,1465.0,1.46500,12.0850,525.0,0.52500,12.0862,1195.0,0.03621,5.0812,700.0,0.07000,12.0825,1910.0,0.19100,12.0800,2440.0,0.24400,12.0850,570.0,0.05700,12.0850,-5.0,-0.00050,12.0862,-7.5,-0.00075,12.0837,-7.5,-0.00075,12.0850,-5.0,-0.00050,12.0850,-5.0,-0.00050,12.0850,-5.0,-0.00050,12.0862,-7.5,-0.00075,125.87
7,458056,1,0,44.39,1352.3,1348.1,1348.2,0.0,4.8825,1437.5,1.43750,12.0862,515.0,0.51500,12.0875,1190.0,0.03606,5.0812,700.0,0.07000,12.0837,1872.5,0.18725,12.0813,2382.5,0.23825,12.0862,555.0,0.05550,12.0862,-5.0,-0.00050,12.0875,-7.5,-0.00075,12.0837,-7.5,-0.00075,12.0850,-5.0,-0.00050,12.0850,-5.0,-0.00050,12.0862,-5.0,-0.00050,12.0875,-7.5,-0.00075,126.22
7,458413,1,0,44.15,1233.3,1453.9,1230.1,0.0,4.8825,1435.0,1.43500,12.0850,515.0,0.51500,12.0862,1192.5,0.03614,5.0812,700.0,0.07000,12.0825,1882.5,0.18825,12.0800,2372.5,0.23725,12.0850,557.5,0.05575,12.0862,-5.0,-0.00050,12.0875,-7.5,-0.00075,12.0837,-7.5,-0.00075,12.0850,-5.0,-0.00050,12.0850,-5.0,-0.00050,12.0862,-5.0,-0.00050,12.0862,-7.5,-0.00075,126.56
7,458749,1,0,43.93,1339.5,1670.7,1225.2,0.0,4.8825,1440.0,1.44000,12.0850,517.5,0.51750,12.0862,1192.5,0.03614,5.0812,700.0,0.07000,12.0825,1885.0,0.18850,12.0800,2392.5,0.23925,12.0850,557.5,0.05575,12.0850,-5.0,-0.00050,12.0862,-7.5,-0.00075,12.0837,-7.5,-0.00075,12.0837,-5.0,-0.00050,12.0850,-5.0,-0.00050,12.0850,-5.0,-0.00050,12.0862,-7.5,-0.00075,126.89
7,459085,1,0,43.70,1382.6,1330.0,1442.0,0.0,4.8850,1420.0,1.42000,12.0862,507.5,0.50750,12.0862,1192.5,0.03614,5.0812,700.0,0.07000,12.0837,1855.0,0.18550,12.0800,2342.5,0.23425,12.0850,542.5,0.05425,12.0862,-5.0,-0.00050,12.0875,-7.5,-0.00075,12.0837,-7.5,-0.00075,12.0850,-5.0,-0.00050,12.0850,-5.0,-0.00050,12.0862,-5.0,-0.00050,12.0875,-7.5,-0.00075,127.23
7,459422,1,0,43.48,1217.7,1543.8,1215.0,0.0,4.8850,1417.5,1.41750,12.0850,507.5,0.50750,12.0862,1192.5,0.03614,5.0812,700.0,0.07000,12.0825,1855.0,0.18550,12.0800,2350.0,0.23500,12.0850,550.0,0.05500,12.0850,-5.0,-0.00050,12.0862,-7.5,-0.00075,12.0825,-7.5,-0.00075,12.0837,-5.0,-0.00050,12.0850,-5.0,-0.00050,12.0850,-5.0,-0.00050,12.0862,-7.5,-0.00075,127.57
7,459758,1,0,43.26,1323.4,1538.1,1474.1,0.0,4.8825,1437.5,1.43750,12.0850,517.5,0.51750,12.0850,1195.0,0.03621,5.0812,700.0,0.07000,12.0825,1897.5,0.18975,12.0800,2402.5,0.24025,12.0837,540.0,0.05400,12.0850,-5.0,-0.00050,12.0862,-7.5,-0.00075,12.0825,-7.5,-0.00075,12.0837,-5.0,-0.00050,12.0837,-5.0,-0.00050,12.0850,-5.0,-0.00050,12.0862,-7.5,-0.00075,127.90
7,460094,1,0,43.03,1319.3,1423.9,1315.0,0.0,4.8888,1392.5,1.39250,12.0862,500.0,0.50000,12.0875,1192.5,0.03614,5.0812,700.0,0.07000,12.0837,1830.0,0.18300,12.0813,2312.5,0.23125,12.0862,530.0,0.05300,12.0862,-5.0,-0.00050,12.0875,-7.5,-0.00075,12.0837,-7.5,-0.00075,12.0850,-5.0,-0.00050,12.0862,-5.0,-0.00050,12.0862,-5.0,-0.00050,12.0875,-7.5,-0.00075,128.25
7,460451,1,0,42.79,1324.1,1962.1,1200.1,0.0,4.8900,1385.0,1.38500,12.0850,495.0,0.49500,12.0862,1192.5,0.03614,5.0812,700.0,0.07000,12.0825,1812.5,0.18125,12.0800,2290.0,0.22900,12.0850,532.5,0.05325,12.0850,-5.0,-0.00050,12.0862,-7.5,-0.00075,12.0825,-7.5,-0.00075,12.0837,-5.0,-0.00050,12.0850,-5.0,-0.00050,12.0850,-5.0,-0.00050,12.0862,-7.5,-0.00075,128.60
7,460788,1,0,42.57,1307.5,1671.0,1434.0,0.0,4.8937,1347.5,1.34750,12.0862,482.5,0.48250,12.0875,1192.5,0.03614,5.0812,700.0,0.07000,12.0837,1767.5,0.17675,12.0813,2227.5,0.22275,12.0862,512.5,0.05125,12.0862,-5.0,-0.00050,12.0875,-7.5,-0.00075,12.0837,-7.5,-0.00075,12.0850,-5.0,-0.00050,12.0862,-5.0,-0.00050,12.0862,-5.0,-0.00050,12.0875,-7.5,-0.00075,128.94
7,461124,1,0,42.35,1362.5,1342.7,1405.0,0.0,4.8962,1330.0,1.33000,12.0850,472.5,0.47250,12.0862,1187.5,0.03598,5.0812,700.0,0.07000,12.0837,1737.5,0.17375,12.0813,2190.0,0.21900,12.0850,500.0,0.05000,12.0850,-5.0,-0.00050,12.0862,-7.5,-0.00075,12.0837,-7.5,-0.00075,12.0850,-5.0,-0.00050,12.0850,-5.0,-0.00050,12.0850,-5.0,-0.00050,12.0862,-7.5,-0.00075,129.27
7,461460,1,0,42.12,1404.0,1506.1,1506.7,0.0,4.8937,1350.0,1.35000,12.0850,485.0,0.48500,12.0862,1192.5,0.03614,5.0812,700.0,0.07000,12.0825,1777.5,0.17775,12.0800,2237.5,0.22375,12.0850,502.5,0.05025,12.0850,-5.0,-0.00050,12.0862,-7.5,-0.00075,12.0825,-7.5,-0.00075,12.0837,-5.0,-0.00050,12.0837,-5.0,-0.00050,12.0850,-5.0,-0.00050,12.0862,-7.5,-0.00075,129.61
7,461796,1,0,41.90,1399.5,1349.1,1296.2,0.0,4.8937,1355.0,1.35500,12.0850,482.5,0.48250,12.0862,1187.5,0.03598,5.0812,700.0,0.07000,12.0837,1790.0,0.17900,12.0800,2232.5,0.22325,12.0850,500.0,0.05000,12.0862,-5.0,-0.00050,12.0875,-7.5,-0.00075,12.0837,-7.5,-0.00075,12.0850,-5.0,-0.00050,12.0850,-5.0,-0.00050,12.0850,-5.0,-0.00050,12.0862,-7.5,-0.00075,129.95
7,462133,1,0,41.67,1179.6,1455.9,1524.7,0.0,4.8987,1312.5,1.31250,12.0862,467.5,0.46750,12.0875,1192.5,0.03614,5.0812,700.0,0.07000,12.0837,1715.0,0.17150,12.0813,2172.5,0.21725,12.0862,492.5,0.04925,12.0862,-5.0,-0.00050,12.0875,-7.5,-0.00075,12.0837,-7.5,-0.00075,12.0850,-5.0,-0.00050,12.0862,-5.0,-0.00050,12.0862,-5.0,-0.00050,12.0875,-7.5,-0.00075,130.30
7,462490,1,0,41.43,1174.6,1449.6,1634.3,0.0,4.8975,1317.5,1.31750,12.0850,470.0,0.47000,12.0862,1192.5,0.03614,5.0812,700.0,0.07000,12.0825,1737.5,0.17375,12.0800,2175.0,0.21750,12.0850,485.0,0.04850,12.0850,-5.0,-0.00050,12.0862,-7.5,-0.00075,12.0837,-7.5,-0.00075,12.0850,-5.0,-0.00050,12.0850,-5.0,-0.00050,12.0850,-5.0,-0.00050,12.0862,-7.5,-0.00075,130.63
7,462826,1,0,41.21,1449.4,1668.0,1278.1,0.0,4.9012,1292.5,1.29250,12.0850,462.5,0.46250,12.0875,1192.5,0.03614,5.0812,700.0,0.07000,12.0837,1700.0,0.17000,12.0813,2122.5,0.21225,12.0862,482.5,0.04825,12.0862,-5.0,-0.00050,12.0875,-7.5,-0.00075,12.0837,-7.5,-0.00075,12.0850,-5.0,-0.00050,12.0850,-5.0,-0.00050,12.0862,-5.0,-0.00050,12.0862,-7.5,-0.00075,130.97
7,463162,1,0,40.99,1282.1,1278.8,1544.0,0.0,4.9025,1282.5,1.28250,12.0850,457.5,0.45750,12.0862,1190.0,0.03606,5.0812,700.0,0.07000,12.0825,1692.5,0.16925,12.0800,2097.5,0.20975,12.0850,480.0,0.04800,12.0850,-5.0,-0.00050,12.0862,-7.5,-0.00075,12.0837,-7.5,-0.00075,12.0850,-5.0,-0.00050,12.0850,-5.0,-0.00050,12.0850,-5.0,-0.00050,12.0862,-7.5,-0.00075,131.31
7,463499,1,0,40.76,1277.4,1322.9,1152.8,0.0,4.9037,1272.5,1.27250,12.0850,455.0,0.45500,12.0862,1192.5,0.03614,5.0812,700.0,0.07000,12.0837,1685.0,0.16850,12.0813,2080.0,0.20800,12.0850,472.5,0.04725,12.0862,-5.0,-0.00050,12.0862,-7.5,-0.00075,12.0825,-7.5,-0.00075,12.0850,-5.0,-0.00050,12.0850,-5.0,-0.00050,12.0850,-5.0,-0.00050,12.0862,-7.5,-0.00075,131.64
7,463835,1,0,40.54,1388.0,1152.2,1147.6,0.0,4.9062,1247.5,1.24750,12.0850,445.0,0.44500,12.0862,1190.0,0.03606,5.0812,700.0,0.07000,12.0837,1642.5,0.16425,12.0813,2045.0,0.20450,12.0850,475.0,0.04750,12.0862,-5.0,-0.00050,12.0875,-7.5,-0.00075,12.0837,-7.5,-0.00075,12.0850,-5.0,-0.00050,12.0850,-5.0,-0.00050,12.0862,-5.0,-0.00050,12.0862,-7.5,-0.00075,131.98
7,464171,1,0,40.31,1381.4,1528.8,1485.5,0.0,4.9075,1240.0,1.24000,12.0850,440.0,0.44000,12.0862,1192.5,0.03614,5.0812,700.0,0.07000,12.0837,1615.0,0.16150,12.0813,2035.0,0.20350,12.0850,472.5,0.04725,12.0862,-5.0,-0.00050,12.0875,-7.5,-0.00075,12.0837,-7.5,-0.00075,12.0850,-5.0,-0.00050,12.0850,-5.0,-0.00050,12.0850,-5.0,-0.00050,12.0862,-7.5,-0.00075,132.33
7,464528,1,0,40.08,1260.5,1412.8,1251.7,0.0,4.9075,1237.5,1.23750,12.0850,437.5,0.43750,12.0862,1195.0,0.03621,5.0812,700.0,0.07000,12.0837,1615.0,0.16150,12.0813,2035.0,0.20350,12.0862,465.0,0.04650,12.0862,-5.0,-0.00050,12.0862,-7.5,-0.00075,12.0837,-7.5,-0.00075,12.0850,-5.0,-0.00050,12.0850,-5.0,-0.00050,12.0862,-5.0,-0.00050,12.0862,-7.5,-0.00075,132.67
7,464865,1,0,39.85,1255.2,1363.2,1472.5,0.0,4.9100,1220.0,1.22000,12.0850,435.0,0.43500,12.0862,1190.0,0.03606,5.0812,700.0,0.07000,12.0837,1582.5,0.15825,12.0813,1995.0,0.19950,12.0850,462.5,0.04625,12.0862,-5.0,-0.00050,12.0875,-7.5,-0.00075,12.0837,-7.5,-0.00075,12.0850,-5.0,-0.00050,12.0850,-5.0,-0.00050,12.0850,-5.0,-0.00050,12.0862,-7.5,-0.00075,133.01
7,465201,1,0,39.63,1136.0,1243.1,1352.5,0.0,4.9113,1215.0,1.21500,12.0850,430.0,0.43000,12.0862,1192.5,0.03614,5.0812,700.0,0.07000,12.0837,1580.0,0.15800,12.0813,2002.5,0.20025,12.0850,450.0,0.04500,12.0850,-5.0,-0.00050,12.0862,-7.5,-0.00075,12.0837,-7.5,-0.00075,12.0837,-5.0,-0.00050,12.0850,-5.0,-0.00050,12.0850,-5.0,-0.00050,12.0862,-7.5,-0.00075,133.35
7,465537,1,0,39.40,1582.6,1463.0,1233.8,0.0,4.9137,1195.0,1.19500,12.0862,422.5,0.42250,12.0862,1195.0,0.03621,5.0812,700.0,0.07000,12.0837,1555.0,0.15550,12.0813,1975.0,0.19750,12.0862,445.0,0.04450,12.0862,-5.0,-0.00050,12.0875,-7.5,-0.00075,12.0837,-7.5,-0.00075,12.0850,-5.0,-0.00050,12.0850,-5.0,-0.00050,12.0862,-5.0,-0.00050,12.0875,-7.5,-0.00075,133.68
7,465873,1,0,39.18,1124.3,1345.2,1339.8,0.0,4.9137,1192.5,1.19250,12.0837,422.5,0.42250,12.0862,1192.5,0.03614,5.0812,700.0,0.07000,12.0825,1547.5,0.15475,12.0800,1965.0,0.19650,12.0850,452.5,0.04525,12.0850,-5.0,-0.00050,12.0862,-7.5,-0.00075,12.0825,-7.5,-0.00075,12.0837,-5.0,-0.00050,12.0837,-5.0,-0.00050,12.0850,-5.0,-0.00050,12.0862,-7.5,-0.00075,134.02
7,466210,1,0,38.95,1231.0,1339.3,1558.9,0.0,4.9125,1200.0,1.20000,12.0850,422.5,0.42250,12.0862,1192.5,0.03614,5.0812,700.0,0.07000,12.0825,1547.5,0.15475,12.0800,1970.0,0.19700,12.0850,455.0,0.04550,12.0850,-5.0,-0.00050,12.0862,-7.5,-0.00075,12.0837,-7.5,-0.00075,12.0837,-5.0,-0.00050,12.0850,-5.0,-0.00050,12.0850,-5.0,-0.00050,12.0862,-7.5,-0.00075,134.37
7,466567,1,0,38.72,1224.9,1221.7,1553.2,0.0,4.9162,1167.5,1.16750,12.0850,415.0,0.41500,12.0862,1192.5,0.03614,5.0812,700.0,0.07000,12.0837,1520.0,0.15200,12.0813,1915.0,0.19150,12.0862,445.0,0.04450,12.0862,-5.0,-0.00050,12.0875,-7.5,-0.00075,12.0837,-7.5,-0.00075,12.0850,-5.0,-0.00050,12.0850,-5.0,-0.00050,12.0850,-5.0,-0.00050,12.0862,-7.5,-0.00075,134.71
7,466903,1,0,38.49,1108.4,1473.7,1436.1,0.0,4.9175,1165.0,1.16500,12.0850,412.5,0.41250,12.0862,1192.5,0.03614,5.0812,700.0,0.07000,12.0825,1515.0,0.15150,12.0813,1902.5,0.19025,12.0850,442.5,0.04425,12.0850,-5.0,-0.00050,12.0862,-7.5,-0.00075,12.0825,-7.5,-0.00075,12.0837,-5.0,-0.00050,12.0850,-5.0,-0.00050,12.0850,-5.0,-0.00050,12.0862,-7.5,-0.00075,135.05
7,467239,1,0,38.27,1213.7,1465.8,1540.3,0.0,4.9212,1130.0,1.13000,12.0850,397.5,0.39750,12.0862,1190.0,0.03606,5.0812,700.0,0.07000,12.0837,1462.5,0.14625,12.0813,1845.0,0.18450,12.0862,410.0,0.04100,12.0862,-5.0,-0.00050,12.0875,-7.5,-0.00075,12.0837,-7.5,-0.00075,12.0850,-5.0,-0.00050,12.0850,-5.0,-0.00050,12.0862,-5.0,-0.00050,12.0875,-7.5,-0.00075,135.38
7,467576,1,0,38.04,1150.3,1312.4,1459.2,0.0,4.9212,1125.0,1.12500,12.0850,400.0,0.40000,12.0850,1190.0,0.03606,5.0812,700.0,0.07000,12.0837,1455.0,0.14550,12.0813,1847.5,0.18475,12.0850,427.5,0.04275,12.0850,-5.0,-0.00050,12.0862,-7.5,-0.00075,12.0837,-7.5,-0.00075,12.0850,-5.0,-0.00050,12.0850,-5.0,-0.00050,12.0850,-5.0,-0.00050,12.0862,-7.5,-0.00075,135.72
7,467912,1,0,37.82,1311.5,1145.3,1197.4,0.0,4.9212,1132.5,1.13250,12.0850,397.5,0.39750,12.0862,1192.5,0.03614,5.0812,700.0,0.07000,12.0837,1455.0,0.14550,12.0813,1857.5,0.18575,12.0850,420.0,0.04200,12.0850,-5.0,-0.00050,12.0875,-7.5,-0.00075,12.0837,-7.5,-0.00075,12.0850,-5.0,-0.00050,12.0850,-5.0,-0.00050,12.0850,-5.0,-0.00050,12.0862,-7.5,-0.00075,136.06
7,468248,1,0,37.60,1196.6,1254.3,1192.1,0.0,4.9237,1112.5,1.11250,12.0850,392.5,0.39250,12.0862,1192.5,0.03614,5.0812,700.0,0.07000,12.0837,1442.5,0.14425,12.0813,1825.0,0.18250,12.0850,417.5,0.04175,12.0862,-5.0,-0.00050,12.0875,-7.5,-0.00075,12.0837,-7.5,-0.00075,12.0850,-5.0,-0.00050,12.0850,-5.0,-0.00050,12.0850,-5.0,-0.00050,12.0862,-7.5,-0.00075,136.41
7,468605,1,0,37.36,1190.5,1248.3,1078.6,0.0,4.9237,1115.0,1.11500,12.0837,392.5,0.39250,12.0850,1192.5,0.03614,5.0812,700.0,0.07000,12.0837,1437.5,0.14375,12.0800,1837.5,0.18375,12.0850,417.5,0.04175,12.0850,-5.0,-0.00050,12.0862,-7.5,-0.00075,12.0825,-7.5,-0.00075,12.0837,-5.0,-0.00050,12.0837,-5.0,-0.00050,12.0850,-5.0,-0.00050,12.0850,-7.5,-0.00075,136.76
7,468942,1,0,37.13,1196.9,1550.6,1073.7,0.0,4.9262,1092.5,1.09250,12.0850,385.0,0.38500,12.0862,1190.0,0.03606,5.0812,700.0,0.07000,12.0837,1405.0,0.14050,12.0813,1777.5,0.17775,12.0850,407.5,0.04075,12.0862,-5.0,-0.00050,12.0875,-7.5,-0.00075,12.0837,-7.5,-0.00075,12.0850,-5.0,-0.00050,12.0850,-5.0,-0.00050,12.0850,-5.0,-0.00050,12.0862,-7.5,-0.00075,137.10
7,469278,1,0,36.91,1071.7,1236.8,1175.3,0.0,4.9262,1087.5,1.08750,12.0837,382.5,0.38250,12.0850,1190.0,0.03606,5.0812,700.0,0.07000,12.0825,1402.5,0.14025,12.0800,1772.5,0.17725,12.0850,407.5,0.04075,12.0850,-5.0,-0.00050,12.0862,-7.5,-0.00075,12.0825,-7.5,-0.00075,12.0837,-5.0,-0.00050,12.0837,-5.0,-0.00050,12.0850,-5.0,-0.00050,12.0862,-7.5,-0.00075,137.43
7,469614,1,0,36.69,1347.7,1299.6,1170.0,0.0,4.9262,1087.5,1.08750,12.0837,382.5,0.38250,12.0850,1192.5,0.03614,5.0812,700.0,0.07000,12.0837,1397.5,0.13975,12.0800,1785.0,0.17850,12.0850,407.5,0.04075,12.0850,-5.0,-0.00050,12.0862,-7.5,-0.00075,12.0825,-7.5,-0.00075,12.0837,-5.0,-0.00050,12.0837,-5.0,-0.00050,12.0850,-5.0,-0.00050,12.0850,-7.5,-0.00075,137.76
7,469950,1,0,36.46,1341.3,1528.3,1270.0,0.0,4.9300,1062.5,1.06250,12.0850,375.0,0.37500,12.0862,1190.0,0.03606,5.0812,700.0,0.07000,12.0837,1365.0,0.13650,12.0813,1747.5,0.17475,12.0850,402.5,0.04025,12.0862,-5.0,-0.00050,12.0875,-7.5,-0.00075,12.0825,-7.5,-0.00075,12.0850,-5.0,-0.00050,12.0850,-5.0,-0.00050,12.0850,-5.0,-0.00050,12.0862,-7.5,-0.00075,138.11
7,470287,1,0,36.24,1055.9,1169.1,1404.0,0.0,4.9300,1060.0,1.06000,12.0850,370.0,0.37000,12.0862,1192.5,0.03614,5.0812,700.0,0.07000,12.0837,1350.0,0.13500,12.0813,1725.0,0.17250,12.0850,397.5,0.03975,12.0862,-5.0,-0.00050,12.0875,-7.5,-0.00075,12.0837,-7.5,-0.00075,12.0850,-5.0,-0.00050,12.0850,-5.0,-0.00050,12.0850,-5.0,-0.00050,12.0862,-7.5,-0.00075,138.46
7,470644,1,0,36.00,1217.2,1163.8,1164.3,0.0,4.9300,1060.0,1.06000,12.0837,370.0,0.37000,12.0862,1190.0,0.03606,5.0812,700.0,0.07000,12.0837,1352.5,0.13525,12.0813,1720.0,0.17200,12.0850,397.5,0.03975,12.0850,-5.0,-0.00050,12.0862,-7.5,-0.00075,12.0837,-7.5,-0.00075,12.0837,-5.0,-0.00050,12.0850,-5.0,-0.00050,12.0850,-5.0,-0.00050,12.0862,-7.5,-0.00075,138.79
7,470980,1,0,35.77,1162.0,1273.9,1043.5,0.0,4.9325,1040.0,1.04000,12.0850,367.5,0.36750,12.0862,1192.5,0.03614,5.0812,700.0,0.07000,12.0837,1347.5,0.13475,12.0813,1687.5,0.16875,12.0850,392.5,0.03925,12.0862,-5.0,-0.00050,12.0862,-7.5,-0.00075,12.0825,-7.5,-0.00075,12.0850,-5.0,-0.00050,12.0850,-5.0,-0.00050,12.0850,-5.0,-0.00050,12.0862,-7.5,-0.00075,139.14
7,471316,1,0,35.55,1144.6,1452.5,1269.6,0.0,4.9337,1035.0,1.03500,12.0837,362.5,0.36250,12.0850,1192.5,0.03614,5.0812,700.0,0.07000,12.0837,1317.5,0.13175,12.0813,1680.0,0.16800,12.0850,380.0,0.03800,12.0850,-5.0,-0.00050,12.0862,-7.5,-0.00075,12.0837,-7.5,-0.00075,12.0850,-5.0,-0.00050,12.0850,-5.0,-0.00050,12.0850,-5.0,-0.00050,12.0862,-7.5,-0.00075,139.47
7,471653,1,0,35.33,1416.8,1262.0,1148.9,0.0,4.9362,1010.0,1.01000,12.0850,350.0,0.35000,12.0862,1190.0,0.03606,5.0812,700.0,0.07000,12.0837,1302.5,0.13025,12.0813,1640.0,0.16400,12.0862,372.5,0.03725,12.0850,-5.0,-0.00050,12.0862,-7.5,-0.00075,12.0837,-7.5,-0.00075,12.0850,-5.0,-0.00050,12.0850,-5.0,-0.00050,12.0850,-5.0,-0.00050,12.0862,-7.5,-0.00075,139.81
7,471989,1,0,35.10,1259.0,1140.6,1485.8,0.0,4.9375,1005.0,1.00500,12.0850,350.0,0.35000,12.0850,1190.0,0.03606,5.0812,700.0,0.07000,12.0837,1305.0,0.13050,12.0800,1637.5,0.16375,12.0850,375.0,0.03750,12.0850,-5.0,-0.00050,12.0862,-7.5,-0.00075,12.0825,-7.5,-0.00075,12.0837,-5.0,-0.00050,12.0837,-5.0,-0.00050,12.0850,-5.0,-0.00050,12.0862,-7.5,-0.00075,140.14
7,472325,1,0,34.88,1253.7,1290.7,1022.6,0.0,4.9350,1025.0,1.02500,12.0837,360.0,0.36000,12.0850,1187.5,0.03598,5.0812,697.5,0.06975,12.0837,1340.0,0.13400,12.0800,1682.5,0.16825,12.0850,370.0,0.03700,12.0850,-5.0,-0.00050,12.0862,-7.5,-0.00075,12.0825,-7.5,-0.00075,12.0837,-5.0,-0.00050,12.0837,-5.0,-0.00050,12.0850,-5.0,-0.00050,12.0850,-7.5,-0.00075,140.49
7,472682,1,0,34.64,1021.7,1392.6,1129.7,0.0,4.9387,992.5,0.99250,12.0850,345.0,0.34500,12.0862,1190.0,0.03606,5.0812,697.5,0.06975,12.0837,1265.0,0.12650,12.0813,1607.5,0.16075,12.0862,362.5,0.03625,12.0862,-5.0,-0.00050,12.0875,-7.5,-0.00075,12.0837,-7.5,-0.00075,12.0850,-5.0,-0.00050,12.0850,-5.0,-0.00050,12.0862,-5.0,-0.00050,12.0862,-7.5,-0.00075,140.83
7,473019,1,0,34.42,1016.1,1349.4,1123.8,0.0,4.9400,985.0,0.98500,12.0837,342.5,0.34250,12.0850,1192.5,0.03614,5.0812,697.5,0.06975,12.0837,1260.0,0.12600,12.0813,1610.0,0.16100,12.0850,357.5,0.03575,12.0862,-5.0,-0.00050,12.0862,-7.5,-0.00075,12.0837,-7.5,-0.00075,12.0850,-5.0,-0.00050,12.0850,-5.0,-0.00050,12.0850,-5.0,-0.00050,12.0862,-7.5,-0.00075,141.17
7,473355,1,0,34.19,1064.7,1231.3,1005.7,0.0,4.9387,992.5,0.99250,12.0837,345.0,0.34500,12.0850,1192.5,0.03614,5.0812,697.5,0.06975,12.0837,1277.5,0.12775,12.0813,1605.0,0.16050,12.0850,357.5,0.03575,12.0850,-5.0,-0.00050,12.0862,-7.5,-0.00075,12.0825,-7.5,-0.00075,12.0837,-5.0,-0.00050,12.0837,-5.0,-0.00050,12.0850,-5.0,-0.00050,12.0862,-7.5,-0.00075,141.51
7,473691,1,0,33.97,1258.6,1338.2,1111.5,0.0,4.9425,960.0,0.96000,12.0850,335.0,0.33500,12.0862,1190.0,0.03606,5.0812,697.5,0.06975,12.0837,1225.0,0.12250,12.0813,1570.0,0.15700,12.0862,345.0,0.03450,12.0862,-5.0,-0.00050,12.0875,-7.5,-0.00075,12.0837,-7.5,-0.00075,12.0850,-5.0,-0.00050,12.0850,-5.0,-0.00050,12.0850,-5.0,-0.00050,12.0862,-7.5,-0.00075,141.84
7,474027,1,0,33.74,1112.7,1057.0,1105.6,0.0,4.9412,975.0,0.97500,12.0837,337.5,0.33750,12.0850,1192.5,0.03614,5.0812,697.5,0.06975,12.0837,1235.0,0.12350,12.0800,1572.5,0.15725,12.0850,355.0,0.03550,12.0850,-5.0,-0.00050,12.0862,-7.5,-0.00075,12.0825,-7.5,-0.00075,12.0837,-5.0,-0.00050,12.0837,-5.0,-0.00050,12.0850,-5.0,-0.00050,12.0862,-7.5,-0.00075,142.17
7,474364,1,0,33.52,1218.9,1215.2,1100.2,0.0,4.9412,972.5,0.97250,12.0837,340.0,0.34000,12.0850,1192.5,0.03614,5.0812,700.0,0.07000,12.0837,1257.5,0.12575,12.0813,1585.0,0.15850,12.0850,352.5,0.03525,12.0850,-5.0,-0.00050,12.0862,-7.5,-0.00075,12.0825,-7.5,-0.00075,12.0837,-5.0,-0.00050,12.0850,-5.0,-0.00050,12.0850,-5.0,-0.00050,12.0862,-7.5,-0.00075,142.53
7,474721,1,0,33.28,1212.7,1360.8,1203.9,0.0,4.9462,935.0,0.93500,12.0850,322.5,0.32250,12.0862,1190.0,0.03606,5.0812,700.0,0.07000,12.0850,1177.5,0.11775,12.0813,1502.5,0.15025,12.0862,342.5,0.03425,12.0862,-5.0,-0.00050,12.0875,-7.5,-0.00075,12.0837,-7.5,-0.00075,12.0850,-5.0,-0.00050,12.0850,-5.0,-0.00050,12.0850,-5.0,-0.00050,12.0862,-7.5,-0.00075,142.86
7,475057,1,0,33.06,1096.7,1273.5,1088.6,0.0,4.9462,937.5,0.93750,12.0850,322.5,0.32250,12.0850,1190.0,0.03606,5.0812,700.0,0.07000,12.0837,1207.5,0.12075,12.0813,1510.0,0.15100,12.0850,335.0,0.03350,12.0850,-5.0,-0.00050,12.0862,-7.5,-0.00075,12.0837,-7.5,-0.00075,12.0837,-5.0,-0.00050,12.0850,-5.0,-0.00050,12.0850,-5.0,-0.00050,12.0862,-7.5,-0.00075,143.21
7,475393,1,0,32.83,982.1,1306.6,1190.7,0.0,4.9475,922.5,0.92250,12.0850,320.0,0.32000,12.0862,1187.5,0.03598,5.0812,700.0,0.07000,12.0837,1195.0,0.11950,12.0813,1480.0,0.14800,12.0862,332.5,0.03325,12.0862,-5.0,-0.00050,12.0875,-7.5,-0.00075,12.0837,-7.5,-0.00075,12.0837,-5.0,-0.00050,12.0850,-5.0,-0.00050,12.0850,-5.0,-0.00050,12.0862,-7.5,-0.00075,143.54
7,475730,1,0,32.61,1085.2,1095.5,1211.8,0.0,4.9475,927.5,0.92750,12.0837,320.0,0.32000,12.0850,1192.5,0.03614,5.0812,700.0,0.07000,12.0837,1197.5,0.11975,12.0813,1485.0,0.14850,12.0850,340.0,0.03400,12.0850,-5.0,-0.00050,12.0862,-7.5,-0.00075,12.0825,-7.5,-0.00075,12.0837,-5.0,-0.00050,12.0850,-5.0,-0.00050,12.0850,-5.0,-0.00050,12.0862,-7.5,-0.00075,143.88
7,476066,1,0,32.38,1079.9,1210.6,964.6,0.0,4.9488,915.0,0.91500,12.0837,315.0,0.31500,12.0850,1190.0,0.03606,5.0812,700.0,0.07000,12.0837,1170.0,0.11700,12.0813,1462.5,0.14625,12.0850,327.5,0.03275,12.0850,-5.0,-0.00050,12.0862,-7.5,-0.00075,12.0825,-7.5,-0.00075,12.0837,-5.0,-0.00050,12.0837,-5.0,-0.00050,12.0850,-5.0,-0.00050,12.0862,-7.5,-0.00075,144.21
7,476402,1,0,32.16,967.0,1178.0,1128.4,0.0,4.9500,902.5,0.90250,12.0837,310.0,0.31000,12.0850,1190.0,0.03606,5.0812,697.5,0.06975,12.0837,1137.5,0.11375,12.0813,1440.0,0.14400,12.0850,332.5,0.03325,12.0850,-5.0,-0.00050,12.0862,-7.5,-0.00075,12.0825,-7.5,-0.00075,12.0850,-5.0,-0.00050,12.0850,-5.0,-0.00050,12.0850,-5.0,-0.00050,12.0862,-7.5,-0.00075,144.56
7,476759,1,0,31.92,1081.5,1198.0,955.4,0.0,4.9488,907.5,0.90750,12.0837,312.5,0.31250,12.0850,1187.5,0.03598,5.0812,700.0,0.07000,12.0837,1147.5,0.11475,12.0813,1445.0,0.14450,12.0850,340.0,0.03400,12.0850,-5.0,-0.00050,12.0862,-7.5,-0.00075,12.0837,-7.5,-0.00075,12.0837,-5.0,-0.00050,12.0850,-5.0,-0.00050,12.0850,-5.0,-0.00050,12.0862,-7.5,-0.00075,144.90
7,477096,1,0,31.70,1169.7,1234.2,1160.9,0.0,4.9513,895.0,0.89500,12.0837,310.0,0.31000,12.0850,1192.5,0.03614,5.0812,697.5,0.06975,12.0837,1140.0,0.11400,12.0813,1442.5,0.14425,12.0850,320.0,0.03200,12.0850,-5.0,-0.00050,12.0862,-7.5,-0.00075,12.0825,-7.5,-0.00075,12.0837,-5.0,-0.00050,12.0837,-5.0,-0.00050,12.0850,-5.0,-0.00050,12.0862,-7.5,-0.00075,145.24
7,477432,1,0,31.47,1071.4,1159.8,1155.9,0.0,4.9525,882.5,0.88250,12.0850,302.5,0.30250,12.0850,1190.0,0.03606,5.0812,697.5,0.06975,12.0837,1117.5,0.11175,12.0813,1397.5,0.13975,12.0862,315.0,0.03150,12.0862,-5.0,-0.00050,12.0875,-7.5,-0.00075,12.0837,-7.5,-0.00075,12.0850,-5.0,-0.00050,12.0850,-5.0,-0.00050,12.0850,-5.0,-0.00050,12.0862,-7.5,-0.00075,145.58
7,477768,1,0,31.25,1183.7,1415.4,1176.1,0.0,4.9525,885.0,0.88500,12.0837,302.5,0.30250,12.0850,1187.5,0.03598,5.0812,697.5,0.06975,12.0837,1115.0,0.11150,12.0813,1402.5,0.14025,12.0850,322.5,0.03225,12.0850,-5.0,-0.00050,12.0862,-7.5,-0.00075,12.0825,-7.5,-0.00075,12.0837,-5.0,-0.00050,12.0837,-5.0,-0.00050,12.0850,-5.0,-0.00050,12.0862,-7.5,-0.00075,145.91
7,478104,1,0,31.03,1046.6,1290.1,936.9,0.0,4.9550,860.0,0.86000,12.0850,292.5,0.29250,12.0850,1192.5,0.03614,5.0812,700.0,0.07000,12.0837,1082.5,0.10825,12.0813,1362.5,0.13625,12.0862,310.0,0.03100,12.0862,-5.0,-0.00050,12.0862,-7.5,-0.00075,12.0837,-7.5,-0.00075,12.0850,-5.0,-0.00050,12.0850,-5.0,-0.00050,12.0850,-5.0,-0.00050,12.0862,-7.5,-0.00075,146.25
7,478441,1,0,30.80,1287.2,1282.8,1165.1,0.0,4.9550,862.5,0.86250,12.0850,292.5,0.29250,12.0850,1190.0,0.03606,5.0812,697.5,0.06975,12.0837,1082.5,0.10825,12.0813,1365.0,0.13650,12.0850,315.0,0.03150,12.0850,-5.0,-0.00050,12.0862,-7.5,-0.00075,12.0837,-7.5,-0.00075,12.0837,-5.0,-0.00050,12.0850,-5.0,-0.00050,12.0850,-5.0,-0.00050,12.0862,-7.5,-0.00075,146.60
7,478798,1,0,30.56,1280.3,1043.9,1159.6,0.0,4.9550,865.0,0.86500,12.0837,295.0,0.29500,12.0850,1192.5,0.03614,5.0812,697.5,0.06975,12.0837,1090.0,0.10900,12.0813,1375.0,0.13750,12.0850,312.5,0.03125,12.0850,-5.0,-0.00050,12.0862,-7.5,-0.00075,12.0825,-7.5,-0.00075,12.0837,-5.0,-0.00050,12.0837,-5.0,-0.00050,12.0850,-5.0,-0.00050,12.0850,-7.5,-0.00075,146.95
7,479134,1,0,30.34,1131.7,1194.7,922.4,0.0,4.9575,842.5,0.84250,12.0850,287.5,0.28750,12.0862,1190.0,0.03606,5.0812,697.5,0.06975,12.0850,1067.5,0.10675,12.0825,1335.0,0.13350,12.0862,295.0,0.02950,12.0862,-5.0,-0.00050,12.0862,-7.5,-0.00075,12.0837,-7.5,-0.00075,12.0850,-5.0,-0.00050,12.0850,-5.0,-0.00050,12.0850,-5.0,-0.00050,12.0862,-7.5,-0.00075,147.28
7,479470,1,0,30.11,920.3,1032.4,916.8,0.0,4.9587,835.0,0.83500,12.0837,282.5,0.28250,12.0850,1192.5,0.03614,5.0812,697.5,0.06975,12.0837,1065.0,0.10650,12.0813,1307.5,0.13075,12.0850,300.0,0.03000,12.0850,-5.0,-0.00050,12.0862,-7.5,-0.00075,12.0825,-7.5,-0.00075,12.0837,-5.0,-0.00050,12.0850,-5.0,-0.00050,12.0850,-5.0,-0.00050,12.0862,-7.5,-0.00075,147.61
7,479807,1,0,29.89,1144.2,1141.2,1254.6,0.0,4.9612,817.5,0.81750,12.0837,277.5,0.27750,12.0850,1192.5,0.03614,5.0812,697.5,0.06975,12.0837,1025.0,0.10250,12.0813,1295.0,0.12950,12.0850,295.0,0.02950,12.0850,-5.0,-0.00050,12.0862,-7.5,-0.00075,12.0837,-7.5,-0.00075,12.0837,-5.0,-0.00050,12.0850,-5.0,-0.00050,12.0850,-5.0,-0.00050,12.0862,-7.5,-0.00075,147.95
7,480143,1,0,29.67,1137.4,907.0,1173.1,0.0,4.9612,815.0,0.81500,12.0837,275.0,0.27500,12.0850,1187.5,0.03598,5.0812,697.5,0.06975,12.0837,1025.0,0.10250,12.0813,1277.5,0.12775,12.0850,287.5,0.02875,12.0850,-5.0,-0.00050,12.0862,-7.5,-0.00075,12.0825,-7.5,-0.00075,12.0837,-5.0,-0.00050,12.0850,-5.0,-0.00050,12.0850,-5.0,-0.00050,12.0862,-7.5,-0.00075,148.30
7,480479,1,0,29.44,1033.9,901.7,1081.9,0.0,4.9612,817.5,0.81750,12.0837,277.5,0.27750,12.0850,1187.5,0.03598,5.0812,697.5,0.06975,12.0837,1030.0,0.10300,12.0813,1282.5,0.12825,12.0850,295.0,0.02950,12.0850,-5.0,-0.00050,12.0862,-7.5,-0.00075,12.0825,-7.5,-0.00075,12.0837,-5.0,-0.00050,12.0850,-5.0,-0.00050,12.0850,-5.0,-0.00050,12.0862,-7.5,-0.00075,148.64
7,480836,1,0,29.20,899.6,1008.7,1121.0,0.0,4.9625,800.0,0.80000,12.0837,272.5,0.27250,12.0850,1187.5,0.03598,5.0812,697.5,0.06975,12.0837,1010.0,0.10100,12.0813,1267.5,0.12675,12.0850,282.5,0.02825,12.0850,-5.0,-0.00050,12.0862,-7.5,-0.00075,12.0825,-7.5,-0.00075,12.0837,-5.0,-0.00050,12.0850,-5.0,-0.00050,12.0850,-5.0,-0.00050,12.0862,-7.5,-0.00075,148.99
7,481173,1,0,28.98,894.3,1002.9,1154.5,0.0,4.9625,800.0,0.80000,12.0837,270.0,0.27000,12.0850,1190.0,0.03606,5.0812,697.5,0.06975,12.0837,1010.0,0.10100,12.0813,1267.5,0.12675,12.0850,280.0,0.02800,12.0850,-5.0,-0.00050,12.0862,-7.5,-0.00075,12.0825,-7.5,-0.00075,12.0837,-5.0,-0.00050,12.0837,-5.0,-0.00050,12.0850,-5.0,-0.00050,12.0862,-7.5,-0.00075,149.33
7,481509,1,0,28.76,1000.3,886.4,939.5,0.0,4.9625,802.5,0.80250,12.0837,272.5,0.27250,12.0850,1190.0,0.03606,5.0812,697.5,0.06975,12.0837,1012.5,0.10125,12.0813,1270.0,0.12700,12.0850,285.0,0.02850,12.0850,-5.0,-0.00050,12.0862,-7.5,-0.00075,12.0825,-7.5,-0.00075,12.0837,-5.0,-0.00050,12.0837,-5.0,-0.00050,12.0850,-5.0,-0.00050,12.0862,-7.5,-0.00075,149.66
7,481845,1,0,28.53,994.8,991.6,1102.3,0.0,4.9650,782.5,0.78250,12.0850,262.5,0.26250,12.0850,1190.0,0.03606,5.0812,697.5,0.06975,12.0850,970.0,0.09700,12.0825,1232.5,0.12325,12.0862,282.5,0.02825,12.0862,-5.0,-0.00050,12.0875,-7.5,-0.00075,12.0837,-7.5,-0.00075,12.0850,-5.0,-0.00050,12.0850,-5.0,-0.00050,12.0850,-5.0,-0.00050,12.0862,-7.5,-0.00075,150.00
7,482181,1,0,28.31,988.6,1204.7,1095.9,0.0,4.9650,782.5,0.78250,12.0837,262.5,0.26250,12.0850,1190.0,0.03606,5.0812,697.5,0.06975,12.0837,967.5,0.09675,12.0813,1232.5,0.12325,12.0850,280.0,0.02800,12.0850,-5.0,-0.00050,12.0862,-7.5,-0.00075,12.0825,-7.5,-0.00075,12.0837,-5.0,-0.00050,12.0850,-5.0,-0.00050,12.0850,-5.0,-0.00050,12.0862,-7.5,-0.00075,150.33
7,482518,1,0,28.08,1200.7,870.9,1089.6,0.0,4.9675,765.0,0.76500,12.0837,257.5,0.25750,12.0850,1190.0,0.03606,5.0812,700.0,0.07000,12.0837,960.0,0.09600,12.0825,1202.5,0.12025,12.0850,267.5,0.02675,12.0850,-5.0,-0.00050,12.0862,-7.5,-0.00075,12.0837,-7.5,-0.00075,12.0850,-5.0,-0.00050,12.0850,-5.0,-0.00050,12.0850,-5.0,-0.00050,12.0862,-7.5,-0.00075,150.68
7,482875,1,0,27.84,991.4,973.9,1082.2,0.0,4.9675,765.0,0.76500,12.0837,257.5,0.25750,12.0850,1190.0,0.03606,5.0812,697.5,0.06975,12.0837,962.5,0.09625,12.0813,1195.0,0.11950,12.0850,270.0,0.02700,12.0850,-5.0,-0.00050,12.0862,-7.5,-0.00075,12.0825,-7.5,-0.00075,12.0837,-5.0,-0.00050,12.0837,-5.0,-0.00050,12.0837,-5.0,-0.00050,12.0850,-7.5,-0.00075,151.02
7,483211,1,0,27.62,970.9,984.3,983.4,0.0,4.9650,777.5,0.77750,12.0837,262.5,0.26250,12.0837,1190.0,0.03606,5.0812,697.5,0.06975,12.0837,982.5,0.09825,12.0813,1222.5,0.12225,12.0850,270.0,0.02700,12.0850,-5.0,-0.00050,12.0862,-7.5,-0.00075,12.0825,-7.5,-0.00075,12.0837,-5.0,-0.00050,12.0837,-5.0,-0.00050,12.0850,-5.0,-0.00050,12.0850,-7.5,-0.00075,151.36
7,483547,1,0,27.40,858.8,1346.4,913.2,0.0,4.9687,750.0,0.75000,12.0837,252.5,0.25250,12.0850,1187.5,0.03598,5.0812,697.5,0.06975,12.0850,932.5,0.09325,12.0825,1170.0,0.11700,12.0862,265.0,0.02650,12.0862,-5.0,-0.00050,12.0862,-7.5,-0.00075,12.0837,-7.5,-0.00075,12.0850,-5.0,-0.00050,12.0850,-5.0,-0.00050,12.0850,-5.0,-0.00050,12.0862,-7.5,-0.00075,151.70
7,483884,1,0,27.17,1024.1,1064.0,1063.0,0.0,4.9700,745.0,0.74500,12.0837,250.0,0.25000,12.0850,1190.0,0.03606,5.0812,697.5,0.06975,12.0837,927.5,0.09275,12.0813,1165.0,0.11650,12.0850,262.5,0.02625,12.0850,-5.0,-0.00050,12.0862,-7.5,-0.00075,12.0825,-7.5,-0.00075,12.0837,-5.0,-0.00050,12.0837,-5.0,-0.00050,12.0850,-5.0,-0.00050,12.0850,-7.5,-0.00075,152.04
7,484220,1,0,26.95,969.4,1209.3,1014.3,0.0,4.9687,750.0,0.75000,12.0837,250.0,0.25000,12.0850,1190.0,0.03606,5.0812,697.5,0.06975,12.0837,932.5,0.09325,12.0813,1172.5,0.11725,12.0850,255.0,0.02550,12.0850,-5.0,-0.00050,12.0862,-7.5,-0.00075,12.0825,-7.5,-0.00075,12.0837,-5.0,-0.00050,12.0837,-5.0,-0.00050,12.0850,-5.0,-0.00050,12.0850,-7.5,-0.00075,152.37
7,484556,1,0,26.72,843.3,1052.7,1119.1,0.0,4.9713,732.5,0.73250,12.0837,245.0,0.24500,12.0850,1190.0,0.03606,5.0812,697.5,0.06975,12.0850,907.5,0.09075,12.0813,1137.5,0.11375,12.0850,257.5,0.02575,12.0850,-5.0,-0.00050,12.0862,-7.5,-0.00075,12.0837,-7.5,-0.00075,12.0837,-5.0,-0.00050,12.0850,-5.0,-0.00050,12.0850,-5.0,-0.00050,12.0862,-7.5,-0.00075,152.72
7,484913,1,0,26.49,838.5,1046.0,834.7,0.0,4.9700,745.0,0.74500,12.0837,250.0,0.25000,12.0837,1190.0,0.03606,5.0812,697.5,0.06975,12.0837,922.5,0.09225,12.0813,1160.0,0.11600,12.0850,260.0,0.02600,12.0850,-5.0,-0.00050,12.0862,-7.5,-0.00075,12.0825,-7.5,-0.00075,12.0837,-5.0,-0.00050,12.0837,-5.0,-0.00050,12.0850,-5.0,-0.00050,12.0850,-7.5,-0.00075,153.06
7,485250,1,0,26.26,1193.2,1111.1,885.4,0.0,4.9700,740.0,0.74000,12.0837,247.5,0.24750,12.0850,1192.5,0.03614,5.0812,697.5,0.06975,12.0837,932.5,0.09325,12.0813,1157.5,0.11575,12.0850,252.5,0.02525,12.0850,-5.0,-0.00050,12.0862,-7.5,-0.00075,12.0825,-7.5,-0.00075,12.0837,-5.0,-0.00050,12.0850,-5.0,-0.00050,12.0850,-5.0,-0.00050,12.0862,-7.5,-0.00075,153.39
7,485586,1,0,26.04,1038.5,1065.1,1060.4,0.0,4.9738,707.5,0.70750,12.0837,235.0,0.23500,12.0850,1190.0,0.03606,5.0812,697.5,0.06975,12.0837,885.0,0.08850,12.0825,1090.0,0.10900,12.0862,242.5,0.02425,12.0862,-5.0,-0.00050,12.0862,-7.5,-0.00075,12.0837,-7.5,-0.00075,12.0837,-5.0,-0.00050,12.0850,-5.0,-0.00050,12.0850,-5.0,-0.00050,12.0862,-7.5,-0.00075,153.73
7,485922,1,0,25.81,880.4,941.0,819.3,0.0,4.9738,712.5,0.71250,12.0837,237.5,0.23750,12.0837,1190.0,0.03606,5.0812,697.5,0.06975,12.0837,885.0,0.08850,12.0813,1105.0,0.11050,12.0850,240.0,0.02400,12.0850,-5.0,-0.00050,12.0862,-7.5,-0.00075,12.0825,-7.5,-0.00075,12.0837,-5.0,-0.00050,12.0837,-5.0,-0.00050,12.0837,-5.0,-0.00050,12.0850,-7.5,-0.00075,154.07
7,486258,1,0,25.59,1055.5,934.7,814.3,0.0,4.9750,700.0,0.70000,12.0837,232.5,0.23250,12.0850,1187.5,0.03598,5.0812,697.5,0.06975,12.0850,870.0,0.08700,12.0825,1082.5,0.10825,12.0850,240.0,0.02400,12.0850,-5.0,-0.00050,12.0862,-7.5,-0.00075,12.0825,-7.5,-0.00075,12.0837,-5.0,-0.00050,12.0850,-5.0,-0.00050,12.0850,-5.0,-0.00050,12.0862,-7.5,-0.00075,154.40
7,486595,1,0,25.36,815.8,928.3,1040.6,0.0,4.9775,685.0,0.68500,12.0837,225.0,0.22500,12.0850,1187.5,0.03598,5.0812,697.5,0.06975,12.0837,837.5,0.08375,12.0813,1060.0,0.10600,12.0850,240.0,0.02400,12.0850,-5.0,-0.00050,12.0862,-7.5,-0.00075,12.0825,-7.5,-0.00075,12.0837,-5.0,-0.00050,12.0837,-5.0,-0.00050,12.0850,-5.0,-0.00050,12.0850,-7.5,-0.00075,154.76
7,486952,1,0,25.13,925.5,806.8,1032.7,0.0,4.9762,695.0,0.69500,12.0837,230.0,0.23000,12.0837,1192.5,0.03614,5.0812,697.5,0.06975,12.0837,862.5,0.08625,12.0813,1065.0,0.10650,12.0850,232.5,0.02325,12.0850,-5.0,-0.00050,12.0862,-7.5,-0.00075,12.0825,-7.5,-0.00075,12.0837,-5.0,-0.00050,12.0837,-5.0,-0.00050,12.0850,-5.0,-0.00050,12.0850,-7.5,-0.00075,155.10
7,487288,1,0,24.90,920.1,1031.3,912.2,0.0,4.9775,685.0,0.68500,12.0837,225.0,0.22500,12.0850,1192.5,0.03614,5.0812,697.5,0.06975,12.0837,845.0,0.08450,12.0825,1045.0,0.10450,12.0850,235.0,0.02350,12.0850,-5.0,-0.00050,12.0862,-7.5,-0.00075,12.0825,-7.5,-0.00075,12.0837,-5.0,-0.00050,12.0837,-5.0,-0.00050,12.0850,-5.0,-0.00050,12.0862,-7.5,-0.00075,155.43
7,487624,1,0,24.68,800.1,911.2,906.3,0.0,4.9775,682.5,0.68250,12.0837,225.0,0.22500,12.0837,1187.5,0.03598,5.0812,697.5,0.06975,12.0837,837.5,0.08375,12.0813,1047.5,0.10475,12.0850,232.5,0.02325,12.0850,-5.0,-0.00050,12.0862,-7.5,-0.00075,12.0825,-7.5,-0.00075,12.0837,-5.0,-0.00050,12.0837,-5.0,-0.00050,12.0850,-5.0,-0.00050,12.0850,-7.5,-0.00075,155.77
7,487961,1,0,24.45,1135.6,792.7,788.2,0.0,4.9775,677.5,0.67750,12.0825,225.0,0.22500,12.0837,1192.5,0.03614,5.0812,697.5,0.06975,12.0837,840.0,0.08400,12.0813,1045.0,0.10450,12.0850,220.0,0.02200,12.0850,-5.0,-0.00050,12.0850,-7.5,-0.00075,12.0825,-7.5,-0.00075,12.0837,-5.0,-0.00050,12.0837,-5.0,-0.00050,12.0837,-5.0,-0.00050,12.0850,-7.5,-0.00075,156.11
7,488297,1,0,24.23,1015.8,788.3,782.7,0.0,4.9787,667.5,0.66750,12.0837,220.0,0.22000,12.0837,1185.0,0.03591,5.0812,697.5,0.06975,12.0837,825.0,0.08250,12.0813,1030.0,0.10300,12.0850,230.0,0.02300,12.0850,-5.0,-0.00050,12.0862,-7.5,-0.00075,12.0825,-7.5,-0.00075,12.0837,-5.0,-0.00050,12.0837,-5.0,-0.00050,12.0837,-5.0,-0.00050,12.0850,-7.5,-0.00075,156.45
7,488633,1,0,24.01,915.7,1230.3,837.8,0.0,4.9787,675.0,0.67500,12.0825,220.0,0.22000,12.0837,1190.0,0.03606,5.0812,697.5,0.06975,12.0837,820.0,0.08200,12.0813,1022.5,0.10225,12.0850,232.5,0.02325,12.0850,-5.0,-0.00050,12.0862,-7.5,-0.00075,12.0825,-7.5,-0.00075,12.0837,-5.0,-0.00050,12.0837,-5.0,-0.00050,12.0837,-5.0,-0.00050,12.0850,-7.5,-0.00075,156.79
7,488990,1,0,23.77,1001.9,888.8,903.1,0.0,4.9812,650.0,0.65000,12.0837,212.5,0.21250,12.0837,1192.5,0.03614,5.0812,697.5,0.06975,12.0837,797.5,0.07975,12.0813,1002.5,0.10025,12.0850,225.0,0.02250,12.0850,-5.0,-0.00050,12.0862,-7.5,-0.00075,12.0825,-7.5,-0.00075,12.0837,-5.0,-0.00050,12.0837,-5.0,-0.00050,12.0837,-5.0,-0.00050,12.0850,-7.5,-0.00075,157.15
7,489327,1,0,23.54,834.0,1102.3,769.1,0.0,4.9812,657.5,0.65750,12.0837,215.0,0.21500,12.0837,1187.5,0.03598,5.0812,697.5,0.06975,12.0837,792.5,0.07925,12.0813,1002.5,0.10025,12.0850,222.5,0.02225,12.0850,-5.0,-0.00050,12.0862,-7.5,-0.00075,12.0825,-7.5,-0.00075,12.0837,-5.0,-0.00050,12.0837,-5.0,-0.00050,12.0837,-5.0,-0.00050,12.0850,-7.5,-0.00075,157.48
7,489663,1,0,23.32,769.2,1062.3,1093.1,0.0,4.9812,657.5,0.65750,12.0837,215.0,0.21500,12.0837,1190.0,0.03606,5.0812,697.5,0.06975,12.0837,790.0,0.07900,12.0813,1005.0,0.10050,12.0850,225.0,0.02250,12.0850,-5.0,-0.00050,12.0862,-7.5,-0.00075,12.0825,-7.5,-0.00075,12.0837,-5.0,-0.00050,12.0837,-5.0,-0.00050,12.0837,-5.0,-0.00050,12.0850,-7.5,-0.00075,157.81
7,489999,1,0,23.10,981.6,870.6,887.5,0.0,4.9837,635.0,0.63500,12.0837,205.0,0.20500,12.0850,1190.0,0.03606,5.0812,697.5,0.06975,12.0837,762.5,0.07625,12.0813,965.0,0.09650,12.0850,212.5,0.02125,12.0850,-5.0,-0.00050,12.0862,-7.5,-0.00075,12.0825,-7.5,-0.00075,12.0837,-5.0,-0.00050,12.0837,-5.0,-0.00050,12.0837,-5.0,-0.00050,12.0850,-7.5,-0.00075,158.14
7,490335,1,0,22.87,1136.3,756.5,755.0,0.0,4.9825,640.0,0.64000,12.0837,207.5,0.20750,12.0837,1187.5,0.03598,5.0812,697.5,0.06975,12.0837,775.0,0.07750,12.0813,970.0,0.09700,12.0850,217.5,0.02175,12.0850,-5.0,-0.00050,12.0862,-7.5,-0.00075,12.0825,-7.5,-0.00075,12.0837,-5.0,-0.00050,12.0837,-5.0,-0.00050,12.0837,-5.0,-0.00050,12.0850,-7.5,-0.00075,158.48
7,490672,1,0,22.65,1004.1,858.5,923.7,0.0,4.9850,625.0,0.62500,12.0837,202.5,0.20250,12.0837,1187.5,0.03598,5.0812,697.5,0.06975,12.0837,752.5,0.07525,12.0813,940.0,0.09400,12.0850,212.5,0.02125,12.0850,-5.0,-0.00050,12.0862,-7.5,-0.00075,12.0825,-7.5,-0.00075,12.0837,-5.0,-0.00050,12.0837,-5.0,-0.00050,12.0850,-5.0,-0.00050,12.0850,-7.5,-0.00075,158.83
7,491029,1,0,22.41,747.6,1171.5,869.9,0.0,4.9850,625.0,0.62500,12.0825,202.5,0.20250,12.0837,1187.5,0.03598,5.0812,697.5,0.06975,12.0837,757.5,0.07575,12.0813,942.5,0.09425,12.0850,212.5,0.02125,12.0850,-5.0,-0.00050,12.0862,-7.5,-0.00075,12.0825,-7.5,-0.00075,12.0837,-5.0,-0.00050,12.0837,-5.0,-0.00050,12.0837,-5.0,-0.00050,12.0850,-7.5,-0.00075,159.18
7,491365,1,0,22.18,848.7,864.0,865.1,0.0,4.9850,625.0,0.62500,12.0837,202.5,0.20250,12.0850,1190.0,0.03606,5.0812,697.5,0.06975,12.0837,760.0,0.07600,12.0813,950.0,0.09500,12.0850,207.5,0.02075,12.0850,-5.0,-0.00050,12.0862,-7.5,-0.00075,12.0825,-7.5,-0.00075,12.0837,-5.0,-0.00050,12.0837,-5.0,-0.00050,12.0837,-5.0,-0.00050,12.0850,-7.5,-0.00075,159.51
7,491701,1,0,21.96,737.7,857.6,736.6,0.0,4.9875,602.5,0.60250,12.0837,192.5,0.19250,12.0837,1185.0,0.03591,5.0812,697.5,0.06975,12.0837,732.5,0.07325,12.0825,892.5,0.08925,12.0850,200.0,0.02000,12.0850,-5.0,-0.00050,12.0862,-7.5,-0.00075,12.0825,-7.5,-0.00075,12.0837,-5.0,-0.00050,12.0837,-5.0,-0.00050,12.0850,-5.0,-0.00050,12.0850,-7.5,-0.00075,159.84
7,492038,1,0,21.74,732.8,730.2,852.8,0.0,4.9875,602.5,0.60250,12.0825,192.5,0.19250,12.0837,1187.5,0.03598,5.0812,697.5,0.06975,12.0837,727.5,0.07275,12.0813,917.5,0.09175,12.0850,195.0,0.01950,12.0850,-5.0,-0.00050,12.0850,-7.5,-0.00075,12.0825,-7.5,-0.00075,12.0837,-5.0,-0.00050,12.0837,-5.0,-0.00050,12.0837,-5.0,-0.00050,12.0850,-7.5,-0.00075,160.18
7,492374,1,0,21.51,849.8,1087.9,847.1,0.0,4.9875,605.0,0.60500,12.0825,195.0,0.19500,12.0837,1190.0,0.03606,5.0812,697.5,0.06975,12.0837,732.5,0.07325,12.0813,902.5,0.09025,12.0850,200.0,0.02000,12.0850,-5.0,-0.00050,12.0850,-7.5,-0.00075,12.0825,-7.5,-0.00075,12.0837,-5.0,-0.00050,12.0837,-5.0,-0.00050,12.0837,-5.0,-0.00050,12.0850,-7.5,-0.00075,160.52
7,492710,1,0,21.29,844.5,926.2,888.1,0.0,4.9887,592.5,0.59250,12.0825,190.0,0.19000,12.0837,1190.0,0.03606,5.0812,697.5,0.06975,12.0837,705.0,0.07050,12.0813,880.0,0.08800,12.0850,195.0,0.01950,12.0850,-5.0,-0.00050,12.0862,-7.5,-0.00075,12.0825,-7.5,-0.00075,12.0837,-5.0,-0.00050,12.0837,-5.0,-0.00050,12.0837,-5.0,-0.00050,12.0850,-7.5,-0.00075,160.87
7,493067,1,0,21.05,717.7,834.1,716.4,0.0,4.9887,595.0,0.59500,12.0825,190.0,0.19000,12.0837,1190.0,0.03606,5.0812,697.5,0.06975,12.0837,707.5,0.07075,12.0813,887.5,0.08875,12.0850,190.0,0.01900,12.0850,-5.0,-0.00050,12.0850,-7.5,-0.00075,12.0825,-7.5,-0.00075,12.0837,-5.0,-0.00050,12.0837,-5.0,-0.00050,12.0837,-5.0,-0.00050,12.0850,-7.5,-0.00075,161.21
7,493404,1,0,20.83,712.4,873.0,829.3,0.0,4.9900,580.0,0.58000,12.0837,185.0,0.18500,12.0837,1192.5,0.03614,5.0812,697.5,0.06975,12.0850,687.5,0.06875,12.0813,867.5,0.08675,12.0850,185.0,0.01850,12.0850,-5.0,-0.00050,12.0862,-7.5,-0.00075,12.0825,-7.5,-0.00075,12.0837,-5.0,-0.00050,12.0837,-5.0,-0.00050,12.0837,-5.0,-0.00050,12.0850,-7.5,-0.00075,161.56
7,493740,1,0,20.60,942.2,1055.9,940.6,0.0,4.9900,577.5,0.57750,12.0825,182.5,0.18250,12.0837,1187.5,0.03598,5.0812,697.5,0.06975,12.0837,682.5,0.06825,12.0813,865.0,0.08650,12.0850,185.0,0.01850,12.0850,-5.0,-0.00050,12.0862,-7.5,-0.00075,12.0825,-7.5,-0.00075,12.0837,-5.0,-0.00050,12.0837,-5.0,-0.00050,12.0837,-5.0,-0.00050,12.0850,-7.5,-0.00075,161.88
7,494076,1,0,20.38,935.3,968.1,933.5,0.0,4.9900,580.0,0.58000,12.0837,182.5,0.18250,12.0837,1187.5,0.03598,5.0812,697.5,0.06975,12.0837,690.0,0.06900,12.0813,860.0,0.08600,12.0850,187.5,0.01875,12.0850,-5.0,-0.00050,12.0862,-7.5,-0.00075,12.0825,-7.5,-0.00075,12.0837,-5.0,-0.00050,12.0837,-5.0,-0.00050,12.0850,-5.0,-0.00050,12.0850,-7.5,-0.00075,162.23
7,494412,1,0,20.15,812.7,925.2,810.5,0.0,4.9925,567.5,0.56750,12.0825,180.0,0.18000,12.0837,1187.5,0.03598,5.0812,697.5,0.06975,12.0837,680.0,0.06800,12.0813,845.0,0.08450,12.0850,182.5,0.01825,12.0850,-5.0,-0.00050,12.0862,-7.5,-0.00075,12.0825,-7.5,-0.00075,12.0837,-5.0,-0.00050,12.0837,-5.0,-0.00050,12.0837,-5.0,-0.00050,12.0850,-7.5,-0.00075,162.57
7,494749,1,0,19.93,830.5,751.3,804.7,0.0,4.9925,565.0,0.56500,12.0837,177.5,0.17750,12.0837,1190.0,0.03606,5.0812,697.5,0.06975,12.0837,675.0,0.06750,12.0813,835.0,0.08350,12.0850,180.0,0.01800,12.0850,-5.0,-0.00050,12.0862,-7.5,-0.00075,12.0825,-7.5,-0.00075,12.0837,-5.0,-0.00050,12.0837,-5.0,-0.00050,12.0837,-5.0,-0.00050,12.0850,-7.5,-0.00075,162.91
7,495106,1,0,19.69,686.1,745.0,798.5,0.0,4.9938,555.0,0.55500,12.0837,175.0,0.17500,12.0837,1192.5,0.03614,5.0812,697.5,0.06975,12.0837,650.0,0.06500,12.0813,832.5,0.08325,12.0850,182.5,0.01825,12.0850,-5.0,-0.00050,12.0862,-7.5,-0.00075,12.0825,-7.5,-0.00075,12.0837,-5.0,-0.00050,12.0837,-5.0,-0.00050,12.0837,-5.0,-0.00050,12.0850,-7.5,-0.00075,163.25
7,495442,1,0,19.47,742.9,791.5,680.4,0.0,4.9938,557.5,0.55750,12.0825,175.0,0.17500,12.0837,1185.0,0.03591,5.0812,697.5,0.06975,12.0837,655.0,0.06550,12.0813,825.0,0.08250,12.0850,177.5,0.01775,12.0850,-5.0,-0.00050,12.0862,-7.5,-0.00075,12.0825,-7.5,-0.00075,12.0837,-5.0,-0.00050,12.0837,-5.0,-0.00050,12.0837,-5.0,-0.00050,12.0850,-7.5,-0.00075,163.59
7,495778,1,0,19.24,676.2,786.4,787.0,0.0,4.9925,567.5,0.56750,12.0825,180.0,0.18000,12.0837,1190.0,0.03606,5.0812,697.5,0.06975,12.0837,690.0,0.06900,12.0813,835.0,0.08350,12.0850,172.5,0.01725,12.0850,-5.0,-0.00050,12.0850,-7.5,-0.00075,12.0825,-7.5,-0.00075,12.0837,-5.0,-0.00050,12.0837,-5.0,-0.00050,12.0837,-5.0,-0.00050,12.0850,-7.5,-0.00075,163.92
7,496115,1,0,19.02,806.7,939.6,780.7,0.0,4.9925,562.5,0.56250,12.0837,177.5,0.17750,12.0837,1187.5,0.03598,5.0812,697.5,0.06975,12.0837,677.5,0.06775,12.0813,827.5,0.08275,12.0850,167.5,0.01675,12.0850,-5.0,-0.00050,12.0862,-7.5,-0.00075,12.0825,-7.5,-0.00075,12.0837,-5.0,-0.00050,12.0837,-5.0,-0.00050,12.0837,-5.0,-0.00050,12.0850,-7.5,-0.00075,164.26
7,496451,1,0,18.79,779.4,999.8,663.7,0.0,4.9950,545.0,0.54500,12.0837,170.0,0.17000,12.0837,1187.5,0.03598,5.0812,697.5,0.06975,12.0837,647.5,0.06475,12.0813,792.5,0.07925,12.0850,167.5,0.01675,12.0850,-5.0,-0.00050,12.0862,-7.5,-0.00075,12.0825,-7.5,-0.00075,12.0837,-5.0,-0.00050,12.0837,-5.0,-0.00050,12.0837,-5.0,-0.00050,12.0850,-7.5,-0.00075,164.59
7,496787,1,0,18.57,663.4,993.0,719.4,0.0,4.9938,550.0,0.55000,12.0825,172.5,0.17250,12.0837,1187.5,0.03598,5.0812,697.5,0.06975,12.0837,665.0,0.06650,12.0813,810.0,0.08100,12.0850,165.0,0.01650,12.0850,-5.0,-0.00050,12.0850,-7.5,-0.00075,12.0825,-7.5,-0.00075,12.0837,-5.0,-0.00050,12.0837,-5.0,-0.00050,12.0837,-5.0,-0.00050,12.0850,-7.5,-0.00075,164.95
7,497144,1,0,18.33,658.6,657.3,653.4,0.0,4.9962,537.5,0.53750,12.0825,167.5,0.16750,12.0837,1190.0,0.03606,5.0812,697.5,0.06975,12.0837,635.0,0.06350,12.0813,792.5,0.07925,12.0850,167.5,0.01675,12.0850,-5.0,-0.00050,12.0862,-7.5,-0.00075,12.0825,-7.5,-0.00075,12.0825,-5.0,-0.00050,12.0837,-5.0,-0.00050,12.0837,-5.0,-0.00050,12.0850,-7.5,-0.00075,165.29
7,497481,1,0,18.11,652.5,830.0,775.9,0.0,4.9962,530.0,0.53000,12.0825,165.0,0.16500,12.0837,1187.5,0.03598,5.0812,697.5,0.06975,12.0837,612.5,0.06125,12.0813,777.5,0.07775,12.0850,167.5,0.01675,12.0850,-5.0,-0.00050,12.0862,-7.5,-0.00075,12.0825,-7.5,-0.00075,12.0837,-5.0,-0.00050,12.0837,-5.0,-0.00050,12.0837,-5.0,-0.00050,12.0850,-7.5,-0.00075,165.63
7,497817,1,0,17.88,647.7,775.4,642.6,0.0,4.9962,537.5,0.53750,12.0825,165.0,0.16500,12.0837,1185.0,0.03591,5.0812,697.5,0.06975,12.0837,642.5,0.06425,12.0813,780.0,0.07800,12.0850,162.5,0.01625,12.0850,-5.0,-0.00050,12.0862,-7.5,-0.00075,12.0825,-7.5,-0.00075,12.0837,-5.0,-0.00050,12.0837,-5.0,-0.00050,12.0837,-5.0,-0.00050,12.0850,-7.5,-0.00075,165.96
7,498153,1,0,17.66,702.1,641.6,743.9,0.0,4.9975,527.5,0.52750,12.0837,165.0,0.16500,12.0837,1187.5,0.03598,5.0812,697.5,0.06975,12.0837,617.5,0.06175,12.0813,777.5,0.07775,12.0850,160.0,0.01600,12.0850,-5.0,-0.00050,12.0850,-7.5,-0.00075,12.0825,-7.5,-0.00075,12.0837,-5.0,-0.00050,12.0837,-5.0,-0.00050,12.0837,-5.0,-0.00050,12.0850,-7.5,-0.00075,166.30
7,498489,1,0,17.44,696.4,742.8,631.7,0.0,4.9975,527.5,0.52750,12.0825,165.0,0.16500,12.0837,1187.5,0.03598,5.0812,697.5,0.06975,12.0837,617.5,0.06175,12.0813,762.5,0.07625,12.0850,162.5,0.01625,12.0850,-5.0,-0.00050,12.0862,-7.5,-0.00075,12.0825,-7.5,-0.00075,12.0837,-5.0,-0.00050,12.0837,-5.0,-0.00050,12.0837,-5.0,-0.00050,12.0850,-7.5,-0.00075,166.64
7,498826,1,0,17.21,761.5,757.9,913.8,0.0,4.9975,522.5,0.52250,12.0825,160.0,0.16000,12.0837,1187.5,0.03598,5.0812,697.5,0.06975,12.0837,620.0,0.06200,12.0813,752.5,0.07525,12.0850,157.5,0.01575,12.0850,-5.0,-0.00050,12.0862,-7.5,-0.00075,12.0825,-7.5,-0.00075,12.0837,-5.0,-0.00050,12.0837,-5.0,-0.00050,12.0837,-5.0,-0.00050,12.0850,-7.5,-0.00075,166.99
7,499183,1,0,16.97,629.4,798.2,745.4,0.0,4.9987,512.5,0.51250,12.0837,157.5,0.15750,12.0837,1190.0,0.03606,5.0812,697.5,0.06975,12.0837,597.5,0.05975,12.0825,740.0,0.07400,12.0850,160.0,0.01600,12.0850,-5.0,-0.00050,12.0862,-7.5,-0.00075,12.0825,-7.5,-0.00075,12.0837,-5.0,-0.00050,12.0837,-5.0,-0.00050,12.0837,-5.0,-0.00050,12.0850,-7.5,-0.00075,167.34
7,499519,1,0,16.75,747.6,622.2,741.3,0.0,5.0000,505.0,0.50500,12.0837,155.0,0.15500,12.0837,1187.5,0.03598,5.0812,697.5,0.06975,12.0850,587.5,0.05875,12.0825,730.0,0.07300,12.0850,157.5,0.01575,12.0850,-5.0,-0.00050,12.0862,-7.5,-0.00075,12.0825,-7.5,-0.00075,12.0837,-5.0,-0.00050,12.0837,-5.0,-0.00050,12.0837,-5.0,-0.00050,12.0850,-7.5,-0.00075,167.67
7,499855,1,0,16.52,618.1,988.0,732.2,0.0,5.0000,500.0,0.50000,12.0837,152.5,0.15250,12.0850,1187.5,0.03598,5.0812,697.5,0.06975,12.0850,575.0,0.05750,12.0825,717.5,0.07175,12.0850,150.0,0.01500,12.0850,-5.0,-0.00050,12.0862,-7.5,-0.00075,12.0825,-7.5,-0.00075,12.0837,-5.0,-0.00050,12.0837,-5.0,-0.00050,12.0837,-5.0,-0.00050,12.0850,-7.5,-0.00075,168.00
7,500192,1,0,16.30,668.8,733.6,662.5,0.0,5.0000,505.0,0.50500,12.0825,155.0,0.15500,12.0837,1187.5,0.03598,5.0812,697.5,0.06975,12.0837,575.0,0.05750,12.0813,725.0,0.07250,12.0850,155.0,0.01550,12.0850,-5.0,-0.00050,12.0862,-7.5,-0.00075,12.0825,-7.5,-0.00075,12.0837,-5.0,-0.00050,12.0837,-5.0,-0.00050,12.0837,-5.0,-0.00050,12.0850,-7.5,-0.00075,168.34
7,500528,1,0,16.08,607.9,727.7,983.6,0.0,5.0000,497.5,0.49750,12.0825,152.5,0.15250,12.0837,1187.5,0.03598,5.0812,697.5,0.06975,12.0837,577.5,0.05775,12.0813,720.0,0.07200,12.0850,150.0,0.01500,12.0850,-5.0,-0.00050,12.0862,-7.5,-0.00075,12.0825,-7.5,-0.00075,12.0837,-5.0,-0.00050,12.0837,-5.0,-0.00050,12.0837,-5.0,-0.00050,12.0850,-7.5,-0.00075,168.67
7,500864,1,0,15.85,767.6,721.4,595.7,0.0,5.0012,492.5,0.49250,12.0825,150.0,0.15000,12.0837,1185.0,0.03591,5.0812,697.5,0.06975,12.0837,570.0,0.05700,12.0813,702.5,0.07025,12.0850,150.0,0.01500,12.0850,-5.0,-0.00050,12.0862,-7.5,-0.00075,12.0825,-7.5,-0.00075,12.0837,-5.0,-0.00050,12.0837,-5.0,-0.00050,12.0837,-5.0,-0.00050,12.0850,-7.5,-0.00075,169.02
7,501221,1,0,15.61,717.2,833.8,591.6,0.0,5.0012,497.5,0.49750,12.0825,150.0,0.15000,12.0837,1190.0,0.03606,5.0812,697.5,0.06975,12.0837,572.5,0.05725,12.0813,707.5,0.07075,12.0850,155.0,0.01550,12.0850,-5.0,-0.00050,12.0862,-7.5,-0.00075,12.0825,-7.5,-0.00075,12.0837,-5.0,-0.00050,12.0837,-5.0,-0.00050,12.0837,-5.0,-0.00050,12.0850,-7.5,-0.00075,169.37
7,501558,1,0,15.39,829.8,655.4,704.6,0.0,5.0025,485.0,0.48500,12.0837,145.0,0.14500,12.0837,1190.0,0.03606,5.0812,697.5,0.06975,12.0850,555.0,0.05550,12.0825,687.5,0.06875,12.0850,145.0,0.01450,12.0850,-5.0,-0.00050,12.0862,-7.5,-0.00075,12.0825,-7.5,-0.00075,12.0837,-5.0,-0.00050,12.0837,-5.0,-0.00050,12.0837,-5.0,-0.00050,12.0850,-7.5,-0.00075,169.70
7,501894,1,0,15.17,587.1,585.0,582.6,0.0,5.0025,485.0,0.48500,12.0825,147.5,0.14750,12.0837,1190.0,0.03606,5.0812,697.5,0.06975,12.0837,552.5,0.05525,12.0813,700.0,0.07000,12.0850,150.0,0.01500,12.0850,-5.0,-0.00050,12.0850,-7.5,-0.00075,12.0825,-7.5,-0.00075,12.0837,-5.0,-0.00050,12.0837,-5.0,-0.00050,12.0837,-5.0,-0.00050,12.0850,-7.5,-0.00075,170.04
7,502230,1,0,14.94,582.1,902.2,579.6,0.0,5.0012,487.5,0.48750,12.0825,150.0,0.15000,12.0837,1192.5,0.03614,5.0812,697.5,0.06975,12.0837,557.5,0.05575,12.0813,707.5,0.07075,12.0850,150.0,0.01500,12.0850,-5.0,-0.00050,12.0850,-7.5,-0.00075,12.0825,-7.5,-0.00075,12.0837,-5.0,-0.00050,12.0837,-5.0,-0.00050,12.0837,-5.0,-0.00050,12.0850,-7.5,-0.00075,170.38
7,502566,1,0,14.72,770.0,920.8,717.4,0.0,5.0037,477.5,0.47750,12.0825,145.0,0.14500,12.0837,1187.5,0.03598,5.0812,697.5,0.06975,12.0837,540.0,0.05400,12.0813,682.5,0.06825,12.0850,147.5,0.01475,12.0850,-5.0,-0.00050,12.0862,-7.5,-0.00075,12.0825,-7.5,-0.00075,12.0837,-5.0,-0.00050,12.0837,-5.0,-0.00050,12.0837,-5.0,-0.00050,12.0850,-7.5,-0.00075,170.71
7,502903,1,0,14.49,686.8,633.2,682.4,0.0,5.0037,477.5,0.47750,12.0825,142.5,0.14250,12.0837,1187.5,0.03598,5.0812,697.5,0.06975,12.0837,542.5,0.05425,12.0813,675.0,0.06750,12.0850,147.5,0.01475,12.0850,-5.0,-0.00050,12.0862,-7.5,-0.00075,12.0825,-7.5,-0.00075,12.0837,-5.0,-0.00050,12.0837,-5.0,-0.00050,12.0837,-5.0,-0.00050,12.0850,-7.5,-0.00075,171.06
7,503260,1,0,14.25,679.0,677.2,705.0,0.0,5.0037,470.0,0.47000,12.0825,140.0,0.14000,12.0837,1187.5,0.03598,5.0812,697.5,0.06975,12.0837,525.0,0.05250,12.0813,667.5,0.06675,12.0850,137.5,0.01375,12.0850,-5.0,-0.00050,12.0862,-7.5,-0.00075,12.0825,-7.5,-0.00075,12.0837,-5.0,-0.00050,12.0837,-5.0,-0.00050,12.0837,-5.0,-0.00050,12.0850,-7.5,-0.00075,171.41
7,503596,1,0,14.03,560.5,698.6,784.2,0.0,5.0037,467.5,0.46750,12.0825,140.0,0.14000,12.0837,1190.0,0.03606,5.0812,697.5,0.06975,12.0837,527.5,0.05275,12.0825,662.5,0.06625,12.0850,142.5,0.01425,12.0850,-5.0,-0.00050,12.0862,-7.5,-0.00075,12.0825,-7.5,-0.00075,12.0837,-5.0,-0.00050,12.0837,-5.0,-0.00050,12.0837,-5.0,-0.00050,12.0850,-7.5,-0.00075,171.74
7,503932,1,0,13.81,741.1,554.2,693.0,0.0,5.0050,467.5,0.46750,12.0825,140.0,0.14000,12.0837,1185.0,0.03591,5.0812,697.5,0.06975,12.0837,527.5,0.05275,12.0813,670.0,0.06700,12.0850,137.5,0.01375,12.0850,-5.0,-0.00050,12.0862,-7.5,-0.00075,12.0825,-7.5,-0.00075,12.0837,-5.0,-0.00050,12.0837,-5.0,-0.00050,12.0837,-5.0,-0.00050,12.0850,-7.5,-0.00075,172.07
7,504269,1,0,13.58,550.7,769.4,687.3,0.0,5.0062,457.5,0.45750,12.0837,137.5,0.13750,12.0837,1187.5,0.03598,5.0812,697.5,0.06975,12.0850,517.5,0.05175,12.0825,642.5,0.06425,12.0850,137.5,0.01375,12.0850,-5.0,-0.00050,12.0862,-7.5,-0.00075,12.0825,-7.5,-0.00075,12.0837,-5.0,-0.00050,12.0837,-5.0,-0.00050,12.0850,-5.0,-0.00050,12.0850,-7.5,-0.00075,172.41
7,504605,1,0,13.36,545.4,653.4,845.8,0.0,5.0050,460.0,0.46000,12.0837,135.0,0.13500,12.0837,1187.5,0.03598,5.0812,697.5,0.06975,12.0850,515.0,0.05150,12.0825,647.5,0.06475,12.0850,135.0,0.01350,12.0850,-5.0,-0.00050,12.0862,-7.5,-0.00075,12.0825,-7.5,-0.00075,12.0837,-5.0,-0.00050,12.0837,-5.0,-0.00050,12.0850,-5.0,-0.00050,12.0850,-7.5,-0.00075,172.75
7,504941,1,0,13.13,540.8,647.5,540.3,0.0,5.0050,460.0,0.46000,12.0837,137.5,0.13750,12.0837,1190.0,0.03606,5.0812,697.5,0.06975,12.0837,520.0,0.05200,12.0825,650.0,0.06500,12.0850,135.0,0.01350,12.0850,-5.0,-0.00050,12.0862,-7.5,-0.00075,12.0825,-7.5,-0.00075,12.0837,-5.0,-0.00050,12.0837,-5.0,-0.00050,12.0837,-5.0,-0.00050,12.0850,-7.5,-0.00075,173.10
7,505298,1,0,12.90,535.4,711.1,641.5,0.0,5.0062,450.0,0.45000,12.0837,132.5,0.13250,12.0837,1182.5,0.03583,5.0812,697.5,0.06975,12.0850,502.5,0.05025,12.0825,632.5,0.06325,12.0850,130.0,0.01300,12.0850,-5.0,-0.00050,12.0862,-7.5,-0.00075,12.0825,-7.5,-0.00075,12.0837,-5.0,-0.00050,12.0837,-5.0,-0.00050,12.0837,-5.0,-0.00050,12.0850,-7.5,-0.00075,173.44
7,505635,1,0,12.67,794.9,792.9,635.0,0.0,5.0062,450.0,0.45000,12.0837,132.5,0.13250,12.0837,1187.5,0.03598,5.0812,697.5,0.06975,12.0850,502.5,0.05025,12.0825,637.5,0.06375,12.0850,130.0,0.01300,12.0850,-5.0,-0.00050,12.0862,-7.5,-0.00075,12.0825,-7.5,-0.00075,12.0837,-5.0,-0.00050,12.0837,-5.0,-0.00050,12.0850,-5.0,-0.00050,12.0850,-7.5,-0.00075,173.78
7,505971,1,0,12.45,656.2,654.1,628.3,0.0,5.0075,442.5,0.44250,12.0837,130.0,0.13000,12.0837,1190.0,0.03606,5.0812,697.5,0.06975,12.0850,490.0,0.04900,12.0825,615.0,0.06150,12.0850,125.0,0.01250,12.0850,-5.0,-0.00050,12.0862,-7.5,-0.00075,12.0825,-7.5,-0.00075,12.0837,-5.0,-0.00050,12.0837,-5.0,-0.00050,12.0850,-5.0,-0.00050,12.0850,-7.5,-0.00075,174.12
7,506307,1,0,12.22,728.2,517.8,649.0,0.0,5.0075,442.5,0.44250,12.0825,130.0,0.13000,12.0837,1187.5,0.03598,5.0812,697.5,0.06975,12.0850,492.5,0.04925,12.0813,610.0,0.06100,12.0850,127.5,0.01275,12.0850,-5.0,-0.00050,12.0862,-7.5,-0.00075,12.0825,-7.5,-0.00075,12.0837,-5.0,-0.00050,12.0837,-5.0,-0.00050,12.0837,-5.0,-0.00050,12.0850,-7.5,-0.00075,174.46
7,506643,1,0,12.00,687.4,770.6,513.9,0.0,5.0062,447.5,0.44750,12.0837,132.5,0.13250,12.0837,1190.0,0.03606,5.0812,697.5,0.06975,12.0837,500.0,0.05000,12.0825,640.0,0.06400,12.0850,127.5,0.01275,12.0850,-5.0,-0.00050,12.0862,-7.5,-0.00075,12.0825,-7.5,-0.00075,12.0837,-5.0,-0.00050,12.0837,-5.0,-0.00050,12.0837,-5.0,-0.00050,12.0850,-7.5,-0.00075,174.79
7,506980,1,0,11.77,510.8,509.6,635.6,0.0,5.0087,435.0,0.43500,12.0837,127.5,0.12750,12.0837,1187.5,0.03598,5.0812,697.5,0.06975,12.0850,482.5,0.04825,12.0825,597.5,0.05975,12.0850,120.0,0.01200,12.0850,-5.0,-0.00050,12.0862,-7.5,-0.00075,12.0825,-7.5,-0.00075,12.0837,-5.0,-0.00050,12.0837,-5.0,-0.00050,12.0850,-5.0,-0.00050,12.0862,-7.5,-0.00075,175.14
7,507337,1,0,11.54,561.2,756.2,503.0,0.0,5.0087,435.0,0.43500,12.0837,127.5,0.12750,12.0837,1187.5,0.03598,5.0812,697.5,0.06975,12.0850,482.5,0.04825,12.0825,602.5,0.06025,12.0850,122.5,0.01225,12.0850,-5.0,-0.00050,12.0862,-7.5,-0.00075,12.0825,-7.5,-0.00075,12.0837,-5.0,-0.00050,12.0837,-5.0,-0.00050,12.0850,-5.0,-0.00050,12.0850,-7.5,-0.00075,175.48
7,507673,1,0,11.31,555.9,499.0,662.1,0.0,5.0087,435.0,0.43500,12.0825,127.5,0.12750,12.0837,1185.0,0.03591,5.0812,697.5,0.06975,12.0850,482.5,0.04825,12.0825,605.0,0.06050,12.0850,120.0,0.01200,12.0850,-5.0,-0.00050,12.0862,-7.5,-0.00075,12.0825,-7.5,-0.00075,12.0837,-5.0,-0.00050,12.0837,-5.0,-0.00050,12.0837,-5.0,-0.00050,12.0850,-7.5,-0.00075,175.82
7,508009,1,0,11.09,495.8,743.0,616.0,0.0,5.0100,425.0,0.42500,12.0837,122.5,0.12250,12.0837,1187.5,0.03598,5.0812,697.5,0.06975,12.0850,465.0,0.04650,12.0825,587.5,0.05875,12.0850,120.0,0.01200,12.0850,-5.0,-0.00050,12.0862,-7.5,-0.00075,12.0825,-7.5,-0.00075,12.0837,-5.0,-0.00050,12.0837,-5.0,-0.00050,12.0837,-5.0,-0.00050,12.0850,-7.5,-0.00075,176.17
7,508346,1,0,10.86,489.6,489.2,489.0,0.0,5.0100,425.0,0.42500,12.0825,122.5,0.12250,12.0837,1187.5,0.03598,5.0812,697.5,0.06975,12.0837,465.0,0.04650,12.0813,587.5,0.05875,12.0850,120.0,0.01200,12.0850,-5.0,-0.00050,12.0850,-7.5,-0.00075,12.0825,-7.5,-0.00075,12.0837,-5.0,-0.00050,12.0837,-5.0,-0.00050,12.0837,-5.0,-0.00050,12.0850,-7.5,-0.00075,176.50
7,508682,1,0,10.64,485.3,692.6,482.2,0.0,5.0087,432.5,0.43250,12.0825,127.5,0.12750,12.0837,1190.0,0.03606,5.0812,697.5,0.06975,12.0837,482.5,0.04825,12.0813,602.5,0.06025,12.0850,115.0,0.01150,12.0850,-5.0,-0.00050,12.0862,-7.5,-0.00075,12.0825,-7.5,-0.00075,12.0837,-5.0,-0.00050,12.0837,-5.0,-0.00050,12.0837,-5.0,-0.00050,12.0850,-7.5,-0.00075,176.83
7,509018,1,0,10.42,601.1,533.9,477.5,0.0,5.0100,422.5,0.42250,12.0825,122.5,0.12250,12.0837,1185.0,0.03591,5.0812,697.5,0.06975,12.0850,467.5,0.04675,12.0825,585.0,0.05850,12.0850,117.5,0.01175,12.0850,-5.0,-0.00050,12.0862,-7.5,-0.00075,12.0825,-7.5,-0.00075,12.0837,-5.0,-0.00050,12.0837,-5.0,-0.00050,12.0837,-5.0,-0.00050,12.0850,-7.5,-0.00075,177.18
7,509375,1,0,10.18,477.4,634.9,472.6,0.0,5.0100,425.0,0.42500,12.0825,122.5,0.12250,12.0837,1187.5,0.03598,5.0812,697.5,0.06975,12.0837,470.0,0.04700,12.0825,580.0,0.05800,12.0850,120.0,0.01200,12.0850,-5.0,-0.00050,12.0862,-7.5,-0.00075,12.0825,-7.5,-0.00075,12.0837,-5.0,-0.00050,12.0837,-5.0,-0.00050,12.0837,-5.0,-0.00050,12.0850,-7.5,-0.00075,177.52
7,509712,1,0,9.95,472.6,733.6,585.8,0.0,5.0100,422.5,0.42250,12.0825,122.5,0.12250,12.0837,1187.5,0.03598,5.0812,697.5,0.06975,12.0837,470.0,0.04700,12.0813,582.5,0.05825,12.0850,115.0,0.01150,12.0850,-5.0,-0.00050,12.0862,-7.5,-0.00075,12.0825,-7.5,-0.00075,12.0837,-5.0,-0.00050,12.0837,-5.0,-0.00050,12.0837,-5.0,-0.00050,12.0850,-7.5,-0.00075,177.86
7,510048,1,0,9.73,468.1,583.8,462.0,0.0,5.0113,410.0,0.41000,12.0837,117.5,0.11750,12.0837,1185.0,0.03591,5.0812,697.5,0.06975,12.0850,452.5,0.04525,12.0825,555.0,0.05550,12.0850,115.0,0.01150,12.0850,-5.0,-0.00050,12.0862,-7.5,-0.00075,12.0825,-7.5,-0.00075,12.0837,-5.0,-0.00050,12.0837,-5.0,-0.00050,12.0837,-5.0,-0.00050,12.0850,-7.5,-0.00075,178.19
7,510384,1,0,9.51,694.0,462.5,459.3,0.0,5.0113,412.5,0.41250,12.0825,117.5,0.11750,12.0837,1190.0,0.03606,5.0812,697.5,0.06975,12.0837,450.0,0.04500,12.0813,562.5,0.05625,12.0850,105.0,0.01050,12.0850,-5.0,-0.00050,12.0862,-7.5,-0.00075,12.0825,-7.5,-0.00075,12.0837,-5.0,-0.00050,12.0837,-5.0,-0.00050,12.0837,-5.0,-0.00050,12.0850,-7.5,-0.00075,178.53
7,510720,1,0,9.28,457.1,456.6,451.5,0.0,5.0125,405.0,0.40500,12.0837,115.0,0.11500,12.0837,1185.0,0.03591,5.0812,697.5,0.06975,12.0850,432.5,0.04325,12.0825,550.0,0.05500,12.0850,107.5,0.01075,12.0850,-5.0,-0.00050,12.0862,-7.5,-0.00075,12.0825,-7.5,-0.00075,12.0837,-5.0,-0.00050,12.0837,-5.0,-0.00050,12.0850,-5.0,-0.00050,12.0850,-7.5,-0.00075,178.86
7,511057,1,0,9.06,518.2,452.1,449.1,0.0,5.0125,405.0,0.40500,12.0825,115.0,0.11500,12.0837,1187.5,0.03598,5.0812,697.5,0.06975,12.0850,440.0,0.04400,12.0825,550.0,0.05500,12.0850,112.5,0.01125,12.0850,-5.0,-0.00050,12.0862,-7.5,-0.00075,12.0825,-7.5,-0.00075,12.0837,-5.0,-0.00050,12.0837,-5.0,-0.00050,12.0837,-5.0,-0.00050,12.0850,-7.5,-0.00075,179.21
7,511414,1,0,8.82,448.0,446.3,554.2,0.0,5.0125,405.0,0.40500,12.0837,115.0,0.11500,12.0837,1190.0,0.03606,5.0812,697.5,0.06975,12.0850,437.5,0.04375,12.0825,550.0,0.05500,12.0850,105.0,0.01050,12.0850,-5.0,-0.00050,12.0862,-7.5,-0.00075,12.0825,-7.5,-0.00075,12.0837,-5.0,-0.00050,12.0837,-5.0,-0.00050,12.0850,-5.0,-0.00050,12.0862,-7.5,-0.00075,179.56
7,511750,1,0,8.59,444.0,590.2,437.5,0.0,5.0138,397.5,0.39750,12.0837,112.5,0.11250,12.0837,1185.0,0.03591,5.0812,697.5,0.06975,12.0850,427.5,0.04275,12.0825,535.0,0.05350,12.0850,105.0,0.01050,12.0850,-5.0,-0.00050,12.0862,-7.5,-0.00075,12.0825,-7.5,-0.00075,12.0837,-5.0,-0.00050,12.0837,-5.0,-0.00050,12.0837,-5.0,-0.00050,12.0850,-7.5,-0.00075,179.89
7,512086,1,0,8.37,438.4,499.1,431.7,0.0,5.0125,400.0,0.40000,12.0825,112.5,0.11250,12.0837,1187.5,0.03598,5.0812,697.5,0.06975,12.0837,432.5,0.04325,12.0813,540.0,0.05400,12.0850,110.0,0.01100,12.0850,-5.0,-0.00050,12.0862,-7.5,-0.00075,12.0825,-7.5,-0.00075,12.0837,-5.0,-0.00050,12.0837,-5.0,-0.00050,12.0837,-5.0,-0.00050,12.0850,-7.5,-0.00075,180.23
7,512423,1,0,8.15,722.6,616.2,430.0,0.0,5.0138,392.5,0.39250,12.0825,110.0,0.11000,12.0837,1187.5,0.03598,5.0812,697.5,0.06975,12.0850,420.0,0.04200,12.0825,525.0,0.05250,12.0850,107.5,0.01075,12.0850,-5.0,-0.00050,12.0862,-7.5,-0.00075,12.0825,-7.5,-0.00075,12.0837,-5.0,-0.00050,12.0837,-5.0,-0.00050,12.0837,-5.0,-0.00050,12.0850,-7.5,-0.00075,180.57
7,512759,1,0,7.92,426.9,487.3,563.9,0.0,5.0125,400.0,0.40000,12.0825,112.5,0.11250,12.0837,1187.5,0.03598,5.0812,697.5,0.06975,12.0837,432.5,0.04325,12.0813,542.5,0.05425,12.0850,110.0,0.01100,12.0850,-5.0,-0.00050,12.0850,-7.5,-0.00075,12.0825,-7.5,-0.00075,12.0825,-5.0,-0.00050,12.0837,-5.0,-0.00050,12.0837,-5.0,-0.00050,12.0850,-7.5,-0.00075,180.90
7,513095,1,0,7.70,424.1,422.7,422.0,0.0,5.0113,410.0,0.41000,12.0825,117.5,0.11750,12.0837,1185.0,0.03591,5.0812,697.5,0.06975,12.0837,447.5,0.04475,12.0813,562.5,0.05625,12.0850,115.0,0.01150,12.0850,-5.0,-0.00050,12.0850,-7.5,-0.00075,12.0825,-7.5,-0.00075,12.0837,-5.0,-0.00050,12.0837,-5.0,-0.00050,12.0837,-5.0,-0.00050,12.0850,-7.5,-0.00075,181.26
7,513452,1,0,7.46,421.1,419.7,478.4,0.0,5.0100,420.0,0.42000,12.0825,120.0,0.12000,12.0825,1187.5,0.03598,5.0812,697.5,0.06975,12.0837,462.5,0.04625,12.0813,575.0,0.05750,12.0850,117.5,0.01175,12.0837,-5.0,-0.00050,12.0850,-7.5,-0.00075,12.0825,-7.5,-0.00075,12.0825,-5.0,-0.00050,12.0837,-5.0,-0.00050,12.0837,-5.0,-0.00050,12.0850,-7.5,-0.00075,181.59
7,513789,1,0,7.24,420.1,418.8,417.3,0.0,5.0100,425.0,0.42500,12.0825,122.5,0.12250,12.0837,1185.0,0.03591,5.0812,695.0,0.06950,12.0837,467.5,0.04675,12.0825,587.5,0.05875,12.0850,117.5,0.01175,12.0850,-5.0,-0.00050,12.0862,-7.5,-0.00075,12.0825,-7.5,-0.00075,12.0837,-5.0,-0.00050,12.0837,-5.0,-0.00050,12.0837,-5.0,-0.00050,12.0850,-7.5,-0.00075,181.93
7,514125,1,0,7.01,419.6,418.0,558.9,0.0,5.0087,430.0,0.43000,12.0825,125.0,0.12500,12.0837,1187.5,0.03598,5.0812,695.0,0.06950,12.0837,477.5,0.04775,12.0813,597.5,0.05975,12.0850,120.0,0.01200,12.0850,-5.0,-0.00050,12.0862,-7.5,-0.00075,12.0825,-7.5,-0.00075,12.0837,-5.0,-0.00050,12.0837,-5.0,-0.00050,12.0837,-5.0,-0.00050,12.0850,-7.5,-0.00075,182.27
7,514461,1,0,6.79,418.4,556.3,595.8,0.0,5.0087,432.5,0.43250,12.0825,127.5,0.12750,12.0837,1185.0,0.03591,5.0812,695.0,0.06950,12.0837,480.0,0.04800,12.0813,597.5,0.05975,12.0850,120.0,0.01200,12.0850,-5.0,-0.00050,12.0862,-7.5,-0.00075,12.0825,-7.5,-0.00075,12.0837,-5.0,-0.00050,12.0837,-5.0,-0.00050,12.0837,-5.0,-0.00050,12.0850,-7.5,-0.00075,182.61
7,514797,1,0,6.56,419.1,596.2,626.6,0.0,5.0087,432.5,0.43250,12.0825,127.5,0.12750,12.0837,1190.0,0.03606,5.0812,697.5,0.06975,12.0837,485.0,0.04850,12.0825,600.0,0.06000,12.0850,120.0,0.01200,12.0850,-5.0,-0.00050,12.0862,-7.5,-0.00075,12.0825,-7.5,-0.00075,12.0837,-5.0,-0.00050,12.0837,-5.0,-0.00050,12.0837,-5.0,-0.00050,12.0850,-7.5,-0.00075,182.94
7,515134,1,0,6.34,419.4,418.0,558.5,0.0,5.0087,435.0,0.43500,12.0825,127.5,0.12750,12.0837,1187.5,0.03598,5.0812,695.0,0.06950,12.0837,485.0,0.04850,12.0813,607.5,0.06075,12.0850,122.5,0.01225,12.0850,-5.0,-0.00050,12.0862,-7.5,-0.00075,12.0825,-7.5,-0.00075,12.0837,-5.0,-0.00050,12.0837,-5.0,-0.00050,12.0837,-5.0,-0.00050,12.0850,-7.5,-0.00075,183.29
7,515491,1,0,6.10,418.9,556.4,555.6,0.0,5.0087,437.5,0.43750,12.0825,127.5,0.12750,12.0837,1190.0,0.03606,5.0812,695.0,0.06950,12.0837,487.5,0.04875,12.0813,610.0,0.06100,12.0850,122.5,0.01225,12.0850,-5.0,-0.00050,12.0850,-7.5,-0.00075,12.0825,-7.5,-0.00075,12.0837,-5.0,-0.00050,12.0837,-5.0,-0.00050,12.0837,-5.0,-0.00050,12.0850,-7.5,-0.00075,183.63
7,515827,1,0,5.88,559.9,418.3,419.2,0.0,5.0087,437.5,0.43750,12.0825,127.5,0.12750,12.0837,1190.0,0.03606,5.0812,697.5,0.06975,12.0837,485.0,0.04850,12.0813,605.0,0.06050,12.0850,120.0,0.01200,12.0850,-5.0,-0.00050,12.0862,-7.5,-0.00075,12.0825,-7.5,-0.00075,12.0837,-5.0,-0.00050,12.0837,-5.0,-0.00050,12.0837,-5.0,-0.00050,12.0850,-7.5,-0.00075,183.98
7,516163,1,0,5.65,699.0,597.1,418.7,0.0,5.0087,437.5,0.43750,12.0825,127.5,0.12750,12.0837,1190.0,0.03606,5.0812,697.5,0.06975,12.0837,485.0,0.04850,12.0825,612.5,0.06125,12.0850,122.5,0.01225,12.0850,-5.0,-0.00050,12.0862,-7.5,-0.00075,12.0825,-7.5,-0.00075,12.0837,-5.0,-0.00050,12.0837,-5.0,-0.00050,12.0837,-5.0,-0.00050,12.0850,-7.5,-0.00075,184.32
7,516500,1,0,5.43,559.5,417.7,558.2,0.0,5.0087,437.5,0.43750,12.0825,127.5,0.12750,12.0837,1187.5,0.03598,5.0812,695.0,0.06950,12.0837,487.5,0.04875,12.0813,610.0,0.06100,12.0850,122.5,0.01225,12.0850,-5.0,-0.00050,12.0862,-7.5,-0.00075,12.0825,-7.5,-0.00075,12.0837,-5.0,-0.00050,12.0837,-5.0,-0.00050,12.0837,-5.0,-0.00050,12.0850,-7.5,-0.00075,184.65
7,516836,1,0,5.20,420.6,418.3,420.8,0.0,5.0087,435.0,0.43500,12.0825,127.5,0.12750,12.0837,1187.5,0.03598,5.0812,697.5,0.06975,12.0837,485.0,0.04850,12.0825,607.5,0.06075,12.0850,120.0,0.01200,12.0850,-5.0,-0.00050,12.0862,-7.5,-0.00075,12.0825,-7.5,-0.00075,12.0837,-5.0,-0.00050,12.0837,-5.0,-0.00050,12.0837,-5.0,-0.00050,12.0850,-7.5,-0.00075,184.98
7,517172,1,0,4.98,479.8,418.4,418.9,0.0,5.0087,435.0,0.43500,12.0837,127.5,0.12750,12.0837,1187.5,0.03598,5.0812,695.0,0.06950,12.0850,487.5,0.04875,12.0825,610.0,0.06100,12.0850,122.5,0.01225,12.0850,-5.0,-0.00050,12.0862,-7.5,-0.00075,12.0825,-7.5,-0.00075,12.0837,-5.0,-0.00050,12.0837,-5.0,-0.00050,12.0837,-5.0,-0.00050,12.0850,-7.5,-0.00075,185.34
7,517529,1,0,4.74,420.3,523.2,421.1,0.0,5.0087,435.0,0.43500,12.0825,127.5,0.12750,12.0837,1187.5,0.03598,5.0812,697.5,0.06975,12.0837,485.0,0.04850,12.0825,605.0,0.06050,12.0850,120.0,0.01200,12.0850,-5.0,-0.00050,12.0862,-7.5,-0.00075,12.0825,-7.5,-0.00075,12.0837,-5.0,-0.00050,12.0837,-5.0,-0.00050,12.0837,-5.0,-0.00050,12.0850,-7.5,-0.00075,185.68
7,517866,1,0,4.52,420.0,558.7,480.0,0.0,5.0087,435.0,0.43500,12.0825,127.5,0.12750,12.0837,1187.5,0.03598,5.0812,697.5,0.06975,12.0837,485.0,0.04850,12.0813,605.0,0.06050,12.0850,120.0,0.01200,12.0850,-5.0,-0.00050,12.0850,-7.5,-0.00075,12.0825,-7.5,-0.00075,12.0837,-5.0,-0.00050,12.0837,-5.0,-0.00050,12.0837,-5.0,-0.00050,12.0850,-7.5,-0.00075,186.01
7,518202,1,0,4.29,0.0,0.0,0.0,0.0,5.0225,317.5,0.31750,12.0850,80.0,0.08000,12.0850,1185.0,0.03591,5.0812,695.0,0.06950,12.0862,355.0,0.03550,12.0850,365.0,0.03650,12.0875,52.5,0.00525,12.0875,-5.0,-0.00050,12.0875,-7.5,-0.00075,12.0837,-7.5,-0.00075,12.0850,-5.0,-0.00050,12.0862,-5.0,-0.00050,12.0862,-5.0,-0.00050,12.0875,-7.5,-0.00075,186.34
7,518538,1,0,4.07,0.0,0.0,0.0,0.0,5.0300,262.5,0.26250,12.0837,60.0,0.06000,12.0837,1185.0,0.03591,5.0812,695.0,0.06950,12.0850,225.0,0.02250,12.0837,292.5,0.02925,12.0862,52.5,0.00525,12.0862,-5.0,-0.00050,12.0862,-7.5,-0.00075,12.0837,-7.5,-0.00075,12.0850,-5.0,-0.00050,12.0850,-5.0,-0.00050,12.0850,-5.0,-0.00050,12.0862,-7.5,-0.00075,186.68
7,518873,1,0,3.85,0.0,0.0,0.0,0.0,5.0300,262.5,0.26250,12.0825,57.5,0.05750,12.0837,1185.0,0.03591,5.0812,695.0,0.06950,12.0850,227.5,0.02275,12.0825,290.0,0.02900,12.0850,52.5,0.00525,12.0850,-5.0,-0.00050,12.0862,-7.5,-0.00075,12.0825,-7.5,-0.00075,12.0837,-5.0,-0.00050,12.0837,-5.0,-0.00050,12.0837,-5.0,-0.00050,12.0850,-7.5,-0.00075,187.03
7,519209,1,0,3.62,0.0,0.0,0.0,0.0,5.0300,262.5,0.26250,12.0825,60.0,0.06000,12.0837,1185.0,0.03591,5.0812,695.0,0.06950,12.0850,225.0,0.02250,12.0825,290.0,0.02900,12.0850,52.5,0.00525,12.0850,-5.0,-0.00050,12.0862,-7.5,-0.00075,12.0825,-7.5,-0.00075,12.0837,-5.0,-0.00050,12.0837,-5.0,-0.00050,12.0837,-5.0,-0.00050,12.0850,-7.5,-0.00075,187.38
7,519566,1,0,3.38,0.0,0.0,0.0,0.0,5.0300,262.5,0.26250,12.0837,60.0,0.06000,12.0837,1185.0,0.03591,5.0812,695.0,0.06950,12.0850,225.0,0.02250,12.0825,290.0,0.02900,12.0850,52.5,0.00525,12.0850,-5.0,-0.00050,12.0862,-7.5,-0.00075,12.0825,-7.5,-0.00075,12.0837,-5.0,-0.00050,12.0837,-5.0,-0.00050,12.0837,-5.0,-0.00050,12.0850,-7.5,-0.00075,187.71
7,519902,1,0,3.16,0.0,0.0,0.0,0.0,5.0300,262.5,0.26250,12.0825,60.0,0.06000,12.0837,1185.0,0.03591,5.0812,695.0,0.06950,12.0850,225.0,0.02250,12.0825,290.0,0.02900,12.0850,52.5,0.00525,12.0850,-5.0,-0.00050,12.0862,-7.5,-0.00075,12.0825,-7.5,-0.00075,12.0837,-5.0,-0.00050,12.0837,-5.0,-0.00050,12.0837,-5.0,-0.00050,12.0850,-7.5,-0.00075,188.05
7,520238,1,0,2.94,0.0,0.0,0.0,0.0,5.0300,262.5,0.26250,12.0825,57.5,0.05750,12.0837,1187.5,0.03598,5.0812,695.0,0.06950,12.0850,225.0,0.02250,12.0825,290.0,0.02900,12.0850,52.5,0.00525,12.0850,-5.0,-0.00050,12.0862,-7.5,-0.00075,12.0825,-7.5,-0.00075,12.0837,-5.0,-0.00050,12.0837,-5.0,-0.00050,12.0837,-5.0,-0.00050,12.0850,-7.5,-0.00075,188.39
7,520574,1,0,2.71,0.0,0.0,0.0,0.0,5.0300,262.5,0.26250,12.0825,60.0,0.06000,12.0837,1185.0,0.03591,5.0812,695.0,0.06950,12.0850,225.0,0.02250,12.0825,290.0,0.02900,12.0850,52.5,0.00525,12.0850,-5.0,-0.00050,12.0862,-7.5,-0.00075,12.0825,-7.5,-0.00075,12.0837,-5.0,-0.00050,12.0837,-5.0,-0.00050,12.0837,-5.0,-0.00050,12.0850,-7.5,-0.00075,188.72
7,520910,1,0,2.49,0.0,0.0,0.0,0.0,5.0300,262.5,0.26250,12.0825,57.5,0.05750,12.0837,1182.5,0.03583,5.0812,695.0,0.06950,12.0850,225.0,0.02250,12.0825,290.0,0.02900,12.0850,52.5,0.00525,12.0850,-5.0,-0.00050,12.0862,-7.5,-0.00075,12.0825,-7.5,-0.00075,12.0837,-5.0,-0.00050,12.0837,-5.0,-0.00050,12.0837,-5.0,-0.00050,12.0850,-7.5,-0.00075,189.05
7,521245,1,0,2.26,0.0,0.0,0.0,0.0,5.0300,262.5,0.26250,12.0825,57.5,0.05750,12.0837,1187.5,0.03598,5.0812,695.0,0.06950,12.0850,225.0,0.02250,12.0825,290.0,0.02900,12.0850,52.5,0.00525,12.0850,-5.0,-0.00050,12.0862,-7.5,-0.00075,12.0825,-7.5,-0.00075,12.0837,-5.0,-0.00050,12.0837,-5.0,-0.00050,12.0837,-5.0,-0.00050,12.0850,-7.5,-0.00075,189.40
7,521601,1,0,2.03,0.0,0.0,0.0,0.0,5.0300,262.5,0.26250,12.0825,60.0,0.06000,12.0837,1185.0,0.03591,5.0812,695.0,0.06950,12.0850,225.0,0.02250,12.0825,290.0,0.02900,12.0850,52.5,0.00525,12.0850,-5.0,-0.00050,12.0862,-7.5,-0.00075,12.0825,-7.5,-0.00075,12.0837,-5.0,-0.00050,12.0837,-5.0,-0.00050,12.0837,-5.0,-0.00050,12.0850,-7.5,-0.00075,189.74
7,521938,1,0,1.80,0.0,0.0,0.0,0.0,5.0300,262.5,0.26250,12.0825,57.5,0.05750,12.0837,1185.0,0.03591,5.0812,695.0,0.06950,12.0850,225.0,0.02250,12.0825,290.0,0.02900,12.0850,52.5,0.00525,12.0850,-5.0,-0.00050,12.0862,-7.5,-0.00075,12.0825,-7.5,-0.00075,12.0837,-5.0,-0.00050,12.0837,-5.0,-0.00050,12.0837,-5.0,-0.00050,12.0850,-7.5,-0.00075,190.08
7,522274,1,0,1.58,0.0,0.0,0.0,0.0,5.0300,262.5,0.26250,12.0825,60.0,0.06000,12.0837,1182.5,0.03583,5.0812,695.0,0.06950,12.0850,225.0,0.02250,12.0825,290.0,0.02900,12.0850,52.5,0.00525,12.0850,-5.0,-0.00050,12.0862,-7.5,-0.00075,12.0825,-7.5,-0.00075,12.0837,-5.0,-0.00050,12.0837,-5.0,-0.00050,12.0837,-5.0,-0.00050,12.0850,-7.5,-0.00075,190.43
7,522609,1,0,1.36,0.0,0.0,0.0,0.0,5.0300,262.5,0.26250,12.0825,60.0,0.06000,12.0837,1187.5,0.03598,5.0812,695.0,0.06950,12.0850,225.0,0.02250,12.0825,290.0,0.02900,12.0850,52.5,0.00525,12.0850,-5.0,-0.00050,12.0862,-7.5,-0.00075,12.0825,-7.5,-0.00075,12.0837,-5.0,-0.00050,12.0837,-5.0,-0.00050,12.0837,-5.0,-0.00050,12.0850,-7.5,-0.00075,190.75
7,522944,1,0,1.13,0.0,0.0,0.0,0.0,5.0300,262.5,0.26250,12.0825,60.0,0.06000,12.0837,1187.5,0.03598,5.0812,695.0,0.06950,12.0850,225.0,0.02250,12.0825,290.0,0.02900,12.0850,52.5,0.00525,12.0850,-5.0,-0.00050,12.0862,-7.5,-0.00075,12.0825,-7.5,-0.00075,12.0837,-5.0,-0.00050,12.0837,-5.0,-0.00050,12.0837,-5.0,-0.00050,12.0850,-7.5,-0.00075,191.08
7,523280,1,0,0.91,0.0,0.0,0.0,0.0,5.0300,262.5,0.26250,12.0825,57.5,0.05750,12.0825,1182.5,0.03583,5.0812,695.0,0.06950,12.0850,225.0,0.02250,12.0825,290.0,0.02900,12.0850,52.5,0.00525,12.0850,-5.0,-0.00050,12.0850,-7.5,-0.00075,12.0825,-7.5,-0.00075,12.0837,-5.0,-0.00050,12.0837,-5.0,-0.00050,12.0837,-5.0,-0.00050,12.0850,-7.5,-0.00075,191.44
7,523637,1,0,0.67,0.0,0.0,0.0,0.0,5.0300,262.5,0.26250,12.0825,60.0,0.06000,12.0837,1187.5,0.03598,5.0812,695.0,0.06950,12.0850,227.5,0.02275,12.0825,290.0,0.02900,12.0850,52.5,0.00525,12.0850,-5.0,-0.00050,12.0862,-7.5,-0.00075,12.0825,-7.5,-0.00075,12.0837,-5.0,-0.00050,12.0837,-5.0,-0.00050,12.0837,-5.0,-0.00050,12.0850,-7.5,-0.00075,191.78
7,523973,1,0,0.45,0.0,0.0,0.0,0.0,5.0300,262.5,0.26250,12.0825,57.5,0.05750,12.0837,1187.5,0.03598,5.0812,695.0,0.06950,12.0850,225.0,0.02250,12.0825,290.0,0.02900,12.0850,52.5,0.00525,12.0850,-5.0,-0.00050,12.0862,-7.5,-0.00075,12.0825,-7.5,-0.00075,12.0837,-5.0,-0.00050,12.0837,-5.0,-0.00050,12.0837,-5.0,-0.00050,12.0850,-7.5,-0.00075,192.11
7,524309,1,0,0.22,0.0,0.0,0.0,0.0,5.0300,262.5,0.26250,12.0825,60.0,0.06000,12.0837,1185.0,0.03591,5.0812,695.0,0.06950,12.0850,227.5,0.02275,12.0825,292.5,0.02925,12.0850,52.5,0.00525,12.0850,-5.0,-0.00050,12.0862,-7.5,-0.00075,12.0825,-7.5,-0.00075,12.0837,-5.0,-0.00050,12.0837,-5.0,-0.00050,12.0837,-5.0,-0.00050,12.0850,-7.5,-0.00075,192.46
7,524645,1,0,0.00,0.0,0.0,0.0,0.0,5.0300,262.5,0.26250,12.0825,60.0,0.06000,12.0837,1185.0,0.03591,5.0812,695.0,0.06950,12.0850,227.5,0.02275,12.0825,292.5,0.02925,12.0850,52.5,0.00525,12.0850,-5.0,-0.00050,12.0862,-7.5,-0.00075,12.0825,-7.5,-0.00075,12.0837,-5.0,-0.00050,12.0837,-5.0,-0.00050,12.0837,-5.0,-0.00050,12.0850,-7.5,-0.00075,192.79
7,524981,1,0,0.00,0.0,0.0,0.0,0.0,5.0300,262.5,0.26250,12.0825,60.0,0.06000,12.0837,1182.5,0.03583,5.0812,695.0,0.06950,12.0850,227.5,0.02275,12.0825,292.5,0.02925,12.0850,52.5,0.00525,12.0850,-5.0,-0.00050,12.0862,-7.5,-0.00075,12.0825,-7.5,-0.00075,12.0837,-5.0,-0.00050,12.0837,-5.0,-0.00050,12.0837,-5.0,-0.00050,12.0850,-7.5,-0.00075,193.12
7,525316,1,0,0.00,0.0,0.0,0.0,0.0,5.0300,262.5,0.26250,12.0825,60.0,0.06000,12.0837,1180.0,0.03576,5.0812,695.0,0.06950,12.0850,227.5,0.02275,12.0825,292.5,0.02925,12.0850,52.5,0.00525,12.0850,-5.0,-0.00050,12.0862,-7.5,-0.00075,12.0825,-7.5,-0.00075,12.0837,-5.0,-0.00050,12.0837,-5.0,-0.00050,12.0837,-5.0,-0.00050,12.0850,-7.5,-0.00075,193.49
7,525672,1,0,0.00,0.0,0.0,0.0,0.0,5.0300,262.5,0.26250,12.0825,60.0,0.06000,12.0837,1185.0,0.03591,5.0812,695.0,0.06950,12.0850,227.5,0.02275,12.0825,292.5,0.02925,12.0850,52.5,0.00525,12.0850,-5.0,-0.00050,12.0862,-7.5,-0.00075,12.0825,-7.5,-0.00075,12.0837,-5.0,-0.00050,12.0837,-5.0,-0.00050,12.0837,-5.0,-0.00050,12.0850,-7.5,-0.00075,193.82
7,526009,1,0,0.00,0.0,0.0,0.0,0.0,5.0300,262.5,0.26250,12.0825,60.0,0.06000,12.0837,1182.5,0.03583,5.0812,695.0,0.06950,12.0850,227.5,0.02275,12.0825,295.0,0.02950,12.0850,52.5,0.00525,12.0850,-5.0,-0.00050,12.0862,-7.5,-0.00075,12.0825,-7.5,-0.00075,12.0837,-5.0,-0.00050,12.0837,-5.0,-0.00050,12.0837,-5.0,-0.00050,12.0850,-7.5,-0.00075,194.16
7,526345,1,0,0.00,0.0,0.0,0.0,0.0,5.0300,262.5,0.26250,12.0825,60.0,0.06000,12.0837,1185.0,0.03591,5.0812,695.0,0.06950,12.0850,227.5,0.02275,12.0825,292.5,0.02925,12.0850,52.5,0.00525,12.0850,-5.0,-0.00050,12.0862,-7.5,-0.00075,12.0825,-7.5,-0.00075,12.0837,-5.0,-0.00050,12.0837,-5.0,-0.00050,12.0837,-5.0,-0.00050,12.0850,-7.5,-0.00075,194.49
7,526680,1,0,0.00,0.0,0.0,0.0,0.0,5.0300,262.5,0.26250,12.0825,60.0,0.06000,12.0837,1185.0,0.03591,5.0812,695.0,0.06950,12.0850,227.5,0.02275,12.0825,292.5,0.02925,12.0850,52.5,0.00525,12.0850,-5.0,-0.00050,12.0862,-7.5,-0.00075,12.0825,-7.5,-0.00075,12.0837,-5.0,-0.00050,12.0837,-5.0,-0.00050,12.0837,-5.0,-0.00050,12.0850,-7.5,-0.00075,194.83
7,527015,1,0,0.00,0.0,0.0,0.0,0.0,5.0300,262.5,0.26250,12.0825,60.0,0.06000,12.0837,1182.5,0.03583,5.0812,695.0,0.06950,12.0850,227.5,0.02275,12.0825,292.5,0.02925,12.0850,52.5,0.00525,12.0850,-5.0,-0.00050,12.0862,-7.5,-0.00075,12.0825,-7.5,-0.00075,12.0837,-5.0,-0.00050,12.0837,-5.0,-0.00050,12.0837,-5.0,-0.00050,12.0850,-7.5,-0.00075,195.17
7,527351,1,0,0.00,0.0,0.0,0.0,0.0,5.0300,262.5,0.26250,12.0825,60.0,0.06000,12.0837,1182.5,0.03583,5.0812,695.0,0.06950,12.0850,227.5,0.02275,12.0825,292.5,0.02925,12.0850,52.5,0.00525,12.0850,-5.0,-0.00050,12.0862,-7.5,-0.00075,12.0825,-7.5,-0.00075,12.0837,-5.0,-0.00050,12.0837,-5.0,-0.00050,12.0837,-5.0,-0.00050,12.0850,-7.5,-0.00075,195.52
7,527708,1,0,0.00,0.0,0.0,0.0,0.0,5.0300,262.5,0.26250,12.0825,60.0,0.06000,12.0837,1185.0,0.03591,5.0812,695.0,0.06950,12.0850,227.5,0.02275,12.0825,292.5,0.02925,12.0850,52.5,0.00525,12.0850,-5.0,-0.00050,12.0862,-7.5,-0.00075,12.0825,-7.5,-0.00075,12.0837,-5.0,-0.00050,12.0837,-5.0,-0.00050,12.0837,-5.0,-0.00050,12.0850,-7.5,-0.00075,195.85
7,528043,1,0,0.00,0.0,0.0,0.0,0.0,5.0300,262.5,0.26250,12.0825,60.0,0.06000,12.0837,1187.5,0.03598,5.0812,695.0,0.06950,12.0850,227.5,0.02275,12.0825,292.5,0.02925,12.0850,52.5,0.00525,12.0850,-5.0,-0.00050,12.0862,-7.5,-0.00075,12.0825,-7.5,-0.00075,12.0837,-5.0,-0.00050,12.0837,-5.0,-0.00050,12.0837,-5.0,-0.00050,12.0850,-7.5,-0.00075,196.19
7,528378,1,0,0.00,0.0,0.0,0.0,0.0,5.0300,262.5,0.26250,12.0825,60.0,0.06000,12.0837,1187.5,0.03598,5.0812,695.0,0.06950,12.0850,227.5,0.02275,12.0825,292.5,0.02925,12.0850,52.5,0.00525,12.0850,-5.0,-0.00050,12.0862,-7.5,-0.00075,12.0825,-7.5,-0.00075,12.0837,-5.0,-0.00050,12.0837,-5.0,-0.00050,12.0850,-5.0,-0.00050,12.0850,-7.5,-0.00075,196.52
7,528714,1,0,0.00,0.0,0.0,0.0,0.0,5.0300,262.5,0.26250,12.0825,60.0,0.06000,12.0825,1180.0,0.03576,5.0812,695.0,0.06950,12.0850,227.5,0.02275,12.0825,292.5,0.02925,12.0850,52.5,0.00525,12.0850,-5.0,-0.00050,12.0862,-7.5,-0.00075,12.0825,-7.5,-0.00075,12.0837,-5.0,-0.00050,12.0837,-5.0,-0.00050,12.0837,-5.0,-0.00050,12.0850,-7.5,-0.00075,196.86
7,529050,1,0,0.00,0.0,0.0,0.0,0.0,5.0300,262.5,0.26250,12.0825,60.0,0.06000,12.0825,1180.0,0.03576,5.0812,695.0,0.06950,12.0837,227.5,0.02275,12.0825,292.5,0.02925,12.0850,52.5,0.00525,12.0850,-5.0,-0.00050,12.0850,-7.5,-0.00075,12.0825,-7.5,-0.00075,12.0837,-5.0,-0.00050,12.0837,-5.0,-0.00050,12.0837,-5.0,-0.00050,12.0850,-7.5,-0.00075,197.19
