run,t_ms,n,flags,pwm_pct,in_V,in_uV,in_A,fan12_V,fan12_uV,fan12_A,b5in_V,b5in_uV,b5in_A,b5out_V,b5out_uV,b5out_A,fan1_V,fan1_uV,fan1_A,fan2_V,fan2_uV,fan2_A,fan3_V,fan3_uV,fan3_A,fan4_V,fan4_uV,fan4_A,fan5_V,fan5_uV,fan5_A,fan6_V,fan6_uV,fan6_A,fan7_V,fan7_uV,fan7_A,fan8_V,fan8_uV,fan8_A,fan9_V,fan9_uV,fan9_A,fan10_V,fan10_uV,fan10_A,pc_time_s
1,526960,1,0,0.00,8.9950,75.0,0.07500,12.0775,10.0,0.01000,12.0775,1187.5,0.03598,5.0812,697.5,0.06975,12.0800,37.5,0.00375,12.0775,40.0,0.00400,12.0800,35.0,0.00350,12.0800,-5.0,-0.00050,12.0813,-7.5,-0.00075,12.0775,-7.5,-0.00075,12.0787,-5.0,-0.00050,12.0787,-5.0,-0.00050,12.0787,-5.0,-0.00050,12.0800,-7.5,-0.00075,0.70
1,527307,1,0,0.01,8.9950,75.0,0.07500,12.0775,10.0,0.01000,12.0787,1187.5,0.03598,5.0812,697.5,0.06975,12.0800,37.5,0.00375,12.0775,40.0,0.00400,12.0800,35.0,0.00350,12.0800,-5.0,-0.00050,12.0813,-7.5,-0.00075,12.0775,-7.5,-0.00075,12.0787,-5.0,-0.00050,12.0787,-5.0,-0.00050,12.0787,-5.0,-0.00050,12.0800,-7.5,-0.00075,1.05
1,527654,1,0,0.30,8.9963,75.0,0.07500,12.0775,10.0,0.01000,12.0787,1185.0,0.03591,5.0812,697.5,0.06975,12.0800,37.5,0.00375,12.0787,40.0,0.00400,12.0800,35.0,0.00350,12.0800,-5.0,-0.00050,12.0813,-7.5,-0.00075,12.0775,-7.5,-0.00075,12.0787,-5.0,-0.00050,12.0787,-5.0,-0.00050,12.0787,-5.0,-0.00050,12.0800,-7.5,-0.00075,1.39
1,527990,1,0,0.58,8.9963,75.0,0.07500,12.0775,10.0,0.01000,12.0787,1187.5,0.03598,5.0812,697.5,0.06975,12.0800,37.5,0.00375,12.0787,40.0,0.00400,12.0800,35.0,0.00350,12.0800,-5.0,-0.00050,12.0813,-7.5,-0.00075,12.0775,-7.5,-0.00075,12.0787,-5.0,-0.00050,12.0787,-5.0,-0.00050,12.0787,-5.0,-0.00050,12.0800,-7.5,-0.00075,1.72
1,528407,1,0,0.93,8.9963,75.0,0.07500,12.0775,10.0,0.01000,12.0787,1187.5,0.03598,5.0812,697.5,0.06975,12.0800,37.5,0.00375,12.0787,40.0,0.00400,12.0813,35.0,0.00350,12.0800,-5.0,-0.00050,12.0813,-7.5,-0.00075,12.0775,-7.5,-0.00075,12.0787,-5.0,-0.00050,12.0787,-5.0,-0.00050,12.0787,-5.0,-0.00050,12.0800,-7.5,-0.00075,2.14
1,528742,1,0,1.21,8.9963,75.0,0.07500,12.0775,10.0,0.01000,12.0775,1187.5,0.03598,5.0812,697.5,0.06975,12.0800,37.5,0.00375,12.0775,40.0,0.00400,12.0800,35.0,0.00350,12.0800,-5.0,-0.00050,12.0813,-7.5,-0.00075,12.0775,-7.5,-0.00075,12.0787,-5.0,-0.00050,12.0787,-5.0,-0.00050,12.0787,-5.0,-0.00050,12.0800,-7.5,-0.00075,2.48
1,529077,1,0,1.48,8.9963,75.0,0.07500,12.0775,10.0,0.01000,12.0775,1187.5,0.03598,5.0812,697.5,0.06975,12.0800,37.5,0.00375,12.0775,40.0,0.00400,12.0800,35.0,0.00350,12.0800,-5.0,-0.00050,12.0813,-7.5,-0.00075,12.0775,-7.5,-0.00075,12.0787,-5.0,-0.00050,12.0787,-5.0,-0.00050,12.0787,-5.0,-0.00050,12.0800,-7.5,-0.00075,2.81
1,529412,1,0,1.76,8.9963,75.0,0.07500,12.0775,10.0,0.01000,12.0775,1190.0,0.03606,5.0812,697.5,0.06975,12.0800,37.5,0.00375,12.0775,40.0,0.00400,12.0800,35.0,0.00350,12.0800,-5.0,-0.00050,12.0813,-7.5,-0.00075,12.0775,-7.5,-0.00075,12.0787,-5.0,-0.00050,12.0787,-5.0,-0.00050,12.0787,-5.0,-0.00050,12.0800,-7.5,-0.00075,3.15
1,529894,1,0,2.17,8.9963,75.0,0.07500,12.0775,10.0,0.01000,12.0787,1190.0,0.03606,5.0812,697.5,0.06975,12.0800,37.5,0.00375,12.0787,40.0,0.00400,12.0800,35.0,0.00350,12.0800,-5.0,-0.00050,12.0813,-7.5,-0.00075,12.0775,-7.5,-0.00075,12.0787,-5.0,-0.00050,12.0787,-5.0,-0.00050,12.0787,-5.0,-0.00050,12.0800,-7.5,-0.00075,3.63
1,530230,1,0,2.45,8.9963,75.0,0.07500,12.0775,10.0,0.01000,12.0775,1190.0,0.03606,5.0812,697.5,0.06975,12.0800,37.5,0.00375,12.0775,40.0,0.00400,12.0800,35.0,0.00350,12.0800,-5.0,-0.00050,12.0813,-7.5,-0.00075,12.0775,-7.5,-0.00075,12.0787,-5.0,-0.00050,12.0787,-5.0,-0.00050,12.0787,-5.0,-0.00050,12.0800,-7.5,-0.00075,3.97
1,530565,1,0,2.72,8.9963,75.0,0.07500,12.0775,10.0,0.01000,12.0775,1190.0,0.03606,5.0812,697.5,0.06975,12.0800,37.5,0.00375,12.0775,40.0,0.00400,12.0800,35.0,0.00350,12.0800,-5.0,-0.00050,12.0813,-7.5,-0.00075,12.0775,-7.5,-0.00075,12.0787,-5.0,-0.00050,12.0787,-5.0,-0.00050,12.0787,-5.0,-0.00050,12.0800,-7.5,-0.00075,4.30
1,530900,1,0,3.00,8.9963,75.0,0.07500,12.0775,10.0,0.01000,12.0787,1190.0,0.03606,5.0812,697.5,0.06975,12.0800,37.5,0.00375,12.0775,40.0,0.00400,12.0800,35.0,0.00350,12.0800,-5.0,-0.00050,12.0813,-7.5,-0.00075,12.0775,-7.5,-0.00075,12.0787,-5.0,-0.00050,12.0787,-5.0,-0.00050,12.0787,-5.0,-0.00050,12.0800,-7.5,-0.00075,4.64
1,531307,1,0,3.34,8.9963,75.0,0.07500,12.0775,10.0,0.01000,12.0787,1190.0,0.03606,5.0812,697.5,0.06975,12.0813,37.5,0.00375,12.0787,40.0,0.00400,12.0813,35.0,0.00350,12.0800,-5.0,-0.00050,12.0813,-7.5,-0.00075,12.0775,-7.5,-0.00075,12.0787,-5.0,-0.00050,12.0787,-5.0,-0.00050,12.0787,-5.0,-0.00050,12.0800,-7.5,-0.00075,5.05
1,531643,1,0,3.62,8.9963,75.0,0.07500,12.0775,10.0,0.01000,12.0775,1187.5,0.03598,5.0812,697.5,0.06975,12.0800,37.5,0.00375,12.0775,40.0,0.00400,12.0800,35.0,0.00350,12.0800,-5.0,-0.00050,12.0813,-7.5,-0.00075,12.0775,-7.5,-0.00075,12.0787,-5.0,-0.00050,12.0787,-5.0,-0.00050,12.0787,-5.0,-0.00050,12.0800,-7.5,-0.00075,5.40
1,531989,1,0,3.91,8.9963,75.0,0.07500,12.0775,10.0,0.01000,12.0775,1187.5,0.03598,5.0812,697.5,0.06975,12.0800,37.5,0.00375,12.0775,40.0,0.00400,12.0800,35.0,0.00350,12.0800,-5.0,-0.00050,12.0813,-7.5,-0.00075,12.0775,-7.5,-0.00075,12.0787,-5.0,-0.00050,12.0787,-5.0,-0.00050,12.0787,-5.0,-0.00050,12.0800,-7.5,-0.00075,5.73
1,532325,1,0,4.19,8.9963,75.0,0.07500,12.0775,10.0,0.01000,12.0787,1190.0,0.03606,5.0812,697.5,0.06975,12.0800,37.5,0.00375,12.0787,40.0,0.00400,12.0800,35.0,0.00350,12.0800,-5.0,-0.00050,12.0813,-7.5,-0.00075,12.0775,-7.5,-0.00075,12.0787,-5.0,-0.00050,12.0787,-5.0,-0.00050,12.0787,-5.0,-0.00050,12.0800,-7.5,-0.00075,6.06
1,532740,1,0,4.54,8.9963,75.0,0.07500,12.0787,10.0,0.01000,12.0787,1190.0,0.03606,5.0812,697.5,0.06975,12.0813,37.5,0.00375,12.0787,40.0,0.00400,12.0813,35.0,0.00350,12.0800,-5.0,-0.00050,12.0813,-7.5,-0.00075,12.0775,-7.5,-0.00075,12.0787,-5.0,-0.00050,12.0787,-5.0,-0.00050,12.0800,-5.0,-0.00050,12.0800,-7.5,-0.00075,6.47
1,533076,1,0,4.82,8.9963,75.0,0.07500,12.0775,10.0,0.01000,12.0787,1192.5,0.03614,5.0812,697.5,0.06975,12.0800,37.5,0.00375,12.0787,40.0,0.00400,12.0800,35.0,0.00350,12.0800,-5.0,-0.00050,12.0813,-7.5,-0.00075,12.0775,-7.5,-0.00075,12.0787,-5.0,-0.00050,12.0787,-5.0,-0.00050,12.0787,-5.0,-0.00050,12.0800,-7.5,-0.00075,6.82
1,533411,1,0,5.10,8.9963,75.0,0.07500,12.0775,10.0,0.01000,12.0775,1190.0,0.03606,5.0812,697.5,0.06975,12.0800,37.5,0.00375,12.0787,40.0,0.00400,12.0800,35.0,0.00350,12.0800,-5.0,-0.00050,12.0813,-7.5,-0.00075,12.0775,-7.5,-0.00075,12.0787,-5.0,-0.00050,12.0787,-5.0,-0.00050,12.0787,-5.0,-0.00050,12.0800,-7.5,-0.00075,7.15
1,533746,1,0,5.38,8.9963,75.0,0.07500,12.0775,10.0,0.01000,12.0775,1190.0,0.03606,5.0812,697.5,0.06975,12.0800,37.5,0.00375,12.0775,40.0,0.00400,12.0800,35.0,0.00350,12.0800,-5.0,-0.00050,12.0813,-7.5,-0.00075,12.0775,-7.5,-0.00075,12.0787,-5.0,-0.00050,12.0787,-5.0,-0.00050,12.0787,-5.0,-0.00050,12.0800,-7.5,-0.00075,7.49
1,534174,1,0,5.73,8.9975,75.0,0.07500,12.0775,10.0,0.01000,12.0787,1190.0,0.03606,5.0812,700.0,0.07000,12.0800,37.5,0.00375,12.0787,40.0,0.00400,12.0813,35.0,0.00350,12.0800,-5.0,-0.00050,12.0813,-7.5,-0.00075,12.0775,-7.5,-0.00075,12.0787,-5.0,-0.00050,12.0787,-5.0,-0.00050,12.0787,-5.0,-0.00050,12.0800,-7.5,-0.00075,7.92
1,534510,1,0,6.01,8.9975,75.0,0.07500,12.0775,10.0,0.01000,12.0787,1187.5,0.03598,5.0812,697.5,0.06975,12.0800,37.5,0.00375,12.0775,40.0,0.00400,12.0800,35.0,0.00350,12.0800,-5.0,-0.00050,12.0813,-7.5,-0.00075,12.0775,-7.5,-0.00075,12.0787,-5.0,-0.00050,12.0787,-5.0,-0.00050,12.0787,-5.0,-0.00050,12.0800,-7.5,-0.00075,8.25
1,534845,1,0,6.29,8.9975,75.0,0.07500,12.0775,10.0,0.01000,12.0787,1187.5,0.03598,5.0812,700.0,0.07000,12.0800,37.5,0.00375,12.0775,40.0,0.00400,12.0800,35.0,0.00350,12.0800,-5.0,-0.00050,12.0813,-7.5,-0.00075,12.0775,-7.5,-0.00075,12.0787,-5.0,-0.00050,12.0787,-5.0,-0.00050,12.0787,-5.0,-0.00050,12.0800,-7.5,-0.00075,8.59
1,535180,1,0,6.57,8.9963,75.0,0.07500,12.0775,10.0,0.01000,12.0775,1185.0,0.03591,5.0812,697.5,0.06975,12.0800,37.5,0.00375,12.0775,40.0,0.00400,12.0800,35.0,0.00350,12.0800,-5.0,-0.00050,12.0813,-7.5,-0.00075,12.0775,-7.5,-0.00075,12.0787,-5.0,-0.00050,12.0787,-5.0,-0.00050,12.0787,-5.0,-0.00050,12.0800,-7.5,-0.00075,8.92
1,535595,1,0,6.92,8.9975,75.0,0.07500,12.0775,10.0,0.01000,12.0787,1190.0,0.03606,5.0812,697.5,0.06975,12.0800,37.5,0.00375,12.0787,40.0,0.00400,12.0813,35.0,0.00350,12.0800,-5.0,-0.00050,12.0813,-7.5,-0.00075,12.0775,-7.5,-0.00075,12.0787,-5.0,-0.00050,12.0787,-5.0,-0.00050,12.0787,-5.0,-0.00050,12.0800,-7.5,-0.00075,9.34
1,535931,1,0,7.20,8.9975,75.0,0.07500,12.0775,10.0,0.01000,12.0775,1190.0,0.03606,5.0812,697.5,0.06975,12.0800,37.5,0.00375,12.0787,40.0,0.00400,12.0800,35.0,0.00350,12.0800,-5.0,-0.00050,12.0813,-7.5,-0.00075,12.0775,-7.5,-0.00075,12.0787,-5.0,-0.00050,12.0787,-5.0,-0.00050,12.0787,-5.0,-0.00050,12.0800,-7.5,-0.00075,9.68
1,536277,1,0,7.48,8.9975,75.0,0.07500,12.0775,10.0,0.01000,12.0775,1192.5,0.03614,5.0812,697.5,0.06975,12.0800,37.5,0.00375,12.0775,40.0,0.00400,12.0800,35.0,0.00350,12.0800,-5.0,-0.00050,12.0813,-7.5,-0.00075,12.0775,-7.5,-0.00075,12.0787,-5.0,-0.00050,12.0787,-5.0,-0.00050,12.0787,-5.0,-0.00050,12.0800,-7.5,-0.00075,10.02
1,536613,1,0,7.76,8.9975,75.0,0.07500,12.0775,10.0,0.01000,12.0775,1190.0,0.03606,5.0812,697.5,0.06975,12.0800,37.5,0.00375,12.0775,40.0,0.00400,12.0800,35.0,0.00350,12.0800,-5.0,-0.00050,12.0813,-7.5,-0.00075,12.0775,-7.5,-0.00075,12.0787,-5.0,-0.00050,12.0787,-5.0,-0.00050,12.0787,-5.0,-0.00050,12.0800,-7.5,-0.00075,10.36
1,537037,1,0,8.12,8.9975,75.0,0.07500,12.0775,10.0,0.01000,12.0787,1190.0,0.03606,5.0812,700.0,0.07000,12.0800,37.5,0.00375,12.0787,40.0,0.00400,12.0813,35.0,0.00350,12.0800,-5.0,-0.00050,12.0813,-7.5,-0.00075,12.0775,-7.5,-0.00075,12.0787,-5.0,-0.00050,12.0787,-5.0,-0.00050,12.0787,-5.0,-0.00050,12.0800,-7.5,-0.00075,10.78
1,537373,1,0,8.40,8.9975,75.0,0.07500,12.0775,10.0,0.01000,12.0775,1190.0,0.03606,5.0812,697.5,0.06975,12.0800,37.5,0.00375,12.0775,40.0,0.00400,12.0800,35.0,0.00350,12.0800,-5.0,-0.00050,12.0813,-7.5,-0.00075,12.0775,-7.5,-0.00075,12.0787,-5.0,-0.00050,12.0787,-5.0,-0.00050,12.0787,-5.0,-0.00050,12.0800,-7.5,-0.00075,11.12
1,537708,1,0,8.68,8.9975,75.0,0.07500,12.0775,10.0,0.01000,12.0775,1192.5,0.03614,5.0812,700.0,0.07000,12.0800,37.5,0.00375,12.0775,40.0,0.00400,12.0800,35.0,0.00350,12.0800,-5.0,-0.00050,12.0813,-7.5,-0.00075,12.0775,-7.5,-0.00075,12.0787,-5.0,-0.00050,12.0787,-5.0,-0.00050,12.0787,-5.0,-0.00050,12.0800,-7.5,-0.00075,11.45
1,538043,1,0,8.96,8.9975,75.0,0.07500,12.0775,10.0,0.01000,12.0775,1190.0,0.03606,5.0812,700.0,0.07000,12.0800,37.5,0.00375,12.0787,40.0,0.00400,12.0800,35.0,0.00350,12.0800,-5.0,-0.00050,12.0813,-7.5,-0.00075,12.0775,-7.5,-0.00075,12.0787,-5.0,-0.00050,12.0787,-5.0,-0.00050,12.0787,-5.0,-0.00050,12.0800,-7.5,-0.00075,11.78
1,538465,1,0,9.31,8.9975,75.0,0.07500,12.0775,10.0,0.01000,12.0787,1190.0,0.03606,5.0812,700.0,0.07000,12.0800,37.5,0.00375,12.0787,40.0,0.00400,12.0813,35.0,0.00350,12.0800,-5.0,-0.00050,12.0813,-7.5,-0.00075,12.0775,-7.5,-0.00075,12.0787,-5.0,-0.00050,12.0787,-5.0,-0.00050,12.0787,-5.0,-0.00050,12.0800,-7.5,-0.00075,12.20
1,538800,1,0,9.59,8.9675,302.5,0.30250,12.0725,177.5,0.17750,12.0737,1190.0,0.03606,5.0812,700.0,0.07000,12.0737,557.5,0.05575,12.0725,575.0,0.05750,12.0737,547.5,0.05475,12.0750,-5.0,-0.00050,12.0750,-7.5,-0.00075,12.0725,-7.5,-0.00075,12.0737,-5.0,-0.00050,12.0737,-5.0,-0.00050,12.0737,-5.0,-0.00050,12.0750,-7.5,-0.00075,12.53
1,539135,1,0,9.87,8.9513,432.5,0.43250,12.0763,267.5,0.26750,12.0763,1190.0,0.03606,5.0812,697.5,0.06975,12.0763,827.5,0.08275,12.0737,857.5,0.08575,12.0763,830.0,0.08300,12.0775,-5.0,-0.00050,12.0787,-7.5,-0.00075,12.0750,-7.5,-0.00075,12.0763,-5.0,-0.00050,12.0763,-5.0,-0.00050,12.0775,-5.0,-0.00050,12.0775,-7.5,-0.00075,12.87
1,539470,1,0,10.14,8.9650,327.5,0.32750,12.0787,190.0,0.19000,12.0800,1190.0,0.03606,5.0812,697.5,0.06975,12.0800,600.0,0.06000,12.0775,592.5,0.05925,12.0800,622.5,0.06225,12.0813,-5.0,-0.00050,12.0825,-7.5,-0.00075,12.0787,-7.5,-0.00075,12.0800,-5.0,-0.00050,12.0800,-5.0,-0.00050,12.0800,-5.0,-0.00050,12.0813,-7.5,-0.00075,13.21
1,539900,1,0,10.50,8.9850,167.5,0.16750,12.0787,75.0,0.07500,12.0800,1190.0,0.03606,5.0812,697.5,0.06975,12.0813,245.0,0.02450,12.0787,230.0,0.02300,12.0813,257.5,0.02575,12.0813,-5.0,-0.00050,12.0825,-7.5,-0.00075,12.0787,-7.5,-0.00075,12.0800,-5.0,-0.00050,12.0800,-5.0,-0.00050,12.0800,-5.0,-0.00050,12.0813,-7.5,-0.00075,13.63
1,540236,1,0,10.78,8.9937,100.0,0.10000,12.0787,27.5,0.02750,12.0787,1187.5,0.03598,5.0812,697.5,0.06975,12.0813,97.5,0.00975,12.0787,85.0,0.00850,12.0813,100.0,0.01000,12.0813,-5.0,-0.00050,12.0813,-7.5,-0.00075,12.0787,-7.5,-0.00075,12.0787,-5.0,-0.00050,12.0800,-5.0,-0.00050,12.0800,-5.0,-0.00050,12.0813,-7.5,-0.00075,13.98
1,540582,1,0,11.07,8.9963,77.5,0.07750,12.0775,10.0,0.01000,12.0787,1187.5,0.03598,5.0812,697.5,0.06975,12.0800,40.0,0.00400,12.0775,40.0,0.00400,12.0800,37.5,0.00375,12.0800,-5.0,-0.00050,12.0813,-7.5,-0.00075,12.0775,-7.5,-0.00075,12.0787,-5.0,-0.00050,12.0787,-5.0,-0.00050,12.0787,-5.0,-0.00050,12.0800,-7.5,-0.00075,14.32
1,540918,1,0,11.35,8.9975,77.5,0.07750,12.0775,10.0,0.01000,12.0787,1187.5,0.03598,5.0812,697.5,0.06975,12.0800,42.5,0.00425,12.0787,42.5,0.00425,12.0800,40.0,0.00400,12.0800,-5.0,-0.00050,12.0813,-7.5,-0.00075,12.0775,-7.5,-0.00075,12.0787,-5.0,-0.00050,12.0787,-5.0,-0.00050,12.0787,-5.0,-0.00050,12.0800,-7.5,-0.00075,14.65
1,541356,1,0,11.72,8.9963,77.5,0.07750,12.0787,12.5,0.01250,12.0787,1187.5,0.03598,5.0812,697.5,0.06975,12.0813,45.0,0.00450,12.0787,50.0,0.00500,12.0813,45.0,0.00450,12.0800,-5.0,-0.00050,12.0813,-7.5,-0.00075,12.0775,-7.5,-0.00075,12.0787,-5.0,-0.00050,12.0787,-5.0,-0.00050,12.0800,-5.0,-0.00050,12.0800,-7.5,-0.00075,15.09
1,541692,1,0,12.00,8.9963,80.0,0.08000,12.0775,12.5,0.01250,12.0787,1190.0,0.03606,5.0812,697.5,0.06975,12.0800,47.5,0.00475,12.0775,50.0,0.00500,12.0800,45.0,0.00450,12.0800,-5.0,-0.00050,12.0813,-7.5,-0.00075,12.0775,-7.5,-0.00075,12.0787,-5.0,-0.00050,12.0787,-5.0,-0.00050,12.0787,-5.0,-0.00050,12.0800,-7.5,-0.00075,15.43
1,542027,1,0,12.28,8.9963,80.0,0.08000,12.0775,12.5,0.01250,12.0787,1190.0,0.03606,5.0812,697.5,0.06975,12.0800,50.0,0.00500,12.0775,52.5,0.00525,12.0800,47.5,0.00475,12.0800,-5.0,-0.00050,12.0813,-7.5,-0.00075,12.0775,-7.5,-0.00075,12.0787,-5.0,-0.00050,12.0787,-5.0,-0.00050,12.0787,-5.0,-0.00050,12.0800,-7.5,-0.00075,15.76
1,542362,1,0,12.55,8.9963,82.5,0.08250,12.0775,15.0,0.01500,12.0775,1190.0,0.03606,5.0812,697.5,0.06975,12.0800,52.5,0.00525,12.0775,55.0,0.00550,12.0800,52.5,0.00525,12.0800,-5.0,-0.00050,12.0813,-7.5,-0.00075,12.0775,-7.5,-0.00075,12.0787,-5.0,-0.00050,12.0787,-5.0,-0.00050,12.0787,-5.0,-0.00050,12.0800,-7.5,-0.00075,16.10
1,542810,1,0,12.93,8.9963,82.5,0.08250,12.0775,15.0,0.01500,12.0787,1190.0,0.03606,5.0812,697.5,0.06975,12.0800,55.0,0.00550,12.0787,57.5,0.00575,12.0800,52.5,0.00525,12.0800,-5.0,-0.00050,12.0813,-7.5,-0.00075,12.0775,-7.5,-0.00075,12.0787,-5.0,-0.00050,12.0787,-5.0,-0.00050,12.0787,-5.0,-0.00050,12.0800,-7.5,-0.00075,16.54
1,543146,1,0,13.21,8.9963,82.5,0.08250,12.0775,15.0,0.01500,12.0775,1187.5,0.03598,5.0812,697.5,0.06975,12.0800,55.0,0.00550,12.0775,57.5,0.00575,12.0800,55.0,0.00550,12.0800,-5.0,-0.00050,12.0813,-7.5,-0.00075,12.0775,-7.5,-0.00075,12.0787,-5.0,-0.00050,12.0787,-5.0,-0.00050,12.0787,-5.0,-0.00050,12.0800,-7.5,-0.00075,16.89
1,543481,1,0,13.49,8.9963,85.0,0.08500,12.0775,17.5,0.01750,12.0787,1187.5,0.03598,5.0812,697.5,0.06975,12.0800,57.5,0.00575,12.0775,62.5,0.00625,12.0800,57.5,0.00575,12.0800,-5.0,-0.00050,12.0813,-7.5,-0.00075,12.0775,-7.5,-0.00075,12.0787,-5.0,-0.00050,12.0787,-5.0,-0.00050,12.0787,-5.0,-0.00050,12.0800,-7.5,-0.00075,17.22
1,543816,1,0,13.77,8.9963,85.0,0.08500,12.0775,17.5,0.01750,12.0787,1190.0,0.03606,5.0812,697.5,0.06975,12.0800,60.0,0.00600,12.0775,62.5,0.00625,12.0800,57.5,0.00575,12.0800,-5.0,-0.00050,12.0813,-7.5,-0.00075,12.0775,-7.5,-0.00075,12.0787,-5.0,-0.00050,12.0787,-5.0,-0.00050,12.0787,-5.0,-0.00050,12.0800,-7.5,-0.00075,17.55
1,544260,1,0,14.14,8.9963,87.5,0.08750,12.0775,17.5,0.01750,12.0787,1190.0,0.03606,5.0812,700.0,0.07000,12.0800,62.5,0.00625,12.0787,65.0,0.00650,12.0813,62.5,0.00625,12.0800,-5.0,-0.00050,12.0813,-7.5,-0.00075,12.0775,-7.5,-0.00075,12.0787,-5.0,-0.00050,12.0787,-5.0,-0.00050,12.0800,-5.0,-0.00050,12.0800,-7.5,-0.00075,17.99
1,544596,1,0,14.42,8.9963,87.5,0.08750,12.0775,17.5,0.01750,12.0775,1192.5,0.03614,5.0812,697.5,0.06975,12.0800,62.5,0.00625,12.0775,65.0,0.00650,12.0800,62.5,0.00625,12.0800,-5.0,-0.00050,12.0813,-7.5,-0.00075,12.0775,-7.5,-0.00075,12.0787,-5.0,-0.00050,12.0787,-5.0,-0.00050,12.0787,-5.0,-0.00050,12.0800,-7.5,-0.00075,18.35
1,544942,1,0,14.70,8.9963,87.5,0.08750,12.0775,17.5,0.01750,12.0787,1192.5,0.03614,5.0812,700.0,0.07000,12.0800,62.5,0.00625,12.0775,65.0,0.00650,12.0800,62.5,0.00625,12.0800,-5.0,-0.00050,12.0813,-7.5,-0.00075,12.0775,-7.5,-0.00075,12.0787,-5.0,-0.00050,12.0787,-5.0,-0.00050,12.0787,-5.0,-0.00050,12.0800,-7.5,-0.00075,18.68
1,545278,1,0,14.98,8.9950,87.5,0.08750,12.0775,20.0,0.02000,12.0775,1192.5,0.03614,5.0812,697.5,0.06975,12.0800,65.0,0.00650,12.0775,70.0,0.00700,12.0800,67.5,0.00675,12.0800,-5.0,-0.00050,12.0813,-7.5,-0.00075,12.0775,-7.5,-0.00075,12.0787,-5.0,-0.00050,12.0787,-5.0,-0.00050,12.0787,-5.0,-0.00050,12.0800,-7.5,-0.00075,19.02
1,545726,1,0,15.36,8.9950,87.5,0.08750,12.0775,20.0,0.02000,12.0787,1190.0,0.03606,5.0812,700.0,0.07000,12.0800,67.5,0.00675,12.0775,70.0,0.00700,12.0800,67.5,0.00675,12.0800,-5.0,-0.00050,12.0813,-7.5,-0.00075,12.0775,-7.5,-0.00075,12.0787,-5.0,-0.00050,12.0787,-5.0,-0.00050,12.0787,-5.0,-0.00050,12.0800,-7.5,-0.00075,19.47
1,546061,1,0,15.64,8.9950,90.0,0.09000,12.0775,20.0,0.02000,12.0787,1190.0,0.03606,5.0812,697.5,0.06975,12.0800,70.0,0.00700,12.0775,72.5,0.00725,12.0800,70.0,0.00700,12.0800,-5.0,-0.00050,12.0813,-7.5,-0.00075,12.0775,-7.5,-0.00075,12.0787,-5.0,-0.00050,12.0787,-5.0,-0.00050,12.0787,-5.0,-0.00050,12.0800,-7.5,-0.00075,19.80
1,546396,1,0,15.92,8.9950,90.0,0.09000,12.0775,20.0,0.02000,12.0775,1192.5,0.03614,5.0812,700.0,0.07000,12.0800,72.5,0.00725,12.0775,75.0,0.00750,12.0800,70.0,0.00700,12.0800,-5.0,-0.00050,12.0813,-7.5,-0.00075,12.0775,-7.5,-0.00075,12.0787,-5.0,-0.00050,12.0787,-5.0,-0.00050,12.0787,-5.0,-0.00050,12.0800,-7.5,-0.00075,20.14
1,546731,1,0,16.20,8.9950,90.0,0.09000,12.0775,20.0,0.02000,12.0775,1192.5,0.03614,5.0812,700.0,0.07000,12.0800,70.0,0.00700,12.0775,75.0,0.00750,12.0800,70.0,0.00700,12.0800,-5.0,-0.00050,12.0813,-7.5,-0.00075,12.0775,-7.5,-0.00075,12.0787,-5.0,-0.00050,12.0787,-5.0,-0.00050,12.0787,-5.0,-0.00050,12.0800,-7.5,-0.00075,20.47
1,547197,1,0,16.58,8.9950,92.5,0.09250,12.0775,22.5,0.02250,12.0787,1190.0,0.03606,5.0812,700.0,0.07000,12.0800,75.0,0.00750,12.0775,77.5,0.00775,12.0800,75.0,0.00750,12.0800,-5.0,-0.00050,12.0813,-7.5,-0.00075,12.0775,-7.5,-0.00075,12.0787,-5.0,-0.00050,12.0787,-5.0,-0.00050,12.0787,-5.0,-0.00050,12.0800,-7.5,-0.00075,20.93
1,547533,1,0,16.86,8.9950,92.5,0.09250,12.0775,22.5,0.02250,12.0775,1190.0,0.03606,5.0812,697.5,0.06975,12.0800,75.0,0.00750,12.0775,75.0,0.00750,12.0800,75.0,0.00750,12.0800,-5.0,-0.00050,12.0813,-7.5,-0.00075,12.0775,-7.5,-0.00075,12.0787,-5.0,-0.00050,12.0787,-5.0,-0.00050,12.0787,-5.0,-0.00050,12.0800,-7.5,-0.00075,21.27
1,547868,1,0,17.14,8.9950,92.5,0.09250,12.0775,22.5,0.02250,12.0775,1192.5,0.03614,5.0812,700.0,0.07000,12.0800,77.5,0.00775,12.0775,77.5,0.00775,12.0800,72.5,0.00725,12.0800,-5.0,-0.00050,12.0813,-7.5,-0.00075,12.0775,-7.5,-0.00075,12.0787,-5.0,-0.00050,12.0787,-5.0,-0.00050,12.0787,-5.0,-0.00050,12.0800,-7.5,-0.00075,21.60
1,548203,1,0,17.42,8.9950,95.0,0.09500,12.0775,22.5,0.02250,12.0775,1190.0,0.03606,5.0812,700.0,0.07000,12.0800,80.0,0.00800,12.0775,82.5,0.00825,12.0800,77.5,0.00775,12.0800,-5.0,-0.00050,12.0813,-7.5,-0.00075,12.0775,-7.5,-0.00075,12.0787,-5.0,-0.00050,12.0787,-5.0,-0.00050,12.0787,-5.0,-0.00050,12.0800,-7.5,-0.00075,21.94
1,548791,1,0,17.91,8.9950,92.5,0.09250,12.0775,22.5,0.02250,12.0787,1192.5,0.03614,5.0812,700.0,0.07000,12.0800,80.0,0.00800,12.0787,80.0,0.00800,12.0800,77.5,0.00775,12.0800,-5.0,-0.00050,12.0813,-7.5,-0.00075,12.0775,-7.5,-0.00075,12.0787,-5.0,-0.00050,12.0787,-5.0,-0.00050,12.0787,-5.0,-0.00050,12.0800,-7.5,-0.00075,22.52
1,549126,1,0,18.19,8.9950,95.0,0.09500,12.0775,25.0,0.02500,12.0775,1192.5,0.03614,5.0812,700.0,0.07000,12.0800,82.5,0.00825,12.0775,85.0,0.00850,12.0800,82.5,0.00825,12.0800,-5.0,-0.00050,12.0800,-7.5,-0.00075,12.0775,-7.5,-0.00075,12.0787,-5.0,-0.00050,12.0787,-5.0,-0.00050,12.0787,-5.0,-0.00050,12.0800,-7.5,-0.00075,22.88
1,549472,1,0,18.48,8.9950,95.0,0.09500,12.0775,25.0,0.02500,12.0775,1190.0,0.03606,5.0812,700.0,0.07000,12.0800,82.5,0.00825,12.0775,85.0,0.00850,12.0800,82.5,0.00825,12.0800,-5.0,-0.00050,12.0813,-7.5,-0.00075,12.0775,-7.5,-0.00075,12.0787,-5.0,-0.00050,12.0787,-5.0,-0.00050,12.0787,-5.0,-0.00050,12.0800,-7.5,-0.00075,23.22
1,549808,1,0,18.76,8.9950,97.5,0.09750,12.0775,25.0,0.02500,12.0787,1190.0,0.03606,5.0812,700.0,0.07000,12.0800,85.0,0.00850,12.0775,87.5,0.00875,12.0800,85.0,0.00850,12.0800,-5.0,-0.00050,12.0813,-7.5,-0.00075,12.0775,-7.5,-0.00075,12.0787,-5.0,-0.00050,12.0787,-5.0,-0.00050,12.0787,-5.0,-0.00050,12.0800,-7.5,-0.00075,23.55
1,550206,1,0,19.09,8.9950,97.5,0.09750,12.0787,25.0,0.02500,12.0787,1190.0,0.03606,5.0812,700.0,0.07000,12.0800,85.0,0.00850,12.0787,87.5,0.00875,12.0813,85.0,0.00850,12.0800,-5.0,-0.00050,12.0813,-7.5,-0.00075,12.0775,-7.5,-0.00075,12.0787,-5.0,-0.00050,12.0787,-5.0,-0.00050,12.0800,-5.0,-0.00050,12.0800,-7.5,-0.00075,23.95
1,550542,1,0,19.37,8.9950,95.0,0.09500,12.0775,25.0,0.02500,12.0787,1192.5,0.03614,5.0812,700.0,0.07000,12.0800,82.5,0.00825,12.0775,87.5,0.00875,12.0800,85.0,0.00850,12.0800,-5.0,-0.00050,12.0813,-7.5,-0.00075,12.0775,-7.5,-0.00075,12.0787,-5.0,-0.00050,12.0787,-5.0,-0.00050,12.0787,-5.0,-0.00050,12.0800,-7.5,-0.00075,24.28
1,550877,1,0,19.65,8.9950,97.5,0.09750,12.0775,27.5,0.02750,12.0787,1192.5,0.03614,5.0812,700.0,0.07000,12.0800,87.5,0.00875,12.0775,90.0,0.00900,12.0800,87.5,0.00875,12.0800,-5.0,-0.00050,12.0813,-7.5,-0.00075,12.0775,-7.5,-0.00075,12.0787,-5.0,-0.00050,12.0787,-5.0,-0.00050,12.0787,-5.0,-0.00050,12.0800,-7.5,-0.00075,24.61
1,551212,1,0,19.93,8.9950,97.5,0.09750,12.0775,27.5,0.02750,12.0787,1192.5,0.03614,5.0812,700.0,0.07000,12.0800,90.0,0.00900,12.0775,90.0,0.00900,12.0800,87.5,0.00875,12.0800,-5.0,-0.00050,12.0813,-7.5,-0.00075,12.0775,-7.5,-0.00075,12.0787,-5.0,-0.00050,12.0787,-5.0,-0.00050,12.0787,-5.0,-0.00050,12.0800,-7.5,-0.00075,24.95
1,551627,1,0,20.27,8.9950,97.5,0.09750,12.0775,25.0,0.02500,12.0787,1190.0,0.03606,5.0812,700.0,0.07000,12.0800,87.5,0.00875,12.0787,92.5,0.00925,12.0800,85.0,0.00850,12.0800,-5.0,-0.00050,12.0813,-7.5,-0.00075,12.0775,-7.5,-0.00075,12.0787,-5.0,-0.00050,12.0787,-5.0,-0.00050,12.0787,-5.0,-0.00050,12.0800,-7.5,-0.00075,25.37
1,551962,1,0,20.55,8.9950,100.0,0.10000,12.0775,27.5,0.02750,12.0775,1192.5,0.03614,5.0812,700.0,0.07000,12.0800,92.5,0.00925,12.0775,95.0,0.00950,12.0800,90.0,0.00900,12.0800,-5.0,-0.00050,12.0813,-7.5,-0.00075,12.0775,-7.5,-0.00075,12.0787,-5.0,-0.00050,12.0787,-5.0,-0.00050,12.0787,-5.0,-0.00050,12.0800,-7.5,-0.00075,25.70
1,552297,1,0,20.83,8.9950,100.0,0.10000,12.0775,27.5,0.02750,12.0787,1192.5,0.03614,5.0812,700.0,0.07000,12.0800,90.0,0.00900,12.0775,95.0,0.00950,12.0800,92.5,0.00925,12.0800,-5.0,-0.00050,12.0813,-7.5,-0.00075,12.0775,-7.5,-0.00075,12.0787,-5.0,-0.00050,12.0787,-5.0,-0.00050,12.0787,-5.0,-0.00050,12.0800,-7.5,-0.00075,26.03
1,552632,1,0,21.11,8.9950,102.5,0.10250,12.0775,30.0,0.03000,12.0787,1195.0,0.03621,5.0812,700.0,0.07000,12.0800,95.0,0.00950,12.0775,100.0,0.01000,12.0800,95.0,0.00950,12.0800,-5.0,-0.00050,12.0813,-7.5,-0.00075,12.0775,-7.5,-0.00075,12.0787,-5.0,-0.00050,12.0787,-5.0,-0.00050,12.0787,-5.0,-0.00050,12.0800,-7.5,-0.00075,26.37
1,553043,1,0,21.46,8.9950,100.0,0.10000,12.0775,27.5,0.02750,12.0787,1192.5,0.03614,5.0812,700.0,0.07000,12.0800,95.0,0.00950,12.0787,97.5,0.00975,12.0813,95.0,0.00950,12.0800,-5.0,-0.00050,12.0813,-7.5,-0.00075,12.0775,-7.5,-0.00075,12.0787,-5.0,-0.00050,12.0787,-5.0,-0.00050,12.0800,-5.0,-0.00050,12.0800,-7.5,-0.00075,26.78
1,553379,1,0,21.74,8.9950,100.0,0.10000,12.0775,27.5,0.02750,12.0787,1192.5,0.03614,5.0812,700.0,0.07000,12.0800,95.0,0.00950,12.0775,97.5,0.00975,12.0800,95.0,0.00950,12.0800,-5.0,-0.00050,12.0813,-7.5,-0.00075,12.0775,-7.5,-0.00075,12.0787,-5.0,-0.00050,12.0787,-5.0,-0.00050,12.0787,-5.0,-0.00050,12.0800,-7.5,-0.00075,27.13
1,553725,1,0,22.02,8.9950,102.5,0.10250,12.0775,30.0,0.03000,12.0775,1190.0,0.03606,5.0812,700.0,0.07000,12.0800,97.5,0.00975,12.0775,102.5,0.01025,12.0800,100.0,0.01000,12.0800,-5.0,-0.00050,12.0813,-7.5,-0.00075,12.0775,-7.5,-0.00075,12.0787,-5.0,-0.00050,12.0787,-5.0,-0.00050,12.0787,-5.0,-0.00050,12.0800,-7.5,-0.00075,27.46
1,554061,1,0,22.30,8.9950,102.5,0.10250,12.0775,30.0,0.03000,12.0787,1190.0,0.03606,5.0812,700.0,0.07000,12.0800,100.0,0.01000,12.0775,102.5,0.01025,12.0800,100.0,0.01000,12.0800,-5.0,-0.00050,12.0813,-7.5,-0.00075,12.0775,-7.5,-0.00075,12.0787,-5.0,-0.00050,12.0787,-5.0,-0.00050,12.0787,-5.0,-0.00050,12.0800,-7.5,-0.00075,27.80
1,554475,1,0,22.65,8.9937,105.0,0.10500,12.0775,32.5,0.03250,12.0787,1192.5,0.03614,5.0812,700.0,0.07000,12.0800,105.0,0.01050,12.0787,107.5,0.01075,12.0800,102.5,0.01025,12.0800,-5.0,-0.00050,12.0813,-7.5,-0.00075,12.0775,-7.5,-0.00075,12.0787,-5.0,-0.00050,12.0787,-5.0,-0.00050,12.0787,-5.0,-0.00050,12.0800,-7.5,-0.00075,28.22
1,554811,1,0,22.93,8.9937,105.0,0.10500,12.0775,32.5,0.03250,12.0787,1192.5,0.03614,5.0812,700.0,0.07000,12.0800,102.5,0.01025,12.0787,105.0,0.01050,12.0800,102.5,0.01025,12.0800,-5.0,-0.00050,12.0813,-7.5,-0.00075,12.0775,-10.0,-0.00100,12.0787,-5.0,-0.00050,12.0787,-5.0,-0.00050,12.0787,-5.0,-0.00050,12.0800,-7.5,-0.00075,28.54
1,555146,1,0,23.21,8.9937,105.0,0.10500,12.0775,30.0,0.03000,12.0787,1192.5,0.03614,5.0812,700.0,0.07000,12.0800,102.5,0.01025,12.0775,105.0,0.01050,12.0800,102.5,0.01025,12.0800,-5.0,-0.00050,12.0813,-7.5,-0.00075,12.0775,-7.5,-0.00075,12.0787,-5.0,-0.00050,12.0787,-5.0,-0.00050,12.0787,-5.0,-0.00050,12.0800,-7.5,-0.00075,28.88
1,555481,1,0,23.49,8.9937,107.5,0.10750,12.0775,32.5,0.03250,12.0787,1195.0,0.03621,5.0812,700.0,0.07000,12.0800,107.5,0.01075,12.0775,110.0,0.01100,12.0800,105.0,0.01050,12.0800,-5.0,-0.00050,12.0813,-7.5,-0.00075,12.0775,-7.5,-0.00075,12.0787,-5.0,-0.00050,12.0787,-5.0,-0.00050,12.0787,-5.0,-0.00050,12.0800,-7.5,-0.00075,29.22
1,555912,1,0,23.85,8.9950,107.5,0.10750,12.0787,32.5,0.03250,12.0787,1195.0,0.03621,5.0812,700.0,0.07000,12.0800,107.5,0.01075,12.0787,110.0,0.01100,12.0813,107.5,0.01075,12.0800,-5.0,-0.00050,12.0813,-7.5,-0.00075,12.0775,-7.5,-0.00075,12.0787,-5.0,-0.00050,12.0787,-5.0,-0.00050,12.0787,-5.0,-0.00050,12.0800,-7.5,-0.00075,29.65
1,556248,1,0,24.13,8.9937,105.0,0.10500,12.0775,32.5,0.03250,12.0787,1195.0,0.03621,5.0812,700.0,0.07000,12.0800,105.0,0.01050,12.0775,110.0,0.01100,12.0800,105.0,0.01050,12.0800,-5.0,-0.00050,12.0813,-7.5,-0.00075,12.0775,-7.5,-0.00075,12.0787,-5.0,-0.00050,12.0787,-5.0,-0.00050,12.0787,-5.0,-0.00050,12.0800,-7.5,-0.00075,29.99
1,556583,1,0,24.41,8.9937,107.5,0.10750,12.0775,35.0,0.03500,12.0787,1195.0,0.03621,5.0812,700.0,0.07000,12.0800,112.5,0.01125,12.0775,112.5,0.01125,12.0800,110.0,0.01100,12.0800,-5.0,-0.00050,12.0813,-7.5,-0.00075,12.0775,-7.5,-0.00075,12.0787,-5.0,-0.00050,12.0787,-5.0,-0.00050,12.0787,-5.0,-0.00050,12.0800,-7.5,-0.00075,30.33
1,556918,1,0,24.69,8.9937,107.5,0.10750,12.0775,35.0,0.03500,12.0787,1195.0,0.03621,5.0812,700.0,0.07000,12.0800,110.0,0.01100,12.0775,112.5,0.01125,12.0800,110.0,0.01100,12.0800,-5.0,-0.00050,12.0813,-7.5,-0.00075,12.0775,-7.5,-0.00075,12.0787,-5.0,-0.00050,12.0787,-5.0,-0.00050,12.0787,-5.0,-0.00050,12.0800,-7.5,-0.00075,30.66
1,557340,1,0,25.04,8.9937,110.0,0.11000,12.0775,35.0,0.03500,12.0787,1192.5,0.03614,5.0812,700.0,0.07000,12.0800,115.0,0.01150,12.0787,117.5,0.01175,12.0800,115.0,0.01150,12.0800,-5.0,-0.00050,12.0813,-7.5,-0.00075,12.0775,-7.5,-0.00075,12.0787,-5.0,-0.00050,12.0787,-5.0,-0.00050,12.0800,-5.0,-0.00050,12.0800,-7.5,-0.00075,31.07
1,557676,1,0,25.32,8.9937,110.0,0.11000,12.0775,35.0,0.03500,12.0787,1192.5,0.03614,5.0812,700.0,0.07000,12.0800,115.0,0.01150,12.0775,117.5,0.01175,12.0800,117.5,0.01175,12.0800,-5.0,-0.00050,12.0813,-7.5,-0.00075,12.0775,-7.5,-0.00075,12.0787,-5.0,-0.00050,12.0787,-5.0,-0.00050,12.0787,-5.0,-0.00050,12.0800,-7.5,-0.00075,31.42
1,558032,1,0,25.61,8.9937,110.0,0.11000,12.0775,35.0,0.03500,12.0787,1192.5,0.03614,5.0812,700.0,0.07000,12.0800,112.5,0.01125,12.0775,117.5,0.01175,12.0800,115.0,0.01150,12.0800,-5.0,-0.00050,12.0813,-7.5,-0.00075,12.0775,-7.5,-0.00075,12.0787,-5.0,-0.00050,12.0787,-5.0,-0.00050,12.0787,-5.0,-0.00050,12.0800,-7.5,-0.00075,31.77
1,558368,1,0,25.89,8.9937,112.5,0.11250,12.0775,37.5,0.03750,12.0787,1190.0,0.03606,5.0812,700.0,0.07000,12.0800,117.5,0.01175,12.0775,122.5,0.01225,12.0800,120.0,0.01200,12.0800,-5.0,-0.00050,12.0813,-7.5,-0.00075,12.0775,-7.5,-0.00075,12.0787,-5.0,-0.00050,12.0787,-5.0,-0.00050,12.0787,-5.0,-0.00050,12.0800,-7.5,-0.00075,32.10
1,558788,1,0,26.24,8.9937,112.5,0.11250,12.0787,37.5,0.03750,12.0787,1192.5,0.03614,5.0812,700.0,0.07000,12.0813,117.5,0.01175,12.0787,122.5,0.01225,12.0813,120.0,0.01200,12.0800,-5.0,-0.00050,12.0813,-7.5,-0.00075,12.0775,-7.5,-0.00075,12.0787,-5.0,-0.00050,12.0787,-5.0,-0.00050,12.0800,-5.0,-0.00050,12.0800,-7.5,-0.00075,32.53
1,559124,1,0,26.52,8.9937,112.5,0.11250,12.0775,37.5,0.03750,12.0775,1192.5,0.03614,5.0812,700.0,0.07000,12.0800,117.5,0.01175,12.0775,122.5,0.01225,12.0800,117.5,0.01175,12.0800,-5.0,-0.00050,12.0813,-7.5,-0.00075,12.0775,-7.5,-0.00075,12.0787,-5.0,-0.00050,12.0787,-5.0,-0.00050,12.0787,-5.0,-0.00050,12.0800,-7.5,-0.00075,32.87
1,559459,1,0,26.80,8.9937,115.0,0.11500,12.0775,37.5,0.03750,12.0775,1195.0,0.03621,5.0812,700.0,0.07000,12.0800,122.5,0.01225,12.0775,127.5,0.01275,12.0800,125.0,0.01250,12.0800,-5.0,-0.00050,12.0813,-7.5,-0.00075,12.0775,-7.5,-0.00075,12.0787,-5.0,-0.00050,12.0787,-5.0,-0.00050,12.0787,-5.0,-0.00050,12.0800,-7.5,-0.00075,33.20
1,559794,1,0,27.08,8.9937,115.0,0.11500,12.0775,37.5,0.03750,12.0787,1192.5,0.03614,5.0812,700.0,0.07000,12.0800,122.5,0.01225,12.0775,127.5,0.01275,12.0800,122.5,0.01225,12.0800,-5.0,-0.00050,12.0813,-7.5,-0.00075,12.0775,-7.5,-0.00075,12.0787,-5.0,-0.00050,12.0787,-5.0,-0.00050,12.0787,-5.0,-0.00050,12.0800,-7.5,-0.00075,33.53
1,560217,1,0,27.43,8.9925,115.0,0.11500,12.0787,40.0,0.04000,12.0787,1195.0,0.03621,5.0812,700.0,0.07000,12.0800,130.0,0.01300,12.0787,132.5,0.01325,12.0800,130.0,0.01300,12.0800,-5.0,-0.00050,12.0813,-7.5,-0.00075,12.0775,-7.5,-0.00075,12.0787,-5.0,-0.00050,12.0787,-5.0,-0.00050,12.0787,-5.0,-0.00050,12.0800,-7.5,-0.00075,33.96
1,560552,1,0,27.71,8.9925,115.0,0.11500,12.0775,40.0,0.04000,12.0787,1195.0,0.03621,5.0812,700.0,0.07000,12.0800,130.0,0.01300,12.0775,132.5,0.01325,12.0800,127.5,0.01275,12.0800,-5.0,-0.00050,12.0813,-7.5,-0.00075,12.0775,-7.5,-0.00075,12.0787,-5.0,-0.00050,12.0787,-5.0,-0.00050,12.0787,-5.0,-0.00050,12.0800,-7.5,-0.00075,34.29
1,560887,1,0,27.99,8.9937,115.0,0.11500,12.0775,40.0,0.04000,12.0787,1195.0,0.03621,5.0812,702.5,0.07025,12.0800,127.5,0.01275,12.0775,132.5,0.01325,12.0800,130.0,0.01300,12.0800,-5.0,-0.00050,12.0813,-7.5,-0.00075,12.0775,-7.5,-0.00075,12.0787,-5.0,-0.00050,12.0787,-5.0,-0.00050,12.0787,-5.0,-0.00050,12.0800,-7.5,-0.00075,34.62
1,561222,1,0,28.27,8.9925,117.5,0.11750,12.0775,40.0,0.04000,12.0787,1190.0,0.03606,5.0812,700.0,0.07000,12.0800,132.5,0.01325,12.0775,137.5,0.01375,12.0800,132.5,0.01325,12.0800,-5.0,-0.00050,12.0813,-7.5,-0.00075,12.0775,-7.5,-0.00075,12.0787,-5.0,-0.00050,12.0787,-5.0,-0.00050,12.0787,-5.0,-0.00050,12.0800,-7.5,-0.00075,34.96
1,561658,1,0,28.64,8.9925,117.5,0.11750,12.0787,40.0,0.04000,12.0787,1195.0,0.03621,5.0812,700.0,0.07000,12.0800,132.5,0.01325,12.0787,137.5,0.01375,12.0813,135.0,0.01350,12.0800,-5.0,-0.00050,12.0813,-7.5,-0.00075,12.0775,-7.5,-0.00075,12.0787,-5.0,-0.00050,12.0787,-5.0,-0.00050,12.0787,-5.0,-0.00050,12.0800,-7.5,-0.00075,35.40
1,561993,1,0,28.91,8.9925,120.0,0.12000,12.0775,42.5,0.04250,12.0775,1192.5,0.03614,5.0812,700.0,0.07000,12.0800,137.5,0.01375,12.0775,142.5,0.01425,12.0800,137.5,0.01375,12.0800,-5.0,-0.00050,12.0813,-7.5,-0.00075,12.0775,-7.5,-0.00075,12.0787,-5.0,-0.00050,12.0787,-5.0,-0.00050,12.0787,-5.0,-0.00050,12.0800,-7.5,-0.00075,35.75
1,562349,1,0,29.21,8.9925,120.0,0.12000,12.0775,42.5,0.04250,12.0787,1192.5,0.03614,5.0812,700.0,0.07000,12.0800,137.5,0.01375,12.0775,140.0,0.01400,12.0800,137.5,0.01375,12.0800,-5.0,-0.00050,12.0813,-7.5,-0.00075,12.0775,-7.5,-0.00075,12.0787,-5.0,-0.00050,12.0787,-5.0,-0.00050,12.0787,-5.0,-0.00050,12.0800,-7.5,-0.00075,36.09
1,562685,1,0,29.49,8.9925,120.0,0.12000,12.0775,42.5,0.04250,12.0775,1192.5,0.03614,5.0812,700.0,0.07000,12.0800,137.5,0.01375,12.0775,140.0,0.01400,12.0800,137.5,0.01375,12.0800,-5.0,-0.00050,12.0813,-7.5,-0.00075,12.0775,-7.5,-0.00075,12.0787,-5.0,-0.00050,12.0787,-5.0,-0.00050,12.0787,-5.0,-0.00050,12.0800,-7.5,-0.00075,36.43
1,563123,1,0,29.86,8.9925,122.5,0.12250,12.0775,45.0,0.04500,12.0787,1195.0,0.03621,5.0812,700.0,0.07000,12.0800,142.5,0.01425,12.0787,147.5,0.01475,12.0800,142.5,0.01425,12.0800,-5.0,-0.00050,12.0813,-7.5,-0.00075,12.0775,-7.5,-0.00075,12.0787,-5.0,-0.00050,12.0787,-5.0,-0.00050,12.0787,-5.0,-0.00050,12.0800,-7.5,-0.00075,36.86
1,563458,1,0,30.14,8.9925,122.5,0.12250,12.0775,45.0,0.04500,12.0787,1195.0,0.03621,5.0812,700.0,0.07000,12.0800,145.0,0.01450,12.0775,147.5,0.01475,12.0800,142.5,0.01425,12.0800,-5.0,-0.00050,12.0813,-7.5,-0.00075,12.0775,-7.5,-0.00075,12.0787,-5.0,-0.00050,12.0787,-5.0,-0.00050,12.0787,-5.0,-0.00050,12.0800,-7.5,-0.00075,37.20
1,563793,1,0,30.41,8.9925,122.5,0.12250,12.0775,45.0,0.04500,12.0787,1192.5,0.03614,5.0812,702.5,0.07025,12.0800,142.5,0.01425,12.0775,145.0,0.01450,12.0800,142.5,0.01425,12.0800,-5.0,-0.00050,12.0813,-7.5,-0.00075,12.0775,-7.5,-0.00075,12.0787,-5.0,-0.00050,12.0787,-5.0,-0.00050,12.0787,-5.0,-0.00050,12.0800,-7.5,-0.00075,37.54
1,564128,1,0,30.69,8.9925,125.0,0.12500,12.0775,45.0,0.04500,12.0787,1195.0,0.03621,5.0812,702.5,0.07025,12.0800,147.5,0.01475,12.0775,152.5,0.01525,12.0800,147.5,0.01475,12.0800,-5.0,-0.00050,12.0813,-7.5,-0.00075,12.0775,-7.5,-0.00075,12.0787,-5.0,-0.00050,12.0787,-5.0,-0.00050,12.0787,-5.0,-0.00050,12.0800,-7.5,-0.00075,37.87
1,564579,1,0,31.07,8.9925,125.0,0.12500,12.0775,45.0,0.04500,12.0787,1195.0,0.03621,5.0812,702.5,0.07025,12.0800,145.0,0.01450,12.0775,152.5,0.01525,12.0800,147.5,0.01475,12.0800,-5.0,-0.00050,12.0813,-7.5,-0.00075,12.0775,-7.5,-0.00075,12.0787,-5.0,-0.00050,12.0787,-5.0,-0.00050,12.0787,-5.0,-0.00050,12.0800,-7.5,-0.00075,38.33
1,564915,1,0,31.35,8.9913,127.5,0.12750,12.0775,47.5,0.04750,12.0775,1195.0,0.03621,5.0812,700.0,0.07000,12.0800,155.0,0.01550,12.0775,157.5,0.01575,12.0800,155.0,0.01550,12.0800,-5.0,-0.00050,12.0813,-7.5,-0.00075,12.0775,-7.5,-0.00075,12.0787,-5.0,-0.00050,12.0787,-5.0,-0.00050,12.0787,-5.0,-0.00050,12.0800,-7.5,-0.00075,38.65
1,565250,1,0,31.63,8.9913,127.5,0.12750,12.0775,47.5,0.04750,12.0775,1197.5,0.03629,5.0812,700.0,0.07000,12.0800,152.5,0.01525,12.0775,157.5,0.01575,12.0800,155.0,0.01550,12.0800,-5.0,-0.00050,12.0813,-7.5,-0.00075,12.0775,-7.5,-0.00075,12.0787,-5.0,-0.00050,12.0787,-5.0,-0.00050,12.0787,-5.0,-0.00050,12.0800,-7.5,-0.00075,38.98
1,565585,1,0,31.91,8.9913,127.5,0.12750,12.0775,47.5,0.04750,12.0775,1195.0,0.03621,5.0812,702.5,0.07025,12.0800,152.5,0.01525,12.0775,155.0,0.01550,12.0800,152.5,0.01525,12.0800,-5.0,-0.00050,12.0800,-7.5,-0.00075,12.0775,-7.5,-0.00075,12.0787,-5.0,-0.00050,12.0787,-5.0,-0.00050,12.0787,-5.0,-0.00050,12.0800,-7.5,-0.00075,39.32
1,566031,1,0,32.28,8.9913,130.0,0.13000,12.0775,50.0,0.05000,12.0787,1197.5,0.03629,5.0812,702.5,0.07025,12.0800,160.0,0.01600,12.0775,165.0,0.01650,12.0800,160.0,0.01600,12.0800,-5.0,-0.00050,12.0813,-7.5,-0.00075,12.0775,-7.5,-0.00075,12.0787,-5.0,-0.00050,12.0787,-5.0,-0.00050,12.0787,-5.0,-0.00050,12.0800,-7.5,-0.00075,39.78
1,566367,1,0,32.56,8.9913,130.0,0.13000,12.0775,50.0,0.05000,12.0775,1197.5,0.03629,5.0812,700.0,0.07000,12.0800,160.0,0.01600,12.0775,162.5,0.01625,12.0800,160.0,0.01600,12.0800,-5.0,-0.00050,12.0813,-7.5,-0.00075,12.0775,-7.5,-0.00075,12.0787,-5.0,-0.00050,12.0787,-5.0,-0.00050,12.0787,-5.0,-0.00050,12.0800,-7.5,-0.00075,40.12
1,566723,1,0,32.86,8.9913,132.5,0.13250,12.0775,50.0,0.05000,12.0775,1192.5,0.03614,5.0812,702.5,0.07025,12.0800,165.0,0.01650,12.0775,170.0,0.01700,12.0800,165.0,0.01650,12.0800,-5.0,-0.00050,12.0813,-7.5,-0.00075,12.0775,-7.5,-0.00075,12.0787,-5.0,-0.00050,12.0787,-5.0,-0.00050,12.0787,-5.0,-0.00050,12.0800,-7.5,-0.00075,40.47
1,567059,1,0,33.14,8.9913,132.5,0.13250,12.0775,52.5,0.05250,12.0775,1197.5,0.03629,5.0812,700.0,0.07000,12.0800,165.0,0.01650,12.0775,167.5,0.01675,12.0800,167.5,0.01675,12.0800,-5.0,-0.00050,12.0800,-7.5,-0.00075,12.0775,-7.5,-0.00075,12.0787,-5.0,-0.00050,12.0787,-5.0,-0.00050,12.0787,-5.0,-0.00050,12.0800,-7.5,-0.00075,40.80
1,567560,1,0,33.55,8.9913,132.5,0.13250,12.0775,50.0,0.05000,12.0787,1197.5,0.03629,5.0812,702.5,0.07025,12.0800,162.5,0.01625,12.0775,167.5,0.01675,12.0800,165.0,0.01650,12.0800,-5.0,-0.00050,12.0813,-7.5,-0.00075,12.0775,-7.5,-0.00075,12.0787,-5.0,-0.00050,12.0787,-5.0,-0.00050,12.0787,-5.0,-0.00050,12.0800,-7.5,-0.00075,41.30
1,567896,1,0,33.83,8.9913,135.0,0.13500,12.0775,52.5,0.05250,12.0775,1195.0,0.03621,5.0812,702.5,0.07025,12.0787,172.5,0.01725,12.0775,175.0,0.01750,12.0800,170.0,0.01700,12.0800,-5.0,-0.00050,12.0800,-7.5,-0.00075,12.0775,-7.5,-0.00075,12.0787,-5.0,-0.00050,12.0787,-5.0,-0.00050,12.0787,-5.0,-0.00050,12.0800,-7.5,-0.00075,41.64
1,568231,1,0,34.11,8.9913,135.0,0.13500,12.0775,52.5,0.05250,12.0787,1192.5,0.03614,5.0812,702.5,0.07025,12.0800,170.0,0.01700,12.0775,175.0,0.01750,12.0800,170.0,0.01700,12.0800,-5.0,-0.00050,12.0813,-7.5,-0.00075,12.0775,-7.5,-0.00075,12.0787,-5.0,-0.00050,12.0787,-5.0,-0.00050,12.0787,-5.0,-0.00050,12.0800,-7.5,-0.00075,41.97
1,568566,1,0,34.39,8.9900,137.5,0.13750,12.0775,55.0,0.05500,12.0775,1195.0,0.03621,5.0812,702.5,0.07025,12.0800,175.0,0.01750,12.0775,182.5,0.01825,12.0800,177.5,0.01775,12.0800,-5.0,-0.00050,12.0800,-7.5,-0.00075,12.0775,-7.5,-0.00075,12.0787,-5.0,-0.00050,12.0787,-5.0,-0.00050,12.0787,-5.0,-0.00050,12.0800,-7.5,-0.00075,42.31
1,568993,1,0,34.75,8.9900,137.5,0.13750,12.0775,55.0,0.05500,12.0787,1197.5,0.03629,5.0812,700.0,0.07000,12.0800,175.0,0.01750,12.0775,182.5,0.01825,12.0800,177.5,0.01775,12.0800,-5.0,-0.00050,12.0813,-7.5,-0.00075,12.0775,-7.5,-0.00075,12.0787,-5.0,-0.00050,12.0787,-5.0,-0.00050,12.0787,-5.0,-0.00050,12.0800,-7.5,-0.00075,42.73
1,569329,1,0,35.03,8.9900,137.5,0.13750,12.0775,55.0,0.05500,12.0787,1195.0,0.03621,5.0812,702.5,0.07025,12.0800,175.0,0.01750,12.0775,180.0,0.01800,12.0800,175.0,0.01750,12.0800,-5.0,-0.00050,12.0813,-7.5,-0.00075,12.0775,-7.5,-0.00075,12.0787,-5.0,-0.00050,12.0787,-5.0,-0.00050,12.0787,-5.0,-0.00050,12.0800,-7.5,-0.00075,43.06
1,569664,1,0,35.31,8.9900,140.0,0.14000,12.0775,57.5,0.05750,12.0775,1195.0,0.03621,5.0812,702.5,0.07025,12.0800,182.5,0.01825,12.0775,187.5,0.01875,12.0800,182.5,0.01825,12.0800,-5.0,-0.00050,12.0800,-7.5,-0.00075,12.0775,-7.5,-0.00075,12.0787,-5.0,-0.00050,12.0787,-5.0,-0.00050,12.0787,-5.0,-0.00050,12.0800,-7.5,-0.00075,43.40
1,569999,1,0,35.59,8.9900,140.0,0.14000,12.0775,57.5,0.05750,12.0787,1190.0,0.03606,5.0812,702.5,0.07025,12.0800,182.5,0.01825,12.0775,187.5,0.01875,12.0800,182.5,0.01825,12.0800,-5.0,-0.00050,12.0813,-7.5,-0.00075,12.0775,-7.5,-0.00075,12.0787,-5.0,-0.00050,12.0787,-5.0,-0.00050,12.0787,-5.0,-0.00050,12.0800,-7.5,-0.00075,43.73
1,570423,1,0,35.94,8.9900,142.5,0.14250,12.0775,60.0,0.06000,12.0787,1192.5,0.03614,5.0812,702.5,0.07025,12.0800,190.0,0.01900,12.0775,195.0,0.01950,12.0800,190.0,0.01900,12.0800,-5.0,-0.00050,12.0813,-7.5,-0.00075,12.0775,-7.5,-0.00075,12.0787,-5.0,-0.00050,12.0787,-5.0,-0.00050,12.0787,-5.0,-0.00050,12.0800,-7.5,-0.00075,44.16
1,570759,1,0,36.22,8.9900,142.5,0.14250,12.0775,60.0,0.06000,12.0787,1192.5,0.03614,5.0812,702.5,0.07025,12.0800,190.0,0.01900,12.0775,192.5,0.01925,12.0800,190.0,0.01900,12.0800,-5.0,-0.00050,12.0813,-7.5,-0.00075,12.0775,-7.5,-0.00075,12.0787,-5.0,-0.00050,12.0787,-5.0,-0.00050,12.0787,-5.0,-0.00050,12.0800,-7.5,-0.00075,44.51
1,571115,1,0,36.52,8.9900,142.5,0.14250,12.0775,60.0,0.06000,12.0775,1202.5,0.03644,5.0812,702.5,0.07025,12.0800,190.0,0.01900,12.0775,195.0,0.01950,12.0800,187.5,0.01875,12.0800,-5.0,-0.00050,12.0813,-7.5,-0.00075,12.0775,-7.5,-0.00075,12.0787,-5.0,-0.00050,12.0787,-5.0,-0.00050,12.0787,-5.0,-0.00050,12.0800,-7.5,-0.00075,44.85
1,571451,1,0,36.80,8.9900,145.0,0.14500,12.0775,62.5,0.06250,12.0787,1195.0,0.03621,5.0812,702.5,0.07025,12.0800,200.0,0.02000,12.0775,200.0,0.02000,12.0800,195.0,0.01950,12.0800,-5.0,-0.00050,12.0813,-7.5,-0.00075,12.0775,-7.5,-0.00075,12.0787,-5.0,-0.00050,12.0787,-5.0,-0.00050,12.0787,-5.0,-0.00050,12.0800,-7.5,-0.00075,45.19
1,571954,1,0,37.22,8.9900,145.0,0.14500,12.0775,60.0,0.06000,12.0787,1197.5,0.03629,5.0812,702.5,0.07025,12.0800,195.0,0.01950,12.0775,197.5,0.01975,12.0800,197.5,0.01975,12.0800,-5.0,-0.00050,12.0813,-7.5,-0.00075,12.0775,-7.5,-0.00075,12.0787,-5.0,-0.00050,12.0787,-5.0,-0.00050,12.0787,-5.0,-0.00050,12.0800,-7.5,-0.00075,45.69
1,572289,1,0,37.49,8.9887,150.0,0.15000,12.0775,62.5,0.06250,12.0787,1195.0,0.03621,5.0812,702.5,0.07025,12.0800,202.5,0.02025,12.0775,207.5,0.02075,12.0800,205.0,0.02050,12.0800,-5.0,-0.00050,12.0813,-7.5,-0.00075,12.0775,-7.5,-0.00075,12.0787,-5.0,-0.00050,12.0787,-5.0,-0.00050,12.0787,-5.0,-0.00050,12.0800,-7.5,-0.00075,46.02
1,572624,1,0,37.77,8.9887,150.0,0.15000,12.0775,62.5,0.06250,12.0787,1197.5,0.03629,5.0812,702.5,0.07025,12.0800,202.5,0.02025,12.0775,207.5,0.02075,12.0800,205.0,0.02050,12.0800,-5.0,-0.00050,12.0813,-7.5,-0.00075,12.0775,-7.5,-0.00075,12.0787,-5.0,-0.00050,12.0787,-5.0,-0.00050,12.0787,-5.0,-0.00050,12.0800,-7.5,-0.00075,46.37
1,572959,1,0,38.05,8.9887,147.5,0.14750,12.0775,62.5,0.06250,12.0787,1195.0,0.03621,5.0812,702.5,0.07025,12.0800,202.5,0.02025,12.0775,205.0,0.02050,12.0800,200.0,0.02000,12.0800,-5.0,-0.00050,12.0813,-7.5,-0.00075,12.0775,-7.5,-0.00075,12.0787,-5.0,-0.00050,12.0787,-5.0,-0.00050,12.0787,-5.0,-0.00050,12.0800,-7.5,-0.00075,46.70
1,573372,1,0,38.40,8.9887,152.5,0.15250,12.0775,65.0,0.06500,12.0787,1197.5,0.03629,5.0812,702.5,0.07025,12.0800,207.5,0.02075,12.0775,212.5,0.02125,12.0800,212.5,0.02125,12.0800,-5.0,-0.00050,12.0813,-7.5,-0.00075,12.0775,-7.5,-0.00075,12.0787,-5.0,-0.00050,12.0787,-5.0,-0.00050,12.0787,-5.0,-0.00050,12.0800,-7.5,-0.00075,47.12
1,573708,1,0,38.68,8.9887,152.5,0.15250,12.0775,65.0,0.06500,12.0787,1197.5,0.03629,5.0812,702.5,0.07025,12.0800,210.0,0.02100,12.0775,215.0,0.02150,12.0800,207.5,0.02075,12.0800,-5.0,-0.00050,12.0813,-7.5,-0.00075,12.0775,-7.5,-0.00075,12.0787,-5.0,-0.00050,12.0787,-5.0,-0.00050,12.0787,-5.0,-0.00050,12.0800,-7.5,-0.00075,47.44
1,574043,1,0,38.96,8.9887,152.5,0.15250,12.0775,65.0,0.06500,12.0775,1197.5,0.03629,5.0812,702.5,0.07025,12.0800,207.5,0.02075,12.0775,212.5,0.02125,12.0800,205.0,0.02050,12.0800,-5.0,-0.00050,12.0800,-7.5,-0.00075,12.0775,-7.5,-0.00075,12.0787,-5.0,-0.00050,12.0787,-5.0,-0.00050,12.0787,-5.0,-0.00050,12.0800,-7.5,-0.00075,47.78
1,574378,1,0,39.24,8.9887,155.0,0.15500,12.0775,67.5,0.06750,12.0787,1197.5,0.03629,5.0812,702.5,0.07025,12.0800,215.0,0.02150,12.0775,222.5,0.02225,12.0800,217.5,0.02175,12.0800,-5.0,-0.00050,12.0813,-7.5,-0.00075,12.0775,-7.5,-0.00075,12.0787,-5.0,-0.00050,12.0787,-5.0,-0.00050,12.0787,-5.0,-0.00050,12.0800,-7.5,-0.00075,48.12
1,574789,1,0,39.58,8.9887,155.0,0.15500,12.0775,67.5,0.06750,12.0787,1195.0,0.03621,5.0812,702.5,0.07025,12.0800,215.0,0.02150,12.0775,220.0,0.02200,12.0800,217.5,0.02175,12.0800,-5.0,-0.00050,12.0813,-7.5,-0.00075,12.0775,-7.5,-0.00075,12.0787,-5.0,-0.00050,12.0787,-5.0,-0.00050,12.0787,-5.0,-0.00050,12.0800,-7.5,-0.00075,48.53
1,575125,1,0,39.86,8.9887,157.5,0.15750,12.0775,70.0,0.07000,12.0787,1197.5,0.03629,5.0812,702.5,0.07025,12.0800,222.5,0.02225,12.0775,230.0,0.02300,12.0800,225.0,0.02250,12.0800,-5.0,-0.00050,12.0800,-7.5,-0.00075,12.0775,-7.5,-0.00075,12.0787,-5.0,-0.00050,12.0787,-5.0,-0.00050,12.0787,-5.0,-0.00050,12.0800,-7.5,-0.00075,48.87
1,575481,1,0,40.15,8.9887,157.5,0.15750,12.0775,70.0,0.07000,12.0787,1200.0,0.03636,5.0812,702.5,0.07025,12.0800,225.0,0.02250,12.0775,227.5,0.02275,12.0800,222.5,0.02225,12.0800,-5.0,-0.00050,12.0813,-7.5,-0.00075,12.0775,-7.5,-0.00075,12.0787,-5.0,-0.00050,12.0787,-5.0,-0.00050,12.0787,-5.0,-0.00050,12.0800,-7.5,-0.00075,49.22
1,575817,1,0,40.43,8.9887,157.5,0.15750,12.0775,70.0,0.07000,12.0775,1197.5,0.03629,5.0812,702.5,0.07025,12.0800,220.0,0.02200,12.0775,227.5,0.02275,12.0800,225.0,0.02250,12.0800,-5.0,-0.00050,12.0813,-7.5,-0.00075,12.0775,-7.5,-0.00075,12.0787,-5.0,-0.00050,12.0787,-5.0,-0.00050,12.0787,-5.0,-0.00050,12.0800,-7.5,-0.00075,49.56
1,576231,1,0,40.78,8.9875,160.0,0.16000,12.0775,72.5,0.07250,12.0787,1200.0,0.03636,5.0812,702.5,0.07025,12.0800,227.5,0.02275,12.0775,235.0,0.02350,12.0800,232.5,0.02325,12.0800,-5.0,-0.00050,12.0813,-7.5,-0.00075,12.0775,-7.5,-0.00075,12.0787,-5.0,-0.00050,12.0787,-5.0,-0.00050,12.0787,-5.0,-0.00050,12.0800,-7.5,-0.00075,49.97
1,576566,1,0,41.06,8.9875,160.0,0.16000,12.0775,72.5,0.07250,12.0775,1197.5,0.03629,5.0812,702.5,0.07025,12.0787,230.0,0.02300,12.0775,235.0,0.02350,12.0800,230.0,0.02300,12.0800,-5.0,-0.00050,12.0800,-7.5,-0.00075,12.0775,-7.5,-0.00075,12.0787,-5.0,-0.00050,12.0787,-5.0,-0.00050,12.0787,-5.0,-0.00050,12.0800,-7.5,-0.00075,50.31
1,576901,1,0,41.34,8.9875,160.0,0.16000,12.0775,72.5,0.07250,12.0775,1197.5,0.03629,5.0812,702.5,0.07025,12.0800,227.5,0.02275,12.0775,235.0,0.02350,12.0800,225.0,0.02250,12.0800,-5.0,-0.00050,12.0813,-7.5,-0.00075,12.0775,-7.5,-0.00075,12.0787,-5.0,-0.00050,12.0787,-5.0,-0.00050,12.0787,-5.0,-0.00050,12.0800,-7.5,-0.00075,50.64
1,577236,1,0,41.62,8.9875,165.0,0.16500,12.0775,75.0,0.07500,12.0775,1197.5,0.03629,5.0812,702.5,0.07025,12.0787,237.5,0.02375,12.0775,242.5,0.02425,12.0800,237.5,0.02375,12.0800,-5.0,-0.00050,12.0800,-7.5,-0.00075,12.0775,-7.5,-0.00075,12.0787,-5.0,-0.00050,12.0787,-5.0,-0.00050,12.0787,-5.0,-0.00050,12.0800,-7.5,-0.00075,50.97
1,577665,1,0,41.97,8.9875,162.5,0.16250,12.0775,75.0,0.07500,12.0787,1195.0,0.03621,5.0812,702.5,0.07025,12.0800,235.0,0.02350,12.0775,242.5,0.02425,12.0800,232.5,0.02325,12.0800,-5.0,-0.00050,12.0813,-7.5,-0.00075,12.0775,-7.5,-0.00075,12.0787,-5.0,-0.00050,12.0787,-5.0,-0.00050,12.0787,-5.0,-0.00050,12.0800,-7.5,-0.00075,51.40
1,578001,1,0,42.25,8.9875,167.5,0.16750,12.0775,77.5,0.07750,12.0775,1197.5,0.03629,5.0812,702.5,0.07025,12.0787,242.5,0.02425,12.0775,250.0,0.02500,12.0800,245.0,0.02450,12.0800,-5.0,-0.00050,12.0813,-7.5,-0.00075,12.0775,-7.5,-0.00075,12.0787,-5.0,-0.00050,12.0787,-5.0,-0.00050,12.0787,-5.0,-0.00050,12.0800,-7.5,-0.00075,51.74
1,578336,1,0,42.53,8.9875,167.5,0.16750,12.0775,77.5,0.07750,12.0775,1197.5,0.03629,5.0812,702.5,0.07025,12.0787,247.5,0.02475,12.0775,252.5,0.02525,12.0800,242.5,0.02425,12.0800,-5.0,-0.00050,12.0800,-7.5,-0.00075,12.0775,-7.5,-0.00075,12.0787,-5.0,-0.00050,12.0787,-5.0,-0.00050,12.0787,-5.0,-0.00050,12.0800,-7.5,-0.00075,52.07
1,578671,1,0,42.81,8.9875,167.5,0.16750,12.0775,77.5,0.07750,12.0775,1197.5,0.03629,5.0812,702.5,0.07025,12.0800,242.5,0.02425,12.0775,247.5,0.02475,12.0800,242.5,0.02425,12.0800,-5.0,-0.00050,12.0800,-7.5,-0.00075,12.0775,-7.5,-0.00075,12.0787,-5.0,-0.00050,12.0787,-5.0,-0.00050,12.0787,-5.0,-0.00050,12.0800,-7.5,-0.00075,52.40
1,579096,1,0,43.17,8.9862,170.0,0.17000,12.0775,80.0,0.08000,12.0787,1197.5,0.03629,5.0812,702.5,0.07025,12.0800,255.0,0.02550,12.0775,257.5,0.02575,12.0800,255.0,0.02550,12.0800,-5.0,-0.00050,12.0800,-7.5,-0.00075,12.0775,-7.5,-0.00075,12.0787,-5.0,-0.00050,12.0787,-5.0,-0.00050,12.0787,-5.0,-0.00050,12.0800,-7.5,-0.00075,52.84
1,579432,1,0,43.45,8.9862,170.0,0.17000,12.0775,80.0,0.08000,12.0787,1200.0,0.03636,5.0812,702.5,0.07025,12.0800,250.0,0.02500,12.0775,257.5,0.02575,12.0800,250.0,0.02500,12.0800,-5.0,-0.00050,12.0800,-7.5,-0.00075,12.0775,-7.5,-0.00075,12.0787,-5.0,-0.00050,12.0787,-5.0,-0.00050,12.0787,-5.0,-0.00050,12.0800,-7.5,-0.00075,53.18
1,579788,1,0,43.74,8.9862,170.0,0.17000,12.0775,80.0,0.08000,12.0775,1195.0,0.03621,5.0812,702.5,0.07025,12.0787,252.5,0.02525,12.0775,255.0,0.02550,12.0800,250.0,0.02500,12.0800,-5.0,-0.00050,12.0800,-7.5,-0.00075,12.0775,-7.5,-0.00075,12.0775,-5.0,-0.00050,12.0775,-5.0,-0.00050,12.0787,-5.0,-0.00050,12.0800,-7.5,-0.00075,53.54
1,580124,1,0,44.02,8.9862,175.0,0.17500,12.0775,82.5,0.08250,12.0775,1200.0,0.03636,5.0812,702.5,0.07025,12.0787,260.0,0.02600,12.0775,262.5,0.02625,12.0800,260.0,0.02600,12.0787,-5.0,-0.00050,12.0800,-7.5,-0.00075,12.0763,-7.5,-0.00075,12.0775,-5.0,-0.00050,12.0775,-5.0,-0.00050,12.0787,-5.0,-0.00050,12.0800,-7.5,-0.00075,53.87
1,580553,1,0,44.38,8.9862,175.0,0.17500,12.0775,82.5,0.08250,12.0787,1197.5,0.03629,5.0812,702.5,0.07025,12.0800,260.0,0.02600,12.0775,265.0,0.02650,12.0800,257.5,0.02575,12.0800,-5.0,-0.00050,12.0813,-7.5,-0.00075,12.0775,-7.5,-0.00075,12.0787,-5.0,-0.00050,12.0787,-5.0,-0.00050,12.0787,-5.0,-0.00050,12.0800,-7.5,-0.00075,54.29
1,580889,1,0,44.66,8.9862,177.5,0.17750,12.0775,85.0,0.08500,12.0775,1200.0,0.03636,5.0812,702.5,0.07025,12.0800,270.0,0.02700,12.0775,275.0,0.02750,12.0800,267.5,0.02675,12.0800,-5.0,-0.00050,12.0800,-7.5,-0.00075,12.0775,-7.5,-0.00075,12.0787,-5.0,-0.00050,12.0787,-5.0,-0.00050,12.0787,-5.0,-0.00050,12.0800,-7.5,-0.00075,54.62
1,581224,1,0,44.94,8.9862,177.5,0.17750,12.0775,85.0,0.08500,12.0775,1195.0,0.03621,5.0812,702.5,0.07025,12.0800,270.0,0.02700,12.0775,272.5,0.02725,12.0800,265.0,0.02650,12.0800,-5.0,-0.00050,12.0800,-7.5,-0.00075,12.0775,-7.5,-0.00075,12.0787,-5.0,-0.00050,12.0787,-5.0,-0.00050,12.0787,-5.0,-0.00050,12.0800,-7.5,-0.00075,54.96
1,581559,1,0,45.22,8.9862,177.5,0.17750,12.0775,85.0,0.08500,12.0775,1197.5,0.03629,5.0812,702.5,0.07025,12.0787,265.0,0.02650,12.0775,272.5,0.02725,12.0800,265.0,0.02650,12.0800,-5.0,-0.00050,12.0813,-7.5,-0.00075,12.0775,-7.5,-0.00075,12.0787,-5.0,-0.00050,12.0787,-5.0,-0.00050,12.0787,-5.0,-0.00050,12.0800,-7.5,-0.00075,55.29
1,582004,1,0,45.59,8.9850,182.5,0.18250,12.0775,87.5,0.08750,12.0775,1197.5,0.03629,5.0812,705.0,0.07050,12.0800,280.0,0.02800,12.0775,282.5,0.02825,12.0800,275.0,0.02750,12.0800,-5.0,-0.00050,12.0813,-7.5,-0.00075,12.0775,-7.5,-0.00075,12.0787,-5.0,-0.00050,12.0787,-5.0,-0.00050,12.0787,-5.0,-0.00050,12.0800,-7.5,-0.00075,55.74
1,582340,1,0,45.87,8.9850,180.0,0.18000,12.0775,87.5,0.08750,12.0775,1197.5,0.03629,5.0812,705.0,0.07050,12.0787,277.5,0.02775,12.0775,285.0,0.02850,12.0800,270.0,0.02700,12.0800,-5.0,-0.00050,12.0800,-7.5,-0.00075,12.0775,-7.5,-0.00075,12.0787,-5.0,-0.00050,12.0787,-5.0,-0.00050,12.0787,-5.0,-0.00050,12.0800,-7.5,-0.00075,56.07
1,582675,1,0,46.15,8.9850,185.0,0.18500,12.0775,90.0,0.09000,12.0775,1200.0,0.03636,5.0812,702.5,0.07025,12.0787,285.0,0.02850,12.0775,292.5,0.02925,12.0800,282.5,0.02825,12.0800,-5.0,-0.00050,12.0800,-7.5,-0.00075,12.0775,-7.5,-0.00075,12.0787,-5.0,-0.00050,12.0787,-5.0,-0.00050,12.0787,-5.0,-0.00050,12.0800,-7.5,-0.00075,56.42
1,583010,1,0,46.43,8.9850,185.0,0.18500,12.0775,90.0,0.09000,12.0775,1197.5,0.03629,5.0812,702.5,0.07025,12.0787,282.5,0.02825,12.0775,292.5,0.02925,12.0800,282.5,0.02825,12.0800,-5.0,-0.00050,12.0800,-7.5,-0.00075,12.0775,-7.5,-0.00075,12.0787,-5.0,-0.00050,12.0787,-5.0,-0.00050,12.0787,-5.0,-0.00050,12.0800,-7.5,-0.00075,56.75
1,583427,1,0,46.78,8.9850,185.0,0.18500,12.0775,90.0,0.09000,12.0787,1197.5,0.03629,5.0812,705.0,0.07050,12.0800,285.0,0.02850,12.0775,290.0,0.02900,12.0800,282.5,0.02825,12.0800,-5.0,-0.00050,12.0813,-7.5,-0.00075,12.0775,-7.5,-0.00075,12.0787,-5.0,-0.00050,12.0787,-5.0,-0.00050,12.0787,-5.0,-0.00050,12.0800,-7.5,-0.00075,57.17
1,583762,1,0,47.06,8.9850,190.0,0.19000,12.0775,92.5,0.09250,12.0787,1200.0,0.03636,5.0812,702.5,0.07025,12.0787,295.0,0.02950,12.0775,297.5,0.02975,12.0800,292.5,0.02925,12.0800,-5.0,-0.00050,12.0813,-7.5,-0.00075,12.0775,-7.5,-0.00075,12.0787,-5.0,-0.00050,12.0787,-5.0,-0.00050,12.0787,-5.0,-0.00050,12.0800,-7.5,-0.00075,57.52
1,584118,1,0,47.35,8.9850,190.0,0.19000,12.0775,92.5,0.09250,12.0775,1197.5,0.03629,5.0812,702.5,0.07025,12.0800,292.5,0.02925,12.0775,297.5,0.02975,12.0800,290.0,0.02900,12.0800,-5.0,-0.00050,12.0813,-7.5,-0.00075,12.0775,-7.5,-0.00075,12.0787,-5.0,-0.00050,12.0787,-5.0,-0.00050,12.0787,-5.0,-0.00050,12.0800,-7.5,-0.00075,57.86
1,584454,1,0,47.63,8.9850,190.0,0.19000,12.0775,92.5,0.09250,12.0787,1197.5,0.03629,5.0812,705.0,0.07050,12.0787,292.5,0.02925,12.0775,297.5,0.02975,12.0800,287.5,0.02875,12.0800,-5.0,-0.00050,12.0813,-7.5,-0.00075,12.0775,-7.5,-0.00075,12.0787,-5.0,-0.00050,12.0787,-5.0,-0.00050,12.0787,-5.0,-0.00050,12.0800,-7.5,-0.00075,58.19
1,584907,1,0,48.01,8.9837,192.5,0.19250,12.0775,95.0,0.09500,12.0787,1200.0,0.03636,5.0812,705.0,0.07050,12.0800,302.5,0.03025,12.0775,310.0,0.03100,12.0800,300.0,0.03000,12.0800,-5.0,-0.00050,12.0813,-7.5,-0.00075,12.0775,-7.5,-0.00075,12.0787,-5.0,-0.00050,12.0787,-5.0,-0.00050,12.0787,-5.0,-0.00050,12.0800,-7.5,-0.00075,58.64
1,585243,1,0,48.29,8.9837,192.5,0.19250,12.0775,95.0,0.09500,12.0787,1200.0,0.03636,5.0812,705.0,0.07050,12.0800,305.0,0.03050,12.0775,307.5,0.03075,12.0800,300.0,0.03000,12.0800,-5.0,-0.00050,12.0813,-7.5,-0.00075,12.0775,-7.5,-0.00075,12.0787,-5.0,-0.00050,12.0787,-5.0,-0.00050,12.0787,-5.0,-0.00050,12.0800,-7.5,-0.00075,58.99
1,585578,1,0,48.57,8.9837,197.5,0.19750,12.0775,100.0,0.10000,12.0775,1197.5,0.03629,5.0812,702.5,0.07025,12.0787,312.5,0.03125,12.0775,317.5,0.03175,12.0800,310.0,0.03100,12.0787,-5.0,-0.00050,12.0800,-7.5,-0.00075,12.0775,-7.5,-0.00075,12.0775,-5.0,-0.00050,12.0787,-5.0,-0.00050,12.0787,-5.0,-0.00050,12.0800,-7.5,-0.00075,59.32
1,585913,1,0,48.85,8.9837,197.5,0.19750,12.0775,100.0,0.10000,12.0787,1197.5,0.03629,5.0812,705.0,0.07050,12.0800,310.0,0.03100,12.0775,315.0,0.03150,12.0800,307.5,0.03075,12.0800,-5.0,-0.00050,12.0813,-7.5,-0.00075,12.0775,-7.5,-0.00075,12.0787,-5.0,-0.00050,12.0787,-5.0,-0.00050,12.0787,-5.0,-0.00050,12.0800,-7.5,-0.00075,59.66
1,586328,1,0,49.19,8.9837,195.0,0.19500,12.0775,97.5,0.09750,12.0787,1200.0,0.03636,5.0812,705.0,0.07050,12.0800,307.5,0.03075,12.0775,315.0,0.03150,12.0800,310.0,0.03100,12.0800,-5.0,-0.00050,12.0813,-7.5,-0.00075,12.0775,-7.5,-0.00075,12.0787,-5.0,-0.00050,12.0787,-5.0,-0.00050,12.0787,-5.0,-0.00050,12.0800,-7.5,-0.00075,60.07
1,586664,1,0,49.47,8.9837,200.0,0.20000,12.0775,102.5,0.10250,12.0775,1200.0,0.03636,5.0812,705.0,0.07050,12.0787,320.0,0.03200,12.0775,325.0,0.03250,12.0800,317.5,0.03175,12.0787,-5.0,-0.00050,12.0800,-7.5,-0.00075,12.0763,-7.5,-0.00075,12.0775,-5.0,-0.00050,12.0775,-5.0,-0.00050,12.0787,-5.0,-0.00050,12.0787,-7.5,-0.00075,60.41
1,586999,1,0,49.75,8.9825,200.0,0.20000,12.0775,100.0,0.10000,12.0787,1200.0,0.03636,5.0812,702.5,0.07025,12.0787,320.0,0.03200,12.0775,325.0,0.03250,12.0800,317.5,0.03175,12.0800,-5.0,-0.00050,12.0800,-7.5,-0.00075,12.0775,-7.5,-0.00075,12.0787,-5.0,-0.00050,12.0787,-5.0,-0.00050,12.0787,-5.0,-0.00050,12.0800,-7.5,-0.00075,60.74
1,587334,1,0,50.03,8.9825,207.5,0.20750,12.0775,107.5,0.10750,12.0787,1200.0,0.03636,5.0812,705.0,0.07050,12.0787,335.0,0.03350,12.0775,342.5,0.03425,12.0800,332.5,0.03325,12.0787,-5.0,-0.00050,12.0800,-7.5,-0.00075,12.0775,-7.5,-0.00075,12.0787,-5.0,-0.00050,12.0787,-5.0,-0.00050,12.0787,-5.0,-0.00050,12.0800,-7.5,-0.00075,61.08
1,587745,1,0,50.37,8.9825,207.5,0.20750,12.0775,107.5,0.10750,12.0787,1202.5,0.03644,5.0812,705.0,0.07050,12.0800,335.0,0.03350,12.0775,340.0,0.03400,12.0800,332.5,0.03325,12.0800,-5.0,-0.00050,12.0813,-7.5,-0.00075,12.0775,-7.5,-0.00075,12.0787,-5.0,-0.00050,12.0787,-5.0,-0.00050,12.0787,-5.0,-0.00050,12.0800,-7.5,-0.00075,61.49
1,588081,1,0,50.65,8.9825,207.5,0.20750,12.0775,105.0,0.10500,12.0787,1197.5,0.03629,5.0812,705.0,0.07050,12.0787,335.0,0.03350,12.0775,342.5,0.03425,12.0800,327.5,0.03275,12.0800,-5.0,-0.00050,12.0800,-7.5,-0.00075,12.0775,-7.5,-0.00075,12.0787,-5.0,-0.00050,12.0787,-5.0,-0.00050,12.0787,-5.0,-0.00050,12.0800,-7.5,-0.00075,61.84
1,588437,1,0,50.95,8.9825,212.5,0.21250,12.0775,110.0,0.11000,12.0775,1202.5,0.03644,5.0812,705.0,0.07050,12.0787,350.0,0.03500,12.0775,350.0,0.03500,12.0800,342.5,0.03425,12.0800,-5.0,-0.00050,12.0800,-7.5,-0.00075,12.0775,-7.5,-0.00075,12.0787,-5.0,-0.00050,12.0787,-5.0,-0.00050,12.0787,-5.0,-0.00050,12.0800,-7.5,-0.00075,62.18
1,588773,1,0,51.23,8.9825,212.5,0.21250,12.0775,110.0,0.11000,12.0775,1197.5,0.03629,5.0812,705.0,0.07050,12.0787,347.5,0.03475,12.0763,350.0,0.03500,12.0787,342.5,0.03425,12.0787,-5.0,-0.00050,12.0800,-7.5,-0.00075,12.0763,-7.5,-0.00075,12.0775,-5.0,-0.00050,12.0775,-5.0,-0.00050,12.0787,-5.0,-0.00050,12.0800,-7.5,-0.00075,62.52
1,589185,1,0,51.57,8.9812,217.5,0.21750,12.0775,112.5,0.11250,12.0787,1202.5,0.03644,5.0812,702.5,0.07025,12.0787,340.0,0.03400,12.0775,360.0,0.03600,12.0800,350.0,0.03500,12.0800,-5.0,-0.00050,12.0813,-7.5,-0.00075,12.0775,-7.5,-0.00075,12.0787,-5.0,-0.00050,12.0787,-5.0,-0.00050,12.0787,-5.0,-0.00050,12.0800,-7.5,-0.00075,62.93
1,589520,1,0,51.85,8.9812,215.0,0.21500,12.0775,112.5,0.11250,12.0787,1200.0,0.03636,5.0812,705.0,0.07050,12.0787,357.5,0.03575,12.0775,362.5,0.03625,12.0800,350.0,0.03500,12.0800,-5.0,-0.00050,12.0813,-7.5,-0.00075,12.0775,-7.5,-0.00075,12.0787,-5.0,-0.00050,12.0787,-5.0,-0.00050,12.0787,-5.0,-0.00050,12.0800,-7.5,-0.00075,63.26
1,589855,1,0,52.13,8.9812,215.0,0.21500,12.0775,112.5,0.11250,12.0787,1200.0,0.03636,5.0812,705.0,0.07050,12.0787,350.0,0.03500,12.0775,362.5,0.03625,12.0800,350.0,0.03500,12.0800,-5.0,-0.00050,12.0800,-7.5,-0.00075,12.0775,-7.5,-0.00075,12.0787,-5.0,-0.00050,12.0787,-5.0,-0.00050,12.0787,-5.0,-0.00050,12.0800,-7.5,-0.00075,63.59
1,590190,1,0,52.41,8.9812,220.0,0.22000,12.0775,115.0,0.11500,12.0775,1200.0,0.03636,5.0812,705.0,0.07050,12.0787,365.0,0.03650,12.0763,372.5,0.03725,12.0787,357.5,0.03575,12.0800,-5.0,-0.00050,12.0800,-7.5,-0.00075,12.0763,-7.5,-0.00075,12.0775,-5.0,-0.00050,12.0775,-5.0,-0.00050,12.0787,-5.0,-0.00050,12.0800,-7.5,-0.00075,63.92
1,590620,1,0,52.77,8.9812,220.0,0.22000,12.0775,115.0,0.11500,12.0787,1200.0,0.03636,5.0812,705.0,0.07050,12.0800,360.0,0.03600,12.0775,372.5,0.03725,12.0800,360.0,0.03600,12.0800,-5.0,-0.00050,12.0813,-7.5,-0.00075,12.0775,-7.5,-0.00075,12.0787,-5.0,-0.00050,12.0787,-5.0,-0.00050,12.0787,-5.0,-0.00050,12.0800,-7.5,-0.00075,64.35
1,590956,1,0,53.05,8.9812,217.5,0.21750,12.0775,112.5,0.11250,12.0787,1200.0,0.03636,5.0812,705.0,0.07050,12.0787,360.0,0.03600,12.0775,362.5,0.03625,12.0800,360.0,0.03600,12.0800,-5.0,-0.00050,12.0813,-7.5,-0.00075,12.0775,-7.5,-0.00075,12.0787,-5.0,-0.00050,12.0787,-5.0,-0.00050,12.0787,-5.0,-0.00050,12.0800,-7.5,-0.00075,64.69
1,591291,1,0,53.33,8.9800,222.5,0.22250,12.0775,117.5,0.11750,12.0787,1202.5,0.03644,5.0812,705.0,0.07050,12.0787,375.0,0.03750,12.0775,377.5,0.03775,12.0787,372.5,0.03725,12.0800,-5.0,-0.00050,12.0800,-7.5,-0.00075,12.0763,-7.5,-0.00075,12.0787,-5.0,-0.00050,12.0787,-5.0,-0.00050,12.0787,-5.0,-0.00050,12.0800,-7.5,-0.00075,65.02
1,591626,1,0,53.61,8.9800,225.0,0.22500,12.0775,120.0,0.12000,12.0775,1202.5,0.03644,5.0812,705.0,0.07050,12.0787,370.0,0.03700,12.0775,380.0,0.03800,12.0787,372.5,0.03725,12.0800,-5.0,-0.00050,12.0800,-7.5,-0.00075,12.0775,-7.5,-0.00075,12.0787,-5.0,-0.00050,12.0787,-5.0,-0.00050,12.0787,-5.0,-0.00050,12.0800,-7.5,-0.00075,65.36
1,592046,1,0,53.96,8.9800,227.5,0.22750,12.0775,122.5,0.12250,12.0787,1200.0,0.03636,5.0812,705.0,0.07050,12.0800,382.5,0.03825,12.0775,390.0,0.03900,12.0800,377.5,0.03775,12.0800,-5.0,-0.00050,12.0813,-7.5,-0.00075,12.0775,-7.5,-0.00075,12.0787,-5.0,-0.00050,12.0787,-5.0,-0.00050,12.0787,-5.0,-0.00050,12.0800,-7.5,-0.00075,65.78
1,592381,1,0,54.24,8.9800,230.0,0.23000,12.0775,122.5,0.12250,12.0787,1197.5,0.03629,5.0812,705.0,0.07050,12.0787,385.0,0.03850,12.0763,392.5,0.03925,12.0787,385.0,0.03850,12.0800,-5.0,-0.00050,12.0800,-7.5,-0.00075,12.0775,-7.5,-0.00075,12.0787,-5.0,-0.00050,12.0787,-5.0,-0.00050,12.0787,-5.0,-0.00050,12.0800,-7.5,-0.00075,66.13
1,592737,1,0,54.53,8.9800,227.5,0.22750,12.0775,120.0,0.12000,12.0775,1202.5,0.03644,5.0812,705.0,0.07050,12.0787,382.5,0.03825,12.0775,380.0,0.03800,12.0787,377.5,0.03775,12.0800,-5.0,-0.00050,12.0800,-7.5,-0.00075,12.0775,-7.5,-0.00075,12.0775,-5.0,-0.00050,12.0787,-5.0,-0.00050,12.0787,-5.0,-0.00050,12.0800,-7.5,-0.00075,66.47
1,593073,1,0,54.81,8.9788,232.5,0.23250,12.0775,125.0,0.12500,12.0775,1202.5,0.03644,5.0812,705.0,0.07050,12.0787,395.0,0.03950,12.0763,402.5,0.04025,12.0787,392.5,0.03925,12.0787,-5.0,-0.00050,12.0800,-7.5,-0.00075,12.0775,-7.5,-0.00075,12.0775,-5.0,-0.00050,12.0787,-5.0,-0.00050,12.0787,-5.0,-0.00050,12.0800,-7.5,-0.00075,66.81
1,593499,1,0,55.17,8.9788,232.5,0.23250,12.0775,125.0,0.12500,12.0787,1200.0,0.03636,5.0812,705.0,0.07050,12.0800,390.0,0.03900,12.0775,400.0,0.04000,12.0800,390.0,0.03900,12.0800,-5.0,-0.00050,12.0813,-7.5,-0.00075,12.0775,-7.5,-0.00075,12.0787,-5.0,-0.00050,12.0787,-5.0,-0.00050,12.0787,-5.0,-0.00050,12.0800,-7.5,-0.00075,67.23
1,593835,1,0,55.45,8.9800,232.5,0.23250,12.0775,122.5,0.12250,12.0787,1202.5,0.03644,5.0812,705.0,0.07050,12.0787,397.5,0.03975,12.0763,395.0,0.03950,12.0800,390.0,0.03900,12.0800,-5.0,-0.00050,12.0800,-7.5,-0.00075,12.0775,-7.5,-0.00075,12.0787,-5.0,-0.00050,12.0787,-5.0,-0.00050,12.0787,-5.0,-0.00050,12.0800,-7.5,-0.00075,67.57
1,594170,1,0,55.73,8.9788,237.5,0.23750,12.0775,127.5,0.12750,12.0775,1200.0,0.03636,5.0812,705.0,0.07050,12.0787,392.5,0.03925,12.0763,412.5,0.04125,12.0787,400.0,0.04000,12.0787,-5.0,-0.00050,12.0800,-7.5,-0.00075,12.0763,-7.5,-0.00075,12.0775,-5.0,-0.00050,12.0787,-5.0,-0.00050,12.0787,-5.0,-0.00050,12.0800,-7.5,-0.00075,67.90
1,594505,1,0,56.01,8.9788,237.5,0.23750,12.0775,127.5,0.12750,12.0775,1205.0,0.03652,5.0812,705.0,0.07050,12.0787,400.0,0.04000,12.0763,407.5,0.04075,12.0787,400.0,0.04000,12.0787,-5.0,-0.00050,12.0800,-7.5,-0.00075,12.0763,-7.5,-0.00075,12.0775,-5.0,-0.00050,12.0775,-5.0,-0.00050,12.0787,-5.0,-0.00050,12.0800,-7.5,-0.00075,68.24
1,595038,1,0,56.45,8.9788,242.5,0.24250,12.0775,130.0,0.13000,12.0787,1202.5,0.03644,5.0812,705.0,0.07050,12.0787,412.5,0.04125,12.0763,417.5,0.04175,12.0787,412.5,0.04125,12.0800,-5.0,-0.00050,12.0800,-7.5,-0.00075,12.0775,-7.5,-0.00075,12.0787,-5.0,-0.00050,12.0787,-5.0,-0.00050,12.0787,-5.0,-0.00050,12.0800,-7.5,-0.00075,68.77
1,595374,1,0,56.73,8.9788,242.5,0.24250,12.0775,130.0,0.13000,12.0787,1202.5,0.03644,5.0812,705.0,0.07050,12.0787,415.0,0.04150,12.0763,420.0,0.04200,12.0787,417.5,0.04175,12.0800,-5.0,-0.00050,12.0800,-7.5,-0.00075,12.0775,-7.5,-0.00075,12.0787,-5.0,-0.00050,12.0787,-5.0,-0.00050,12.0787,-5.0,-0.00050,12.0800,-7.5,-0.00075,69.11
1,595709,1,0,57.01,8.9788,240.0,0.24000,12.0775,132.5,0.13250,12.0787,1202.5,0.03644,5.0812,705.0,0.07050,12.0787,410.0,0.04100,12.0763,417.5,0.04175,12.0787,407.5,0.04075,12.0800,-5.0,-0.00050,12.0800,-7.5,-0.00075,12.0775,-7.5,-0.00075,12.0787,-5.0,-0.00050,12.0787,-5.0,-0.00050,12.0787,-5.0,-0.00050,12.0800,-7.5,-0.00075,69.45
1,596044,1,0,57.29,8.9775,247.5,0.24750,12.0775,135.0,0.13500,12.0775,1202.5,0.03644,5.0812,705.0,0.07050,12.0787,422.5,0.04225,12.0763,435.0,0.04350,12.0787,420.0,0.04200,12.0787,-5.0,-0.00050,12.0800,-7.5,-0.00075,12.0775,-7.5,-0.00075,12.0787,-5.0,-0.00050,12.0787,-5.0,-0.00050,12.0787,-5.0,-0.00050,12.0800,-7.5,-0.00075,69.78
1,596455,1,0,57.63,8.9775,247.5,0.24750,12.0775,132.5,0.13250,12.0787,1200.0,0.03636,5.0812,705.0,0.07050,12.0787,422.5,0.04225,12.0775,430.0,0.04300,12.0800,420.0,0.04200,12.0800,-5.0,-0.00050,12.0813,-7.5,-0.00075,12.0775,-7.5,-0.00075,12.0787,-5.0,-0.00050,12.0787,-5.0,-0.00050,12.0787,-5.0,-0.00050,12.0800,-7.5,-0.00075,70.19
1,596791,1,0,57.91,8.9775,252.5,0.25250,12.0775,140.0,0.14000,12.0775,1202.5,0.03644,5.0812,705.0,0.07050,12.0787,440.0,0.04400,12.0763,440.0,0.04400,12.0787,430.0,0.04300,12.0787,-5.0,-0.00050,12.0800,-7.5,-0.00075,12.0763,-7.5,-0.00075,12.0775,-5.0,-0.00050,12.0787,-5.0,-0.00050,12.0787,-5.0,-0.00050,12.0800,-7.5,-0.00075,70.54
1,597147,1,0,58.21,8.9775,252.5,0.25250,12.0775,135.0,0.13500,12.0775,1202.5,0.03644,5.0812,705.0,0.07050,12.0787,435.0,0.04350,12.0763,440.0,0.04400,12.0787,427.5,0.04275,12.0787,-5.0,-0.00050,12.0800,-7.5,-0.00075,12.0763,-7.5,-0.00075,12.0775,-5.0,-0.00050,12.0787,-5.0,-0.00050,12.0787,-5.0,-0.00050,12.0800,-7.5,-0.00075,70.88
1,597483,1,0,58.49,8.9775,252.5,0.25250,12.0775,140.0,0.14000,12.0775,1200.0,0.03636,5.0812,705.0,0.07050,12.0787,432.5,0.04325,12.0763,440.0,0.04400,12.0787,432.5,0.04325,12.0787,-5.0,-0.00050,12.0800,-7.5,-0.00075,12.0763,-7.5,-0.00075,12.0775,-5.0,-0.00050,12.0775,-5.0,-0.00050,12.0787,-5.0,-0.00050,12.0800,-7.5,-0.00075,71.21
1,597897,1,0,58.83,8.9762,257.5,0.25750,12.0775,140.0,0.14000,12.0787,1202.5,0.03644,5.0812,705.0,0.07050,12.0787,450.0,0.04500,12.0775,455.0,0.04550,12.0800,442.5,0.04425,12.0800,-5.0,-0.00050,12.0800,-7.5,-0.00075,12.0775,-7.5,-0.00075,12.0787,-5.0,-0.00050,12.0787,-5.0,-0.00050,12.0787,-5.0,-0.00050,12.0800,-7.5,-0.00075,71.63
1,598233,1,0,59.11,8.9762,257.5,0.25750,12.0775,140.0,0.14000,12.0775,1202.5,0.03644,5.0812,705.0,0.07050,12.0787,445.0,0.04450,12.0763,455.0,0.04550,12.0787,452.5,0.04525,12.0787,-5.0,-0.00050,12.0800,-7.5,-0.00075,12.0775,-7.5,-0.00075,12.0775,-5.0,-0.00050,12.0775,-5.0,-0.00050,12.0787,-5.0,-0.00050,12.0800,-7.5,-0.00075,71.97
1,598568,1,0,59.39,8.9762,262.5,0.26250,12.0775,145.0,0.14500,12.0775,1200.0,0.03636,5.0812,705.0,0.07050,12.0787,452.5,0.04525,12.0763,467.5,0.04675,12.0787,445.0,0.04450,12.0787,-5.0,-0.00050,12.0800,-7.5,-0.00075,12.0763,-7.5,-0.00075,12.0775,-5.0,-0.00050,12.0787,-5.0,-0.00050,12.0787,-5.0,-0.00050,12.0787,-7.5,-0.00075,72.31
1,598903,1,0,59.67,8.9762,262.5,0.26250,12.0775,145.0,0.14500,12.0775,1200.0,0.03636,5.0812,705.0,0.07050,12.0787,457.5,0.04575,12.0763,465.0,0.04650,12.0787,457.5,0.04575,12.0787,-5.0,-0.00050,12.0800,-7.5,-0.00075,12.0763,-7.5,-0.00075,12.0775,-5.0,-0.00050,12.0775,-5.0,-0.00050,12.0787,-5.0,-0.00050,12.0800,-7.5,-0.00075,72.63
1,599334,1,0,60.03,8.9762,260.0,0.26000,12.0775,145.0,0.14500,12.0787,1202.5,0.03644,5.0812,705.0,0.07050,12.0787,465.0,0.04650,12.0775,460.0,0.04600,12.0787,447.5,0.04475,12.0800,-5.0,-0.00050,12.0800,-7.5,-0.00075,12.0775,-7.5,-0.00075,12.0787,-5.0,-0.00050,12.0787,-5.0,-0.00050,12.0787,-5.0,-0.00050,12.0800,-7.5,-0.00075,73.07
1,599670,1,0,60.31,8.9750,267.5,0.26750,12.0775,147.5,0.14750,12.0787,1202.5,0.03644,5.0812,705.0,0.07050,12.0787,467.5,0.04675,12.0763,472.5,0.04725,12.0787,467.5,0.04675,12.0787,-5.0,-0.00050,12.0800,-7.5,-0.00075,12.0775,-7.5,-0.00075,12.0775,-5.0,-0.00050,12.0787,-5.0,-0.00050,12.0787,-5.0,-0.00050,12.0800,-7.5,-0.00075,73.40
1,600005,1,0,60.59,8.9750,267.5,0.26750,12.0775,147.5,0.14750,12.0775,1202.5,0.03644,5.0812,705.0,0.07050,12.0787,475.0,0.04750,12.0763,475.0,0.04750,12.0787,462.5,0.04625,12.0787,-5.0,-0.00050,12.0800,-7.5,-0.00075,12.0763,-7.5,-0.00075,12.0775,-5.0,-0.00050,12.0787,-5.0,-0.00050,12.0787,-5.0,-0.00050,12.0800,-7.5,-0.00075,73.74
1,600340,1,0,60.87,8.9750,267.5,0.26750,12.0775,150.0,0.15000,12.0787,1200.0,0.03636,5.0812,705.0,0.07050,12.0787,450.0,0.04500,12.0763,475.0,0.04750,12.0787,467.5,0.04675,12.0800,-5.0,-0.00050,12.0800,-7.5,-0.00075,12.0763,-7.5,-0.00075,12.0775,-5.0,-0.00050,12.0787,-5.0,-0.00050,12.0787,-5.0,-0.00050,12.0800,-7.5,-0.00075,74.07
1,600765,1,0,61.22,8.9738,272.5,0.27250,12.0775,152.5,0.15250,12.0787,1202.5,0.03644,5.0812,705.0,0.07050,12.0787,465.0,0.04650,12.0775,482.5,0.04825,12.0800,470.0,0.04700,12.0800,-5.0,-0.00050,12.0800,-7.5,-0.00075,12.0775,-7.5,-0.00075,12.0787,-5.0,-0.00050,12.0787,-5.0,-0.00050,12.0787,-5.0,-0.00050,12.0800,-7.5,-0.00075,74.50
1,601101,1,0,61.50,8.9738,272.5,0.27250,12.0775,152.5,0.15250,12.0787,1200.0,0.03636,5.0812,705.0,0.07050,12.0787,480.0,0.04800,12.0763,485.0,0.04850,12.0787,477.5,0.04775,12.0787,-5.0,-0.00050,12.0800,-7.5,-0.00075,12.0763,-7.5,-0.00075,12.0775,-5.0,-0.00050,12.0787,-5.0,-0.00050,12.0787,-5.0,-0.00050,12.0787,-7.5,-0.00075,74.85
1,601457,1,0,61.80,8.9738,277.5,0.27750,12.0775,155.0,0.15500,12.0775,1202.5,0.03644,5.0812,705.0,0.07050,12.0787,497.5,0.04975,12.0763,512.5,0.05125,12.0787,482.5,0.04825,12.0787,-5.0,-0.00050,12.0800,-7.5,-0.00075,12.0763,-7.5,-0.00075,12.0787,-5.0,-0.00050,12.0775,-5.0,-0.00050,12.0787,-5.0,-0.00050,12.0787,-7.5,-0.00075,75.19
1,601793,1,0,62.08,8.9738,277.5,0.27750,12.0775,155.0,0.15500,12.0775,1200.0,0.03636,5.0812,705.0,0.07050,12.0787,492.5,0.04925,12.0763,470.0,0.04700,12.0787,492.5,0.04925,12.0800,-5.0,-0.00050,12.0800,-7.5,-0.00075,12.0775,-7.5,-0.00075,12.0787,-5.0,-0.00050,12.0787,-5.0,-0.00050,12.0787,-5.0,-0.00050,12.0800,-7.5,-0.00075,75.53
1,602223,1,0,62.44,8.9738,277.5,0.27750,12.0775,155.0,0.15500,12.0787,1205.0,0.03652,5.0812,705.0,0.07050,12.0787,487.5,0.04875,12.0775,492.5,0.04925,12.0800,475.0,0.04750,12.0800,-5.0,-0.00050,12.0813,-7.5,-0.00075,12.0775,-7.5,-0.00075,12.0787,-5.0,-0.00050,12.0787,-5.0,-0.00050,12.0787,-5.0,-0.00050,12.0800,-7.5,-0.00075,75.97
1,602559,1,0,62.72,8.9725,282.5,0.28250,12.0775,160.0,0.16000,12.0775,1202.5,0.03644,5.0812,705.0,0.07050,12.0787,500.0,0.05000,12.0763,507.5,0.05075,12.0787,500.0,0.05000,12.0787,-5.0,-0.00050,12.0800,-7.5,-0.00075,12.0763,-7.5,-0.00075,12.0775,-5.0,-0.00050,12.0775,-5.0,-0.00050,12.0787,-5.0,-0.00050,12.0787,-7.5,-0.00075,76.30
1,602894,1,0,63.00,8.9725,282.5,0.28250,12.0775,160.0,0.16000,12.0787,1205.0,0.03652,5.0812,705.0,0.07050,12.0787,502.5,0.05025,12.0763,505.0,0.05050,12.0787,497.5,0.04975,12.0787,-5.0,-0.00050,12.0800,-7.5,-0.00075,12.0763,-7.5,-0.00075,12.0775,-5.0,-0.00050,12.0787,-5.0,-0.00050,12.0787,-5.0,-0.00050,12.0800,-7.5,-0.00075,76.64
1,603229,1,0,63.28,8.9738,282.5,0.28250,12.0775,160.0,0.16000,12.0787,1205.0,0.03652,5.0812,705.0,0.07050,12.0787,502.5,0.05025,12.0763,507.5,0.05075,12.0787,497.5,0.04975,12.0787,-5.0,-0.00050,12.0800,-7.5,-0.00075,12.0763,-7.5,-0.00075,12.0775,-5.0,-0.00050,12.0775,-5.0,-0.00050,12.0787,-5.0,-0.00050,12.0787,-7.5,-0.00075,76.97
1,603705,1,0,63.67,8.9725,287.5,0.28750,12.0775,162.5,0.16250,12.0787,1202.5,0.03644,5.0812,707.5,0.07075,12.0787,515.0,0.05150,12.0763,522.5,0.05225,12.0787,512.5,0.05125,12.0787,-5.0,-0.00050,12.0800,-7.5,-0.00075,12.0775,-7.5,-0.00075,12.0775,-5.0,-0.00050,12.0787,-5.0,-0.00050,12.0787,-5.0,-0.00050,12.0800,-7.5,-0.00075,77.44
1,604041,1,0,63.95,8.9725,287.5,0.28750,12.0775,162.5,0.16250,12.0775,1202.5,0.03644,5.0812,705.0,0.07050,12.0787,520.0,0.05200,12.0763,520.0,0.05200,12.0787,512.5,0.05125,12.0787,-5.0,-0.00050,12.0800,-7.5,-0.00075,12.0763,-7.5,-0.00075,12.0775,-5.0,-0.00050,12.0775,-5.0,-0.00050,12.0787,-5.0,-0.00050,12.0800,-7.5,-0.00075,77.78
1,604376,1,0,64.23,8.9712,292.5,0.29250,12.0775,165.0,0.16500,12.0775,1200.0,0.03636,5.0812,705.0,0.07050,12.0787,527.5,0.05275,12.0763,535.0,0.05350,12.0787,525.0,0.05250,12.0787,-5.0,-0.00050,12.0800,-7.5,-0.00075,12.0763,-7.5,-0.00075,12.0775,-5.0,-0.00050,12.0775,-5.0,-0.00050,12.0775,-5.0,-0.00050,12.0787,-7.5,-0.00075,78.11
1,604711,1,0,64.51,8.9712,292.5,0.29250,12.0775,165.0,0.16500,12.0775,1205.0,0.03652,5.0812,707.5,0.07075,12.0787,532.5,0.05325,12.0763,537.5,0.05375,12.0787,525.0,0.05250,12.0787,-5.0,-0.00050,12.0800,-7.5,-0.00075,12.0775,-7.5,-0.00075,12.0775,-5.0,-0.00050,12.0787,-5.0,-0.00050,12.0787,-5.0,-0.00050,12.0800,-7.5,-0.00075,78.44
1,605112,1,0,64.85,8.9725,292.5,0.29250,12.0775,167.5,0.16750,12.0787,1202.5,0.03644,5.0812,705.0,0.07050,12.0787,527.5,0.05275,12.0775,532.5,0.05325,12.0787,522.5,0.05225,12.0800,-5.0,-0.00050,12.0800,-7.5,-0.00075,12.0775,-7.5,-0.00075,12.0787,-5.0,-0.00050,12.0787,-5.0,-0.00050,12.0787,-5.0,-0.00050,12.0800,-7.5,-0.00075,78.85
1,605448,1,0,65.13,8.9712,300.0,0.30000,12.0775,170.0,0.17000,12.0775,1202.5,0.03644,5.0812,705.0,0.07050,12.0787,537.5,0.05375,12.0763,545.0,0.05450,12.0787,532.5,0.05325,12.0787,-5.0,-0.00050,12.0800,-7.5,-0.00075,12.0763,-7.5,-0.00075,12.0775,-5.0,-0.00050,12.0775,-5.0,-0.00050,12.0787,-5.0,-0.00050,12.0787,-7.5,-0.00075,79.20
1,605804,1,0,65.42,8.9712,300.0,0.30000,12.0775,170.0,0.17000,12.0775,1202.5,0.03644,5.0812,705.0,0.07050,12.0787,542.5,0.05425,12.0763,542.5,0.05425,12.0787,535.0,0.05350,12.0787,-5.0,-0.00050,12.0800,-7.5,-0.00075,12.0775,-7.5,-0.00075,12.0775,-5.0,-0.00050,12.0787,-5.0,-0.00050,12.0787,-5.0,-0.00050,12.0800,-7.5,-0.00075,79.55
1,606140,1,0,65.70,8.9700,305.0,0.30500,12.0775,175.0,0.17500,12.0775,1202.5,0.03644,5.0812,705.0,0.07050,12.0787,552.5,0.05525,12.0763,557.5,0.05575,12.0787,550.0,0.05500,12.0787,-5.0,-0.00050,12.0800,-7.5,-0.00075,12.0763,-7.5,-0.00075,12.0775,-5.0,-0.00050,12.0775,-5.0,-0.00050,12.0787,-5.0,-0.00050,12.0787,-7.5,-0.00075,79.87
1,606543,1,0,66.04,8.9700,305.0,0.30500,12.0775,175.0,0.17500,12.0787,1200.0,0.03636,5.0812,707.5,0.07075,12.0787,552.5,0.05525,12.0763,557.5,0.05575,12.0787,547.5,0.05475,12.0800,-5.0,-0.00050,12.0800,-7.5,-0.00075,12.0775,-7.5,-0.00075,12.0787,-5.0,-0.00050,12.0787,-5.0,-0.00050,12.0787,-5.0,-0.00050,12.0800,-7.5,-0.00075,80.28
1,606879,1,0,66.32,8.9700,305.0,0.30500,12.0775,172.5,0.17250,12.0775,1202.5,0.03644,5.0812,707.5,0.07075,12.0787,550.0,0.05500,12.0763,555.0,0.05550,12.0787,550.0,0.05500,12.0787,-5.0,-0.00050,12.0800,-7.5,-0.00075,12.0763,-7.5,-0.00075,12.0775,-5.0,-0.00050,12.0787,-5.0,-0.00050,12.0787,-5.0,-0.00050,12.0800,-7.5,-0.00075,80.61
1,607214,1,0,66.60,8.9700,310.0,0.31000,12.0775,177.5,0.17750,12.0775,1202.5,0.03644,5.0812,705.0,0.07050,12.0787,560.0,0.05600,12.0763,572.5,0.05725,12.0787,557.5,0.05575,12.0787,-5.0,-0.00050,12.0800,-7.5,-0.00075,12.0763,-7.5,-0.00075,12.0775,-5.0,-0.00050,12.0775,-5.0,-0.00050,12.0787,-5.0,-0.00050,12.0787,-7.5,-0.00075,80.95
1,607549,1,0,66.88,8.9700,310.0,0.31000,12.0775,180.0,0.18000,12.0775,1202.5,0.03644,5.0812,707.5,0.07075,12.0787,562.5,0.05625,12.0763,570.0,0.05700,12.0787,562.5,0.05625,12.0787,-5.0,-0.00050,12.0800,-7.5,-0.00075,12.0763,-7.5,-0.00075,12.0775,-5.0,-0.00050,12.0775,-5.0,-0.00050,12.0787,-5.0,-0.00050,12.0800,-7.5,-0.00075,81.28
1,607971,1,0,67.23,8.9687,315.0,0.31500,12.0775,182.5,0.18250,12.0775,1202.5,0.03644,5.0812,707.5,0.07075,12.0787,595.0,0.05950,12.0763,585.0,0.05850,12.0787,575.0,0.05750,12.0787,-5.0,-0.00050,12.0800,-7.5,-0.00075,12.0763,-7.5,-0.00075,12.0775,-5.0,-0.00050,12.0775,-5.0,-0.00050,12.0787,-5.0,-0.00050,12.0787,-7.5,-0.00075,81.70
1,608307,1,0,67.51,8.9687,317.5,0.31750,12.0775,182.5,0.18250,12.0775,1205.0,0.03652,5.0812,707.5,0.07075,12.0787,582.5,0.05825,12.0763,585.0,0.05850,12.0787,572.5,0.05725,12.0787,-5.0,-0.00050,12.0800,-7.5,-0.00075,12.0763,-7.5,-0.00075,12.0775,-5.0,-0.00050,12.0775,-5.0,-0.00050,12.0787,-5.0,-0.00050,12.0787,-7.5,-0.00075,82.04
1,608642,1,0,67.79,8.9687,315.0,0.31500,12.0775,182.5,0.18250,12.0775,1202.5,0.03644,5.0812,707.5,0.07075,12.0787,590.0,0.05900,12.0763,577.5,0.05775,12.0787,565.0,0.05650,12.0787,-5.0,-0.00050,12.0800,-7.5,-0.00075,12.0763,-7.5,-0.00075,12.0775,-5.0,-0.00050,12.0775,-5.0,-0.00050,12.0775,-5.0,-0.00050,12.0787,-7.5,-0.00075,82.38
1,608977,1,0,68.07,8.9687,320.0,0.32000,12.0775,187.5,0.18750,12.0775,1202.5,0.03644,5.0812,707.5,0.07075,12.0775,587.5,0.05875,12.0763,590.0,0.05900,12.0787,585.0,0.05850,12.0787,-5.0,-0.00050,12.0800,-7.5,-0.00075,12.0763,-7.5,-0.00075,12.0775,-5.0,-0.00050,12.0775,-5.0,-0.00050,12.0775,-5.0,-0.00050,12.0787,-7.5,-0.00075,82.72
1,609388,1,0,68.41,8.9687,320.0,0.32000,12.0775,187.5,0.18750,12.0787,1205.0,0.03652,5.0812,707.5,0.07075,12.0787,590.0,0.05900,12.0775,592.5,0.05925,12.0787,577.5,0.05775,12.0800,-5.0,-0.00050,12.0813,-7.5,-0.00075,12.0775,-7.5,-0.00075,12.0787,-5.0,-0.00050,12.0787,-5.0,-0.00050,12.0787,-5.0,-0.00050,12.0800,-7.5,-0.00075,83.13
1,609724,1,0,68.69,8.9687,320.0,0.32000,12.0775,187.5,0.18750,12.0787,1202.5,0.03644,5.0812,707.5,0.07075,12.0787,590.0,0.05900,12.0763,585.0,0.05850,12.0787,570.0,0.05700,12.0800,-5.0,-0.00050,12.0800,-7.5,-0.00075,12.0775,-7.5,-0.00075,12.0787,-5.0,-0.00050,12.0787,-5.0,-0.00050,12.0787,-5.0,-0.00050,12.0800,-7.5,-0.00075,83.48
1,610080,1,0,68.99,8.9675,327.5,0.32750,12.0775,192.5,0.19250,12.0775,1205.0,0.03652,5.0812,707.5,0.07075,12.0787,605.0,0.06050,12.0763,602.5,0.06025,12.0787,597.5,0.05975,12.0787,-5.0,-0.00050,12.0800,-7.5,-0.00075,12.0763,-7.5,-0.00075,12.0775,-5.0,-0.00050,12.0775,-5.0,-0.00050,12.0787,-5.0,-0.00050,12.0800,-7.5,-0.00075,83.82
1,610416,1,0,69.27,8.9675,327.5,0.32750,12.0775,190.0,0.19000,12.0775,1205.0,0.03652,5.0812,707.5,0.07075,12.0787,605.0,0.06050,12.0763,612.5,0.06125,12.0787,600.0,0.06000,12.0787,-5.0,-0.00050,12.0800,-7.5,-0.00075,12.0763,-7.5,-0.00075,12.0775,-5.0,-0.00050,12.0787,-5.0,-0.00050,12.0787,-5.0,-0.00050,12.0800,-7.5,-0.00075,84.16
1,610832,1,0,69.61,8.9675,332.5,0.33250,12.0775,195.0,0.19500,12.0787,1202.5,0.03644,5.0812,707.5,0.07075,12.0787,610.0,0.06100,12.0763,620.0,0.06200,12.0787,612.5,0.06125,12.0800,-5.0,-0.00050,12.0800,-7.5,-0.00075,12.0775,-7.5,-0.00075,12.0787,-5.0,-0.00050,12.0787,-5.0,-0.00050,12.0787,-5.0,-0.00050,12.0800,-7.5,-0.00075,84.57
1,611168,1,0,69.89,8.9675,332.5,0.33250,12.0775,197.5,0.19750,12.0787,1205.0,0.03652,5.0812,707.5,0.07075,12.0787,620.0,0.06200,12.0763,622.5,0.06225,12.0787,612.5,0.06125,12.0787,-5.0,-0.00050,12.0800,-7.5,-0.00075,12.0763,-7.5,-0.00075,12.0775,-5.0,-0.00050,12.0775,-5.0,-0.00050,12.0787,-5.0,-0.00050,12.0787,-7.5,-0.00075,84.91
1,611503,1,0,70.17,8.9675,332.5,0.33250,12.0775,192.5,0.19250,12.0787,1202.5,0.03644,5.0812,707.5,0.07075,12.0787,615.0,0.06150,12.0763,617.5,0.06175,12.0787,610.0,0.06100,12.0787,-5.0,-0.00050,12.0800,-7.5,-0.00075,12.0775,-7.5,-0.00075,12.0787,-5.0,-0.00050,12.0787,-5.0,-0.00050,12.0787,-5.0,-0.00050,12.0800,-7.5,-0.00075,85.24
1,611838,1,0,70.45,8.9662,340.0,0.34000,12.0775,202.5,0.20250,12.0787,1205.0,0.03652,5.0812,707.5,0.07075,12.0787,632.5,0.06325,12.0763,637.5,0.06375,12.0787,625.0,0.06250,12.0787,-5.0,-0.00050,12.0800,-7.5,-0.00075,12.0763,-7.5,-0.00075,12.0775,-5.0,-0.00050,12.0775,-5.0,-0.00050,12.0787,-5.0,-0.00050,12.0800,-7.5,-0.00075,85.57
1,612268,1,0,70.81,8.9662,340.0,0.34000,12.0775,200.0,0.20000,12.0787,1200.0,0.03636,5.0812,707.5,0.07075,12.0787,625.0,0.06250,12.0763,630.0,0.06300,12.0787,627.5,0.06275,12.0800,-5.0,-0.00050,12.0800,-7.5,-0.00075,12.0763,-7.5,-0.00075,12.0787,-5.0,-0.00050,12.0787,-5.0,-0.00050,12.0787,-5.0,-0.00050,12.0800,-7.5,-0.00075,86.00
1,612604,1,0,71.09,8.9662,337.5,0.33750,12.0775,200.0,0.20000,12.0787,1210.0,0.03667,5.0812,707.5,0.07075,12.0787,627.5,0.06275,12.0763,632.5,0.06325,12.0787,627.5,0.06275,12.0787,-5.0,-0.00050,12.0800,-7.5,-0.00075,12.0763,-7.5,-0.00075,12.0775,-5.0,-0.00050,12.0775,-5.0,-0.00050,12.0787,-5.0,-0.00050,12.0787,-7.5,-0.00075,86.34
1,612939,1,0,71.37,8.9650,345.0,0.34500,12.0775,200.0,0.20000,12.0775,1205.0,0.03652,5.0812,707.5,0.07075,12.0775,650.0,0.06500,12.0763,647.5,0.06475,12.0787,640.0,0.06400,12.0787,-5.0,-0.00050,12.0800,-7.5,-0.00075,12.0763,-7.5,-0.00075,12.0775,-5.0,-0.00050,12.0775,-5.0,-0.00050,12.0787,-5.0,-0.00050,12.0787,-7.5,-0.00075,86.67
1,613274,1,0,71.65,8.9650,345.0,0.34500,12.0775,207.5,0.20750,12.0775,1205.0,0.03652,5.0812,707.5,0.07075,12.0775,635.0,0.06350,12.0763,650.0,0.06500,12.0787,642.5,0.06425,12.0787,-5.0,-0.00050,12.0800,-7.5,-0.00075,12.0763,-7.5,-0.00075,12.0775,-5.0,-0.00050,12.0775,-5.0,-0.00050,12.0787,-5.0,-0.00050,12.0787,-7.5,-0.00075,87.01
1,613700,1,0,72.00,8.9650,352.5,0.35250,12.0775,210.0,0.21000,12.0787,1210.0,0.03667,5.0812,707.5,0.07075,12.0787,660.0,0.06600,12.0763,662.5,0.06625,12.0787,645.0,0.06450,12.0787,-5.0,-0.00050,12.0800,-7.5,-0.00075,12.0775,-7.5,-0.00075,12.0775,-5.0,-0.00050,12.0787,-5.0,-0.00050,12.0787,-5.0,-0.00050,12.0800,-7.5,-0.00075,87.43
1,614035,1,0,72.28,8.9650,352.5,0.35250,12.0775,207.5,0.20750,12.0775,1205.0,0.03652,5.0812,707.5,0.07075,12.0775,652.5,0.06525,12.0763,657.5,0.06575,12.0787,660.0,0.06600,12.0787,-5.0,-0.00050,12.0800,-7.5,-0.00075,12.0763,-7.5,-0.00075,12.0775,-5.0,-0.00050,12.0775,-5.0,-0.00050,12.0787,-5.0,-0.00050,12.0787,-7.5,-0.00075,87.78
1,614391,1,0,72.58,8.9650,350.0,0.35000,12.0775,207.5,0.20750,12.0787,1205.0,0.03652,5.0812,707.5,0.07075,12.0787,657.5,0.06575,12.0763,672.5,0.06725,12.0787,637.5,0.06375,12.0787,-5.0,-0.00050,12.0800,-7.5,-0.00075,12.0763,-7.5,-0.00075,12.0775,-5.0,-0.00050,12.0775,-5.0,-0.00050,12.0787,-5.0,-0.00050,12.0787,-7.5,-0.00075,88.13
1,614727,1,0,72.86,8.9637,357.5,0.35750,12.0775,212.5,0.21250,12.0775,1205.0,0.03652,5.0812,707.5,0.07075,12.0775,672.5,0.06725,12.0763,680.0,0.06800,12.0775,672.5,0.06725,12.0787,-5.0,-0.00050,12.0800,-7.5,-0.00075,12.0763,-7.5,-0.00075,12.0775,-5.0,-0.00050,12.0775,-5.0,-0.00050,12.0775,-5.0,-0.00050,12.0787,-7.5,-0.00075,88.46
1,615155,1,0,73.22,8.9637,357.5,0.35750,12.0775,212.5,0.21250,12.0787,1210.0,0.03667,5.0812,707.5,0.07075,12.0787,665.0,0.06650,12.0763,680.0,0.06800,12.0787,655.0,0.06550,12.0787,-5.0,-0.00050,12.0800,-7.5,-0.00075,12.0775,-7.5,-0.00075,12.0787,-5.0,-0.00050,12.0787,-5.0,-0.00050,12.0787,-5.0,-0.00050,12.0800,-7.5,-0.00075,88.89
1,615491,1,0,73.50,8.9637,362.5,0.36250,12.0775,217.5,0.21750,12.0787,1205.0,0.03652,5.0812,707.5,0.07075,12.0787,687.5,0.06875,12.0763,692.5,0.06925,12.0787,677.5,0.06775,12.0787,-5.0,-0.00050,12.0800,-7.5,-0.00075,12.0763,-7.5,-0.00075,12.0775,-5.0,-0.00050,12.0775,-5.0,-0.00050,12.0787,-5.0,-0.00050,12.0800,-7.5,-0.00075,89.23
1,615826,1,0,73.77,8.9637,365.0,0.36500,12.0775,217.5,0.21750,12.0775,1205.0,0.03652,5.0812,707.5,0.07075,12.0775,680.0,0.06800,12.0763,682.5,0.06825,12.0787,677.5,0.06775,12.0787,-5.0,-0.00050,12.0800,-7.5,-0.00075,12.0763,-7.5,-0.00075,12.0775,-5.0,-0.00050,12.0775,-5.0,-0.00050,12.0775,-5.0,-0.00050,12.0787,-7.5,-0.00075,89.56
1,616161,1,0,74.05,8.9637,362.5,0.36250,12.0775,217.5,0.21750,12.0787,1205.0,0.03652,5.0812,707.5,0.07075,12.0775,677.5,0.06775,12.0763,685.0,0.06850,12.0787,687.5,0.06875,12.0787,-5.0,-0.00050,12.0800,-7.5,-0.00075,12.0763,-7.5,-0.00075,12.0775,-5.0,-0.00050,12.0775,-5.0,-0.00050,12.0775,-5.0,-0.00050,12.0787,-7.5,-0.00075,89.90
1,616605,1,0,74.42,8.9625,370.0,0.37000,12.0775,222.5,0.22250,12.0775,1205.0,0.03652,5.0812,707.5,0.07075,12.0775,690.0,0.06900,12.0763,707.5,0.07075,12.0775,695.0,0.06950,12.0787,-5.0,-0.00050,12.0800,-7.5,-0.00075,12.0763,-7.5,-0.00075,12.0775,-5.0,-0.00050,12.0775,-5.0,-0.00050,12.0787,-5.0,-0.00050,12.0787,-7.5,-0.00075,90.35
1,616941,1,0,74.70,8.9625,370.0,0.37000,12.0775,220.0,0.22000,12.0775,1205.0,0.03652,5.0812,707.5,0.07075,12.0775,700.0,0.07000,12.0763,712.5,0.07125,12.0775,695.0,0.06950,12.0787,-5.0,-0.00050,12.0800,-7.5,-0.00075,12.0763,-7.5,-0.00075,12.0775,-5.0,-0.00050,12.0775,-5.0,-0.00050,12.0775,-5.0,-0.00050,12.0787,-7.5,-0.00075,90.67
1,617276,1,0,74.98,8.9625,367.5,0.36750,12.0775,220.0,0.22000,12.0775,1205.0,0.03652,5.0812,707.5,0.07075,12.0775,702.5,0.07025,12.0763,700.0,0.07000,12.0787,687.5,0.06875,12.0787,-5.0,-0.00050,12.0800,-7.5,-0.00075,12.0763,-7.5,-0.00075,12.0775,-5.0,-0.00050,12.0775,-5.0,-0.00050,12.0775,-5.0,-0.00050,12.0787,-7.5,-0.00075,91.02
1,617611,1,0,75.26,8.9612,377.5,0.37750,12.0775,227.5,0.22750,12.0775,1202.5,0.03644,5.0812,707.5,0.07075,12.0775,710.0,0.07100,12.0750,722.5,0.07225,12.0775,707.5,0.07075,12.0787,-5.0,-0.00050,12.0800,-7.5,-0.00075,12.0763,-7.5,-0.00075,12.0775,-5.0,-0.00050,12.0775,-5.0,-0.00050,12.0775,-5.0,-0.00050,12.0787,-7.5,-0.00075,91.35
1,618161,1,0,75.72,8.9612,375.0,0.37500,12.0775,227.5,0.22750,12.0787,1205.0,0.03652,5.0812,707.5,0.07075,12.0775,720.0,0.07200,12.0763,712.5,0.07125,12.0787,700.0,0.07000,12.0787,-5.0,-0.00050,12.0800,-7.5,-0.00075,12.0763,-7.5,-0.00075,12.0775,-5.0,-0.00050,12.0787,-5.0,-0.00050,12.0787,-5.0,-0.00050,12.0787,-7.5,-0.00075,91.90
1,618496,1,0,76.00,8.9612,382.5,0.38250,12.0775,230.0,0.23000,12.0787,1207.5,0.03659,5.0812,707.5,0.07075,12.0775,717.5,0.07175,12.0763,735.0,0.07350,12.0787,720.0,0.07200,12.0787,-5.0,-0.00050,12.0800,-7.5,-0.00075,12.0763,-7.5,-0.00075,12.0775,-5.0,-0.00050,12.0775,-5.0,-0.00050,12.0775,-5.0,-0.00050,12.0787,-7.5,-0.00075,92.25
1,618852,1,0,76.30,8.9612,382.5,0.38250,12.0775,232.5,0.23250,12.0787,1207.5,0.03659,5.0812,707.5,0.07075,12.0775,722.5,0.07225,12.0763,712.5,0.07125,12.0787,727.5,0.07275,12.0787,-5.0,-0.00050,12.0800,-7.5,-0.00075,12.0763,-7.5,-0.00075,12.0775,-5.0,-0.00050,12.0775,-5.0,-0.00050,12.0787,-5.0,-0.00050,12.0787,-7.5,-0.00075,92.59
1,619188,1,0,76.58,8.9612,382.5,0.38250,12.0775,230.0,0.23000,12.0787,1207.5,0.03659,5.0812,707.5,0.07075,12.0775,715.0,0.07150,12.0763,707.5,0.07075,12.0787,720.0,0.07200,12.0787,-5.0,-0.00050,12.0800,-7.5,-0.00075,12.0763,-7.5,-0.00075,12.0775,-5.0,-0.00050,12.0775,-5.0,-0.00050,12.0787,-5.0,-0.00050,12.0787,-7.5,-0.00075,92.93
1,619607,1,0,76.92,8.9600,390.0,0.39000,12.0775,235.0,0.23500,12.0787,1207.5,0.03659,5.0812,707.5,0.07075,12.0775,732.5,0.07325,12.0763,785.0,0.07850,12.0787,777.5,0.07775,12.0787,-5.0,-0.00050,12.0800,-7.5,-0.00075,12.0763,-7.5,-0.00075,12.0775,-5.0,-0.00050,12.0775,-5.0,-0.00050,12.0787,-5.0,-0.00050,12.0800,-7.5,-0.00075,93.35
1,619942,1,0,77.20,8.9600,390.0,0.39000,12.0775,235.0,0.23500,12.0787,1205.0,0.03652,5.0812,707.5,0.07075,12.0775,740.0,0.07400,12.0763,780.0,0.07800,12.0787,757.5,0.07575,12.0787,-5.0,-0.00050,12.0800,-7.5,-0.00075,12.0763,-7.5,-0.00075,12.0775,-5.0,-0.00050,12.0775,-5.0,-0.00050,12.0787,-5.0,-0.00050,12.0787,-7.5,-0.00075,93.68
1,620277,1,0,77.48,8.9587,397.5,0.39750,12.0775,240.0,0.24000,12.0775,1207.5,0.03659,5.0812,707.5,0.07075,12.0775,757.5,0.07575,12.0750,770.0,0.07700,12.0775,742.5,0.07425,12.0787,-5.0,-0.00050,12.0787,-7.5,-0.00075,12.0763,-7.5,-0.00075,12.0775,-5.0,-0.00050,12.0775,-5.0,-0.00050,12.0775,-5.0,-0.00050,12.0787,-7.5,-0.00075,94.01
1,620612,1,0,77.76,8.9587,397.5,0.39750,12.0775,242.5,0.24250,12.0775,1207.5,0.03659,5.0812,707.5,0.07075,12.0775,755.0,0.07550,12.0750,760.0,0.07600,12.0775,757.5,0.07575,12.0787,-5.0,-0.00050,12.0800,-7.5,-0.00075,12.0763,-7.5,-0.00075,12.0775,-5.0,-0.00050,12.0775,-5.0,-0.00050,12.0775,-5.0,-0.00050,12.0787,-7.5,-0.00075,94.36
1,621090,1,0,78.16,8.9587,402.5,0.40250,12.0775,247.5,0.24750,12.0775,1200.0,0.03636,5.0812,710.0,0.07100,12.0775,767.5,0.07675,12.0763,770.0,0.07700,12.0787,755.0,0.07550,12.0787,-5.0,-0.00050,12.0800,-7.5,-0.00075,12.0763,-7.5,-0.00075,12.0775,-5.0,-0.00050,12.0775,-5.0,-0.00050,12.0787,-5.0,-0.00050,12.0787,-7.5,-0.00075,94.83
1,621426,1,0,78.44,8.9587,402.5,0.40250,12.0775,245.0,0.24500,12.0775,1207.5,0.03659,5.0812,707.5,0.07075,12.0775,772.5,0.07725,12.0750,780.0,0.07800,12.0775,767.5,0.07675,12.0787,-5.0,-0.00050,12.0800,-7.5,-0.00075,12.0763,-7.5,-0.00075,12.0775,-5.0,-0.00050,12.0775,-5.0,-0.00050,12.0775,-5.0,-0.00050,12.0787,-7.5,-0.00075,95.17
1,621761,1,0,78.72,8.9587,402.5,0.40250,12.0775,245.0,0.24500,12.0775,1210.0,0.03667,5.0812,707.5,0.07075,12.0775,767.5,0.07675,12.0750,770.0,0.07700,12.0775,762.5,0.07625,12.0787,-5.0,-0.00050,12.0800,-7.5,-0.00075,12.0763,-7.5,-0.00075,12.0775,-5.0,-0.00050,12.0775,-5.0,-0.00050,12.0775,-5.0,-0.00050,12.0787,-7.5,-0.00075,95.51
1,622096,1,0,79.00,8.9575,410.0,0.41000,12.0763,252.5,0.25250,12.0775,1205.0,0.03652,5.0812,707.5,0.07075,12.0775,787.5,0.07875,12.0750,797.5,0.07975,12.0775,780.0,0.07800,12.0787,-5.0,-0.00050,12.0800,-7.5,-0.00075,12.0763,-7.5,-0.00075,12.0775,-5.0,-0.00050,12.0775,-5.0,-0.00050,12.0775,-5.0,-0.00050,12.0787,-7.5,-0.00075,95.84
1,622504,1,0,79.34,8.9575,410.0,0.41000,12.0775,247.5,0.24750,12.0787,1207.5,0.03659,5.0812,707.5,0.07075,12.0775,787.5,0.07875,12.0763,795.0,0.07950,12.0787,782.5,0.07825,12.0787,-5.0,-0.00050,12.0800,-7.5,-0.00075,12.0763,-7.5,-0.00075,12.0775,-5.0,-0.00050,12.0775,-5.0,-0.00050,12.0787,-5.0,-0.00050,12.0800,-7.5,-0.00075,96.25
1,622840,1,0,79.62,8.9575,407.5,0.40750,12.0775,252.5,0.25250,12.0775,1205.0,0.03652,5.0812,707.5,0.07075,12.0775,785.0,0.07850,12.0750,795.0,0.07950,12.0775,775.0,0.07750,12.0787,-5.0,-0.00050,12.0800,-7.5,-0.00075,12.0763,-7.5,-0.00075,12.0775,-5.0,-0.00050,12.0775,-5.0,-0.00050,12.0775,-5.0,-0.00050,12.0787,-7.5,-0.00075,96.59
1,623196,1,0,79.92,8.9563,417.5,0.41750,12.0763,255.0,0.25500,12.0775,1207.5,0.03659,5.0812,707.5,0.07075,12.0775,790.0,0.07900,12.0750,805.0,0.08050,12.0775,795.0,0.07950,12.0787,-5.0,-0.00050,12.0787,-7.5,-0.00075,12.0763,-7.5,-0.00075,12.0775,-5.0,-0.00050,12.0775,-5.0,-0.00050,12.0775,-5.0,-0.00050,12.0787,-7.5,-0.00075,96.94
1,623532,1,0,80.20,8.9563,417.5,0.41750,12.0775,255.0,0.25500,12.0775,1207.5,0.03659,5.0812,707.5,0.07075,12.0775,792.5,0.07925,12.0750,812.5,0.08125,12.0775,800.0,0.08000,12.0787,-5.0,-0.00050,12.0800,-7.5,-0.00075,12.0763,-7.5,-0.00075,12.0775,-5.0,-0.00050,12.0775,-5.0,-0.00050,12.0775,-5.0,-0.00050,12.0787,-7.5,-0.00075,97.27
1,623943,1,0,80.54,8.9550,422.5,0.42250,12.0775,260.0,0.26000,12.0787,1207.5,0.03659,5.0812,707.5,0.07075,12.0775,835.0,0.08350,12.0750,822.5,0.08225,12.0787,805.0,0.08050,12.0787,-5.0,-0.00050,12.0800,-7.5,-0.00075,12.0763,-7.5,-0.00075,12.0775,-5.0,-0.00050,12.0775,-5.0,-0.00050,12.0787,-5.0,-0.00050,12.0787,-7.5,-0.00075,97.68
1,624279,1,0,80.82,8.9550,425.0,0.42500,12.0775,262.5,0.26250,12.0775,1207.5,0.03659,5.0812,707.5,0.07075,12.0775,812.5,0.08125,12.0750,827.5,0.08275,12.0775,812.5,0.08125,12.0787,-5.0,-0.00050,12.0800,-7.5,-0.00075,12.0763,-7.5,-0.00075,12.0775,-5.0,-0.00050,12.0775,-5.0,-0.00050,12.0775,-5.0,-0.00050,12.0787,-7.5,-0.00075,98.01
1,624614,1,0,81.10,8.9563,422.5,0.42250,12.0775,260.0,0.26000,12.0775,1210.0,0.03667,5.0812,707.5,0.07075,12.0775,815.0,0.08150,12.0750,820.0,0.08200,12.0775,807.5,0.08075,12.0787,-5.0,-0.00050,12.0800,-7.5,-0.00075,12.0763,-7.5,-0.00075,12.0775,-5.0,-0.00050,12.0775,-5.0,-0.00050,12.0775,-5.0,-0.00050,12.0787,-7.5,-0.00075,98.35
1,624949,1,0,81.38,8.9550,430.0,0.43000,12.0775,267.5,0.26750,12.0775,1207.5,0.03659,5.0812,707.5,0.07075,12.0775,830.0,0.08300,12.0750,835.0,0.08350,12.0775,817.5,0.08175,12.0787,-5.0,-0.00050,12.0800,-7.5,-0.00075,12.0763,-7.5,-0.00075,12.0775,-5.0,-0.00050,12.0775,-5.0,-0.00050,12.0775,-5.0,-0.00050,12.0787,-7.5,-0.00075,98.69
1,625358,1,0,81.72,8.9550,430.0,0.43000,12.0775,267.5,0.26750,12.0787,1207.5,0.03659,5.0812,707.5,0.07075,12.0775,832.5,0.08325,12.0763,827.5,0.08275,12.0775,822.5,0.08225,12.0787,-5.0,-0.00050,12.0800,-7.5,-0.00075,12.0763,-7.5,-0.00075,12.0775,-5.0,-0.00050,12.0775,-5.0,-0.00050,12.0787,-5.0,-0.00050,12.0787,-7.5,-0.00075,99.10
1,625694,1,0,82.00,8.9550,430.0,0.43000,12.0775,265.0,0.26500,12.0775,1207.5,0.03659,5.0812,707.5,0.07075,12.0775,827.5,0.08275,12.0750,830.0,0.08300,12.0775,825.0,0.08250,12.0787,-5.0,-0.00050,12.0800,-7.5,-0.00075,12.0763,-7.5,-0.00075,12.0775,-5.0,-0.00050,12.0775,-5.0,-0.00050,12.0775,-5.0,-0.00050,12.0787,-7.5,-0.00075,99.44
1,626029,1,0,82.28,8.9537,437.5,0.43750,12.0775,270.0,0.27000,12.0775,1207.5,0.03659,5.0812,707.5,0.07075,12.0775,845.0,0.08450,12.0750,850.0,0.08500,12.0775,850.0,0.08500,12.0787,-5.0,-0.00050,12.0800,-7.5,-0.00075,12.0763,-7.5,-0.00075,12.0775,-5.0,-0.00050,12.0775,-5.0,-0.00050,12.0775,-5.0,-0.00050,12.0787,-7.5,-0.00075,99.76
1,626364,1,0,82.56,8.9537,437.5,0.43750,12.0775,272.5,0.27250,12.0775,1212.5,0.03674,5.0812,707.5,0.07075,12.0775,847.5,0.08475,12.0750,850.0,0.08500,12.0775,840.0,0.08400,12.0787,-5.0,-0.00050,12.0800,-7.5,-0.00075,12.0763,-7.5,-0.00075,12.0775,-5.0,-0.00050,12.0775,-5.0,-0.00050,12.0775,-5.0,-0.00050,12.0787,-7.5,-0.00075,100.11
1,626763,1,0,82.89,8.9525,445.0,0.44500,12.0775,277.5,0.27750,12.0787,1210.0,0.03667,5.0812,710.0,0.07100,12.0775,867.5,0.08675,12.0750,870.0,0.08700,12.0775,855.0,0.08550,12.0787,-5.0,-0.00050,12.0800,-7.5,-0.00075,12.0763,-7.5,-0.00075,12.0775,-5.0,-0.00050,12.0775,-5.0,-0.00050,12.0787,-5.0,-0.00050,12.0787,-7.5,-0.00075,100.51
1,627099,1,0,83.17,8.9525,445.0,0.44500,12.0775,275.0,0.27500,12.0775,1205.0,0.03652,5.0812,710.0,0.07100,12.0775,862.5,0.08625,12.0750,872.5,0.08725,12.0775,855.0,0.08550,12.0787,-5.0,-0.00050,12.0787,-7.5,-0.00075,12.0763,-7.5,-0.00075,12.0775,-5.0,-0.00050,12.0775,-5.0,-0.00050,12.0775,-5.0,-0.00050,12.0787,-7.5,-0.00075,100.86
1,627455,1,0,83.47,8.9525,442.5,0.44250,12.0775,275.0,0.27500,12.0775,1210.0,0.03667,5.0812,710.0,0.07100,12.0775,865.0,0.08650,12.0750,872.5,0.08725,12.0775,860.0,0.08600,12.0787,-5.0,-0.00050,12.0800,-7.5,-0.00075,12.0763,-7.5,-0.00075,12.0775,-5.0,-0.00050,12.0775,-5.0,-0.00050,12.0775,-5.0,-0.00050,12.0787,-7.5,-0.00075,101.20
1,627791,1,0,83.75,8.9525,452.5,0.45250,12.0775,280.0,0.28000,12.0775,1205.0,0.03652,5.0812,707.5,0.07075,12.0775,875.0,0.08750,12.0750,890.0,0.08900,12.0775,872.5,0.08725,12.0787,-5.0,-0.00050,12.0787,-7.5,-0.00075,12.0763,-7.5,-0.00075,12.0775,-5.0,-0.00050,12.0775,-5.0,-0.00050,12.0775,-5.0,-0.00050,12.0787,-7.5,-0.00075,101.54
1,628197,1,0,84.08,8.9525,450.0,0.45000,12.0775,280.0,0.28000,12.0787,1205.0,0.03652,5.0812,710.0,0.07100,12.0775,870.0,0.08700,12.0750,887.5,0.08875,12.0775,872.5,0.08725,12.0787,-5.0,-0.00050,12.0800,-7.5,-0.00075,12.0763,-7.5,-0.00075,12.0775,-5.0,-0.00050,12.0775,-5.0,-0.00050,12.0775,-5.0,-0.00050,12.0787,-7.5,-0.00075,101.94
1,628533,1,0,84.36,8.9525,450.0,0.45000,12.0775,280.0,0.28000,12.0775,1207.5,0.03659,5.0812,710.0,0.07100,12.0775,870.0,0.08700,12.0750,890.0,0.08900,12.0775,867.5,0.08675,12.0787,-5.0,-0.00050,12.0787,-7.5,-0.00075,12.0763,-7.5,-0.00075,12.0775,-5.0,-0.00050,12.0775,-5.0,-0.00050,12.0775,-5.0,-0.00050,12.0787,-7.5,-0.00075,102.27
1,628868,1,0,84.64,8.9513,457.5,0.45750,12.0775,287.5,0.28750,12.0775,1210.0,0.03667,5.0812,710.0,0.07100,12.0775,897.5,0.08975,12.0750,905.0,0.09050,12.0775,882.5,0.08825,12.0787,-5.0,-0.00050,12.0787,-7.5,-0.00075,12.0763,-7.5,-0.00075,12.0775,-5.0,-0.00050,12.0775,-5.0,-0.00050,12.0775,-5.0,-0.00050,12.0787,-7.5,-0.00075,102.61
1,629203,1,0,84.92,8.9513,457.5,0.45750,12.0775,287.5,0.28750,12.0775,1210.0,0.03667,5.0812,707.5,0.07075,12.0775,892.5,0.08925,12.0750,900.0,0.09000,12.0775,885.0,0.08850,12.0787,-5.0,-0.00050,12.0800,-7.5,-0.00075,12.0763,-7.5,-0.00075,12.0775,-5.0,-0.00050,12.0775,-5.0,-0.00050,12.0775,-5.0,-0.00050,12.0787,-7.5,-0.00075,102.94
1,629621,1,0,85.27,8.9500,465.0,0.46500,12.0775,292.5,0.29250,12.0775,1207.5,0.03659,5.0812,707.5,0.07075,12.0775,905.0,0.09050,12.0750,915.0,0.09150,12.0775,907.5,0.09075,12.0787,-5.0,-0.00050,12.0800,-7.5,-0.00075,12.0763,-7.5,-0.00075,12.0775,-5.0,-0.00050,12.0775,-5.0,-0.00050,12.0775,-5.0,-0.00050,12.0787,-7.5,-0.00075,103.37
1,629957,1,0,85.55,8.9500,467.5,0.46750,12.0763,290.0,0.29000,12.0775,1212.5,0.03674,5.0812,710.0,0.07100,12.0775,945.0,0.09450,12.0750,920.0,0.09200,12.0775,897.5,0.08975,12.0787,-5.0,-0.00050,12.0787,-7.5,-0.00075,12.0763,-7.5,-0.00075,12.0775,-5.0,-0.00050,12.0775,-5.0,-0.00050,12.0775,-5.0,-0.00050,12.0787,-7.5,-0.00075,103.70
1,630292,1,0,85.83,8.9500,465.0,0.46500,12.0775,290.0,0.29000,12.0775,1205.0,0.03652,5.0812,710.0,0.07100,12.0775,860.0,0.08600,12.0750,915.0,0.09150,12.0775,895.0,0.08950,12.0787,-5.0,-0.00050,12.0800,-7.5,-0.00075,12.0763,-7.5,-0.00075,12.0775,-5.0,-0.00050,12.0775,-5.0,-0.00050,12.0775,-5.0,-0.00050,12.0787,-7.5,-0.00075,104.03
1,630627,1,0,86.11,8.9487,472.5,0.47250,12.0775,297.5,0.29750,12.0775,1207.5,0.03659,5.0812,710.0,0.07100,12.0775,882.5,0.08825,12.0750,942.5,0.09425,12.0775,922.5,0.09225,12.0775,-5.0,-0.00050,12.0787,-7.5,-0.00075,12.0763,-7.5,-0.00075,12.0775,-5.0,-0.00050,12.0775,-5.0,-0.00050,12.0775,-5.0,-0.00050,12.0787,-7.5,-0.00075,104.36
1,631041,1,0,86.45,8.9487,472.5,0.47250,12.0775,297.5,0.29750,12.0787,1205.0,0.03652,5.0812,710.0,0.07100,12.0775,952.5,0.09525,12.0750,935.0,0.09350,12.0775,917.5,0.09175,12.0787,-5.0,-0.00050,12.0800,-7.5,-0.00075,12.0763,-7.5,-0.00075,12.0775,-5.0,-0.00050,12.0775,-5.0,-0.00050,12.0775,-5.0,-0.00050,12.0787,-7.5,-0.00075,104.77
1,631377,1,0,86.73,8.9487,472.5,0.47250,12.0775,295.0,0.29500,12.0787,1205.0,0.03652,5.0812,710.0,0.07100,12.0775,930.0,0.09300,12.0750,942.5,0.09425,12.0775,920.0,0.09200,12.0787,-5.0,-0.00050,12.0800,-7.5,-0.00075,12.0763,-7.5,-0.00075,12.0775,-5.0,-0.00050,12.0775,-5.0,-0.00050,12.0775,-5.0,-0.00050,12.0787,-7.5,-0.00075,105.12
1,631733,1,0,87.03,8.9487,480.0,0.48000,12.0763,300.0,0.30000,12.0775,1210.0,0.03667,5.0812,710.0,0.07100,12.0763,935.0,0.09350,12.0750,975.0,0.09750,12.0775,937.5,0.09375,12.0775,-5.0,-0.00050,12.0787,-7.5,-0.00075,12.0763,-7.5,-0.00075,12.0775,-5.0,-0.00050,12.0775,-5.0,-0.00050,12.0775,-5.0,-0.00050,12.0787,-7.5,-0.00075,105.47
1,632069,1,0,87.31,8.9487,480.0,0.48000,12.0775,302.5,0.30250,12.0775,1205.0,0.03652,5.0812,710.0,0.07100,12.0763,957.5,0.09575,12.0750,925.0,0.09250,12.0775,937.5,0.09375,12.0787,-5.0,-0.00050,12.0787,-7.5,-0.00075,12.0763,-7.5,-0.00075,12.0775,-5.0,-0.00050,12.0775,-5.0,-0.00050,12.0775,-5.0,-0.00050,12.0787,-7.5,-0.00075,105.80
1,632486,1,0,87.66,8.9475,487.5,0.48750,12.0775,305.0,0.30500,12.0775,1210.0,0.03667,5.0812,710.0,0.07100,12.0775,960.0,0.09600,12.0750,975.0,0.09750,12.0775,952.5,0.09525,12.0787,-5.0,-0.00050,12.0800,-7.5,-0.00075,12.0763,-7.5,-0.00075,12.0775,-5.0,-0.00050,12.0775,-5.0,-0.00050,12.0775,-5.0,-0.00050,12.0787,-7.5,-0.00075,106.22
1,632822,1,0,87.94,8.9475,487.5,0.48750,12.0775,307.5,0.30750,12.0775,1207.5,0.03659,5.0812,710.0,0.07100,12.0775,957.5,0.09575,12.0750,977.5,0.09775,12.0775,950.0,0.09500,12.0775,-5.0,-0.00050,12.0787,-7.5,-0.00075,12.0763,-7.5,-0.00075,12.0775,-5.0,-0.00050,12.0775,-5.0,-0.00050,12.0775,-5.0,-0.00050,12.0787,-7.5,-0.00075,106.55
1,633157,1,0,88.22,8.9475,487.5,0.48750,12.0775,307.5,0.30750,12.0775,1212.5,0.03674,5.0812,710.0,0.07100,12.0775,967.5,0.09675,12.0750,965.0,0.09650,12.0775,962.5,0.09625,12.0787,-5.0,-0.00050,12.0787,-7.5,-0.00075,12.0763,-7.5,-0.00075,12.0775,-5.0,-0.00050,12.0775,-5.0,-0.00050,12.0775,-5.0,-0.00050,12.0787,-7.5,-0.00075,106.89
1,633492,1,0,88.50,8.9462,495.0,0.49500,12.0763,315.0,0.31500,12.0775,1207.5,0.03659,5.0812,710.0,0.07100,12.0763,980.0,0.09800,12.0737,992.5,0.09925,12.0775,965.0,0.09650,12.0775,-5.0,-0.00050,12.0787,-7.5,-0.00075,12.0763,-7.5,-0.00075,12.0763,-5.0,-0.00050,12.0775,-5.0,-0.00050,12.0775,-5.0,-0.00050,12.0787,-7.5,-0.00075,107.23
1,633926,1,0,88.86,8.9462,495.0,0.49500,12.0775,312.5,0.31250,12.0775,1210.0,0.03667,5.0812,710.0,0.07100,12.0775,980.0,0.09800,12.0750,980.0,0.09800,12.0775,967.5,0.09675,12.0787,-5.0,-0.00050,12.0787,-7.5,-0.00075,12.0763,-7.5,-0.00075,12.0775,-5.0,-0.00050,12.0775,-5.0,-0.00050,12.0775,-5.0,-0.00050,12.0787,-7.5,-0.00075,107.66
1,634262,1,0,89.14,8.9450,502.5,0.50250,12.0763,317.5,0.31750,12.0775,1207.5,0.03659,5.0812,710.0,0.07100,12.0763,997.5,0.09975,12.0737,1005.0,0.10050,12.0775,987.5,0.09875,12.0775,-5.0,-0.00050,12.0787,-7.5,-0.00075,12.0750,-7.5,-0.00075,12.0763,-5.0,-0.00050,12.0775,-5.0,-0.00050,12.0775,-5.0,-0.00050,12.0787,-7.5,-0.00075,108.00
1,634597,1,0,89.42,8.9450,502.5,0.50250,12.0775,317.5,0.31750,12.0775,1210.0,0.03667,5.0812,710.0,0.07100,12.0775,995.0,0.09950,12.0750,1005.0,0.10050,12.0775,985.0,0.09850,12.0775,-5.0,-0.00050,12.0787,-7.5,-0.00075,12.0763,-7.5,-0.00075,12.0775,-5.0,-0.00050,12.0775,-5.0,-0.00050,12.0775,-5.0,-0.00050,12.0787,-7.5,-0.00075,108.33
1,634932,1,0,89.70,8.9450,502.5,0.50250,12.0775,317.5,0.31750,12.0787,1210.0,0.03667,5.0812,710.0,0.07100,12.0775,995.0,0.09950,12.0750,1002.5,0.10025,12.0775,982.5,0.09825,12.0787,-5.0,-0.00050,12.0800,-7.5,-0.00075,12.0763,-7.5,-0.00075,12.0775,-5.0,-0.00050,12.0775,-5.0,-0.00050,12.0775,-5.0,-0.00050,12.0787,-7.5,-0.00075,108.67
1,635359,1,0,90.05,8.9437,510.0,0.51000,12.0775,322.5,0.32250,12.0775,1210.0,0.03667,5.0812,710.0,0.07100,12.0763,1012.5,0.10125,12.0750,1020.0,0.10200,12.0775,1002.5,0.10025,12.0787,-5.0,-0.00050,12.0787,-7.5,-0.00075,12.0763,-7.5,-0.00075,12.0775,-5.0,-0.00050,12.0775,-5.0,-0.00050,12.0775,-5.0,-0.00050,12.0787,-7.5,-0.00075,109.09
1,635695,1,0,90.33,8.9437,510.0,0.51000,12.0775,325.0,0.32500,12.0775,1212.5,0.03674,5.0812,710.0,0.07100,12.0763,1007.5,0.10075,12.0750,1025.0,0.10250,12.0775,1007.5,0.10075,12.0775,-5.0,-0.00050,12.0787,-7.5,-0.00075,12.0763,-7.5,-0.00075,12.0775,-5.0,-0.00050,12.0775,-5.0,-0.00050,12.0775,-5.0,-0.00050,12.0787,-7.5,-0.00075,109.44
1,636051,1,0,90.63,8.9450,510.0,0.51000,12.0763,322.5,0.32250,12.0775,1207.5,0.03659,5.0812,710.0,0.07100,12.0763,1012.5,0.10125,12.0750,1022.5,0.10225,12.0775,997.5,0.09975,12.0775,-5.0,-0.00050,12.0787,-7.5,-0.00075,12.0763,-7.5,-0.00075,12.0763,-5.0,-0.00050,12.0775,-5.0,-0.00050,12.0775,-5.0,-0.00050,12.0787,-7.5,-0.00075,109.78
1,636387,1,0,90.91,8.9437,517.5,0.51750,12.0775,330.0,0.33000,12.0775,1212.5,0.03674,5.0812,710.0,0.07100,12.0763,1027.5,0.10275,12.0750,1040.0,0.10400,12.0775,1017.5,0.10175,12.0787,-5.0,-0.00050,12.0787,-7.5,-0.00075,12.0763,-7.5,-0.00075,12.0775,-5.0,-0.00050,12.0775,-5.0,-0.00050,12.0775,-5.0,-0.00050,12.0787,-7.5,-0.00075,110.12
1,636818,1,0,91.27,8.9437,517.5,0.51750,12.0775,332.5,0.33250,12.0775,1210.0,0.03667,5.0812,710.0,0.07100,12.0763,1032.5,0.10325,12.0750,1045.0,0.10450,12.0775,1025.0,0.10250,12.0787,-5.0,-0.00050,12.0800,-7.5,-0.00075,12.0763,-7.5,-0.00075,12.0775,-5.0,-0.00050,12.0775,-5.0,-0.00050,12.0775,-5.0,-0.00050,12.0787,-7.5,-0.00075,110.55
1,637154,1,0,91.55,8.9425,527.5,0.52750,12.0775,342.5,0.34250,12.0775,1207.5,0.03659,5.0812,710.0,0.07100,12.0763,1052.5,0.10525,12.0750,1052.5,0.10525,12.0775,1040.0,0.10400,12.0775,-5.0,-0.00050,12.0787,-7.5,-0.00075,12.0763,-7.5,-0.00075,12.0763,-5.0,-0.00050,12.0775,-5.0,-0.00050,12.0775,-5.0,-0.00050,12.0787,-7.5,-0.00075,110.88
1,637489,1,0,91.83,8.9425,527.5,0.52750,12.0775,342.5,0.34250,12.0775,1210.0,0.03667,5.0812,710.0,0.07100,12.0763,1045.0,0.10450,12.0750,1050.0,0.10500,12.0775,1045.0,0.10450,12.0787,-5.0,-0.00050,12.0787,-7.5,-0.00075,12.0763,-7.5,-0.00075,12.0775,-5.0,-0.00050,12.0775,-5.0,-0.00050,12.0775,-5.0,-0.00050,12.0787,-7.5,-0.00075,111.22
1,637824,1,0,92.11,8.9425,525.0,0.52500,12.0775,342.5,0.34250,12.0775,1212.5,0.03674,5.0812,710.0,0.07100,12.0763,1057.5,0.10575,12.0750,1055.0,0.10550,12.0775,1045.0,0.10450,12.0775,-5.0,-0.00050,12.0787,-7.5,-0.00075,12.0763,-7.5,-0.00075,12.0763,-5.0,-0.00050,12.0775,-5.0,-0.00050,12.0775,-5.0,-0.00050,12.0787,-7.5,-0.00075,111.56
1,638267,1,0,92.48,8.9412,535.0,0.53500,12.0775,350.0,0.35000,12.0775,1210.0,0.03667,5.0812,710.0,0.07100,12.0763,1077.5,0.10775,12.0750,1070.0,0.10700,12.0775,1047.5,0.10475,12.0787,-5.0,-0.00050,12.0787,-7.5,-0.00075,12.0763,-7.5,-0.00075,12.0775,-5.0,-0.00050,12.0775,-5.0,-0.00050,12.0775,-5.0,-0.00050,12.0787,-7.5,-0.00075,112.00
1,638603,1,0,92.76,8.9412,535.0,0.53500,12.0775,345.0,0.34500,12.0787,1210.0,0.03667,5.0812,710.0,0.07100,12.0763,1065.0,0.10650,12.0750,1072.5,0.10725,12.0775,1047.5,0.10475,12.0787,-5.0,-0.00050,12.0800,-7.5,-0.00075,12.0763,-7.5,-0.00075,12.0775,-5.0,-0.00050,12.0775,-5.0,-0.00050,12.0775,-5.0,-0.00050,12.0787,-7.5,-0.00075,112.34
1,638938,1,0,93.03,8.9400,542.5,0.54250,12.0775,345.0,0.34500,12.0775,1207.5,0.03659,5.0812,710.0,0.07100,12.0763,1080.0,0.10800,12.0737,1092.5,0.10925,12.0763,1062.5,0.10625,12.0775,-5.0,-0.00050,12.0787,-7.5,-0.00075,12.0750,-7.5,-0.00075,12.0763,-5.0,-0.00050,12.0775,-5.0,-0.00050,12.0775,-5.0,-0.00050,12.0787,-7.5,-0.00075,112.68
1,639273,1,0,93.31,8.9400,542.5,0.54250,12.0763,340.0,0.34000,12.0775,1210.0,0.03667,5.0812,710.0,0.07100,12.0763,1082.5,0.10825,12.0737,1092.5,0.10925,12.0775,1077.5,0.10775,12.0775,-5.0,-0.00050,12.0787,-7.5,-0.00075,12.0750,-7.5,-0.00075,12.0763,-5.0,-0.00050,12.0775,-5.0,-0.00050,12.0775,-5.0,-0.00050,12.0787,-7.5,-0.00075,113.01
1,639779,1,0,93.73,8.9400,540.0,0.54000,12.0775,340.0,0.34000,12.0787,1210.0,0.03667,5.0812,710.0,0.07100,12.0775,1067.5,0.10675,12.0750,1107.5,0.11075,12.0775,1055.0,0.10550,12.0787,-5.0,-0.00050,12.0800,-7.5,-0.00075,12.0763,-7.5,-0.00075,12.0775,-5.0,-0.00050,12.0775,-5.0,-0.00050,12.0775,-5.0,-0.00050,12.0787,-7.5,-0.00075,113.52
1,640114,1,0,94.01,8.9388,550.0,0.55000,12.0763,347.5,0.34750,12.0775,1212.5,0.03674,5.0812,710.0,0.07100,12.0763,1107.5,0.11075,12.0737,1092.5,0.10925,12.0775,1080.0,0.10800,12.0775,-5.0,-0.00050,12.0787,-7.5,-0.00075,12.0763,-7.5,-0.00075,12.0763,-5.0,-0.00050,12.0775,-5.0,-0.00050,12.0775,-5.0,-0.00050,12.0787,-7.5,-0.00075,113.87
1,640470,1,0,94.31,8.9388,550.0,0.55000,12.0763,345.0,0.34500,12.0775,1210.0,0.03667,5.0812,710.0,0.07100,12.0763,1102.5,0.11025,12.0750,1105.0,0.11050,12.0775,1085.0,0.10850,12.0775,-5.0,-0.00050,12.0787,-7.5,-0.00075,12.0763,-7.5,-0.00075,12.0763,-5.0,-0.00050,12.0775,-5.0,-0.00050,12.0775,-5.0,-0.00050,12.0787,-7.5,-0.00075,114.21
1,640806,1,0,94.59,8.9375,557.5,0.55750,12.0763,350.0,0.35000,12.0775,1210.0,0.03667,5.0812,710.0,0.07100,12.0763,1115.0,0.11150,12.0737,1135.0,0.11350,12.0763,1112.5,0.11125,12.0775,-5.0,-0.00050,12.0787,-7.5,-0.00075,12.0750,-7.5,-0.00075,12.0763,-5.0,-0.00050,12.0763,-5.0,-0.00050,12.0775,-5.0,-0.00050,12.0787,-7.5,-0.00075,114.55
1,641340,1,0,95.04,8.9375,557.5,0.55750,12.0775,357.5,0.35750,12.0775,1210.0,0.03667,5.0812,710.0,0.07100,12.0763,1117.5,0.11175,12.0750,1140.0,0.11400,12.0775,1102.5,0.11025,12.0775,-5.0,-0.00050,12.0787,-7.5,-0.00075,12.0763,-7.5,-0.00075,12.0775,-5.0,-0.00050,12.0775,-5.0,-0.00050,12.0775,-5.0,-0.00050,12.0787,-7.5,-0.00075,115.08
1,641675,1,0,95.32,8.9388,557.5,0.55750,12.0775,357.5,0.35750,12.0775,1207.5,0.03659,5.0812,710.0,0.07100,12.0763,1112.5,0.11125,12.0750,1132.5,0.11325,12.0775,1105.0,0.11050,12.0787,-5.0,-0.00050,12.0787,-7.5,-0.00075,12.0750,-7.5,-0.00075,12.0775,-5.0,-0.00050,12.0775,-5.0,-0.00050,12.0775,-5.0,-0.00050,12.0787,-7.5,-0.00075,115.42
1,642010,1,0,95.59,8.9375,565.0,0.56500,12.0775,365.0,0.36500,12.0775,1210.0,0.03667,5.0812,710.0,0.07100,12.0763,1135.0,0.11350,12.0737,1137.5,0.11375,12.0763,1130.0,0.11300,12.0775,-5.0,-0.00050,12.0787,-7.5,-0.00075,12.0763,-7.5,-0.00075,12.0775,-5.0,-0.00050,12.0775,-5.0,-0.00050,12.0775,-5.0,-0.00050,12.0787,-7.5,-0.00075,115.75
1,642345,1,0,95.87,8.9375,567.5,0.56750,12.0775,365.0,0.36500,12.0775,1210.0,0.03667,5.0812,710.0,0.07100,12.0763,1140.0,0.11400,12.0737,1152.5,0.11525,12.0775,1127.5,0.11275,12.0775,-5.0,-0.00050,12.0787,-7.5,-0.00075,12.0763,-7.5,-0.00075,12.0763,-5.0,-0.00050,12.0775,-5.0,-0.00050,12.0775,-5.0,-0.00050,12.0787,-7.5,-0.00075,116.09
1,642760,1,0,96.22,8.9362,575.0,0.57500,12.0775,370.0,0.37000,12.0775,1215.0,0.03682,5.0812,710.0,0.07100,12.0763,1160.0,0.11600,12.0750,1172.5,0.11725,12.0775,1147.5,0.11475,12.0775,-5.0,-0.00050,12.0787,-7.5,-0.00075,12.0763,-7.5,-0.00075,12.0775,-5.0,-0.00050,12.0775,-5.0,-0.00050,12.0775,-5.0,-0.00050,12.0787,-7.5,-0.00075,116.50
1,643096,1,0,96.50,8.9362,577.5,0.57750,12.0775,372.5,0.37250,12.0787,1210.0,0.03667,5.0812,710.0,0.07100,12.0763,1155.0,0.11550,12.0737,1170.0,0.11700,12.0763,1155.0,0.11550,12.0775,-5.0,-0.00050,12.0787,-7.5,-0.00075,12.0763,-7.5,-0.00075,12.0763,-5.0,-0.00050,12.0775,-5.0,-0.00050,12.0775,-5.0,-0.00050,12.0787,-7.5,-0.00075,116.83
1,643431,1,0,96.78,8.9362,575.0,0.57500,12.0775,370.0,0.37000,12.0775,1210.0,0.03667,5.0812,710.0,0.07100,12.0763,1160.0,0.11600,12.0737,1162.5,0.11625,12.0763,1155.0,0.11550,12.0775,-5.0,-0.00050,12.0787,-7.5,-0.00075,12.0750,-7.5,-0.00075,12.0763,-5.0,-0.00050,12.0763,-5.0,-0.00050,12.0775,-5.0,-0.00050,12.0787,-7.5,-0.00075,117.17
1,643766,1,0,97.06,8.9338,595.0,0.59500,12.0763,385.0,0.38500,12.0775,1210.0,0.03667,5.0812,710.0,0.07100,12.0750,1205.0,0.12050,12.0737,1197.5,0.11975,12.0763,1172.5,0.11725,12.0775,-5.0,-0.00050,12.0787,-7.5,-0.00075,12.0750,-7.5,-0.00075,12.0763,-5.0,-0.00050,12.0763,-5.0,-0.00050,12.0775,-5.0,-0.00050,12.0787,-7.5,-0.00075,117.50
1,644173,1,0,97.40,8.9338,595.0,0.59500,12.0775,382.5,0.38250,12.0787,1212.5,0.03674,5.0812,710.0,0.07100,12.0763,1197.5,0.11975,12.0750,1205.0,0.12050,12.0775,1187.5,0.11875,12.0787,-5.0,-0.00050,12.0800,-7.5,-0.00075,12.0763,-7.5,-0.00075,12.0775,-5.0,-0.00050,12.0775,-5.0,-0.00050,12.0775,-5.0,-0.00050,12.0787,-7.5,-0.00075,117.91
1,644509,1,0,97.68,8.9338,595.0,0.59500,12.0763,385.0,0.38500,12.0775,1210.0,0.03667,5.0812,710.0,0.07100,12.0763,1185.0,0.11850,12.0737,1212.5,0.12125,12.0763,1185.0,0.11850,12.0775,-5.0,-0.00050,12.0787,-7.5,-0.00075,12.0750,-7.5,-0.00075,12.0763,-5.0,-0.00050,12.0763,-5.0,-0.00050,12.0775,-5.0,-0.00050,12.0787,-7.5,-0.00075,118.26
1,644865,1,0,97.97,8.9312,610.0,0.61000,12.0763,397.5,0.39750,12.0775,1210.0,0.03667,5.0812,710.0,0.07100,12.0763,1237.5,0.12375,12.0737,1245.0,0.12450,12.0763,1235.0,0.12350,12.0775,-5.0,-0.00050,12.0787,-7.5,-0.00075,12.0750,-7.5,-0.00075,12.0763,-5.0,-0.00050,12.0763,-5.0,-0.00050,12.0775,-5.0,-0.00050,12.0775,-7.5,-0.00075,118.60
1,645201,1,0,98.25,8.9312,612.5,0.61250,12.0775,397.5,0.39750,12.0775,1210.0,0.03667,5.0812,710.0,0.07100,12.0763,1217.5,0.12175,12.0737,1255.0,0.12550,12.0763,1245.0,0.12450,12.0775,-5.0,-0.00050,12.0787,-7.5,-0.00075,12.0750,-7.5,-0.00075,12.0763,-5.0,-0.00050,12.0763,-5.0,-0.00050,12.0775,-5.0,-0.00050,12.0787,-7.5,-0.00075,118.93
1,645617,1,0,98.60,8.9312,610.0,0.61000,12.0775,395.0,0.39500,12.0787,1210.0,0.03667,5.0812,710.0,0.07100,12.0763,1165.0,0.11650,12.0750,1242.5,0.12425,12.0775,1237.5,0.12375,12.0775,-5.0,-0.00050,12.0787,-7.5,-0.00075,12.0763,-7.5,-0.00075,12.0775,-5.0,-0.00050,12.0775,-5.0,-0.00050,12.0775,-5.0,-0.00050,12.0787,-7.5,-0.00075,119.35
1,645953,1,0,98.88,8.9312,607.5,0.60750,12.0763,395.0,0.39500,12.0775,1212.5,0.03674,5.0812,710.0,0.07100,12.0763,1225.0,0.12250,12.0737,1235.0,0.12350,12.0763,1230.0,0.12300,12.0775,-5.0,-0.00050,12.0787,-7.5,-0.00075,12.0750,-7.5,-0.00075,12.0763,-5.0,-0.00050,12.0763,-5.0,-0.00050,12.0775,-5.0,-0.00050,12.0787,-7.5,-0.00075,119.69
1,646288,1,0,99.16,8.9312,607.5,0.60750,12.0775,395.0,0.39500,12.0775,1207.5,0.03659,5.0812,710.0,0.07100,12.0763,1275.0,0.12750,12.0737,1227.5,0.12275,12.0763,1257.5,0.12575,12.0775,-5.0,-0.00050,12.0787,-7.5,-0.00075,12.0750,-7.5,-0.00075,12.0775,-5.0,-0.00050,12.0775,-5.0,-0.00050,12.0775,-5.0,-0.00050,12.0787,-7.5,-0.00075,120.02
1,646623,1,0,99.44,8.9312,607.5,0.60750,12.0775,392.5,0.39250,12.0787,1210.0,0.03667,5.0812,710.0,0.07100,12.0763,1230.0,0.12300,12.0737,1232.5,0.12325,12.0763,1277.5,0.12775,12.0775,-5.0,-0.00050,12.0787,-7.5,-0.00075,12.0763,-7.5,-0.00075,12.0775,-5.0,-0.00050,12.0775,-5.0,-0.00050,12.0775,-5.0,-0.00050,12.0787,-7.5,-0.00075,120.36
1,647032,1,0,99.78,8.9325,607.5,0.60750,12.0775,392.5,0.39250,12.0787,1212.5,0.03674,5.0812,710.0,0.07100,12.0763,1242.5,0.12425,12.0750,1270.0,0.12700,12.0775,1175.0,0.11750,12.0787,-5.0,-0.00050,12.0800,-7.5,-0.00075,12.0763,-7.5,-0.00075,12.0775,-5.0,-0.00050,12.0775,-5.0,-0.00050,12.0775,-5.0,-0.00050,12.0787,-7.5,-0.00075,120.77
1,647378,1,0,100.00,8.9325,605.0,0.60500,12.0775,392.5,0.39250,12.0775,1210.0,0.03667,5.0812,707.5,0.07075,12.0763,1202.5,0.12025,12.0750,1297.5,0.12975,12.0763,1142.5,0.11425,12.0775,-5.0,-0.00050,12.0787,-7.5,-0.00075,12.0763,-7.5,-0.00075,12.0775,-5.0,-0.00050,12.0775,-5.0,-0.00050,12.0775,-5.0,-0.00050,12.0787,-7.5,-0.00075,121.11
1,647714,1,0,99.71,8.9325,605.0,0.60500,12.0775,392.5,0.39250,12.0775,1212.5,0.03674,5.0812,710.0,0.07100,12.0763,1205.0,0.12050,12.0737,1267.5,0.12675,12.0763,1195.0,0.11950,12.0775,-5.0,-0.00050,12.0787,-7.5,-0.00075,12.0763,-7.5,-0.00075,12.0763,-5.0,-0.00050,12.0775,-5.0,-0.00050,12.0775,-5.0,-0.00050,12.0787,-7.5,-0.00075,121.45
1,648049,1,0,99.43,8.9325,605.0,0.60500,12.0775,392.5,0.39250,12.0775,1210.0,0.03667,5.0812,710.0,0.07100,12.0763,1210.0,0.12100,12.0737,1285.0,0.12850,12.0763,1222.5,0.12225,12.0775,-5.0,-0.00050,12.0787,-7.5,-0.00075,12.0750,-7.5,-0.00075,12.0763,-5.0,-0.00050,12.0775,-5.0,-0.00050,12.0775,-5.0,-0.00050,12.0787,-7.5,-0.00075,121.78
1,648453,1,0,99.10,8.9325,605.0,0.60500,12.0775,392.5,0.39250,12.0775,1210.0,0.03667,5.0812,710.0,0.07100,12.0763,1227.5,0.12275,12.0737,1192.5,0.11925,12.0763,1310.0,0.13100,12.0775,-5.0,-0.00050,12.0787,-7.5,-0.00075,12.0763,-7.5,-0.00075,12.0763,-5.0,-0.00050,12.0775,-5.0,-0.00050,12.0775,-5.0,-0.00050,12.0787,-7.5,-0.00075,122.19
1,648788,1,0,98.82,8.9325,605.0,0.60500,12.0763,392.5,0.39250,12.0775,1210.0,0.03667,5.0812,710.0,0.07100,12.0763,1217.5,0.12175,12.0737,1162.5,0.11625,12.0763,1110.0,0.11100,12.0775,-5.0,-0.00050,12.0787,-7.5,-0.00075,12.0750,-7.5,-0.00075,12.0763,-5.0,-0.00050,12.0763,-5.0,-0.00050,12.0775,-5.0,-0.00050,12.0787,-7.5,-0.00075,122.54
1,649144,1,0,98.52,8.9325,605.0,0.60500,12.0775,390.0,0.39000,12.0787,1210.0,0.03667,5.0812,710.0,0.07100,12.0763,1215.0,0.12150,12.0737,1152.5,0.11525,12.0763,1302.5,0.13025,12.0775,-5.0,-0.00050,12.0787,-7.5,-0.00075,12.0750,-7.5,-0.00075,12.0763,-5.0,-0.00050,12.0763,-5.0,-0.00050,12.0775,-5.0,-0.00050,12.0787,-7.5,-0.00075,122.89
1,649480,1,0,98.24,8.9325,605.0,0.60500,12.0775,392.5,0.39250,12.0775,1210.0,0.03667,5.0812,710.0,0.07100,12.0763,1225.0,0.12250,12.0737,1272.5,0.12725,12.0763,1220.0,0.12200,12.0775,-5.0,-0.00050,12.0787,-7.5,-0.00075,12.0750,-7.5,-0.00075,12.0763,-5.0,-0.00050,12.0763,-5.0,-0.00050,12.0775,-5.0,-0.00050,12.0787,-7.5,-0.00075,123.23
1,649888,1,0,97.90,8.9325,605.0,0.60500,12.0775,392.5,0.39250,12.0787,1210.0,0.03667,5.0812,710.0,0.07100,12.0763,1220.0,0.12200,12.0750,1315.0,0.13150,12.0763,1232.5,0.12325,12.0775,-5.0,-0.00050,12.0787,-7.5,-0.00075,12.0763,-7.5,-0.00075,12.0775,-5.0,-0.00050,12.0775,-5.0,-0.00050,12.0775,-5.0,-0.00050,12.0787,-7.5,-0.00075,123.63
1,650223,1,0,97.62,8.9338,590.0,0.59000,12.0775,380.0,0.38000,12.0775,1210.0,0.03667,5.0812,710.0,0.07100,12.0763,1190.0,0.11900,12.0750,1215.0,0.12150,12.0763,1082.5,0.10825,12.0775,-5.0,-0.00050,12.0787,-7.5,-0.00075,12.0763,-7.5,-0.00075,12.0775,-5.0,-0.00050,12.0775,-5.0,-0.00050,12.0775,-5.0,-0.00050,12.0787,-7.5,-0.00075,123.97
1,650558,1,0,97.34,8.9350,585.0,0.58500,12.0763,380.0,0.38000,12.0775,1210.0,0.03667,5.0812,710.0,0.07100,12.0763,1190.0,0.11900,12.0750,1227.5,0.12275,12.0763,1190.0,0.11900,12.0775,-5.0,-0.00050,12.0787,-7.5,-0.00075,12.0750,-7.5,-0.00075,12.0763,-5.0,-0.00050,12.0763,-5.0,-0.00050,12.0775,-5.0,-0.00050,12.0787,-7.5,-0.00075,124.30
1,650893,1,0,97.06,8.9350,587.5,0.58750,12.0775,377.5,0.37750,12.0775,1210.0,0.03667,5.0812,710.0,0.07100,12.0763,1167.5,0.11675,12.0737,1190.0,0.11900,12.0763,1200.0,0.12000,12.0775,-5.0,-0.00050,12.0787,-7.5,-0.00075,12.0750,-7.5,-0.00075,12.0763,-5.0,-0.00050,12.0775,-5.0,-0.00050,12.0775,-5.0,-0.00050,12.0787,-7.5,-0.00075,124.63
1,651317,1,0,96.71,8.9375,567.5,0.56750,12.0775,362.5,0.36250,12.0787,1210.0,0.03667,5.0812,710.0,0.07100,12.0775,1202.5,0.12025,12.0750,1152.5,0.11525,12.0775,1120.0,0.11200,12.0787,-5.0,-0.00050,12.0787,-7.5,-0.00075,12.0763,-7.5,-0.00075,12.0775,-5.0,-0.00050,12.0775,-5.0,-0.00050,12.0775,-5.0,-0.00050,12.0787,-7.5,-0.00075,125.05
1,651653,1,0,96.43,8.9375,567.5,0.56750,12.0775,365.0,0.36500,12.0775,1212.5,0.03674,5.0812,710.0,0.07100,12.0763,1190.0,0.11900,12.0750,1155.0,0.11550,12.0763,1115.0,0.11150,12.0775,-5.0,-0.00050,12.0787,-7.5,-0.00075,12.0750,-7.5,-0.00075,12.0775,-5.0,-0.00050,12.0775,-5.0,-0.00050,12.0775,-5.0,-0.00050,12.0787,-7.5,-0.00075,125.39
1,651988,1,0,96.15,8.9375,567.5,0.56750,12.0775,365.0,0.36500,12.0775,1210.0,0.03667,5.0812,710.0,0.07100,12.0763,1140.0,0.11400,12.0737,1142.5,0.11425,12.0775,1140.0,0.11400,12.0775,-5.0,-0.00050,12.0787,-7.5,-0.00075,12.0750,-7.5,-0.00075,12.0775,-5.0,-0.00050,12.0775,-5.0,-0.00050,12.0775,-5.0,-0.00050,12.0787,-7.5,-0.00075,125.73
1,652323,1,0,95.87,8.9388,557.5,0.55750,12.0775,355.0,0.35500,12.0775,1212.5,0.03674,5.0812,710.0,0.07100,12.0763,1112.5,0.11125,12.0750,1125.0,0.11250,12.0775,1110.0,0.11100,12.0787,-5.0,-0.00050,12.0787,-7.5,-0.00075,12.0763,-7.5,-0.00075,12.0775,-5.0,-0.00050,12.0775,-5.0,-0.00050,12.0775,-5.0,-0.00050,12.0787,-7.5,-0.00075,126.07
1,652738,1,0,95.53,8.9388,557.5,0.55750,12.0775,357.5,0.35750,12.0787,1210.0,0.03667,5.0812,710.0,0.07100,12.0775,1120.0,0.11200,12.0750,1127.5,0.11275,12.0775,1122.5,0.11225,12.0787,-5.0,-0.00050,12.0800,-7.5,-0.00075,12.0763,-7.5,-0.00075,12.0775,-5.0,-0.00050,12.0775,-5.0,-0.00050,12.0775,-5.0,-0.00050,12.0787,-7.5,-0.00075,126.48
1,653074,1,0,95.25,8.9400,550.0,0.55000,12.0775,352.5,0.35250,12.0775,1210.0,0.03667,5.0812,710.0,0.07100,12.0763,1087.5,0.10875,12.0750,1102.5,0.11025,12.0775,1087.5,0.10875,12.0775,-5.0,-0.00050,12.0787,-7.5,-0.00075,12.0763,-7.5,-0.00075,12.0775,-5.0,-0.00050,12.0775,-5.0,-0.00050,12.0775,-5.0,-0.00050,12.0787,-7.5,-0.00075,126.83
1,653430,1,0,94.95,8.9400,547.5,0.54750,12.0775,350.0,0.35000,12.0775,1210.0,0.03667,5.0812,710.0,0.07100,12.0763,1100.0,0.11000,12.0750,1115.0,0.11150,12.0763,1097.5,0.10975,12.0775,-5.0,-0.00050,12.0787,-7.5,-0.00075,12.0750,-7.5,-0.00075,12.0763,-5.0,-0.00050,12.0775,-5.0,-0.00050,12.0775,-5.0,-0.00050,12.0787,-7.5,-0.00075,127.17
1,653766,1,0,94.67,8.9400,550.0,0.55000,12.0763,350.0,0.35000,12.0775,1210.0,0.03667,5.0812,710.0,0.07100,12.0763,1092.5,0.10925,12.0750,1102.5,0.11025,12.0775,1087.5,0.10875,12.0775,-5.0,-0.00050,12.0787,-7.5,-0.00075,12.0763,-7.5,-0.00075,12.0763,-5.0,-0.00050,12.0775,-5.0,-0.00050,12.0775,-5.0,-0.00050,12.0787,-7.5,-0.00075,127.51
1,654186,1,0,94.32,8.9400,540.0,0.54000,12.0775,345.0,0.34500,12.0787,1207.5,0.03659,5.0812,710.0,0.07100,12.0775,1085.0,0.10850,12.0750,1087.5,0.10875,12.0775,1070.0,0.10700,12.0787,-5.0,-0.00050,12.0800,-7.5,-0.00075,12.0763,-7.5,-0.00075,12.0775,-5.0,-0.00050,12.0775,-5.0,-0.00050,12.0787,-5.0,-0.00050,12.0787,-7.5,-0.00075,127.93
1,654522,1,0,94.04,8.9400,540.0,0.54000,12.0775,347.5,0.34750,12.0775,1212.5,0.03674,5.0812,710.0,0.07100,12.0763,1080.0,0.10800,12.0750,1092.5,0.10925,12.0775,1075.0,0.10750,12.0775,-5.0,-0.00050,12.0787,-7.5,-0.00075,12.0763,-7.5,-0.00075,12.0763,-5.0,-0.00050,12.0775,-5.0,-0.00050,12.0775,-5.0,-0.00050,12.0787,-7.5,-0.00075,128.26
1,654857,1,0,93.76,8.9412,532.5,0.53250,12.0775,340.0,0.34000,12.0775,1210.0,0.03667,5.0812,710.0,0.07100,12.0763,1057.5,0.10575,12.0750,1077.5,0.10775,12.0775,1045.0,0.10450,12.0787,-5.0,-0.00050,12.0787,-7.5,-0.00075,12.0763,-7.5,-0.00075,12.0775,-5.0,-0.00050,12.0775,-5.0,-0.00050,12.0775,-5.0,-0.00050,12.0787,-7.5,-0.00075,128.59
1,655192,1,0,93.48,8.9412,532.5,0.53250,12.0775,337.5,0.33750,12.0775,1212.5,0.03674,5.0812,710.0,0.07100,12.0763,1062.5,0.10625,12.0750,1062.5,0.10625,12.0775,1050.0,0.10500,12.0775,-5.0,-0.00050,12.0787,-7.5,-0.00075,12.0763,-7.5,-0.00075,12.0775,-5.0,-0.00050,12.0775,-5.0,-0.00050,12.0775,-5.0,-0.00050,12.0787,-7.5,-0.00075,128.93
1,655626,1,0,93.12,8.9412,535.0,0.53500,12.0775,345.0,0.34500,12.0775,1207.5,0.03659,5.0812,710.0,0.07100,12.0763,1070.0,0.10700,12.0750,1070.0,0.10700,12.0775,1047.5,0.10475,12.0775,-5.0,-0.00050,12.0787,-7.5,-0.00075,12.0763,-7.5,-0.00075,12.0775,-5.0,-0.00050,12.0775,-5.0,-0.00050,12.0775,-5.0,-0.00050,12.0787,-7.5,-0.00075,129.37
1,655962,1,0,92.84,8.9425,525.0,0.52500,12.0775,332.5,0.33250,12.0775,1212.5,0.03674,5.0812,710.0,0.07100,12.0763,1037.5,0.10375,12.0750,1057.5,0.10575,12.0775,1025.0,0.10250,12.0787,-5.0,-0.00050,12.0800,-7.5,-0.00075,12.0750,-7.5,-0.00075,12.0775,-5.0,-0.00050,12.0775,-5.0,-0.00050,12.0775,-5.0,-0.00050,12.0787,-7.5,-0.00075,129.69
1,656297,1,0,92.56,8.9425,525.0,0.52500,12.0775,335.0,0.33500,12.0787,1207.5,0.03659,5.0812,710.0,0.07100,12.0763,1045.0,0.10450,12.0750,1047.5,0.10475,12.0775,1037.5,0.10375,12.0787,-5.0,-0.00050,12.0787,-7.5,-0.00075,12.0763,-7.5,-0.00075,12.0775,-5.0,-0.00050,12.0775,-5.0,-0.00050,12.0775,-5.0,-0.00050,12.0787,-7.5,-0.00075,130.03
1,656632,1,0,92.28,8.9425,525.0,0.52500,12.0775,337.5,0.33750,12.0775,1207.5,0.03659,5.0812,710.0,0.07100,12.0763,1045.0,0.10450,12.0750,1062.5,0.10625,12.0775,1032.5,0.10325,12.0787,-5.0,-0.00050,12.0787,-7.5,-0.00075,12.0750,-7.5,-0.00075,12.0775,-5.0,-0.00050,12.0775,-5.0,-0.00050,12.0775,-5.0,-0.00050,12.0787,-7.5,-0.00075,130.37
1,657091,1,0,91.90,8.9437,517.5,0.51750,12.0775,315.0,0.31500,12.0787,1210.0,0.03667,5.0812,710.0,0.07100,12.0775,1030.0,0.10300,12.0750,1037.5,0.10375,12.0775,1020.0,0.10200,12.0787,-5.0,-0.00050,12.0800,-7.5,-0.00075,12.0763,-7.5,-0.00075,12.0775,-5.0,-0.00050,12.0775,-5.0,-0.00050,12.0787,-5.0,-0.00050,12.0800,-7.5,-0.00075,130.83
1,657427,1,0,91.62,8.9437,517.5,0.51750,12.0775,330.0,0.33000,12.0775,1207.5,0.03659,5.0812,710.0,0.07100,12.0763,1035.0,0.10350,12.0750,1035.0,0.10350,12.0775,1010.0,0.10100,12.0787,-5.0,-0.00050,12.0800,-7.5,-0.00075,12.0763,-7.5,-0.00075,12.0775,-5.0,-0.00050,12.0775,-5.0,-0.00050,12.0775,-5.0,-0.00050,12.0787,-7.5,-0.00075,131.18
1,657783,1,0,91.32,8.9450,510.0,0.51000,12.0775,332.5,0.33250,12.0775,1210.0,0.03667,5.0812,710.0,0.07100,12.0763,1002.5,0.10025,12.0750,1030.0,0.10300,12.0775,990.0,0.09900,12.0787,-5.0,-0.00050,12.0787,-7.5,-0.00075,12.0763,-7.5,-0.00075,12.0775,-5.0,-0.00050,12.0775,-5.0,-0.00050,12.0775,-5.0,-0.00050,12.0787,-7.5,-0.00075,131.53
1,658119,1,0,91.04,8.9450,510.0,0.51000,12.0763,327.5,0.32750,12.0775,1207.5,0.03659,5.0812,710.0,0.07100,12.0763,1007.5,0.10075,12.0750,1000.0,0.10000,12.0775,980.0,0.09800,12.0775,-5.0,-0.00050,12.0800,-7.5,-0.00075,12.0763,-7.5,-0.00075,12.0775,-5.0,-0.00050,12.0775,-5.0,-0.00050,12.0775,-5.0,-0.00050,12.0787,-7.5,-0.00075,131.86
1,658529,1,0,90.70,8.9437,510.0,0.51000,12.0775,325.0,0.32500,12.0775,1210.0,0.03667,5.0812,710.0,0.07100,12.0775,1007.5,0.10075,12.0750,1017.5,0.10175,12.0775,1010.0,0.10100,12.0787,-5.0,-0.00050,12.0800,-7.5,-0.00075,12.0763,-7.5,-0.00075,12.0775,-5.0,-0.00050,12.0775,-5.0,-0.00050,12.0775,-5.0,-0.00050,12.0787,-7.5,-0.00075,132.27
1,658865,1,0,90.42,8.9450,502.5,0.50250,12.0763,315.0,0.31500,12.0775,1207.5,0.03659,5.0812,710.0,0.07100,12.0763,997.5,0.09975,12.0750,992.5,0.09925,12.0775,985.0,0.09850,12.0787,-5.0,-0.00050,12.0787,-7.5,-0.00075,12.0763,-7.5,-0.00075,12.0775,-5.0,-0.00050,12.0775,-5.0,-0.00050,12.0775,-5.0,-0.00050,12.0787,-7.5,-0.00075,132.60
1,659200,1,0,90.14,8.9450,502.5,0.50250,12.0775,315.0,0.31500,12.0775,1207.5,0.03659,5.0812,710.0,0.07100,12.0763,995.0,0.09950,12.0750,1002.5,0.10025,12.0775,975.0,0.09750,12.0775,-5.0,-0.00050,12.0787,-7.5,-0.00075,12.0750,-7.5,-0.00075,12.0775,-5.0,-0.00050,12.0775,-5.0,-0.00050,12.0775,-5.0,-0.00050,12.0787,-7.5,-0.00075,132.94
1,659535,1,0,89.86,8.9462,492.5,0.49250,12.0763,312.5,0.31250,12.0775,1212.5,0.03674,5.0812,710.0,0.07100,12.0763,960.0,0.09600,12.0750,975.0,0.09750,12.0775,957.5,0.09575,12.0775,-5.0,-0.00050,12.0787,-7.5,-0.00075,12.0763,-7.5,-0.00075,12.0775,-5.0,-0.00050,12.0775,-5.0,-0.00050,12.0775,-5.0,-0.00050,12.0787,-7.5,-0.00075,133.28
1,659979,1,0,89.49,8.9462,492.5,0.49250,12.0775,310.0,0.31000,12.0775,1205.0,0.03652,5.0812,710.0,0.07100,12.0775,975.0,0.09750,12.0750,980.0,0.09800,12.0775,965.0,0.09650,12.0775,-5.0,-0.00050,12.0787,-7.5,-0.00075,12.0763,-7.5,-0.00075,12.0775,-5.0,-0.00050,12.0775,-5.0,-0.00050,12.0775,-5.0,-0.00050,12.0787,-7.5,-0.00075,133.71
1,660315,1,0,89.21,8.9462,495.0,0.49500,12.0763,305.0,0.30500,12.0775,1210.0,0.03667,5.0812,710.0,0.07100,12.0763,977.5,0.09775,12.0737,995.0,0.09950,12.0775,960.0,0.09600,12.0775,-5.0,-0.00050,12.0787,-7.5,-0.00075,12.0763,-7.5,-0.00075,12.0775,-5.0,-0.00050,12.0775,-5.0,-0.00050,12.0775,-5.0,-0.00050,12.0787,-7.5,-0.00075,134.05
1,660650,1,0,88.93,8.9475,487.5,0.48750,12.0775,307.5,0.30750,12.0775,1207.5,0.03659,5.0812,710.0,0.07100,12.0763,960.0,0.09600,12.0750,962.5,0.09625,12.0775,947.5,0.09475,12.0787,-5.0,-0.00050,12.0787,-7.5,-0.00075,12.0763,-7.5,-0.00075,12.0775,-5.0,-0.00050,12.0775,-5.0,-0.00050,12.0775,-5.0,-0.00050,12.0787,-7.5,-0.00075,134.38
1,660985,1,0,88.65,8.9475,487.5,0.48750,12.0775,305.0,0.30500,12.0775,1210.0,0.03667,5.0812,710.0,0.07100,12.0775,957.5,0.09575,12.0750,965.0,0.09650,12.0775,947.5,0.09475,12.0787,-5.0,-0.00050,12.0787,-7.5,-0.00075,12.0763,-7.5,-0.00075,12.0775,-5.0,-0.00050,12.0775,-5.0,-0.00050,12.0775,-5.0,-0.00050,12.0787,-7.5,-0.00075,134.72
1,661424,1,0,88.29,8.9487,480.0,0.48000,12.0775,302.5,0.30250,12.0787,1205.0,0.03652,5.0812,710.0,0.07100,12.0775,942.5,0.09425,12.0750,942.5,0.09425,12.0775,932.5,0.09325,12.0787,-5.0,-0.00050,12.0800,-7.5,-0.00075,12.0763,-7.5,-0.00075,12.0775,-5.0,-0.00050,12.0775,-5.0,-0.00050,12.0775,-5.0,-0.00050,12.0787,-7.5,-0.00075,135.16
1,661759,1,0,88.01,8.9487,480.0,0.48000,12.0775,300.0,0.30000,12.0775,1205.0,0.03652,5.0812,710.0,0.07100,12.0775,940.0,0.09400,12.0750,942.5,0.09425,12.0775,927.5,0.09275,12.0787,-5.0,-0.00050,12.0787,-7.5,-0.00075,12.0763,-7.5,-0.00075,12.0763,-5.0,-0.00050,12.0775,-5.0,-0.00050,12.0775,-5.0,-0.00050,12.0787,-7.5,-0.00075,135.51
1,662115,1,0,87.71,8.9487,480.0,0.48000,12.0775,300.0,0.30000,12.0775,1210.0,0.03667,5.0812,710.0,0.07100,12.0775,945.0,0.09450,12.0750,945.0,0.09450,12.0775,935.0,0.09350,12.0787,-5.0,-0.00050,12.0800,-7.5,-0.00075,12.0763,-7.5,-0.00075,12.0775,-5.0,-0.00050,12.0775,-5.0,-0.00050,12.0775,-5.0,-0.00050,12.0787,-7.5,-0.00075,135.85
1,662451,1,0,87.43,8.9500,472.5,0.47250,12.0775,295.0,0.29500,12.0775,1207.5,0.03659,5.0812,710.0,0.07100,12.0775,932.5,0.09325,12.0750,927.5,0.09275,12.0775,912.5,0.09125,12.0787,-5.0,-0.00050,12.0800,-7.5,-0.00075,12.0763,-7.5,-0.00075,12.0775,-5.0,-0.00050,12.0775,-5.0,-0.00050,12.0775,-5.0,-0.00050,12.0787,-7.5,-0.00075,136.18
1,662892,1,0,87.06,8.9487,470.0,0.47000,12.0775,295.0,0.29500,12.0787,1207.5,0.03659,5.0812,710.0,0.07100,12.0775,922.5,0.09225,12.0750,927.5,0.09275,12.0787,912.5,0.09125,12.0787,-5.0,-0.00050,12.0800,-7.5,-0.00075,12.0763,-7.5,-0.00075,12.0775,-5.0,-0.00050,12.0775,-5.0,-0.00050,12.0787,-5.0,-0.00050,12.0787,-7.5,-0.00075,136.63
1,663228,1,0,86.78,8.9487,472.5,0.47250,12.0775,295.0,0.29500,12.0787,1207.5,0.03659,5.0812,710.0,0.07100,12.0775,925.0,0.09250,12.0750,932.5,0.09325,12.0775,912.5,0.09125,12.0787,-5.0,-0.00050,12.0800,-7.5,-0.00075,12.0763,-7.5,-0.00075,12.0775,-5.0,-0.00050,12.0775,-5.0,-0.00050,12.0775,-5.0,-0.00050,12.0787,-7.5,-0.00075,136.96
1,663563,1,0,86.50,8.9500,465.0,0.46500,12.0775,290.0,0.29000,12.0787,1205.0,0.03652,5.0812,710.0,0.07100,12.0775,905.0,0.09050,12.0750,912.5,0.09125,12.0775,897.5,0.08975,12.0787,-5.0,-0.00050,12.0800,-7.5,-0.00075,12.0763,-7.5,-0.00075,12.0775,-5.0,-0.00050,12.0775,-5.0,-0.00050,12.0787,-5.0,-0.00050,12.0787,-7.5,-0.00075,137.30
1,663898,1,0,86.22,8.9500,462.5,0.46250,12.0775,290.0,0.29000,12.0775,1202.5,0.03644,5.0812,710.0,0.07100,12.0775,900.0,0.09000,12.0750,910.0,0.09100,12.0775,895.0,0.08950,12.0787,-5.0,-0.00050,12.0800,-7.5,-0.00075,12.0763,-7.5,-0.00075,12.0775,-5.0,-0.00050,12.0775,-5.0,-0.00050,12.0775,-5.0,-0.00050,12.0787,-7.5,-0.00075,137.63
1,664448,1,0,85.77,8.9513,455.0,0.45500,12.0775,282.5,0.28250,12.0787,1205.0,0.03652,5.0812,707.5,0.07075,12.0775,890.0,0.08900,12.0750,890.0,0.08900,12.0775,885.0,0.08850,12.0787,-5.0,-0.00050,12.0800,-7.5,-0.00075,12.0763,-7.5,-0.00075,12.0775,-5.0,-0.00050,12.0775,-5.0,-0.00050,12.0787,-5.0,-0.00050,12.0787,-7.5,-0.00075,138.19
1,664784,1,0,85.49,8.9513,457.5,0.45750,12.0775,282.5,0.28250,12.0775,1205.0,0.03652,5.0812,707.5,0.07075,12.0775,892.5,0.08925,12.0750,915.0,0.09150,12.0775,885.0,0.08850,12.0787,-5.0,-0.00050,12.0787,-7.5,-0.00075,12.0763,-7.5,-0.00075,12.0775,-5.0,-0.00050,12.0775,-5.0,-0.00050,12.0775,-5.0,-0.00050,12.0787,-7.5,-0.00075,138.52
1,665119,1,0,85.21,8.9513,457.5,0.45750,12.0763,285.0,0.28500,12.0775,1207.5,0.03659,5.0812,707.5,0.07075,12.0775,900.0,0.09000,12.0750,922.5,0.09225,12.0775,882.5,0.08825,12.0775,-5.0,-0.00050,12.0787,-7.5,-0.00075,12.0750,-7.5,-0.00075,12.0763,-5.0,-0.00050,12.0775,-5.0,-0.00050,12.0775,-5.0,-0.00050,12.0787,-7.5,-0.00075,138.86
1,665454,1,0,84.93,8.9525,447.5,0.44750,12.0775,277.5,0.27750,12.0775,1207.5,0.03659,5.0812,707.5,0.07075,12.0775,867.5,0.08675,12.0750,860.0,0.08600,12.0775,865.0,0.08650,12.0787,-5.0,-0.00050,12.0800,-7.5,-0.00075,12.0763,-7.5,-0.00075,12.0775,-5.0,-0.00050,12.0775,-5.0,-0.00050,12.0775,-5.0,-0.00050,12.0787,-7.5,-0.00075,139.20
1,665862,1,0,84.59,8.9525,450.0,0.45000,12.0775,277.5,0.27750,12.0787,1207.5,0.03659,5.0812,707.5,0.07075,12.0775,880.0,0.08800,12.0763,892.5,0.08925,12.0775,867.5,0.08675,12.0787,-5.0,-0.00050,12.0800,-7.5,-0.00075,12.0763,-7.5,-0.00075,12.0775,-5.0,-0.00050,12.0775,-5.0,-0.00050,12.0775,-5.0,-0.00050,12.0787,-7.5,-0.00075,139.60
1,666198,1,0,84.31,8.9537,442.5,0.44250,12.0775,275.0,0.27500,12.0775,1205.0,0.03652,5.0812,707.5,0.07075,12.0775,882.5,0.08825,12.0750,857.5,0.08575,12.0775,852.5,0.08525,12.0787,-5.0,-0.00050,12.0800,-7.5,-0.00075,12.0763,-7.5,-0.00075,12.0775,-5.0,-0.00050,12.0775,-5.0,-0.00050,12.0775,-5.0,-0.00050,12.0787,-7.5,-0.00075,139.95
1,666554,1,0,84.01,8.9537,442.5,0.44250,12.0775,272.5,0.27250,12.0775,1207.5,0.03659,5.0812,707.5,0.07075,12.0775,902.5,0.09025,12.0750,865.0,0.08650,12.0775,847.5,0.08475,12.0787,-5.0,-0.00050,12.0800,-7.5,-0.00075,12.0763,-7.5,-0.00075,12.0775,-5.0,-0.00050,12.0775,-5.0,-0.00050,12.0775,-5.0,-0.00050,12.0787,-7.5,-0.00075,140.30
1,666890,1,0,83.73,8.9525,442.5,0.44250,12.0775,272.5,0.27250,12.0775,1207.5,0.03659,5.0812,707.5,0.07075,12.0775,890.0,0.08900,12.0750,860.0,0.08600,12.0775,855.0,0.08550,12.0787,-5.0,-0.00050,12.0800,-7.5,-0.00075,12.0763,-7.5,-0.00075,12.0775,-5.0,-0.00050,12.0775,-5.0,-0.00050,12.0775,-5.0,-0.00050,12.0787,-7.5,-0.00075,140.62
1,667303,1,0,83.39,8.9537,435.0,0.43500,12.0775,267.5,0.26750,12.0787,1207.5,0.03659,5.0812,707.5,0.07075,12.0775,802.5,0.08025,12.0763,842.5,0.08425,12.0787,827.5,0.08275,12.0787,-5.0,-0.00050,12.0800,-7.5,-0.00075,12.0763,-7.5,-0.00075,12.0775,-5.0,-0.00050,12.0775,-5.0,-0.00050,12.0787,-5.0,-0.00050,12.0800,-7.5,-0.00075,141.03
1,667639,1,0,83.11,8.9537,435.0,0.43500,12.0775,270.0,0.27000,12.0775,1207.5,0.03659,5.0812,707.5,0.07075,12.0775,855.0,0.08550,12.0750,847.5,0.08475,12.0775,832.5,0.08325,12.0787,-5.0,-0.00050,12.0787,-7.5,-0.00075,12.0763,-7.5,-0.00075,12.0775,-5.0,-0.00050,12.0775,-5.0,-0.00050,12.0775,-5.0,-0.00050,12.0787,-7.5,-0.00075,141.37
1,667974,1,0,82.83,8.9550,427.5,0.42750,12.0775,262.5,0.26250,12.0787,1207.5,0.03659,5.0812,710.0,0.07100,12.0775,830.0,0.08300,12.0750,825.0,0.08250,12.0775,820.0,0.08200,12.0787,-5.0,-0.00050,12.0800,-7.5,-0.00075,12.0763,-7.5,-0.00075,12.0775,-5.0,-0.00050,12.0775,-5.0,-0.00050,12.0775,-5.0,-0.00050,12.0787,-7.5,-0.00075,141.71
1,668309,1,0,82.55,8.9550,427.5,0.42750,12.0775,265.0,0.26500,12.0775,1207.5,0.03659,5.0812,707.5,0.07075,12.0775,817.5,0.08175,12.0750,835.0,0.08350,12.0775,822.5,0.08225,12.0775,-5.0,-0.00050,12.0787,-7.5,-0.00075,12.0763,-7.5,-0.00075,12.0775,-5.0,-0.00050,12.0775,-5.0,-0.00050,12.0775,-5.0,-0.00050,12.0787,-7.5,-0.00075,142.04
1,668723,1,0,82.20,8.9550,427.5,0.42750,12.0775,262.5,0.26250,12.0775,1207.5,0.03659,5.0812,707.5,0.07075,12.0775,830.0,0.08300,12.0750,827.5,0.08275,12.0775,815.0,0.08150,12.0787,-5.0,-0.00050,12.0800,-7.5,-0.00075,12.0763,-7.5,-0.00075,12.0775,-5.0,-0.00050,12.0775,-5.0,-0.00050,12.0775,-5.0,-0.00050,12.0787,-7.5,-0.00075,142.46
1,669058,1,0,81.92,8.9563,420.0,0.42000,12.0775,257.5,0.25750,12.0775,1210.0,0.03667,5.0812,707.5,0.07075,12.0775,812.5,0.08125,12.0750,820.0,0.08200,12.0775,802.5,0.08025,12.0787,-5.0,-0.00050,12.0800,-7.5,-0.00075,12.0763,-7.5,-0.00075,12.0775,-5.0,-0.00050,12.0775,-5.0,-0.00050,12.0775,-5.0,-0.00050,12.0787,-7.5,-0.00075,142.80
1,669393,1,0,81.65,8.9563,420.0,0.42000,12.0775,257.5,0.25750,12.0775,1205.0,0.03652,5.0812,707.5,0.07075,12.0775,812.5,0.08125,12.0750,825.0,0.08250,12.0775,800.0,0.08000,12.0787,-5.0,-0.00050,12.0800,-7.5,-0.00075,12.0763,-7.5,-0.00075,12.0775,-5.0,-0.00050,12.0775,-5.0,-0.00050,12.0775,-5.0,-0.00050,12.0787,-7.5,-0.00075,143.14
1,669728,1,0,81.37,8.9563,422.5,0.42250,12.0763,257.5,0.25750,12.0775,1207.5,0.03659,5.0812,707.5,0.07075,12.0775,812.5,0.08125,12.0750,815.0,0.08150,12.0775,800.0,0.08000,12.0787,-5.0,-0.00050,12.0800,-7.5,-0.00075,12.0763,-7.5,-0.00075,12.0775,-5.0,-0.00050,12.0775,-5.0,-0.00050,12.0775,-5.0,-0.00050,12.0787,-7.5,-0.00075,143.47
1,670138,1,0,81.02,8.9575,412.5,0.41250,12.0775,252.5,0.25250,12.0787,1205.0,0.03652,5.0812,707.5,0.07075,12.0775,797.5,0.07975,12.0763,797.5,0.07975,12.0787,787.5,0.07875,12.0787,-5.0,-0.00050,12.0800,-7.5,-0.00075,12.0763,-7.5,-0.00075,12.0775,-5.0,-0.00050,12.0775,-5.0,-0.00050,12.0787,-5.0,-0.00050,12.0800,-7.5,-0.00075,143.87
1,670474,1,0,80.74,8.9575,412.5,0.41250,12.0775,252.5,0.25250,12.0775,1205.0,0.03652,5.0812,707.5,0.07075,12.0775,795.0,0.07950,12.0750,807.5,0.08075,12.0775,785.0,0.07850,12.0787,-5.0,-0.00050,12.0800,-7.5,-0.00075,12.0763,-7.5,-0.00075,12.0775,-5.0,-0.00050,12.0775,-5.0,-0.00050,12.0787,-5.0,-0.00050,12.0787,-7.5,-0.00075,144.23
1,670830,1,0,80.45,8.9575,407.5,0.40750,12.0775,250.0,0.25000,12.0787,1207.5,0.03659,5.0812,707.5,0.07075,12.0775,777.5,0.07775,12.0763,787.5,0.07875,12.0787,772.5,0.07725,12.0787,-5.0,-0.00050,12.0800,-7.5,-0.00075,12.0763,-7.5,-0.00075,12.0775,-5.0,-0.00050,12.0787,-5.0,-0.00050,12.0787,-5.0,-0.00050,12.0800,-7.5,-0.00075,144.57
1,671166,1,0,80.17,8.9575,407.5,0.40750,12.0775,247.5,0.24750,12.0775,1202.5,0.03644,5.0812,707.5,0.07075,12.0775,775.0,0.07750,12.0750,785.0,0.07850,12.0775,772.5,0.07725,12.0787,-5.0,-0.00050,12.0800,-7.5,-0.00075,12.0763,-7.5,-0.00075,12.0775,-5.0,-0.00050,12.0775,-5.0,-0.00050,12.0787,-5.0,-0.00050,12.0787,-7.5,-0.00075,144.91
1,671576,1,0,79.83,8.9575,407.5,0.40750,12.0775,247.5,0.24750,12.0787,1205.0,0.03652,5.0812,707.5,0.07075,12.0775,777.5,0.07775,12.0763,790.0,0.07900,12.0787,777.5,0.07775,12.0787,-5.0,-0.00050,12.0800,-7.5,-0.00075,12.0763,-7.5,-0.00075,12.0775,-5.0,-0.00050,12.0775,-5.0,-0.00050,12.0787,-5.0,-0.00050,12.0800,-7.5,-0.00075,145.32
1,671912,1,0,79.55,8.9587,400.0,0.40000,12.0775,242.5,0.24250,12.0787,1205.0,0.03652,5.0812,707.5,0.07075,12.0775,770.0,0.07700,12.0750,775.0,0.07750,12.0775,770.0,0.07700,12.0787,-5.0,-0.00050,12.0800,-7.5,-0.00075,12.0763,-7.5,-0.00075,12.0775,-5.0,-0.00050,12.0775,-5.0,-0.00050,12.0775,-5.0,-0.00050,12.0787,-7.5,-0.00075,145.65
1,672247,1,0,79.27,8.9587,400.0,0.40000,12.0775,247.5,0.24750,12.0775,1207.5,0.03659,5.0812,707.5,0.07075,12.0775,760.0,0.07600,12.0750,765.0,0.07650,12.0775,767.5,0.07675,12.0787,-5.0,-0.00050,12.0800,-7.5,-0.00075,12.0763,-7.5,-0.00075,12.0775,-5.0,-0.00050,12.0775,-5.0,-0.00050,12.0775,-5.0,-0.00050,12.0787,-7.5,-0.00075,145.99
1,672582,1,0,78.99,8.9587,400.0,0.40000,12.0775,247.5,0.24750,12.0775,1202.5,0.03644,5.0812,707.5,0.07075,12.0775,762.5,0.07625,12.0750,775.0,0.07750,12.0775,750.0,0.07500,12.0787,-5.0,-0.00050,12.0800,-7.5,-0.00075,12.0763,-7.5,-0.00075,12.0775,-5.0,-0.00050,12.0775,-5.0,-0.00050,12.0787,-5.0,-0.00050,12.0787,-7.5,-0.00075,146.32
1,673004,1,0,78.64,8.9600,392.5,0.39250,12.0775,240.0,0.24000,12.0787,1207.5,0.03659,5.0812,707.5,0.07075,12.0775,757.5,0.07575,12.0750,757.5,0.07575,12.0775,742.5,0.07425,12.0787,-5.0,-0.00050,12.0800,-7.5,-0.00075,12.0763,-7.5,-0.00075,12.0775,-5.0,-0.00050,12.0775,-5.0,-0.00050,12.0775,-5.0,-0.00050,12.0787,-7.5,-0.00075,146.75
1,673340,1,0,78.36,8.9600,392.5,0.39250,12.0775,237.5,0.23750,12.0775,1207.5,0.03659,5.0812,707.5,0.07075,12.0775,762.5,0.07625,12.0750,747.5,0.07475,12.0775,745.0,0.07450,12.0787,-5.0,-0.00050,12.0800,-7.5,-0.00075,12.0763,-7.5,-0.00075,12.0775,-5.0,-0.00050,12.0775,-5.0,-0.00050,12.0775,-5.0,-0.00050,12.0787,-7.5,-0.00075,147.08
1,673675,1,0,78.08,8.9600,387.5,0.38750,12.0775,232.5,0.23250,12.0775,1205.0,0.03652,5.0812,707.5,0.07075,12.0775,742.5,0.07425,12.0750,740.0,0.07400,12.0775,730.0,0.07300,12.0787,-5.0,-0.00050,12.0800,-7.5,-0.00075,12.0763,-7.5,-0.00075,12.0775,-5.0,-0.00050,12.0775,-5.0,-0.00050,12.0775,-5.0,-0.00050,12.0787,-7.5,-0.00075,147.42
1,674010,1,0,77.80,8.9600,387.5,0.38750,12.0775,235.0,0.23500,12.0775,1205.0,0.03652,5.0812,707.5,0.07075,12.0775,720.0,0.07200,12.0750,737.5,0.07375,12.0787,730.0,0.07300,12.0787,-5.0,-0.00050,12.0800,-7.5,-0.00075,12.0763,-7.5,-0.00075,12.0775,-5.0,-0.00050,12.0775,-5.0,-0.00050,12.0775,-5.0,-0.00050,12.0787,-7.5,-0.00075,147.74
1,674428,1,0,77.45,8.9600,387.5,0.38750,12.0775,232.5,0.23250,12.0787,1207.5,0.03659,5.0812,707.5,0.07075,12.0787,732.5,0.07325,12.0763,740.0,0.07400,12.0787,732.5,0.07325,12.0787,-5.0,-0.00050,12.0800,-7.5,-0.00075,12.0763,-7.5,-0.00075,12.0775,-5.0,-0.00050,12.0787,-5.0,-0.00050,12.0787,-5.0,-0.00050,12.0800,-7.5,-0.00075,148.16
1,674764,1,0,77.17,8.9612,380.0,0.38000,12.0775,230.0,0.23000,12.0787,1207.5,0.03659,5.0812,707.5,0.07075,12.0775,717.5,0.07175,12.0763,725.0,0.07250,12.0787,710.0,0.07100,12.0787,-5.0,-0.00050,12.0800,-7.5,-0.00075,12.0763,-7.5,-0.00075,12.0775,-5.0,-0.00050,12.0775,-5.0,-0.00050,12.0787,-5.0,-0.00050,12.0787,-7.5,-0.00075,148.52
1,675120,1,0,76.87,8.9612,380.0,0.38000,12.0775,227.5,0.22750,12.0775,1205.0,0.03652,5.0812,707.5,0.07075,12.0775,720.0,0.07200,12.0763,725.0,0.07250,12.0787,717.5,0.07175,12.0787,-5.0,-0.00050,12.0800,-7.5,-0.00075,12.0763,-7.5,-0.00075,12.0775,-5.0,-0.00050,12.0775,-5.0,-0.00050,12.0775,-5.0,-0.00050,12.0787,-7.5,-0.00075,148.85
1,675456,1,0,76.59,8.9612,380.0,0.38000,12.0775,230.0,0.23000,12.0775,1207.5,0.03659,5.0812,707.5,0.07075,12.0775,727.5,0.07275,12.0763,727.5,0.07275,12.0787,717.5,0.07175,12.0787,-5.0,-0.00050,12.0800,-7.5,-0.00075,12.0763,-7.5,-0.00075,12.0775,-5.0,-0.00050,12.0775,-5.0,-0.00050,12.0787,-5.0,-0.00050,12.0787,-7.5,-0.00075,149.19
1,675909,1,0,76.22,8.9625,372.5,0.37250,12.0775,225.0,0.22500,12.0787,1210.0,0.03667,5.0812,707.5,0.07075,12.0787,702.5,0.07025,12.0763,710.0,0.07100,12.0787,702.5,0.07025,12.0800,-5.0,-0.00050,12.0800,-7.5,-0.00075,12.0775,-7.5,-0.00075,12.0787,-5.0,-0.00050,12.0787,-5.0,-0.00050,12.0787,-5.0,-0.00050,12.0800,-7.5,-0.00075,149.64
1,676244,1,0,75.94,8.9625,372.5,0.37250,12.0775,225.0,0.22500,12.0775,1207.5,0.03659,5.0812,707.5,0.07075,12.0775,707.5,0.07075,12.0763,715.0,0.07150,12.0775,700.0,0.07000,12.0787,-5.0,-0.00050,12.0800,-7.5,-0.00075,12.0763,-7.5,-0.00075,12.0775,-5.0,-0.00050,12.0775,-5.0,-0.00050,12.0775,-5.0,-0.00050,12.0787,-7.5,-0.00075,149.98
1,676579,1,0,75.66,8.9625,367.5,0.36750,12.0775,220.0,0.22000,12.0787,1205.0,0.03652,5.0812,707.5,0.07075,12.0787,690.0,0.06900,12.0763,690.0,0.06900,12.0787,687.5,0.06875,12.0787,-5.0,-0.00050,12.0800,-7.5,-0.00075,12.0763,-7.5,-0.00075,12.0775,-5.0,-0.00050,12.0787,-5.0,-0.00050,12.0787,-5.0,-0.00050,12.0800,-7.5,-0.00075,150.32
1,676914,1,0,75.38,8.9625,367.5,0.36750,12.0775,220.0,0.22000,12.0787,1205.0,0.03652,5.0812,707.5,0.07075,12.0787,690.0,0.06900,12.0763,705.0,0.07050,12.0787,672.5,0.06725,12.0787,-5.0,-0.00050,12.0800,-7.5,-0.00075,12.0763,-7.5,-0.00075,12.0775,-5.0,-0.00050,12.0775,-5.0,-0.00050,12.0787,-5.0,-0.00050,12.0787,-7.5,-0.00075,150.65
1,677331,1,0,75.03,8.9625,367.5,0.36750,12.0775,220.0,0.22000,12.0787,1207.5,0.03659,5.0812,707.5,0.07075,12.0787,687.5,0.06875,12.0763,697.5,0.06975,12.0787,685.0,0.06850,12.0800,-5.0,-0.00050,12.0800,-7.5,-0.00075,12.0763,-7.5,-0.00075,12.0787,-5.0,-0.00050,12.0787,-5.0,-0.00050,12.0787,-5.0,-0.00050,12.0800,-7.5,-0.00075,151.07
1,677667,1,0,74.75,8.9637,360.0,0.36000,12.0775,215.0,0.21500,12.0787,1205.0,0.03652,5.0812,707.5,0.07075,12.0787,680.0,0.06800,12.0763,687.5,0.06875,12.0787,660.0,0.06600,12.0787,-5.0,-0.00050,12.0800,-7.5,-0.00075,12.0763,-7.5,-0.00075,12.0775,-5.0,-0.00050,12.0775,-5.0,-0.00050,12.0787,-5.0,-0.00050,12.0800,-7.5,-0.00075,151.41
1,678002,1,0,74.47,8.9637,360.0,0.36000,12.0775,215.0,0.21500,12.0787,1205.0,0.03652,5.0812,707.5,0.07075,12.0787,682.5,0.06825,12.0763,680.0,0.06800,12.0787,705.0,0.07050,12.0787,-5.0,-0.00050,12.0800,-7.5,-0.00075,12.0763,-7.5,-0.00075,12.0775,-5.0,-0.00050,12.0787,-5.0,-0.00050,12.0787,-5.0,-0.00050,12.0787,-7.5,-0.00075,151.74
1,678337,1,0,74.19,8.9650,352.5,0.35250,12.0775,212.5,0.21250,12.0787,1207.5,0.03659,5.0812,707.5,0.07075,12.0787,660.0,0.06600,12.0763,705.0,0.07050,12.0787,690.0,0.06900,12.0787,-5.0,-0.00050,12.0800,-7.5,-0.00075,12.0775,-7.5,-0.00075,12.0775,-5.0,-0.00050,12.0787,-5.0,-0.00050,12.0787,-5.0,-0.00050,12.0800,-7.5,-0.00075,152.08
1,678745,1,0,73.85,8.9650,355.0,0.35500,12.0775,212.5,0.21250,12.0787,1205.0,0.03652,5.0812,707.5,0.07075,12.0787,672.5,0.06725,12.0763,682.5,0.06825,12.0787,667.5,0.06675,12.0787,-5.0,-0.00050,12.0800,-7.5,-0.00075,12.0763,-7.5,-0.00075,12.0787,-5.0,-0.00050,12.0787,-5.0,-0.00050,12.0787,-5.0,-0.00050,12.0800,-7.5,-0.00075,152.49
1,679081,1,0,73.57,8.9650,355.0,0.35500,12.0775,210.0,0.21000,12.0775,1202.5,0.03644,5.0812,707.5,0.07075,12.0775,687.5,0.06875,12.0763,672.5,0.06725,12.0787,662.5,0.06625,12.0787,-5.0,-0.00050,12.0800,-7.5,-0.00075,12.0763,-7.5,-0.00075,12.0775,-5.0,-0.00050,12.0775,-5.0,-0.00050,12.0787,-5.0,-0.00050,12.0787,-7.5,-0.00075,152.83
1,679437,1,0,73.28,8.9650,347.5,0.34750,12.0775,205.0,0.20500,12.0787,1202.5,0.03644,5.0812,707.5,0.07075,12.0787,677.5,0.06775,12.0763,655.0,0.06550,12.0787,650.0,0.06500,12.0787,-5.0,-0.00050,12.0800,-7.5,-0.00075,12.0763,-7.5,-0.00075,12.0775,-5.0,-0.00050,12.0775,-5.0,-0.00050,12.0787,-5.0,-0.00050,12.0800,-7.5,-0.00075,153.17
1,679773,1,0,73.00,8.9650,347.5,0.34750,12.0775,207.5,0.20750,12.0775,1202.5,0.03644,5.0812,707.5,0.07075,12.0787,680.0,0.06800,12.0763,660.0,0.06600,12.0787,652.5,0.06525,12.0787,-5.0,-0.00050,12.0800,-7.5,-0.00075,12.0763,-7.5,-0.00075,12.0775,-5.0,-0.00050,12.0775,-5.0,-0.00050,12.0775,-5.0,-0.00050,12.0787,-7.5,-0.00075,153.51
1,680187,1,0,72.65,8.9662,342.5,0.34250,12.0775,200.0,0.20000,12.0787,1205.0,0.03652,5.0812,707.5,0.07075,12.0787,630.0,0.06300,12.0763,637.5,0.06375,12.0787,632.5,0.06325,12.0800,-5.0,-0.00050,12.0800,-7.5,-0.00075,12.0775,-7.5,-0.00075,12.0787,-5.0,-0.00050,12.0787,-5.0,-0.00050,12.0787,-5.0,-0.00050,12.0800,-7.5,-0.00075,153.93
1,680523,1,0,72.37,8.9662,342.5,0.34250,12.0775,202.5,0.20250,12.0787,1205.0,0.03652,5.0812,707.5,0.07075,12.0787,635.0,0.06350,12.0763,635.0,0.06350,12.0787,622.5,0.06225,12.0787,-5.0,-0.00050,12.0800,-7.5,-0.00075,12.0763,-7.5,-0.00075,12.0775,-5.0,-0.00050,12.0775,-5.0,-0.00050,12.0787,-5.0,-0.00050,12.0787,-7.5,-0.00075,154.26
1,680858,1,0,72.09,8.9662,342.5,0.34250,12.0775,202.5,0.20250,12.0787,1205.0,0.03652,5.0812,707.5,0.07075,12.0787,645.0,0.06450,12.0763,637.5,0.06375,12.0787,630.0,0.06300,12.0787,-5.0,-0.00050,12.0800,-7.5,-0.00075,12.0763,-7.5,-0.00075,12.0775,-5.0,-0.00050,12.0775,-5.0,-0.00050,12.0787,-5.0,-0.00050,12.0787,-7.5,-0.00075,154.59
1,681193,1,0,71.81,8.9675,335.0,0.33500,12.0775,197.5,0.19750,12.0787,1202.5,0.03644,5.0812,707.5,0.07075,12.0787,622.5,0.06225,12.0763,625.0,0.06250,12.0787,620.0,0.06200,12.0787,-5.0,-0.00050,12.0800,-7.5,-0.00075,12.0763,-7.5,-0.00075,12.0775,-5.0,-0.00050,12.0775,-5.0,-0.00050,12.0787,-5.0,-0.00050,12.0787,-7.5,-0.00075,154.92
1,681636,1,0,71.44,8.9675,335.0,0.33500,12.0775,197.5,0.19750,12.0787,1200.0,0.03636,5.0812,707.5,0.07075,12.0787,620.0,0.06200,12.0763,625.0,0.06250,12.0787,622.5,0.06225,12.0800,-5.0,-0.00050,12.0800,-7.5,-0.00075,12.0763,-7.5,-0.00075,12.0787,-5.0,-0.00050,12.0787,-5.0,-0.00050,12.0787,-5.0,-0.00050,12.0800,-7.5,-0.00075,155.37
1,681972,1,0,71.16,8.9675,335.0,0.33500,12.0775,197.5,0.19750,12.0787,1202.5,0.03644,5.0812,707.5,0.07075,12.0787,620.0,0.06200,12.0763,627.5,0.06275,12.0787,615.0,0.06150,12.0787,-5.0,-0.00050,12.0800,-7.5,-0.00075,12.0763,-7.5,-0.00075,12.0775,-5.0,-0.00050,12.0775,-5.0,-0.00050,12.0787,-5.0,-0.00050,12.0800,-7.5,-0.00075,155.70
1,682307,1,0,70.88,8.9675,330.0,0.33000,12.0775,192.5,0.19250,12.0787,1202.5,0.03644,5.0812,707.5,0.07075,12.0787,607.5,0.06075,12.0763,610.0,0.06100,12.0787,607.5,0.06075,12.0800,-5.0,-0.00050,12.0800,-7.5,-0.00075,12.0775,-7.5,-0.00075,12.0787,-5.0,-0.00050,12.0787,-5.0,-0.00050,12.0787,-5.0,-0.00050,12.0800,-7.5,-0.00075,156.04
1,682642,1,0,70.60,8.9675,330.0,0.33000,12.0775,192.5,0.19250,12.0787,1205.0,0.03652,5.0812,705.0,0.07050,12.0787,612.5,0.06125,12.0763,615.0,0.06150,12.0787,607.5,0.06075,12.0787,-5.0,-0.00050,12.0800,-7.5,-0.00075,12.0763,-7.5,-0.00075,12.0775,-5.0,-0.00050,12.0787,-5.0,-0.00050,12.0787,-5.0,-0.00050,12.0800,-7.5,-0.00075,156.38
1,683083,1,0,70.24,8.9687,325.0,0.32500,12.0787,187.5,0.18750,12.0787,1205.0,0.03652,5.0812,707.5,0.07075,12.0787,595.0,0.05950,12.0775,597.5,0.05975,12.0787,585.0,0.05850,12.0800,-5.0,-0.00050,12.0813,-7.5,-0.00075,12.0775,-7.5,-0.00075,12.0787,-5.0,-0.00050,12.0787,-5.0,-0.00050,12.0787,-5.0,-0.00050,12.0800,-7.5,-0.00075,156.82
1,683419,1,0,69.96,8.9687,322.5,0.32250,12.0775,187.5,0.18750,12.0787,1205.0,0.03652,5.0812,705.0,0.07050,12.0787,595.0,0.05950,12.0763,592.5,0.05925,12.0787,605.0,0.06050,12.0787,-5.0,-0.00050,12.0800,-7.5,-0.00075,12.0763,-7.5,-0.00075,12.0775,-5.0,-0.00050,12.0775,-5.0,-0.00050,12.0787,-5.0,-0.00050,12.0787,-7.5,-0.00075,157.17
1,683775,1,0,69.66,8.9687,325.0,0.32500,12.0775,190.0,0.19000,12.0787,1200.0,0.03636,5.0812,705.0,0.07050,12.0787,592.5,0.05925,12.0763,607.5,0.06075,12.0787,587.5,0.05875,12.0800,-5.0,-0.00050,12.0800,-7.5,-0.00075,12.0775,-7.5,-0.00075,12.0775,-5.0,-0.00050,12.0787,-5.0,-0.00050,12.0787,-5.0,-0.00050,12.0800,-7.5,-0.00075,157.52
1,684111,1,0,69.38,8.9687,317.5,0.31750,12.0775,187.5,0.18750,12.0787,1202.5,0.03644,5.0812,705.0,0.07050,12.0787,585.0,0.05850,12.0763,592.5,0.05925,12.0787,577.5,0.05775,12.0787,-5.0,-0.00050,12.0800,-7.5,-0.00075,12.0775,-7.5,-0.00075,12.0775,-5.0,-0.00050,12.0787,-5.0,-0.00050,12.0787,-5.0,-0.00050,12.0800,-7.5,-0.00075,157.85
1,684552,1,0,69.01,8.9687,317.5,0.31750,12.0775,190.0,0.19000,12.0787,1202.5,0.03644,5.0812,707.5,0.07075,12.0787,580.0,0.05800,12.0763,590.0,0.05900,12.0787,580.0,0.05800,12.0800,-5.0,-0.00050,12.0800,-7.5,-0.00075,12.0775,-7.5,-0.00075,12.0775,-5.0,-0.00050,12.0787,-5.0,-0.00050,12.0787,-5.0,-0.00050,12.0800,-7.5,-0.00075,158.30
1,684887,1,0,68.73,8.9700,312.5,0.31250,12.0775,177.5,0.17750,12.0787,1200.0,0.03636,5.0812,705.0,0.07050,12.0787,560.0,0.05600,12.0763,575.0,0.05750,12.0787,562.5,0.05625,12.0787,-5.0,-0.00050,12.0800,-7.5,-0.00075,12.0775,-7.5,-0.00075,12.0787,-5.0,-0.00050,12.0787,-5.0,-0.00050,12.0787,-5.0,-0.00050,12.0800,-7.5,-0.00075,158.63
1,685222,1,0,68.45,8.9700,312.5,0.31250,12.0775,180.0,0.18000,12.0787,1205.0,0.03652,5.0812,707.5,0.07075,12.0787,570.0,0.05700,12.0763,570.0,0.05700,12.0787,565.0,0.05650,12.0787,-5.0,-0.00050,12.0800,-7.5,-0.00075,12.0763,-7.5,-0.00075,12.0775,-5.0,-0.00050,12.0775,-5.0,-0.00050,12.0787,-5.0,-0.00050,12.0800,-7.5,-0.00075,158.96
1,685557,1,0,68.18,8.9700,312.5,0.31250,12.0775,177.5,0.17750,12.0787,1202.5,0.03644,5.0812,705.0,0.07050,12.0787,567.5,0.05675,12.0763,580.0,0.05800,12.0787,565.0,0.05650,12.0800,-5.0,-0.00050,12.0800,-7.5,-0.00075,12.0775,-7.5,-0.00075,12.0787,-5.0,-0.00050,12.0787,-5.0,-0.00050,12.0787,-5.0,-0.00050,12.0800,-7.5,-0.00075,159.30
1,686018,1,0,67.79,8.9712,305.0,0.30500,12.0787,177.5,0.17750,12.0787,1205.0,0.03652,5.0812,705.0,0.07050,12.0787,557.5,0.05575,12.0775,562.5,0.05625,12.0787,557.5,0.05575,12.0800,-5.0,-0.00050,12.0813,-7.5,-0.00075,12.0775,-7.5,-0.00075,12.0787,-5.0,-0.00050,12.0787,-5.0,-0.00050,12.0787,-5.0,-0.00050,12.0800,-7.5,-0.00075,159.75
1,686353,1,0,67.51,8.9712,305.0,0.30500,12.0775,177.5,0.17750,12.0787,1202.5,0.03644,5.0812,705.0,0.07050,12.0787,557.5,0.05575,12.0763,562.5,0.05625,12.0787,550.0,0.05500,12.0800,-5.0,-0.00050,12.0800,-7.5,-0.00075,12.0775,-7.5,-0.00075,12.0787,-5.0,-0.00050,12.0787,-5.0,-0.00050,12.0787,-5.0,-0.00050,12.0800,-7.5,-0.00075,160.09
1,686688,1,0,67.23,8.9700,307.5,0.30750,12.0775,177.5,0.17750,12.0787,1202.5,0.03644,5.0812,705.0,0.07050,12.0787,560.0,0.05600,12.0763,565.0,0.05650,12.0787,557.5,0.05575,12.0787,-5.0,-0.00050,12.0800,-7.5,-0.00075,12.0775,-7.5,-0.00075,12.0775,-5.0,-0.00050,12.0787,-5.0,-0.00050,12.0787,-5.0,-0.00050,12.0800,-7.5,-0.00075,160.42
1,687023,1,0,66.95,8.9712,300.0,0.30000,12.0775,172.5,0.17250,12.0787,1202.5,0.03644,5.0812,705.0,0.07050,12.0787,547.5,0.05475,12.0763,550.0,0.05500,12.0787,542.5,0.05425,12.0800,-5.0,-0.00050,12.0800,-7.5,-0.00075,12.0775,-7.5,-0.00075,12.0787,-5.0,-0.00050,12.0787,-5.0,-0.00050,12.0787,-5.0,-0.00050,12.0800,-7.5,-0.00075,160.75
1,687570,1,0,66.50,8.9712,300.0,0.30000,12.0775,172.5,0.17250,12.0787,1200.0,0.03636,5.0812,705.0,0.07050,12.0787,540.0,0.05400,12.0763,555.0,0.05550,12.0787,545.0,0.05450,12.0787,-5.0,-0.00050,12.0800,-7.5,-0.00075,12.0775,-7.5,-0.00075,12.0775,-5.0,-0.00050,12.0787,-5.0,-0.00050,12.0787,-5.0,-0.00050,12.0800,-7.5,-0.00075,161.31
1,687905,1,0,66.22,8.9725,295.0,0.29500,12.0775,167.5,0.16750,12.0787,1200.0,0.03636,5.0812,705.0,0.07050,12.0787,532.5,0.05325,12.0775,532.5,0.05325,12.0787,530.0,0.05300,12.0800,-5.0,-0.00050,12.0800,-7.5,-0.00075,12.0775,-7.5,-0.00075,12.0787,-5.0,-0.00050,12.0787,-5.0,-0.00050,12.0787,-5.0,-0.00050,12.0800,-7.5,-0.00075,161.65
1,688261,1,0,65.92,8.9725,295.0,0.29500,12.0775,167.5,0.16750,12.0787,1202.5,0.03644,5.0812,705.0,0.07050,12.0787,532.5,0.05325,12.0763,540.0,0.05400,12.0787,532.5,0.05325,12.0787,-5.0,-0.00050,12.0800,-7.5,-0.00075,12.0775,-7.5,-0.00075,12.0775,-5.0,-0.00050,12.0787,-5.0,-0.00050,12.0787,-5.0,-0.00050,12.0800,-7.5,-0.00075,162.00
1,688597,1,0,65.64,8.9725,297.5,0.29750,12.0775,170.0,0.17000,12.0787,1200.0,0.03636,5.0812,705.0,0.07050,12.0787,530.0,0.05300,12.0763,537.5,0.05375,12.0787,527.5,0.05275,12.0800,-5.0,-0.00050,12.0800,-7.5,-0.00075,12.0775,-7.5,-0.00075,12.0787,-5.0,-0.00050,12.0787,-5.0,-0.00050,12.0787,-5.0,-0.00050,12.0800,-7.5,-0.00075,162.34
1,689012,1,0,65.30,8.9725,290.0,0.29000,12.0787,162.5,0.16250,12.0787,1202.5,0.03644,5.0812,705.0,0.07050,12.0787,522.5,0.05225,12.0775,527.5,0.05275,12.0800,515.0,0.05150,12.0800,-5.0,-0.00050,12.0813,-7.5,-0.00075,12.0775,-7.5,-0.00075,12.0787,-5.0,-0.00050,12.0787,-5.0,-0.00050,12.0787,-5.0,-0.00050,12.0800,-7.5,-0.00075,162.75
1,689348,1,0,65.02,8.9725,290.0,0.29000,12.0775,165.0,0.16500,12.0787,1200.0,0.03636,5.0812,705.0,0.07050,12.0787,520.0,0.05200,12.0763,525.0,0.05250,12.0787,517.5,0.05175,12.0800,-5.0,-0.00050,12.0800,-7.5,-0.00075,12.0775,-7.5,-0.00075,12.0787,-5.0,-0.00050,12.0787,-5.0,-0.00050,12.0787,-5.0,-0.00050,12.0800,-7.5,-0.00075,163.09
1,689683,1,0,64.74,8.9738,282.5,0.28250,12.0775,160.0,0.16000,12.0787,1205.0,0.03652,5.0812,705.0,0.07050,12.0787,507.5,0.05075,12.0775,515.0,0.05150,12.0787,500.0,0.05000,12.0800,-5.0,-0.00050,12.0813,-7.5,-0.00075,12.0775,-7.5,-0.00075,12.0787,-5.0,-0.00050,12.0787,-5.0,-0.00050,12.0787,-5.0,-0.00050,12.0800,-7.5,-0.00075,163.43
1,690018,1,0,64.46,8.9738,282.5,0.28250,12.0775,160.0,0.16000,12.0787,1200.0,0.03636,5.0812,705.0,0.07050,12.0787,500.0,0.05000,12.0763,510.0,0.05100,12.0787,505.0,0.05050,12.0787,-5.0,-0.00050,12.0800,-7.5,-0.00075,12.0775,-7.5,-0.00075,12.0775,-5.0,-0.00050,12.0787,-5.0,-0.00050,12.0787,-5.0,-0.00050,12.0800,-7.5,-0.00075,163.75
1,690430,1,0,64.11,8.9738,285.0,0.28500,12.0775,160.0,0.16000,12.0787,1202.5,0.03644,5.0812,705.0,0.07050,12.0787,507.5,0.05075,12.0775,510.0,0.05100,12.0787,505.0,0.05050,12.0800,-5.0,-0.00050,12.0800,-7.5,-0.00075,12.0775,-7.5,-0.00075,12.0787,-5.0,-0.00050,12.0787,-5.0,-0.00050,12.0787,-5.0,-0.00050,12.0800,-7.5,-0.00075,164.17
1,690766,1,0,63.83,8.9750,277.5,0.27750,12.0775,155.0,0.15500,12.0787,1202.5,0.03644,5.0812,705.0,0.07050,12.0787,487.5,0.04875,12.0775,502.5,0.05025,12.0787,492.5,0.04925,12.0800,-5.0,-0.00050,12.0800,-7.5,-0.00075,12.0775,-7.5,-0.00075,12.0787,-5.0,-0.00050,12.0787,-5.0,-0.00050,12.0787,-5.0,-0.00050,12.0800,-7.5,-0.00075,164.50
1,691101,1,0,63.56,8.9750,277.5,0.27750,12.0775,155.0,0.15500,12.0787,1200.0,0.03636,5.0812,705.0,0.07050,12.0787,495.0,0.04950,12.0775,500.0,0.05000,12.0787,492.5,0.04925,12.0800,-5.0,-0.00050,12.0800,-7.5,-0.00075,12.0775,-7.5,-0.00075,12.0787,-5.0,-0.00050,12.0787,-5.0,-0.00050,12.0787,-5.0,-0.00050,12.0800,-7.5,-0.00075,164.84
1,691436,1,0,63.28,8.9750,272.5,0.27250,12.0775,152.5,0.15250,12.0787,1202.5,0.03644,5.0812,705.0,0.07050,12.0787,480.0,0.04800,12.0775,487.5,0.04875,12.0800,480.0,0.04800,12.0800,-5.0,-0.00050,12.0800,-7.5,-0.00075,12.0775,-7.5,-0.00075,12.0787,-5.0,-0.00050,12.0787,-5.0,-0.00050,12.0787,-5.0,-0.00050,12.0800,-7.5,-0.00075,165.17
1,691843,1,0,62.94,8.9750,272.5,0.27250,12.0775,152.5,0.15250,12.0787,1200.0,0.03636,5.0812,705.0,0.07050,12.0787,482.5,0.04825,12.0775,490.0,0.04900,12.0800,485.0,0.04850,12.0800,-5.0,-0.00050,12.0813,-7.5,-0.00075,12.0775,-7.5,-0.00075,12.0787,-5.0,-0.00050,12.0787,-5.0,-0.00050,12.0787,-5.0,-0.00050,12.0800,-7.5,-0.00075,165.57
1,692179,1,0,62.66,8.9750,272.5,0.27250,12.0775,152.5,0.15250,12.0787,1200.0,0.03636,5.0812,705.0,0.07050,12.0787,482.5,0.04825,12.0763,487.5,0.04875,12.0787,482.5,0.04825,12.0800,-5.0,-0.00050,12.0813,-7.5,-0.00075,12.0775,-7.5,-0.00075,12.0787,-5.0,-0.00050,12.0787,-5.0,-0.00050,12.0787,-5.0,-0.00050,12.0800,-7.5,-0.00075,165.93
1,692535,1,0,62.36,8.9762,267.5,0.26750,12.0775,150.0,0.15000,12.0787,1200.0,0.03636,5.0812,705.0,0.07050,12.0800,470.0,0.04700,12.0775,472.5,0.04725,12.0800,467.5,0.04675,12.0800,-5.0,-0.00050,12.0813,-7.5,-0.00075,12.0775,-7.5,-0.00075,12.0787,-5.0,-0.00050,12.0787,-5.0,-0.00050,12.0787,-5.0,-0.00050,12.0800,-7.5,-0.00075,166.27
1,692871,1,0,62.08,8.9762,267.5,0.26750,12.0775,150.0,0.15000,12.0787,1200.0,0.03636,5.0812,705.0,0.07050,12.0787,475.0,0.04750,12.0763,477.5,0.04775,12.0787,467.5,0.04675,12.0800,-5.0,-0.00050,12.0800,-7.5,-0.00075,12.0775,-7.5,-0.00075,12.0787,-5.0,-0.00050,12.0787,-5.0,-0.00050,12.0787,-5.0,-0.00050,12.0800,-7.5,-0.00075,166.60
1,693312,1,0,61.71,8.9762,262.5,0.26250,12.0787,147.5,0.14750,12.0787,1202.5,0.03644,5.0812,705.0,0.07050,12.0800,460.0,0.04600,12.0775,465.0,0.04650,12.0800,455.0,0.04550,12.0800,-5.0,-0.00050,12.0813,-7.5,-0.00075,12.0775,-7.5,-0.00075,12.0787,-5.0,-0.00050,12.0787,-5.0,-0.00050,12.0787,-5.0,-0.00050,12.0800,-7.5,-0.00075,167.05
1,693648,1,0,61.43,8.9762,262.5,0.26250,12.0775,145.0,0.14500,12.0787,1200.0,0.03636,5.0812,705.0,0.07050,12.0787,450.0,0.04500,12.0775,467.5,0.04675,12.0800,457.5,0.04575,12.0800,-5.0,-0.00050,12.0800,-7.5,-0.00075,12.0775,-7.5,-0.00075,12.0787,-5.0,-0.00050,12.0787,-5.0,-0.00050,12.0787,-5.0,-0.00050,12.0800,-7.5,-0.00075,167.38
1,693983,1,0,61.15,8.9762,262.5,0.26250,12.0775,145.0,0.14500,12.0787,1202.5,0.03644,5.0812,705.0,0.07050,12.0787,462.5,0.04625,12.0763,467.5,0.04675,12.0800,460.0,0.04600,12.0800,-5.0,-0.00050,12.0800,-7.5,-0.00075,12.0775,-7.5,-0.00075,12.0787,-5.0,-0.00050,12.0787,-5.0,-0.00050,12.0787,-5.0,-0.00050,12.0800,-7.5,-0.00075,167.71
1,694318,1,0,60.88,8.9775,257.5,0.25750,12.0775,142.5,0.14250,12.0787,1200.0,0.03636,5.0812,705.0,0.07050,12.0787,450.0,0.04500,12.0775,455.0,0.04550,12.0800,447.5,0.04475,12.0800,-5.0,-0.00050,12.0813,-7.5,-0.00075,12.0775,-7.5,-0.00075,12.0787,-5.0,-0.00050,12.0787,-5.0,-0.00050,12.0787,-5.0,-0.00050,12.0800,-7.5,-0.00075,168.05
1,694724,1,0,60.54,8.9775,257.5,0.25750,12.0787,142.5,0.14250,12.0787,1202.5,0.03644,5.0812,705.0,0.07050,12.0800,450.0,0.04500,12.0775,455.0,0.04550,12.0800,445.0,0.04450,12.0800,-5.0,-0.00050,12.0813,-7.5,-0.00075,12.0775,-7.5,-0.00075,12.0787,-5.0,-0.00050,12.0787,-5.0,-0.00050,12.0787,-5.0,-0.00050,12.0800,-7.5,-0.00075,168.46
1,695060,1,0,60.26,8.9775,260.0,0.26000,12.0775,145.0,0.14500,12.0787,1200.0,0.03636,5.0812,705.0,0.07050,12.0800,450.0,0.04500,12.0775,460.0,0.04600,12.0800,450.0,0.04500,12.0800,-5.0,-0.00050,12.0813,-7.5,-0.00075,12.0775,-7.5,-0.00075,12.0787,-5.0,-0.00050,12.0787,-5.0,-0.00050,12.0787,-5.0,-0.00050,12.0800,-7.5,-0.00075,168.79
1,695395,1,0,59.98,8.9775,252.5,0.25250,12.0775,137.5,0.13750,12.0787,1197.5,0.03629,5.0812,705.0,0.07050,12.0800,440.0,0.04400,12.0775,442.5,0.04425,12.0800,435.0,0.04350,12.0800,-5.0,-0.00050,12.0813,-7.5,-0.00075,12.0775,-7.5,-0.00075,12.0787,-5.0,-0.00050,12.0787,-5.0,-0.00050,12.0787,-5.0,-0.00050,12.0800,-7.5,-0.00075,169.13
1,695730,1,0,59.70,8.9775,252.5,0.25250,12.0775,137.5,0.13750,12.0787,1200.0,0.03636,5.0812,705.0,0.07050,12.0787,440.0,0.04400,12.0775,447.5,0.04475,12.0800,430.0,0.04300,12.0800,-5.0,-0.00050,12.0813,-7.5,-0.00075,12.0775,-7.5,-0.00075,12.0787,-5.0,-0.00050,12.0787,-5.0,-0.00050,12.0787,-5.0,-0.00050,12.0800,-7.5,-0.00075,169.46
1,696128,1,0,59.37,8.9788,247.5,0.24750,12.0787,135.0,0.13500,12.0787,1200.0,0.03636,5.0812,705.0,0.07050,12.0800,430.0,0.04300,12.0775,420.0,0.04200,12.0800,445.0,0.04450,12.0800,-5.0,-0.00050,12.0813,-7.5,-0.00075,12.0775,-7.5,-0.00075,12.0787,-5.0,-0.00050,12.0787,-5.0,-0.00050,12.0800,-5.0,-0.00050,12.0800,-7.5,-0.00075,169.86
1,696464,1,0,59.09,8.9788,247.5,0.24750,12.0775,135.0,0.13500,12.0787,1205.0,0.03652,5.0812,705.0,0.07050,12.0787,430.0,0.04300,12.0775,430.0,0.04300,12.0800,425.0,0.04250,12.0800,-5.0,-0.00050,12.0813,-7.5,-0.00075,12.0775,-7.5,-0.00075,12.0787,-5.0,-0.00050,12.0787,-5.0,-0.00050,12.0787,-5.0,-0.00050,12.0800,-7.5,-0.00075,170.22
1,696820,1,0,58.79,8.9788,247.5,0.24750,12.0775,135.0,0.13500,12.0787,1200.0,0.03636,5.0812,705.0,0.07050,12.0787,422.5,0.04225,12.0775,430.0,0.04300,12.0800,422.5,0.04225,12.0800,-5.0,-0.00050,12.0813,-7.5,-0.00075,12.0775,-7.5,-0.00075,12.0787,-5.0,-0.00050,12.0787,-5.0,-0.00050,12.0787,-5.0,-0.00050,12.0800,-7.5,-0.00075,170.55
1,697156,1,0,58.51,8.9788,242.5,0.24250,12.0775,132.5,0.13250,12.0787,1200.0,0.03636,5.0812,705.0,0.07050,12.0787,412.5,0.04125,12.0775,420.0,0.04200,12.0800,410.0,0.04100,12.0800,-5.0,-0.00050,12.0813,-7.5,-0.00075,12.0775,-7.5,-0.00075,12.0787,-5.0,-0.00050,12.0787,-5.0,-0.00050,12.0787,-5.0,-0.00050,12.0800,-7.5,-0.00075,170.89
1,697560,1,0,58.17,8.9788,242.5,0.24250,12.0787,132.5,0.13250,12.0787,1200.0,0.03636,5.0812,705.0,0.07050,12.0800,397.5,0.03975,12.0775,420.0,0.04200,12.0800,410.0,0.04100,12.0800,-5.0,-0.00050,12.0813,-7.5,-0.00075,12.0775,-7.5,-0.00075,12.0787,-5.0,-0.00050,12.0787,-5.0,-0.00050,12.0800,-5.0,-0.00050,12.0800,-7.5,-0.00075,171.30
1,697895,1,0,57.89,8.9788,242.5,0.24250,12.0775,132.5,0.13250,12.0787,1202.5,0.03644,5.0812,705.0,0.07050,12.0787,422.5,0.04225,12.0775,420.0,0.04200,12.0800,412.5,0.04125,12.0800,-5.0,-0.00050,12.0800,-7.5,-0.00075,12.0775,-7.5,-0.00075,12.0787,-5.0,-0.00050,12.0787,-5.0,-0.00050,12.0787,-5.0,-0.00050,12.0800,-7.5,-0.00075,171.63
1,698230,1,0,57.62,8.9800,237.5,0.23750,12.0775,127.5,0.12750,12.0787,1200.0,0.03636,5.0812,705.0,0.07050,12.0800,405.0,0.04050,12.0775,410.0,0.04100,12.0800,400.0,0.04000,12.0800,-5.0,-0.00050,12.0813,-7.5,-0.00075,12.0775,-7.5,-0.00075,12.0787,-5.0,-0.00050,12.0787,-5.0,-0.00050,12.0787,-5.0,-0.00050,12.0800,-7.5,-0.00075,171.96
1,698565,1,0,57.34,8.9800,237.5,0.23750,12.0775,127.5,0.12750,12.0787,1200.0,0.03636,5.0812,705.0,0.07050,12.0787,402.5,0.04025,12.0775,410.0,0.04100,12.0800,400.0,0.04000,12.0800,-5.0,-0.00050,12.0813,-7.5,-0.00075,12.0775,-7.5,-0.00075,12.0787,-5.0,-0.00050,12.0787,-5.0,-0.00050,12.0787,-5.0,-0.00050,12.0800,-7.5,-0.00075,172.30
1,698981,1,0,56.99,8.9800,232.5,0.23250,12.0787,125.0,0.12500,12.0787,1200.0,0.03636,5.0812,705.0,0.07050,12.0800,395.0,0.03950,12.0775,397.5,0.03975,12.0800,387.5,0.03875,12.0800,-5.0,-0.00050,12.0813,-7.5,-0.00075,12.0775,-7.5,-0.00075,12.0787,-5.0,-0.00050,12.0787,-5.0,-0.00050,12.0787,-5.0,-0.00050,12.0800,-7.5,-0.00075,172.71
1,699317,1,0,56.71,8.9800,232.5,0.23250,12.0775,125.0,0.12500,12.0787,1200.0,0.03636,5.0812,705.0,0.07050,12.0787,390.0,0.03900,12.0775,395.0,0.03950,12.0800,400.0,0.04000,12.0800,-5.0,-0.00050,12.0813,-7.5,-0.00075,12.0775,-7.5,-0.00075,12.0787,-5.0,-0.00050,12.0787,-5.0,-0.00050,12.0787,-5.0,-0.00050,12.0800,-7.5,-0.00075,173.05
1,699652,1,0,56.43,8.9800,235.0,0.23500,12.0775,125.0,0.12500,12.0787,1200.0,0.03636,5.0812,705.0,0.07050,12.0787,397.5,0.03975,12.0775,402.5,0.04025,12.0800,397.5,0.03975,12.0800,-5.0,-0.00050,12.0813,-7.5,-0.00075,12.0775,-7.5,-0.00075,12.0787,-5.0,-0.00050,12.0787,-5.0,-0.00050,12.0787,-5.0,-0.00050,12.0800,-7.5,-0.00075,173.39
1,699987,1,0,56.15,8.9812,230.0,0.23000,12.0775,120.0,0.12000,12.0787,1200.0,0.03636,5.0812,705.0,0.07050,12.0800,385.0,0.03850,12.0775,390.0,0.03900,12.0800,377.5,0.03775,12.0800,-5.0,-0.00050,12.0813,-7.5,-0.00075,12.0775,-7.5,-0.00075,12.0787,-5.0,-0.00050,12.0787,-5.0,-0.00050,12.0787,-5.0,-0.00050,12.0800,-7.5,-0.00075,173.72
1,700397,1,0,55.81,8.9812,227.5,0.22750,12.0787,120.0,0.12000,12.0787,1197.5,0.03629,5.0812,705.0,0.07050,12.0800,382.5,0.03825,12.0775,387.5,0.03875,12.0800,382.5,0.03825,12.0800,-5.0,-0.00050,12.0813,-7.5,-0.00075,12.0775,-7.5,-0.00075,12.0787,-5.0,-0.00050,12.0787,-5.0,-0.00050,12.0787,-5.0,-0.00050,12.0800,-7.5,-0.00075,174.14
1,700733,1,0,55.53,8.9812,230.0,0.23000,12.0775,125.0,0.12500,12.0787,1202.5,0.03644,5.0812,705.0,0.07050,12.0787,387.5,0.03875,12.0775,392.5,0.03925,12.0800,385.0,0.03850,12.0800,-5.0,-0.00050,12.0813,-7.5,-0.00075,12.0775,-7.5,-0.00075,12.0787,-5.0,-0.00050,12.0787,-5.0,-0.00050,12.0787,-5.0,-0.00050,12.0800,-7.5,-0.00075,174.49
1,701089,1,0,55.23,8.9812,225.0,0.22500,12.0775,115.0,0.11500,12.0787,1200.0,0.03636,5.0812,705.0,0.07050,12.0800,367.5,0.03675,12.0775,380.0,0.03800,12.0800,370.0,0.03700,12.0800,-5.0,-0.00050,12.0813,-7.5,-0.00075,12.0775,-7.5,-0.00075,12.0787,-5.0,-0.00050,12.0787,-5.0,-0.00050,12.0787,-5.0,-0.00050,12.0800,-7.5,-0.00075,174.83
1,701425,1,0,54.95,8.9812,225.0,0.22500,12.0775,117.5,0.11750,12.0787,1197.5,0.03629,5.0812,702.5,0.07025,12.0800,377.5,0.03775,12.0775,380.0,0.03800,12.0800,372.5,0.03725,12.0800,-5.0,-0.00050,12.0813,-7.5,-0.00075,12.0775,-7.5,-0.00075,12.0787,-5.0,-0.00050,12.0787,-5.0,-0.00050,12.0787,-5.0,-0.00050,12.0800,-7.5,-0.00075,175.16
1,701839,1,0,54.61,8.9825,220.0,0.22000,12.0787,115.0,0.11500,12.0787,1200.0,0.03636,5.0812,705.0,0.07050,12.0800,362.5,0.03625,12.0775,367.5,0.03675,12.0800,357.5,0.03575,12.0800,-5.0,-0.00050,12.0813,-7.5,-0.00075,12.0775,-7.5,-0.00075,12.0787,-5.0,-0.00050,12.0787,-5.0,-0.00050,12.0800,-5.0,-0.00050,12.0800,-7.5,-0.00075,175.57
1,702174,1,0,54.33,8.9825,220.0,0.22000,12.0775,115.0,0.11500,12.0787,1200.0,0.03636,5.0812,705.0,0.07050,12.0800,360.0,0.03600,12.0775,365.0,0.03650,12.0800,360.0,0.03600,12.0800,-5.0,-0.00050,12.0800,-7.5,-0.00075,12.0775,-7.5,-0.00075,12.0787,-5.0,-0.00050,12.0787,-5.0,-0.00050,12.0787,-5.0,-0.00050,12.0800,-7.5,-0.00075,175.91
1,702509,1,0,54.05,8.9812,220.0,0.22000,12.0775,115.0,0.11500,12.0787,1200.0,0.03636,5.0812,702.5,0.07025,12.0787,362.5,0.03625,12.0775,370.0,0.03700,12.0800,367.5,0.03675,12.0800,-5.0,-0.00050,12.0800,-7.5,-0.00075,12.0775,-7.5,-0.00075,12.0787,-5.0,-0.00050,12.0787,-5.0,-0.00050,12.0787,-5.0,-0.00050,12.0800,-7.5,-0.00075,176.25
1,702844,1,0,53.77,8.9825,215.0,0.21500,12.0775,110.0,0.11000,12.0787,1200.0,0.03636,5.0812,702.5,0.07025,12.0800,350.0,0.03500,12.0775,357.5,0.03575,12.0800,357.5,0.03575,12.0800,-5.0,-0.00050,12.0813,-7.5,-0.00075,12.0775,-7.5,-0.00075,12.0787,-5.0,-0.00050,12.0787,-5.0,-0.00050,12.0787,-5.0,-0.00050,12.0800,-7.5,-0.00075,176.58
1,703290,1,0,53.40,8.9825,215.0,0.21500,12.0775,112.5,0.11250,12.0787,1200.0,0.03636,5.0812,702.5,0.07025,12.0800,352.5,0.03525,12.0775,360.0,0.03600,12.0800,350.0,0.03500,12.0800,-5.0,-0.00050,12.0800,-7.5,-0.00075,12.0775,-7.5,-0.00075,12.0787,-5.0,-0.00050,12.0787,-5.0,-0.00050,12.0787,-5.0,-0.00050,12.0800,-7.5,-0.00075,177.02
1,703626,1,0,53.12,8.9837,210.0,0.21000,12.0787,107.5,0.10750,12.0787,1200.0,0.03636,5.0812,702.5,0.07025,12.0800,342.5,0.03425,12.0775,345.0,0.03450,12.0800,340.0,0.03400,12.0800,-5.0,-0.00050,12.0813,-7.5,-0.00075,12.0775,-7.5,-0.00075,12.0787,-5.0,-0.00050,12.0787,-5.0,-0.00050,12.0787,-5.0,-0.00050,12.0800,-7.5,-0.00075,177.36
1,703961,1,0,52.84,8.9825,210.0,0.21000,12.0775,107.5,0.10750,12.0787,1200.0,0.03636,5.0812,705.0,0.07050,12.0787,350.0,0.03500,12.0775,347.5,0.03475,12.0800,342.5,0.03425,12.0800,-5.0,-0.00050,12.0800,-7.5,-0.00075,12.0775,-7.5,-0.00075,12.0787,-5.0,-0.00050,12.0787,-5.0,-0.00050,12.0787,-5.0,-0.00050,12.0800,-7.5,-0.00075,177.69
1,704296,1,0,52.56,8.9825,212.5,0.21250,12.0775,107.5,0.10750,12.0787,1200.0,0.03636,5.0812,702.5,0.07025,12.0800,342.5,0.03425,12.0775,350.0,0.03500,12.0800,342.5,0.03425,12.0800,-5.0,-0.00050,12.0813,-7.5,-0.00075,12.0775,-7.5,-0.00075,12.0787,-5.0,-0.00050,12.0787,-5.0,-0.00050,12.0787,-5.0,-0.00050,12.0800,-7.5,-0.00075,178.04
1,704738,1,0,52.19,8.9837,207.5,0.20750,12.0787,105.0,0.10500,12.0787,1200.0,0.03636,5.0812,702.5,0.07025,12.0800,330.0,0.03300,12.0775,337.5,0.03375,12.0800,332.5,0.03325,12.0800,-5.0,-0.00050,12.0813,-7.5,-0.00075,12.0775,-7.5,-0.00075,12.0787,-5.0,-0.00050,12.0787,-5.0,-0.00050,12.0787,-5.0,-0.00050,12.0800,-7.5,-0.00075,178.48
1,705074,1,0,51.91,8.9837,207.5,0.20750,12.0775,105.0,0.10500,12.0787,1197.5,0.03629,5.0812,702.5,0.07025,12.0800,335.0,0.03350,12.0775,337.5,0.03375,12.0800,332.5,0.03325,12.0800,-5.0,-0.00050,12.0813,-7.5,-0.00075,12.0775,-7.5,-0.00075,12.0787,-5.0,-0.00050,12.0787,-5.0,-0.00050,12.0787,-5.0,-0.00050,12.0800,-7.5,-0.00075,178.83
1,705430,1,0,51.62,8.9837,207.5,0.20750,12.0775,105.0,0.10500,12.0787,1197.5,0.03629,5.0812,702.5,0.07025,12.0800,332.5,0.03325,12.0775,337.5,0.03375,12.0800,332.5,0.03325,12.0800,-5.0,-0.00050,12.0813,-7.5,-0.00075,12.0775,-7.5,-0.00075,12.0787,-5.0,-0.00050,12.0787,-5.0,-0.00050,12.0787,-5.0,-0.00050,12.0800,-7.5,-0.00075,179.17
1,705766,1,0,51.34,8.9837,202.5,0.20250,12.0775,102.5,0.10250,12.0787,1197.5,0.03629,5.0812,702.5,0.07025,12.0800,322.5,0.03225,12.0775,327.5,0.03275,12.0800,325.0,0.03250,12.0800,-5.0,-0.00050,12.0813,-7.5,-0.00075,12.0775,-7.5,-0.00075,12.0787,-5.0,-0.00050,12.0787,-5.0,-0.00050,12.0787,-5.0,-0.00050,12.0800,-7.5,-0.00075,179.50
1,706214,1,0,50.96,8.9837,202.5,0.20250,12.0787,102.5,0.10250,12.0787,1200.0,0.03636,5.0812,702.5,0.07025,12.0800,325.0,0.03250,12.0775,330.0,0.03300,12.0800,320.0,0.03200,12.0800,-5.0,-0.00050,12.0813,-7.5,-0.00075,12.0775,-7.5,-0.00075,12.0787,-5.0,-0.00050,12.0787,-5.0,-0.00050,12.0787,-5.0,-0.00050,12.0800,-7.5,-0.00075,179.96
1,706550,1,0,50.68,8.9850,197.5,0.19750,12.0775,100.0,0.10000,12.0787,1195.0,0.03621,5.0812,702.5,0.07025,12.0800,315.0,0.03150,12.0775,315.0,0.03150,12.0800,312.5,0.03125,12.0800,-5.0,-0.00050,12.0813,-7.5,-0.00075,12.0775,-7.5,-0.00075,12.0787,-5.0,-0.00050,12.0787,-5.0,-0.00050,12.0787,-5.0,-0.00050,12.0800,-7.5,-0.00075,180.29
1,706885,1,0,50.40,8.9850,197.5,0.19750,12.0775,97.5,0.09750,12.0787,1197.5,0.03629,5.0812,702.5,0.07025,12.0800,312.5,0.03125,12.0775,320.0,0.03200,12.0800,310.0,0.03100,12.0800,-5.0,-0.00050,12.0813,-7.5,-0.00075,12.0775,-7.5,-0.00075,12.0787,-5.0,-0.00050,12.0787,-5.0,-0.00050,12.0787,-5.0,-0.00050,12.0800,-7.5,-0.00075,180.62
1,707220,1,0,50.12,8.9850,197.5,0.19750,12.0787,100.0,0.10000,12.0787,1197.5,0.03629,5.0812,702.5,0.07025,12.0800,315.0,0.03150,12.0775,320.0,0.03200,12.0800,317.5,0.03175,12.0800,-5.0,-0.00050,12.0813,-7.5,-0.00075,12.0775,-7.5,-0.00075,12.0787,-5.0,-0.00050,12.0787,-5.0,-0.00050,12.0787,-5.0,-0.00050,12.0800,-7.5,-0.00075,180.96
1,707681,1,0,49.74,8.9850,192.5,0.19250,12.0775,95.0,0.09500,12.0787,1200.0,0.03636,5.0812,702.5,0.07025,12.0800,300.0,0.03000,12.0775,307.5,0.03075,12.0800,300.0,0.03000,12.0800,-5.0,-0.00050,12.0813,-7.5,-0.00075,12.0775,-7.5,-0.00075,12.0787,-5.0,-0.00050,12.0787,-5.0,-0.00050,12.0787,-5.0,-0.00050,12.0800,-7.5,-0.00075,181.42
1,708017,1,0,49.46,8.9850,192.5,0.19250,12.0775,95.0,0.09500,12.0787,1200.0,0.03636,5.0812,702.5,0.07025,12.0800,302.5,0.03025,12.0775,300.0,0.03000,12.0800,290.0,0.02900,12.0800,-5.0,-0.00050,12.0813,-7.5,-0.00075,12.0775,-7.5,-0.00075,12.0787,-5.0,-0.00050,12.0787,-5.0,-0.00050,12.0787,-5.0,-0.00050,12.0800,-7.5,-0.00075,181.76
1,708352,1,0,49.18,8.9862,187.5,0.18750,12.0775,92.5,0.09250,12.0787,1200.0,0.03636,5.0812,702.5,0.07025,12.0800,292.5,0.02925,12.0775,295.0,0.02950,12.0800,295.0,0.02950,12.0800,-5.0,-0.00050,12.0813,-7.5,-0.00075,12.0775,-7.5,-0.00075,12.0787,-5.0,-0.00050,12.0787,-5.0,-0.00050,12.0787,-5.0,-0.00050,12.0800,-7.5,-0.00075,182.09
1,708687,1,0,48.90,8.9862,187.5,0.18750,12.0775,92.5,0.09250,12.0787,1200.0,0.03636,5.0812,702.5,0.07025,12.0800,292.5,0.02925,12.0775,292.5,0.02925,12.0800,292.5,0.02925,12.0800,-5.0,-0.00050,12.0813,-7.5,-0.00075,12.0775,-7.5,-0.00075,12.0787,-5.0,-0.00050,12.0787,-5.0,-0.00050,12.0787,-5.0,-0.00050,12.0800,-7.5,-0.00075,182.43
1,709142,1,0,48.52,8.9862,187.5,0.18750,12.0775,92.5,0.09250,12.0787,1200.0,0.03636,5.0812,702.5,0.07025,12.0800,297.5,0.02975,12.0775,297.5,0.02975,12.0800,290.0,0.02900,12.0800,-5.0,-0.00050,12.0813,-7.5,-0.00075,12.0775,-7.5,-0.00075,12.0787,-5.0,-0.00050,12.0787,-7.5,-0.00075,12.0787,-5.0,-0.00050,12.0800,-7.5,-0.00075,182.88
1,709477,1,0,48.24,8.9862,185.0,0.18500,12.0775,90.0,0.09000,12.0787,1200.0,0.03636,5.0812,702.5,0.07025,12.0800,277.5,0.02775,12.0775,282.5,0.02825,12.0800,282.5,0.02825,12.0800,-5.0,-0.00050,12.0813,-7.5,-0.00075,12.0775,-7.5,-0.00075,12.0787,-5.0,-0.00050,12.0787,-5.0,-0.00050,12.0787,-5.0,-0.00050,12.0800,-7.5,-0.00075,183.23
1,709833,1,0,47.95,8.9862,185.0,0.18500,12.0775,90.0,0.09000,12.0787,1195.0,0.03621,5.0812,702.5,0.07025,12.0800,285.0,0.02850,12.0775,287.5,0.02875,12.0800,280.0,0.02800,12.0800,-5.0,-0.00050,12.0813,-7.5,-0.00075,12.0775,-7.5,-0.00075,12.0787,-5.0,-0.00050,12.0787,-5.0,-0.00050,12.0787,-5.0,-0.00050,12.0800,-7.5,-0.00075,183.58
1,710169,1,0,47.67,8.9862,185.0,0.18500,12.0775,90.0,0.09000,12.0787,1197.5,0.03629,5.0812,702.5,0.07025,12.0800,285.0,0.02850,12.0775,285.0,0.02850,12.0800,277.5,0.02775,12.0800,-5.0,-0.00050,12.0813,-7.5,-0.00075,12.0775,-7.5,-0.00075,12.0787,-5.0,-0.00050,12.0787,-5.0,-0.00050,12.0787,-5.0,-0.00050,12.0800,-7.5,-0.00075,183.91
1,710721,1,0,47.21,8.9862,182.5,0.18250,12.0787,87.5,0.08750,12.0787,1197.5,0.03629,5.0812,702.5,0.07025,12.0800,275.0,0.02750,12.0775,280.0,0.02800,12.0800,272.5,0.02725,12.0800,-5.0,-0.00050,12.0813,-7.5,-0.00075,12.0775,-7.5,-0.00075,12.0787,-5.0,-0.00050,12.0787,-5.0,-0.00050,12.0800,-5.0,-0.00050,12.0800,-7.5,-0.00075,184.46
1,711056,1,0,46.93,8.9875,180.0,0.18000,12.0775,87.5,0.08750,12.0787,1195.0,0.03621,5.0812,702.5,0.07025,12.0800,275.0,0.02750,12.0775,280.0,0.02800,12.0800,275.0,0.02750,12.0800,-5.0,-0.00050,12.0813,-7.5,-0.00075,12.0775,-7.5,-0.00075,12.0787,-5.0,-0.00050,12.0787,-5.0,-0.00050,12.0787,-5.0,-0.00050,12.0800,-7.5,-0.00075,184.79
1,711391,1,0,46.65,8.9875,177.5,0.17750,12.0775,82.5,0.08250,12.0787,1200.0,0.03636,5.0812,702.5,0.07025,12.0800,267.5,0.02675,12.0775,270.0,0.02700,12.0800,262.5,0.02625,12.0800,-5.0,-0.00050,12.0813,-7.5,-0.00075,12.0775,-7.5,-0.00075,12.0787,-5.0,-0.00050,12.0787,-5.0,-0.00050,12.0787,-5.0,-0.00050,12.0800,-7.5,-0.00075,185.13
1,711726,1,0,46.37,8.9875,177.5,0.17750,12.0775,85.0,0.08500,12.0787,1195.0,0.03621,5.0812,702.5,0.07025,12.0800,262.5,0.02625,12.0775,270.0,0.02700,12.0800,267.5,0.02675,12.0800,-5.0,-0.00050,12.0813,-7.5,-0.00075,12.0775,-7.5,-0.00075,12.0787,-5.0,-0.00050,12.0787,-5.0,-0.00050,12.0787,-5.0,-0.00050,12.0800,-7.5,-0.00075,185.47
1,712216,1,0,45.96,8.9875,172.5,0.17250,12.0787,80.0,0.08000,12.0787,1195.0,0.03621,5.0812,702.5,0.07025,12.0800,257.5,0.02575,12.0775,262.5,0.02625,12.0800,257.5,0.02575,12.0800,-5.0,-0.00050,12.0813,-7.5,-0.00075,12.0775,-7.5,-0.00075,12.0787,-5.0,-0.00050,12.0787,-5.0,-0.00050,12.0800,-5.0,-0.00050,12.0800,-7.5,-0.00075,185.95
1,712551,1,0,45.68,8.9875,172.5,0.17250,12.0775,80.0,0.08000,12.0787,1200.0,0.03636,5.0812,702.5,0.07025,12.0800,257.5,0.02575,12.0775,262.5,0.02625,12.0800,257.5,0.02575,12.0800,-5.0,-0.00050,12.0813,-7.5,-0.00075,12.0775,-7.5,-0.00075,12.0787,-5.0,-0.00050,12.0787,-5.0,-0.00050,12.0787,-5.0,-0.00050,12.0800,-7.5,-0.00075,186.29
1,712886,1,0,45.40,8.9875,175.0,0.17500,12.0775,80.0,0.08000,12.0787,1195.0,0.03621,5.0812,702.5,0.07025,12.0800,257.5,0.02575,12.0775,265.0,0.02650,12.0800,257.5,0.02575,12.0800,-5.0,-0.00050,12.0813,-7.5,-0.00075,12.0775,-7.5,-0.00075,12.0787,-5.0,-0.00050,12.0787,-5.0,-0.00050,12.0787,-5.0,-0.00050,12.0800,-7.5,-0.00075,186.62
1,713221,1,0,45.12,8.9887,170.0,0.17000,12.0775,80.0,0.08000,12.0787,1197.5,0.03629,5.0812,702.5,0.07025,12.0800,252.5,0.02525,12.0775,255.0,0.02550,12.0800,247.5,0.02475,12.0800,-5.0,-0.00050,12.0813,-7.5,-0.00075,12.0775,-7.5,-0.00075,12.0787,-5.0,-0.00050,12.0787,-5.0,-0.00050,12.0787,-5.0,-0.00050,12.0800,-7.5,-0.00075,186.96
1,713623,1,0,44.79,8.9875,170.0,0.17000,12.0787,80.0,0.08000,12.0787,1197.5,0.03629,5.0812,702.5,0.07025,12.0800,250.0,0.02500,12.0787,255.0,0.02550,12.0800,250.0,0.02500,12.0800,-5.0,-0.00050,12.0813,-7.5,-0.00075,12.0775,-7.5,-0.00075,12.0787,-5.0,-0.00050,12.0787,-5.0,-0.00050,12.0800,-5.0,-0.00050,12.0800,-7.5,-0.00075,187.37
1,713958,1,0,44.51,8.9887,167.5,0.16750,12.0775,77.5,0.07750,12.0787,1197.5,0.03629,5.0812,702.5,0.07025,12.0800,240.0,0.02400,12.0775,245.0,0.02450,12.0800,242.5,0.02425,12.0800,-5.0,-0.00050,12.0813,-7.5,-0.00075,12.0775,-7.5,-0.00075,12.0787,-5.0,-0.00050,12.0787,-5.0,-0.00050,12.0787,-5.0,-0.00050,12.0800,-7.5,-0.00075,187.70
1,714314,1,0,44.21,8.9887,167.5,0.16750,12.0787,75.0,0.07500,12.0787,1195.0,0.03621,5.0812,702.5,0.07025,12.0800,242.5,0.02425,12.0775,247.5,0.02475,12.0800,242.5,0.02425,12.0800,-5.0,-0.00050,12.0813,-7.5,-0.00075,12.0775,-7.5,-0.00075,12.0787,-5.0,-0.00050,12.0787,-5.0,-0.00050,12.0787,-5.0,-0.00050,12.0800,-7.5,-0.00075,188.05
1,714650,1,0,43.93,8.9887,167.5,0.16750,12.0775,77.5,0.07750,12.0787,1197.5,0.03629,5.0812,702.5,0.07025,12.0800,245.0,0.02450,12.0775,250.0,0.02500,12.0800,242.5,0.02425,12.0800,-5.0,-0.00050,12.0813,-7.5,-0.00075,12.0775,-7.5,-0.00075,12.0787,-5.0,-0.00050,12.0787,-5.0,-0.00050,12.0787,-5.0,-0.00050,12.0800,-7.5,-0.00075,188.38
1,715060,1,0,43.59,8.9887,162.5,0.16250,12.0787,75.0,0.07500,12.0787,1197.5,0.03629,5.0812,702.5,0.07025,12.0800,235.0,0.02350,12.0775,242.5,0.02425,12.0800,235.0,0.02350,12.0800,-5.0,-0.00050,12.0813,-7.5,-0.00075,12.0775,-7.5,-0.00075,12.0787,-5.0,-0.00050,12.0787,-5.0,-0.00050,12.0800,-5.0,-0.00050,12.0800,-7.5,-0.00075,188.80
1,715395,1,0,43.31,8.9887,162.5,0.16250,12.0787,72.5,0.07250,12.0787,1197.5,0.03629,5.0812,702.5,0.07025,12.0800,235.0,0.02350,12.0775,240.0,0.02400,12.0800,235.0,0.02350,12.0800,-5.0,-0.00050,12.0813,-7.5,-0.00075,12.0775,-7.5,-0.00075,12.0787,-5.0,-0.00050,12.0787,-5.0,-0.00050,12.0787,-5.0,-0.00050,12.0800,-7.5,-0.00075,189.14
1,715730,1,0,43.03,8.9887,162.5,0.16250,12.0775,75.0,0.07500,12.0787,1195.0,0.03621,5.0812,702.5,0.07025,12.0800,237.5,0.02375,12.0775,240.0,0.02400,12.0800,237.5,0.02375,12.0800,-5.0,-0.00050,12.0813,-7.5,-0.00075,12.0775,-7.5,-0.00075,12.0787,-5.0,-0.00050,12.0787,-5.0,-0.00050,12.0787,-5.0,-0.00050,12.0800,-7.5,-0.00075,189.46
1,716065,1,0,42.75,8.9900,160.0,0.16000,12.0775,70.0,0.07000,12.0787,1192.5,0.03614,5.0812,702.5,0.07025,12.0800,227.5,0.02275,12.0775,232.5,0.02325,12.0800,227.5,0.02275,12.0800,-5.0,-0.00050,12.0813,-7.5,-0.00075,12.0775,-7.5,-0.00075,12.0787,-5.0,-0.00050,12.0787,-5.0,-0.00050,12.0787,-5.0,-0.00050,12.0800,-7.5,-0.00075,189.80
1,716488,1,0,42.40,8.9887,160.0,0.16000,12.0775,70.0,0.07000,12.0787,1197.5,0.03629,5.0812,702.5,0.07025,12.0800,227.5,0.02275,12.0775,227.5,0.02275,12.0800,232.5,0.02325,12.0800,-5.0,-0.00050,12.0813,-7.5,-0.00075,12.0775,-7.5,-0.00075,12.0787,-5.0,-0.00050,12.0787,-5.0,-0.00050,12.0787,-5.0,-0.00050,12.0800,-7.5,-0.00075,190.22
1,716824,1,0,42.12,8.9900,155.0,0.15500,12.0775,70.0,0.07000,12.0787,1197.5,0.03629,5.0812,702.5,0.07025,12.0800,217.5,0.02175,12.0775,222.5,0.02225,12.0800,220.0,0.02200,12.0800,-5.0,-0.00050,12.0813,-7.5,-0.00075,12.0775,-10.0,-0.00100,12.0787,-5.0,-0.00050,12.0787,-5.0,-0.00050,12.0787,-5.0,-0.00050,12.0800,-7.5,-0.00075,190.56
1,717159,1,0,41.84,8.9900,155.0,0.15500,12.0775,67.5,0.06750,12.0787,1195.0,0.03621,5.0812,702.5,0.07025,12.0800,217.5,0.02175,12.0775,222.5,0.02225,12.0800,220.0,0.02200,12.0800,-5.0,-0.00050,12.0813,-7.5,-0.00075,12.0775,-7.5,-0.00075,12.0787,-5.0,-0.00050,12.0787,-5.0,-0.00050,12.0787,-5.0,-0.00050,12.0800,-7.5,-0.00075,190.89
1,717494,1,0,41.56,8.9900,155.0,0.15500,12.0775,70.0,0.07000,12.0787,1192.5,0.03614,5.0812,702.5,0.07025,12.0800,215.0,0.02150,12.0775,225.0,0.02250,12.0800,220.0,0.02200,12.0800,-5.0,-0.00050,12.0813,-7.5,-0.00075,12.0775,-7.5,-0.00075,12.0787,-5.0,-0.00050,12.0787,-5.0,-0.00050,12.0787,-5.0,-0.00050,12.0800,-7.5,-0.00075,191.23
1,717914,1,0,41.21,8.9900,152.5,0.15250,12.0787,67.5,0.06750,12.0787,1197.5,0.03629,5.0812,702.5,0.07025,12.0800,215.0,0.02150,12.0787,220.0,0.02200,12.0813,212.5,0.02125,12.0800,-5.0,-0.00050,12.0813,-7.5,-0.00075,12.0775,-7.5,-0.00075,12.0787,-5.0,-0.00050,12.0787,-5.0,-0.00050,12.0800,-5.0,-0.00050,12.0800,-7.5,-0.00075,191.65
1,718250,1,0,40.93,8.9900,152.5,0.15250,12.0775,67.5,0.06750,12.0787,1195.0,0.03621,5.0812,702.5,0.07025,12.0800,212.5,0.02125,12.0775,217.5,0.02175,12.0800,215.0,0.02150,12.0800,-5.0,-0.00050,12.0813,-7.5,-0.00075,12.0775,-7.5,-0.00075,12.0787,-5.0,-0.00050,12.0787,-5.0,-0.00050,12.0787,-5.0,-0.00050,12.0800,-7.5,-0.00075,192.01
1,718606,1,0,40.64,8.9900,152.5,0.15250,12.0775,67.5,0.06750,12.0787,1197.5,0.03629,5.0812,702.5,0.07025,12.0800,212.5,0.02125,12.0775,217.5,0.02175,12.0800,215.0,0.02150,12.0800,-5.0,-0.00050,12.0813,-7.5,-0.00075,12.0775,-7.5,-0.00075,12.0787,-5.0,-0.00050,12.0787,-5.0,-0.00050,12.0787,-5.0,-0.00050,12.0800,-7.5,-0.00075,192.35
1,718942,1,0,40.36,8.9913,150.0,0.15000,12.0775,65.0,0.06500,12.0787,1195.0,0.03621,5.0812,702.5,0.07025,12.0800,202.5,0.02025,12.0775,210.0,0.02100,12.0800,205.0,0.02050,12.0800,-5.0,-0.00050,12.0813,-7.5,-0.00075,12.0775,-7.5,-0.00075,12.0787,-5.0,-0.00050,12.0787,-5.0,-0.00050,12.0787,-5.0,-0.00050,12.0800,-7.5,-0.00075,192.68
1,719363,1,0,40.00,8.9913,150.0,0.15000,12.0787,65.0,0.06500,12.0787,1195.0,0.03621,5.0812,702.5,0.07025,12.0800,207.5,0.02075,12.0775,210.0,0.02100,12.0813,207.5,0.02075,12.0813,-5.0,-0.00050,12.0813,-7.5,-0.00075,12.0775,-7.5,-0.00075,12.0787,-5.0,-0.00050,12.0787,-5.0,-0.00050,12.0800,-5.0,-0.00050,12.0813,-7.5,-0.00075,193.10
1,719699,1,0,39.72,8.9913,147.5,0.14750,12.0775,62.5,0.06250,12.0787,1192.5,0.03614,5.0812,702.5,0.07025,12.0800,195.0,0.01950,12.0775,202.5,0.02025,12.0800,197.5,0.01975,12.0800,-5.0,-0.00050,12.0813,-7.5,-0.00075,12.0775,-7.5,-0.00075,12.0787,-5.0,-0.00050,12.0787,-5.0,-0.00050,12.0787,-5.0,-0.00050,12.0800,-7.5,-0.00075,193.44
1,720034,1,0,39.45,8.9913,147.5,0.14750,12.0775,62.5,0.06250,12.0787,1200.0,0.03636,5.0812,702.5,0.07025,12.0800,200.0,0.02000,12.0775,200.0,0.02000,12.0800,197.5,0.01975,12.0800,-5.0,-0.00050,12.0813,-7.5,-0.00075,12.0775,-7.5,-0.00075,12.0787,-5.0,-0.00050,12.0787,-5.0,-0.00050,12.0787,-5.0,-0.00050,12.0800,-7.5,-0.00075,193.77
1,720369,1,0,39.17,8.9913,147.5,0.14750,12.0775,62.5,0.06250,12.0787,1197.5,0.03629,5.0812,702.5,0.07025,12.0800,200.0,0.02000,12.0775,202.5,0.02025,12.0800,200.0,0.02000,12.0800,-5.0,-0.00050,12.0813,-7.5,-0.00075,12.0775,-7.5,-0.00075,12.0787,-5.0,-0.00050,12.0787,-5.0,-0.00050,12.0787,-5.0,-0.00050,12.0800,-7.5,-0.00075,194.11
1,720807,1,0,38.80,8.9913,142.5,0.14250,12.0775,60.0,0.06000,12.0787,1195.0,0.03621,5.0812,700.0,0.07000,12.0800,190.0,0.01900,12.0787,195.0,0.01950,12.0800,192.5,0.01925,12.0800,-5.0,-0.00050,12.0813,-7.5,-0.00075,12.0775,-7.5,-0.00075,12.0787,-5.0,-0.00050,12.0787,-5.0,-0.00050,12.0800,-5.0,-0.00050,12.0800,-7.5,-0.00075,194.55
1,721142,1,0,38.52,8.9913,145.0,0.14500,12.0775,60.0,0.06000,12.0787,1195.0,0.03621,5.0812,702.5,0.07025,12.0800,192.5,0.01925,12.0775,197.5,0.01975,12.0800,192.5,0.01925,12.0800,-5.0,-0.00050,12.0813,-7.5,-0.00075,12.0775,-7.5,-0.00075,12.0787,-5.0,-0.00050,12.0787,-5.0,-0.00050,12.0787,-5.0,-0.00050,12.0800,-7.5,-0.00075,194.89
1,721477,1,0,38.24,8.9913,140.0,0.14000,12.0775,57.5,0.05750,12.0787,1192.5,0.03614,5.0812,702.5,0.07025,12.0800,185.0,0.01850,12.0775,187.5,0.01875,12.0800,187.5,0.01875,12.0800,-5.0,-0.00050,12.0813,-7.5,-0.00075,12.0775,-7.5,-0.00075,12.0787,-5.0,-0.00050,12.0787,-5.0,-0.00050,12.0787,-5.0,-0.00050,12.0800,-7.5,-0.00075,195.22
1,721812,1,0,37.96,8.9913,140.0,0.14000,12.0775,57.5,0.05750,12.0787,1195.0,0.03621,5.0812,702.5,0.07025,12.0800,185.0,0.01850,12.0775,187.5,0.01875,12.0800,185.0,0.01850,12.0800,-5.0,-0.00050,12.0813,-7.5,-0.00075,12.0775,-7.5,-0.00075,12.0787,-5.0,-0.00050,12.0787,-5.0,-0.00050,12.0787,-5.0,-0.00050,12.0800,-7.5,-0.00075,195.56
1,722241,1,0,37.61,8.9913,140.0,0.14000,12.0775,57.5,0.05750,12.0787,1192.5,0.03614,5.0812,702.5,0.07025,12.0800,185.0,0.01850,12.0775,192.5,0.01925,12.0800,185.0,0.01850,12.0800,-5.0,-0.00050,12.0813,-7.5,-0.00075,12.0775,-7.5,-0.00075,12.0787,-5.0,-0.00050,12.0787,-5.0,-0.00050,12.0787,-5.0,-0.00050,12.0800,-7.5,-0.00075,195.98
1,722576,1,0,37.33,8.9925,137.5,0.13750,12.0775,55.0,0.05500,12.0787,1195.0,0.03621,5.0812,700.0,0.07000,12.0800,177.5,0.01775,12.0775,180.0,0.01800,12.0800,180.0,0.01800,12.0800,-5.0,-0.00050,12.0813,-7.5,-0.00075,12.0775,-7.5,-0.00075,12.0787,-5.0,-0.00050,12.0787,-5.0,-0.00050,12.0787,-5.0,-0.00050,12.0800,-7.5,-0.00075,196.33
1,722932,1,0,37.03,8.9925,137.5,0.13750,12.0775,55.0,0.05500,12.0775,1192.5,0.03614,5.0812,700.0,0.07000,12.0800,177.5,0.01775,12.0775,185.0,0.01850,12.0800,180.0,0.01800,12.0800,-5.0,-0.00050,12.0813,-7.5,-0.00075,12.0775,-7.5,-0.00075,12.0787,-5.0,-0.00050,12.0787,-5.0,-0.00050,12.0787,-5.0,-0.00050,12.0800,-7.5,-0.00075,196.67
1,723268,1,0,36.75,8.9925,137.5,0.13750,12.0775,55.0,0.05500,12.0775,1195.0,0.03621,5.0812,700.0,0.07000,12.0800,177.5,0.01775,12.0775,182.5,0.01825,12.0800,180.0,0.01800,12.0800,-5.0,-0.00050,12.0813,-7.5,-0.00075,12.0775,-7.5,-0.00075,12.0787,-5.0,-0.00050,12.0787,-5.0,-0.00050,12.0787,-5.0,-0.00050,12.0800,-7.5,-0.00075,197.00
1,723703,1,0,36.39,8.9925,135.0,0.13500,12.0787,52.5,0.05250,12.0787,1197.5,0.03629,5.0812,700.0,0.07000,12.0800,170.0,0.01700,12.0787,177.5,0.01775,12.0813,175.0,0.01750,12.0800,-5.0,-0.00050,12.0813,-7.5,-0.00075,12.0775,-7.5,-0.00075,12.0787,-5.0,-0.00050,12.0787,-5.0,-0.00050,12.0800,-5.0,-0.00050,12.0800,-7.5,-0.00075,197.44
1,724039,1,0,36.11,8.9925,135.0,0.13500,12.0775,55.0,0.05500,12.0787,1195.0,0.03621,5.0812,700.0,0.07000,12.0800,170.0,0.01700,12.0775,180.0,0.01800,12.0800,175.0,0.01750,12.0800,-5.0,-0.00050,12.0813,-7.5,-0.00075,12.0775,-7.5,-0.00075,12.0787,-5.0,-0.00050,12.0787,-5.0,-0.00050,12.0787,-5.0,-0.00050,12.0800,-7.5,-0.00075,197.78
1,724374,1,0,35.83,8.9925,132.5,0.13250,12.0775,52.5,0.05250,12.0787,1195.0,0.03621,5.0812,700.0,0.07000,12.0800,162.5,0.01625,12.0775,170.0,0.01700,12.0800,165.0,0.01650,12.0800,-5.0,-0.00050,12.0813,-7.5,-0.00075,12.0775,-7.5,-0.00075,12.0787,-5.0,-0.00050,12.0787,-5.0,-0.00050,12.0787,-5.0,-0.00050,12.0800,-7.5,-0.00075,198.11
1,724709,1,0,35.55,8.9925,132.5,0.13250,12.0775,52.5,0.05250,12.0787,1197.5,0.03629,5.0812,702.5,0.07025,12.0800,165.0,0.01650,12.0775,170.0,0.01700,12.0800,167.5,0.01675,12.0800,-5.0,-0.00050,12.0813,-7.5,-0.00075,12.0775,-7.5,-0.00075,12.0787,-5.0,-0.00050,12.0787,-5.0,-0.00050,12.0787,-5.0,-0.00050,12.0800,-7.5,-0.00075,198.45
1,725158,1,0,35.18,8.9925,132.5,0.13250,12.0775,52.5,0.05250,12.0787,1195.0,0.03621,5.0812,700.0,0.07000,12.0800,165.0,0.01650,12.0775,172.5,0.01725,12.0800,167.5,0.01675,12.0800,-5.0,-0.00050,12.0813,-7.5,-0.00075,12.0775,-7.5,-0.00075,12.0787,-5.0,-0.00050,12.0787,-5.0,-0.00050,12.0787,-5.0,-0.00050,12.0800,-7.5,-0.00075,198.90
1,725494,1,0,34.90,8.9937,130.0,0.13000,12.0775,50.0,0.05000,12.0787,1195.0,0.03621,5.0812,700.0,0.07000,12.0800,157.5,0.01575,12.0775,162.5,0.01625,12.0800,160.0,0.01600,12.0800,-5.0,-0.00050,12.0813,-7.5,-0.00075,12.0775,-7.5,-0.00075,12.0787,-5.0,-0.00050,12.0787,-5.0,-0.00050,12.0787,-5.0,-0.00050,12.0800,-7.5,-0.00075,199.24
1,725829,1,0,34.62,8.9937,130.0,0.13000,12.0775,50.0,0.05000,12.0787,1195.0,0.03621,5.0812,700.0,0.07000,12.0800,160.0,0.01600,12.0775,165.0,0.01650,12.0800,160.0,0.01600,12.0800,-5.0,-0.00050,12.0813,-7.5,-0.00075,12.0775,-7.5,-0.00075,12.0787,-5.0,-0.00050,12.0787,-5.0,-0.00050,12.0787,-5.0,-0.00050,12.0800,-7.5,-0.00075,199.56
1,726164,1,0,34.34,8.9937,127.5,0.12750,12.0775,47.5,0.04750,12.0787,1192.5,0.03614,5.0812,700.0,0.07000,12.0800,155.0,0.01550,12.0775,157.5,0.01575,12.0800,152.5,0.01525,12.0800,-5.0,-0.00050,12.0813,-7.5,-0.00075,12.0775,-7.5,-0.00075,12.0787,-5.0,-0.00050,12.0787,-5.0,-0.00050,12.0787,-5.0,-0.00050,12.0800,-7.5,-0.00075,199.90
1,726609,1,0,33.97,8.9937,127.5,0.12750,12.0787,47.5,0.04750,12.0787,1195.0,0.03621,5.0812,700.0,0.07000,12.0800,152.5,0.01525,12.0787,157.5,0.01575,12.0813,152.5,0.01525,12.0800,-5.0,-0.00050,12.0813,-7.5,-0.00075,12.0775,-7.5,-0.00075,12.0787,-5.0,-0.00050,12.0787,-5.0,-0.00050,12.0800,-5.0,-0.00050,12.0800,-7.5,-0.00075,200.34
1,726945,1,0,33.69,8.9937,127.5,0.12750,12.0775,47.5,0.04750,12.0787,1195.0,0.03621,5.0812,700.0,0.07000,12.0800,152.5,0.01525,12.0775,160.0,0.01600,12.0800,155.0,0.01550,12.0800,-5.0,-0.00050,12.0813,-7.5,-0.00075,12.0775,-7.5,-0.00075,12.0787,-5.0,-0.00050,12.0787,-5.0,-0.00050,12.0787,-5.0,-0.00050,12.0800,-7.5,-0.00075,200.69
1,727301,1,0,33.39,8.9937,125.0,0.12500,12.0775,45.0,0.04500,12.0787,1195.0,0.03621,5.0812,700.0,0.07000,12.0800,147.5,0.01475,12.0775,152.5,0.01525,12.0800,150.0,0.01500,12.0800,-5.0,-0.00050,12.0813,-7.5,-0.00075,12.0775,-7.5,-0.00075,12.0787,-5.0,-0.00050,12.0787,-5.0,-0.00050,12.0787,-5.0,-0.00050,12.0800,-7.5,-0.00075,201.03
1,727637,1,0,33.11,8.9937,125.0,0.12500,12.0775,47.5,0.04750,12.0787,1192.5,0.03614,5.0812,700.0,0.07000,12.0800,147.5,0.01475,12.0775,152.5,0.01525,12.0800,150.0,0.01500,12.0800,-5.0,-0.00050,12.0813,-7.5,-0.00075,12.0775,-7.5,-0.00075,12.0787,-5.0,-0.00050,12.0787,-5.0,-0.00050,12.0787,-5.0,-0.00050,12.0800,-7.5,-0.00075,201.37
1,728084,1,0,32.74,8.9937,122.5,0.12250,12.0775,45.0,0.04500,12.0787,1195.0,0.03621,5.0812,700.0,0.07000,12.0800,145.0,0.01450,12.0787,147.5,0.01475,12.0800,142.5,0.01425,12.0800,-5.0,-0.00050,12.0813,-7.5,-0.00075,12.0775,-7.5,-0.00075,12.0787,-5.0,-0.00050,12.0787,-5.0,-0.00050,12.0800,-5.0,-0.00050,12.0800,-7.5,-0.00075,201.82
1,728420,1,0,32.46,8.9937,122.5,0.12250,12.0775,45.0,0.04500,12.0787,1195.0,0.03621,5.0812,700.0,0.07000,12.0800,142.5,0.01425,12.0775,147.5,0.01475,12.0800,142.5,0.01425,12.0800,-5.0,-0.00050,12.0813,-7.5,-0.00075,12.0775,-7.5,-0.00075,12.0787,-5.0,-0.00050,12.0787,-5.0,-0.00050,12.0787,-5.0,-0.00050,12.0800,-7.5,-0.00075,202.15
1,728755,1,0,32.18,8.9937,122.5,0.12250,12.0775,45.0,0.04500,12.0775,1192.5,0.03614,5.0812,700.0,0.07000,12.0800,145.0,0.01450,12.0775,150.0,0.01500,12.0800,145.0,0.01450,12.0800,-5.0,-0.00050,12.0813,-7.5,-0.00075,12.0775,-7.5,-0.00075,12.0787,-5.0,-0.00050,12.0787,-5.0,-0.00050,12.0787,-5.0,-0.00050,12.0800,-7.5,-0.00075,202.49
1,729090,1,0,31.90,8.9950,120.0,0.12000,12.0775,42.5,0.04250,12.0787,1192.5,0.03614,5.0812,700.0,0.07000,12.0800,137.5,0.01375,12.0775,142.5,0.01425,12.0800,137.5,0.01375,12.0800,-5.0,-0.00050,12.0813,-7.5,-0.00075,12.0775,-7.5,-0.00075,12.0787,-5.0,-0.00050,12.0787,-5.0,-0.00050,12.0787,-5.0,-0.00050,12.0800,-7.5,-0.00075,202.82
1,729605,1,0,31.47,8.9950,120.0,0.12000,12.0775,42.5,0.04250,12.0787,1195.0,0.03621,5.0812,700.0,0.07000,12.0800,140.0,0.01400,12.0787,142.5,0.01425,12.0800,140.0,0.01400,12.0800,-5.0,-0.00050,12.0813,-7.5,-0.00075,12.0775,-7.5,-0.00075,12.0787,-5.0,-0.00050,12.0787,-5.0,-0.00050,12.0787,-5.0,-0.00050,12.0800,-7.5,-0.00075,203.34
1,729941,1,0,31.19,8.9950,117.5,0.11750,12.0775,42.5,0.04250,12.0787,1192.5,0.03614,5.0812,700.0,0.07000,12.0800,135.0,0.01350,12.0775,137.5,0.01375,12.0800,132.5,0.01325,12.0800,-5.0,-0.00050,12.0813,-7.5,-0.00075,12.0775,-7.5,-0.00075,12.0787,-5.0,-0.00050,12.0787,-5.0,-0.00050,12.0787,-5.0,-0.00050,12.0800,-7.5,-0.00075,203.67
1,730276,1,0,30.91,8.9950,117.5,0.11750,12.0775,42.5,0.04250,12.0787,1195.0,0.03621,5.0812,700.0,0.07000,12.0800,132.5,0.01325,12.0775,135.0,0.01350,12.0813,132.5,0.01325,12.0800,-5.0,-0.00050,12.0813,-7.5,-0.00075,12.0775,-7.5,-0.00075,12.0787,-5.0,-0.00050,12.0787,-5.0,-0.00050,12.0787,-5.0,-0.00050,12.0800,-7.5,-0.00075,204.01
1,730611,1,0,30.63,8.9950,117.5,0.11750,12.0775,42.5,0.04250,12.0787,1192.5,0.03614,5.0812,700.0,0.07000,12.0800,135.0,0.01350,12.0775,137.5,0.01375,12.0800,132.5,0.01325,12.0800,-5.0,-0.00050,12.0813,-7.5,-0.00075,12.0775,-7.5,-0.00075,12.0787,-5.0,-0.00050,12.0787,-5.0,-0.00050,12.0787,-5.0,-0.00050,12.0800,-7.5,-0.00075,204.35
1,731044,1,0,30.27,8.9950,117.5,0.11750,12.0787,40.0,0.04000,12.0787,1195.0,0.03621,5.0812,700.0,0.07000,12.0800,127.5,0.01275,12.0787,130.0,0.01300,12.0813,130.0,0.01300,12.0800,-5.0,-0.00050,12.0813,-7.5,-0.00075,12.0775,-7.5,-0.00075,12.0787,-5.0,-0.00050,12.0787,-5.0,-0.00050,12.0787,-5.0,-0.00050,12.0800,-7.5,-0.00075,204.78
1,731380,1,0,29.99,8.9950,117.5,0.11750,12.0775,40.0,0.04000,12.0787,1195.0,0.03621,5.0812,700.0,0.07000,12.0800,127.5,0.01275,12.0775,132.5,0.01325,12.0800,130.0,0.01300,12.0800,-5.0,-0.00050,12.0813,-7.5,-0.00075,12.0775,-7.5,-0.00075,12.0787,-5.0,-0.00050,12.0787,-5.0,-0.00050,12.0787,-5.0,-0.00050,12.0800,-7.5,-0.00075,205.14
1,731736,1,0,29.69,8.9950,115.0,0.11500,12.0775,40.0,0.04000,12.0787,1190.0,0.03606,5.0812,700.0,0.07000,12.0800,125.0,0.01250,12.0775,132.5,0.01325,12.0800,130.0,0.01300,12.0800,-5.0,-0.00050,12.0813,-7.5,-0.00075,12.0775,-7.5,-0.00075,12.0787,-5.0,-0.00050,12.0787,-5.0,-0.00050,12.0787,-5.0,-0.00050,12.0800,-7.5,-0.00075,205.48
1,732072,1,0,29.41,8.9950,112.5,0.11250,12.0775,37.5,0.03750,12.0787,1190.0,0.03606,5.0812,700.0,0.07000,12.0800,122.5,0.01225,12.0787,125.0,0.01250,12.0800,122.5,0.01225,12.0800,-5.0,-0.00050,12.0813,-7.5,-0.00075,12.0775,-7.5,-0.00075,12.0787,-5.0,-0.00050,12.0787,-5.0,-0.00050,12.0787,-5.0,-0.00050,12.0800,-7.5,-0.00075,205.81
1,732494,1,0,29.06,8.9950,115.0,0.11500,12.0787,37.5,0.03750,12.0787,1190.0,0.03606,5.0812,700.0,0.07000,12.0800,125.0,0.01250,12.0787,127.5,0.01275,12.0813,125.0,0.01250,12.0800,-5.0,-0.00050,12.0813,-7.5,-0.00075,12.0775,-7.5,-0.00075,12.0787,-5.0,-0.00050,12.0787,-5.0,-0.00050,12.0800,-5.0,-0.00050,12.0800,-7.5,-0.00075,206.24
1,732830,1,0,28.78,8.9963,112.5,0.11250,12.0787,35.0,0.03500,12.0787,1195.0,0.03621,5.0812,700.0,0.07000,12.0800,117.5,0.01175,12.0787,120.0,0.01200,12.0813,117.5,0.01175,12.0800,-5.0,-0.00050,12.0813,-7.5,-0.00075,12.0775,-7.5,-0.00075,12.0787,-5.0,-0.00050,12.0787,-5.0,-0.00050,12.0800,-5.0,-0.00050,12.0800,-7.5,-0.00075,206.56
1,733165,1,0,28.50,8.9950,110.0,0.11000,12.0787,37.5,0.03750,12.0787,1190.0,0.03606,5.0812,700.0,0.07000,12.0800,117.5,0.01175,12.0787,122.5,0.01225,12.0813,120.0,0.01200,12.0800,-5.0,-0.00050,12.0813,-7.5,-0.00075,12.0775,-7.5,-0.00075,12.0787,-5.0,-0.00050,12.0787,-5.0,-0.00050,12.0800,-5.0,-0.00050,12.0800,-7.5,-0.00075,206.90
1,733500,1,0,28.22,8.9950,112.5,0.11250,12.0775,37.5,0.03750,12.0787,1192.5,0.03614,5.0812,700.0,0.07000,12.0800,120.0,0.01200,12.0787,122.5,0.01225,12.0800,120.0,0.01200,12.0800,-5.0,-0.00050,12.0813,-7.5,-0.00075,12.0775,-7.5,-0.00075,12.0787,-5.0,-0.00050,12.0787,-5.0,-0.00050,12.0800,-5.0,-0.00050,12.0800,-7.5,-0.00075,207.23
1,734031,1,0,27.78,8.9963,110.0,0.11000,12.0787,35.0,0.03500,12.0787,1195.0,0.03621,5.0812,700.0,0.07000,12.0800,115.0,0.01150,12.0775,117.5,0.01175,12.0800,115.0,0.01150,12.0800,-5.0,-0.00050,12.0813,-7.5,-0.00075,12.0775,-7.5,-0.00075,12.0787,-5.0,-0.00050,12.0787,-5.0,-0.00050,12.0787,-5.0,-0.00050,12.0800,-7.5,-0.00075,207.77
1,734367,1,0,27.50,8.9963,110.0,0.11000,12.0775,35.0,0.03500,12.0787,1195.0,0.03621,5.0812,700.0,0.07000,12.0800,112.5,0.01125,12.0775,117.5,0.01175,12.0800,115.0,0.01150,12.0800,-5.0,-0.00050,12.0813,-7.5,-0.00075,12.0775,-7.5,-0.00075,12.0787,-5.0,-0.00050,12.0787,-5.0,-0.00050,12.0787,-5.0,-0.00050,12.0800,-7.5,-0.00075,208.11
1,734702,1,0,27.22,8.9963,107.5,0.10750,12.0775,32.5,0.03250,12.0787,1192.5,0.03614,5.0812,700.0,0.07000,12.0800,110.0,0.01100,12.0787,110.0,0.01100,12.0813,107.5,0.01075,12.0800,-5.0,-0.00050,12.0813,-7.5,-0.00075,12.0775,-7.5,-0.00075,12.0787,-5.0,-0.00050,12.0787,-5.0,-0.00050,12.0787,-5.0,-0.00050,12.0800,-7.5,-0.00075,208.44
1,735037,1,0,26.94,8.9963,107.5,0.10750,12.0775,35.0,0.03500,12.0787,1192.5,0.03614,5.0812,697.5,0.06975,12.0800,107.5,0.01075,12.0775,112.5,0.01125,12.0800,110.0,0.01100,12.0800,-5.0,-0.00050,12.0813,-7.5,-0.00075,12.0775,-7.5,-0.00075,12.0787,-5.0,-0.00050,12.0787,-5.0,-0.00050,12.0787,-5.0,-0.00050,12.0800,-7.5,-0.00075,208.77
1,735440,1,0,26.61,8.9963,107.5,0.10750,12.0787,32.5,0.03250,12.0787,1190.0,0.03606,5.0812,700.0,0.07000,12.0800,110.0,0.01100,12.0787,112.5,0.01125,12.0813,110.0,0.01100,12.0800,-5.0,-0.00050,12.0813,-7.5,-0.00075,12.0787,-7.5,-0.00075,12.0787,-5.0,-0.00050,12.0800,-5.0,-0.00050,12.0800,-5.0,-0.00050,12.0813,-7.5,-0.00075,209.18
1,735775,1,0,26.33,8.9963,105.0,0.10500,12.0775,32.5,0.03250,12.0787,1192.5,0.03614,5.0812,700.0,0.07000,12.0800,105.0,0.01050,12.0775,107.5,0.01075,12.0800,105.0,0.01050,12.0800,-5.0,-0.00050,12.0813,-7.5,-0.00075,12.0775,-7.5,-0.00075,12.0787,-5.0,-0.00050,12.0787,-5.0,-0.00050,12.0787,-5.0,-0.00050,12.0800,-7.5,-0.00075,209.52
1,736131,1,0,26.03,8.9963,105.0,0.10500,12.0775,32.5,0.03250,12.0787,1192.5,0.03614,5.0812,700.0,0.07000,12.0800,105.0,0.01050,12.0775,110.0,0.01100,12.0800,105.0,0.01050,12.0800,-5.0,-0.00050,12.0813,-7.5,-0.00075,12.0775,-7.5,-0.00075,12.0787,-5.0,-0.00050,12.0787,-5.0,-0.00050,12.0787,-5.0,-0.00050,12.0800,-7.5,-0.00075,209.87
1,736467,1,0,25.75,8.9963,102.5,0.10250,12.0775,30.0,0.03000,12.0787,1190.0,0.03606,5.0812,700.0,0.07000,12.0800,100.0,0.01000,12.0775,105.0,0.01050,12.0800,100.0,0.01000,12.0800,-5.0,-0.00050,12.0813,-7.5,-0.00075,12.0775,-7.5,-0.00075,12.0787,-5.0,-0.00050,12.0787,-5.0,-0.00050,12.0787,-5.0,-0.00050,12.0800,-7.5,-0.00075,210.20
1,736876,1,0,25.41,8.9963,102.5,0.10250,12.0775,30.0,0.03000,12.0787,1192.5,0.03614,5.0812,700.0,0.07000,12.0800,100.0,0.01000,12.0787,105.0,0.01050,12.0813,102.5,0.01025,12.0800,-5.0,-0.00050,12.0813,-7.5,-0.00075,12.0775,-7.5,-0.00075,12.0787,-5.0,-0.00050,12.0787,-5.0,-0.00050,12.0800,-5.0,-0.00050,12.0800,-7.5,-0.00075,210.61
1,737212,1,0,25.13,8.9963,105.0,0.10500,12.0775,30.0,0.03000,12.0787,1195.0,0.03621,5.0812,697.5,0.06975,12.0800,102.5,0.01025,12.0775,105.0,0.01050,12.0800,102.5,0.01025,12.0800,-5.0,-0.00050,12.0813,-7.5,-0.00075,12.0775,-7.5,-0.00075,12.0787,-5.0,-0.00050,12.0787,-5.0,-0.00050,12.0787,-5.0,-0.00050,12.0800,-7.5,-0.00075,210.95
1,737547,1,0,24.85,8.9975,102.5,0.10250,12.0775,30.0,0.03000,12.0787,1192.5,0.03614,5.0812,700.0,0.07000,12.0800,97.5,0.00975,12.0775,100.0,0.01000,12.0800,97.5,0.00975,12.0800,-5.0,-0.00050,12.0813,-7.5,-0.00075,12.0775,-7.5,-0.00075,12.0787,-5.0,-0.00050,12.0787,-5.0,-0.00050,12.0787,-5.0,-0.00050,12.0800,-7.5,-0.00075,211.29
1,737882,1,0,24.57,8.9963,102.5,0.10250,12.0775,30.0,0.03000,12.0775,1192.5,0.03614,5.0812,700.0,0.07000,12.0800,97.5,0.00975,12.0775,100.0,0.01000,12.0800,97.5,0.00975,12.0800,-5.0,-0.00050,12.0813,-7.5,-0.00075,12.0775,-7.5,-0.00075,12.0787,-5.0,-0.00050,12.0787,-5.0,-0.00050,12.0787,-5.0,-0.00050,12.0800,-7.5,-0.00075,211.61
1,738309,1,0,24.22,8.9963,102.5,0.10250,12.0775,30.0,0.03000,12.0787,1190.0,0.03606,5.0812,700.0,0.07000,12.0800,97.5,0.00975,12.0787,102.5,0.01025,12.0813,97.5,0.00975,12.0800,-5.0,-0.00050,12.0813,-7.5,-0.00075,12.0775,-7.5,-0.00075,12.0787,-5.0,-0.00050,12.0787,-5.0,-0.00050,12.0800,-5.0,-0.00050,12.0800,-7.5,-0.00075,212.05
1,738644,1,0,23.94,8.9975,100.0,0.10000,12.0775,27.5,0.02750,12.0775,1192.5,0.03614,5.0812,700.0,0.07000,12.0800,95.0,0.00950,12.0775,95.0,0.00950,12.0800,95.0,0.00950,12.0800,-5.0,-0.00050,12.0813,-7.5,-0.00075,12.0775,-7.5,-0.00075,12.0787,-5.0,-0.00050,12.0787,-5.0,-0.00050,12.0787,-5.0,-0.00050,12.0800,-7.5,-0.00075,212.39
1,738979,1,0,23.66,8.9975,100.0,0.10000,12.0775,27.5,0.02750,12.0787,1187.5,0.03598,5.0812,700.0,0.07000,12.0800,95.0,0.00950,12.0775,97.5,0.00975,12.0800,92.5,0.00925,12.0800,-5.0,-0.00050,12.0813,-7.5,-0.00075,12.0775,-7.5,-0.00075,12.0787,-5.0,-0.00050,12.0787,-5.0,-0.00050,12.0787,-5.0,-0.00050,12.0800,-7.5,-0.00075,212.71
1,739314,1,0,23.38,8.9975,97.5,0.09750,12.0775,27.5,0.02750,12.0787,1192.5,0.03614,5.0812,700.0,0.07000,12.0800,90.0,0.00900,12.0775,92.5,0.00925,12.0800,90.0,0.00900,12.0800,-5.0,-0.00050,12.0813,-7.5,-0.00075,12.0775,-7.5,-0.00075,12.0787,-5.0,-0.00050,12.0787,-5.0,-0.00050,12.0787,-5.0,-0.00050,12.0800,-7.5,-0.00075,213.04
1,739734,1,0,23.03,8.9975,97.5,0.09750,12.0787,27.5,0.02750,12.0787,1190.0,0.03606,5.0812,700.0,0.07000,12.0800,90.0,0.00900,12.0787,92.5,0.00925,12.0813,90.0,0.00900,12.0800,-5.0,-0.00050,12.0813,-7.5,-0.00075,12.0775,-7.5,-0.00075,12.0787,-5.0,-0.00050,12.0787,-5.0,-0.00050,12.0800,-5.0,-0.00050,12.0800,-7.5,-0.00075,213.47
1,740070,1,0,22.75,8.9975,100.0,0.10000,12.0775,27.5,0.02750,12.0787,1187.5,0.03598,5.0812,700.0,0.07000,12.0800,90.0,0.00900,12.0775,95.0,0.00950,12.0800,90.0,0.00900,12.0800,-5.0,-0.00050,12.0813,-7.5,-0.00075,12.0775,-7.5,-0.00075,12.0787,-5.0,-0.00050,12.0787,-5.0,-0.00050,12.0787,-5.0,-0.00050,12.0800,-7.5,-0.00075,213.82
1,740416,1,0,22.46,8.9975,97.5,0.09750,12.0775,25.0,0.02500,12.0787,1190.0,0.03606,5.0812,700.0,0.07000,12.0800,85.0,0.00850,12.0775,90.0,0.00900,12.0800,85.0,0.00850,12.0800,-5.0,-0.00050,12.0813,-7.5,-0.00075,12.0775,-7.5,-0.00075,12.0787,-5.0,-0.00050,12.0787,-5.0,-0.00050,12.0787,-5.0,-0.00050,12.0800,-7.5,-0.00075,214.16
1,740752,1,0,22.18,8.9975,97.5,0.09750,12.0775,25.0,0.02500,12.0787,1192.5,0.03614,5.0812,697.5,0.06975,12.0800,87.5,0.00875,12.0775,90.0,0.00900,12.0800,85.0,0.00850,12.0800,-5.0,-0.00050,12.0813,-7.5,-0.00075,12.0775,-7.5,-0.00075,12.0787,-5.0,-0.00050,12.0787,-5.0,-0.00050,12.0787,-5.0,-0.00050,12.0800,-7.5,-0.00075,214.49
1,741178,1,0,21.83,8.9975,95.0,0.09500,12.0787,25.0,0.02500,12.0787,1192.5,0.03614,5.0812,697.5,0.06975,12.0813,82.5,0.00825,12.0787,85.0,0.00850,12.0813,82.5,0.00825,12.0813,-5.0,-0.00050,12.0813,-7.5,-0.00075,12.0787,-7.5,-0.00075,12.0800,-5.0,-0.00050,12.0800,-5.0,-0.00050,12.0800,-5.0,-0.00050,12.0813,-7.5,-0.00075,214.91
1,741514,1,0,21.55,8.9975,95.0,0.09500,12.0787,25.0,0.02500,12.0787,1190.0,0.03606,5.0812,700.0,0.07000,12.0813,82.5,0.00825,12.0787,85.0,0.00850,12.0813,82.5,0.00825,12.0800,-5.0,-0.00050,12.0813,-7.5,-0.00075,12.0775,-7.5,-0.00075,12.0787,-5.0,-0.00050,12.0787,-5.0,-0.00050,12.0800,-5.0,-0.00050,12.0800,-7.5,-0.00075,215.25
1,741849,1,0,21.27,8.9975,95.0,0.09500,12.0775,25.0,0.02500,12.0787,1190.0,0.03606,5.0812,700.0,0.07000,12.0800,82.5,0.00825,12.0787,85.0,0.00850,12.0813,82.5,0.00825,12.0800,-5.0,-0.00050,12.0813,-7.5,-0.00075,12.0775,-7.5,-0.00075,12.0787,-5.0,-0.00050,12.0787,-5.0,-0.00050,12.0787,-5.0,-0.00050,12.0800,-7.5,-0.00075,215.58
1,742184,1,0,20.99,8.9975,95.0,0.09500,12.0775,22.5,0.02250,12.0787,1190.0,0.03606,5.0812,700.0,0.07000,12.0800,80.0,0.00800,12.0787,82.5,0.00825,12.0813,80.0,0.00800,12.0800,-5.0,-0.00050,12.0813,-7.5,-0.00075,12.0775,-7.5,-0.00075,12.0787,-5.0,-0.00050,12.0787,-5.0,-0.00050,12.0800,-5.0,-0.00050,12.0800,-7.5,-0.00075,215.92
1,742623,1,0,20.62,8.9975,95.0,0.09500,12.0787,22.5,0.02250,12.0787,1190.0,0.03606,5.0812,697.5,0.06975,12.0813,80.0,0.00800,12.0787,82.5,0.00825,12.0813,80.0,0.00800,12.0800,-5.0,-0.00050,12.0813,-7.5,-0.00075,12.0775,-7.5,-0.00075,12.0787,-5.0,-0.00050,12.0787,-5.0,-0.00050,12.0800,-5.0,-0.00050,12.0800,-7.5,-0.00075,216.36
1,742959,1,0,20.34,8.9975,95.0,0.09500,12.0775,25.0,0.02500,12.0787,1190.0,0.03606,5.0812,697.5,0.06975,12.0800,80.0,0.00800,12.0787,85.0,0.00850,12.0813,80.0,0.00800,12.0800,-5.0,-0.00050,12.0813,-7.5,-0.00075,12.0775,-7.5,-0.00075,12.0787,-5.0,-0.00050,12.0787,-5.0,-0.00050,12.0800,-5.0,-0.00050,12.0800,-7.5,-0.00075,216.69
1,743294,1,0,20.06,8.9975,92.5,0.09250,12.0775,22.5,0.02250,12.0787,1187.5,0.03598,5.0812,697.5,0.06975,12.0800,75.0,0.00750,12.0787,80.0,0.00800,12.0800,77.5,0.00775,12.0800,-5.0,-0.00050,12.0813,-7.5,-0.00075,12.0775,-7.5,-0.00075,12.0787,-5.0,-0.00050,12.0787,-5.0,-0.00050,12.0787,-5.0,-0.00050,12.0800,-7.5,-0.00075,217.03
1,743629,1,0,19.78,8.9975,92.5,0.09250,12.0775,22.5,0.02250,12.0787,1187.5,0.03598,5.0812,697.5,0.06975,12.0800,77.5,0.00775,12.0787,80.0,0.00800,12.0813,77.5,0.00775,12.0800,-5.0,-0.00050,12.0813,-7.5,-0.00075,12.0775,-7.5,-0.00075,12.0787,-5.0,-0.00050,12.0787,-5.0,-0.00050,12.0787,-5.0,-0.00050,12.0800,-7.5,-0.00075,217.36
1,744061,1,0,19.42,8.9987,92.5,0.09250,12.0787,22.5,0.02250,12.0787,1192.5,0.03614,5.0812,697.5,0.06975,12.0813,72.5,0.00725,12.0787,77.5,0.00775,12.0813,72.5,0.00725,12.0813,-5.0,-0.00050,12.0813,-7.5,-0.00075,12.0775,-7.5,-0.00075,12.0787,-5.0,-0.00050,12.0787,-5.0,-0.00050,12.0800,-5.0,-0.00050,12.0813,-7.5,-0.00075,217.79
1,744397,1,0,19.14,8.9987,92.5,0.09250,12.0775,22.5,0.02250,12.0787,1190.0,0.03606,5.0812,697.5,0.06975,12.0800,72.5,0.00725,12.0787,75.0,0.00750,12.0813,72.5,0.00725,12.0800,-5.0,-0.00050,12.0813,-7.5,-0.00075,12.0775,-7.5,-0.00075,12.0787,-5.0,-0.00050,12.0787,-5.0,-0.00050,12.0787,-5.0,-0.00050,12.0800,-7.5,-0.00075,218.15
1,744743,1,0,18.85,8.9975,92.5,0.09250,12.0775,22.5,0.02250,12.0787,1190.0,0.03606,5.0812,697.5,0.06975,12.0800,75.0,0.00750,12.0787,77.5,0.00775,12.0813,75.0,0.00750,12.0800,-5.0,-0.00050,12.0813,-7.5,-0.00075,12.0775,-7.5,-0.00075,12.0787,-5.0,-0.00050,12.0787,-5.0,-0.00050,12.0787,-5.0,-0.00050,12.0800,-7.5,-0.00075,218.48
1,745079,1,0,18.57,8.9987,90.0,0.09000,12.0775,20.0,0.02000,12.0787,1190.0,0.03606,5.0812,697.5,0.06975,12.0800,72.5,0.00725,12.0787,75.0,0.00750,12.0813,70.0,0.00700,12.0800,-5.0,-0.00050,12.0813,-7.5,-0.00075,12.0775,-7.5,-0.00075,12.0787,-5.0,-0.00050,12.0787,-5.0,-0.00050,12.0787,-5.0,-0.00050,12.0800,-7.5,-0.00075,218.81
1,745513,1,0,18.21,8.9987,90.0,0.09000,12.0787,20.0,0.02000,12.0787,1192.5,0.03614,5.0812,697.5,0.06975,12.0813,70.0,0.00700,12.0787,75.0,0.00750,12.0813,70.0,0.00700,12.0800,-5.0,-0.00050,12.0813,-7.5,-0.00075,12.0775,-7.5,-0.00075,12.0800,-5.0,-0.00050,12.0800,-5.0,-0.00050,12.0800,-5.0,-0.00050,12.0800,-7.5,-0.00075,219.25
1,745848,1,0,17.93,8.9987,90.0,0.09000,12.0775,20.0,0.02000,12.0787,1190.0,0.03606,5.0812,697.5,0.06975,12.0800,67.5,0.00675,12.0775,70.0,0.00700,12.0800,67.5,0.00675,12.0800,-5.0,-0.00050,12.0813,-7.5,-0.00075,12.0775,-7.5,-0.00075,12.0787,-5.0,-0.00050,12.0787,-5.0,-0.00050,12.0787,-5.0,-0.00050,12.0800,-7.5,-0.00075,219.58
1,746183,1,0,17.65,8.9987,87.5,0.08750,12.0775,20.0,0.02000,12.0787,1190.0,0.03606,5.0812,697.5,0.06975,12.0800,67.5,0.00675,12.0775,70.0,0.00700,12.0800,67.5,0.00675,12.0800,-5.0,-0.00050,12.0813,-7.5,-0.00075,12.0775,-7.5,-0.00075,12.0787,-5.0,-0.00050,12.0787,-5.0,-0.00050,12.0787,-5.0,-0.00050,12.0800,-7.5,-0.00075,219.92
1,746518,1,0,17.38,8.9987,90.0,0.09000,12.0775,20.0,0.02000,12.0787,1190.0,0.03606,5.0812,697.5,0.06975,12.0800,67.5,0.00675,12.0775,72.5,0.00725,12.0800,70.0,0.00700,12.0800,-5.0,-0.00050,12.0813,-7.5,-0.00075,12.0775,-7.5,-0.00075,12.0787,-5.0,-0.00050,12.0787,-5.0,-0.00050,12.0787,-5.0,-0.00050,12.0800,-7.5,-0.00075,220.26
1,746970,1,0,17.00,8.9987,87.5,0.08750,12.0775,20.0,0.02000,12.0787,1187.5,0.03598,5.0812,697.5,0.06975,12.0800,65.0,0.00650,12.0787,67.5,0.00675,12.0813,65.0,0.00650,12.0800,-5.0,-0.00050,12.0813,-7.5,-0.00075,12.0775,-7.5,-0.00075,12.0787,-5.0,-0.00050,12.0787,-5.0,-0.00050,12.0787,-5.0,-0.00050,12.0800,-7.5,-0.00075,220.71
1,747306,1,0,16.72,8.9987,87.5,0.08750,12.0775,20.0,0.02000,12.0787,1190.0,0.03606,5.0812,697.5,0.06975,12.0800,65.0,0.00650,12.0787,70.0,0.00700,12.0800,65.0,0.00650,12.0800,-5.0,-0.00050,12.0813,-7.5,-0.00075,12.0775,-7.5,-0.00075,12.0787,-5.0,-0.00050,12.0787,-5.0,-0.00050,12.0787,-5.0,-0.00050,12.0800,-7.5,-0.00075,221.05
1,747641,1,0,16.44,8.9987,87.5,0.08750,12.0775,20.0,0.02000,12.0787,1190.0,0.03606,5.0812,697.5,0.06975,12.0800,65.0,0.00650,12.0775,70.0,0.00700,12.0800,65.0,0.00650,12.0800,-5.0,-0.00050,12.0813,-7.5,-0.00075,12.0775,-7.5,-0.00075,12.0787,-5.0,-0.00050,12.0787,-5.0,-0.00050,12.0787,-5.0,-0.00050,12.0800,-7.5,-0.00075,221.38
1,747976,1,0,16.16,8.9987,87.5,0.08750,12.0775,17.5,0.01750,12.0787,1187.5,0.03598,5.0812,697.5,0.06975,12.0800,62.5,0.00625,12.0787,65.0,0.00650,12.0800,62.5,0.00625,12.0800,-5.0,-0.00050,12.0813,-7.5,-0.00075,12.0775,-7.5,-0.00075,12.0787,-5.0,-0.00050,12.0787,-5.0,-0.00050,12.0787,-5.0,-0.00050,12.0800,-7.5,-0.00075,221.71
1,748470,1,0,15.75,8.9987,87.5,0.08750,12.0787,17.5,0.01750,12.0787,1192.5,0.03614,5.0812,697.5,0.06975,12.0800,65.0,0.00650,12.0787,67.5,0.00675,12.0813,62.5,0.00625,12.0800,-5.0,-0.00050,12.0813,-7.5,-0.00075,12.0775,-7.5,-0.00075,12.0787,-5.0,-0.00050,12.0787,-5.0,-0.00050,12.0787,-5.0,-0.00050,12.0800,-7.5,-0.00075,222.21
1,748806,1,0,15.47,8.9987,85.0,0.08500,12.0775,17.5,0.01750,12.0787,1190.0,0.03606,5.0812,697.5,0.06975,12.0800,60.0,0.00600,12.0775,62.5,0.00625,12.0800,60.0,0.00600,12.0800,-5.0,-0.00050,12.0813,-7.5,-0.00075,12.0775,-7.5,-0.00075,12.0787,-5.0,-0.00050,12.0787,-5.0,-0.00050,12.0787,-5.0,-0.00050,12.0800,-7.5,-0.00075,222.56
1,749152,1,0,15.18,8.9987,85.0,0.08500,12.0775,17.5,0.01750,12.0775,1190.0,0.03606,5.0812,697.5,0.06975,12.0800,60.0,0.00600,12.0775,62.5,0.00625,12.0800,60.0,0.00600,12.0800,-5.0,-0.00050,12.0813,-7.5,-0.00075,12.0775,-7.5,-0.00075,12.0787,-5.0,-0.00050,12.0787,-5.0,-0.00050,12.0787,-5.0,-0.00050,12.0800,-7.5,-0.00075,222.89
1,749488,1,0,14.90,8.9987,85.0,0.08500,12.0775,17.5,0.01750,12.0787,1190.0,0.03606,5.0812,697.5,0.06975,12.0800,62.5,0.00625,12.0775,65.0,0.00650,12.0800,62.5,0.00625,12.0800,-5.0,-0.00050,12.0813,-7.5,-0.00075,12.0775,-7.5,-0.00075,12.0787,-5.0,-0.00050,12.0787,-5.0,-0.00050,12.0787,-5.0,-0.00050,12.0800,-7.5,-0.00075,223.23
1,749921,1,0,14.54,8.9987,85.0,0.08500,12.0787,17.5,0.01750,12.0787,1190.0,0.03606,5.0812,697.5,0.06975,12.0813,57.5,0.00575,12.0787,62.5,0.00625,12.0813,57.5,0.00575,12.0800,-5.0,-0.00050,12.0813,-7.5,-0.00075,12.0775,-7.5,-0.00075,12.0787,-5.0,-0.00050,12.0787,-5.0,-0.00050,12.0800,-5.0,-0.00050,12.0800,-7.5,-0.00075,223.66
1,750257,1,0,14.26,8.9987,85.0,0.08500,12.0775,17.5,0.01750,12.0787,1190.0,0.03606,5.0812,697.5,0.06975,12.0800,60.0,0.00600,12.0787,62.5,0.00625,12.0813,60.0,0.00600,12.0800,-5.0,-0.00050,12.0813,-7.5,-0.00075,12.0775,-7.5,-0.00075,12.0787,-5.0,-0.00050,12.0787,-5.0,-0.00050,12.0787,-5.0,-0.00050,12.0800,-7.5,-0.00075,224.00
1,750592,1,0,13.98,9.0000,82.5,0.08250,12.0775,15.0,0.01500,12.0787,1190.0,0.03606,5.0812,697.5,0.06975,12.0800,57.5,0.00575,12.0787,57.5,0.00575,12.0813,55.0,0.00550,12.0800,-5.0,-0.00050,12.0813,-7.5,-0.00075,12.0775,-7.5,-0.00075,12.0787,-5.0,-0.00050,12.0787,-5.0,-0.00050,12.0800,-5.0,-0.00050,12.0800,-7.5,-0.00075,224.32
1,750927,1,0,13.70,8.9987,82.5,0.08250,12.0775,15.0,0.01500,12.0787,1187.5,0.03598,5.0812,697.5,0.06975,12.0800,55.0,0.00550,12.0787,60.0,0.00600,12.0800,57.5,0.00575,12.0800,-5.0,-0.00050,12.0813,-7.5,-0.00075,12.0775,-7.5,-0.00075,12.0787,-5.0,-0.00050,12.0787,-5.0,-0.00050,12.0787,-5.0,-0.00050,12.0800,-7.5,-0.00075,224.67
1,751370,1,0,13.33,8.9987,82.5,0.08250,12.0787,15.0,0.01500,12.0787,1187.5,0.03598,5.0812,697.5,0.06975,12.0813,55.0,0.00550,12.0787,60.0,0.00600,12.0813,57.5,0.00575,12.0813,-5.0,-0.00050,12.0813,-7.5,-0.00075,12.0787,-7.5,-0.00075,12.0787,-5.0,-0.00050,12.0800,-5.0,-0.00050,12.0800,-5.0,-0.00050,12.0800,-7.5,-0.00075,225.10
1,751706,1,0,13.05,8.9987,82.5,0.08250,12.0775,15.0,0.01500,12.0787,1190.0,0.03606,5.0812,697.5,0.06975,12.0800,55.0,0.00550,12.0787,57.5,0.00575,12.0813,55.0,0.00550,12.0800,-5.0,-0.00050,12.0813,-7.5,-0.00075,12.0775,-7.5,-0.00075,12.0787,-5.0,-0.00050,12.0787,-5.0,-0.00050,12.0787,-5.0,-0.00050,12.0800,-7.5,-0.00075,225.44
1,752041,1,0,12.77,9.0000,82.5,0.08250,12.0775,15.0,0.01500,12.0787,1190.0,0.03606,5.0812,697.5,0.06975,12.0800,55.0,0.00550,12.0787,57.5,0.00575,12.0813,55.0,0.00550,12.0800,-5.0,-0.00050,12.0813,-7.5,-0.00075,12.0775,-7.5,-0.00075,12.0787,-5.0,-0.00050,12.0787,-5.0,-0.00050,12.0787,-5.0,-0.00050,12.0800,-7.5,-0.00075,225.77
1,752376,1,0,12.49,8.9987,82.5,0.08250,12.0775,15.0,0.01500,12.0787,1190.0,0.03606,5.0812,697.5,0.06975,12.0800,55.0,0.00550,12.0787,57.5,0.00575,12.0813,55.0,0.00550,12.0800,-5.0,-0.00050,12.0813,-7.5,-0.00075,12.0775,-7.5,-0.00075,12.0787,-5.0,-0.00050,12.0787,-5.0,-0.00050,12.0800,-5.0,-0.00050,12.0800,-7.5,-0.00075,226.11
1,752814,1,0,12.13,9.0000,82.5,0.08250,12.0787,15.0,0.01500,12.0787,1190.0,0.03606,5.0812,697.5,0.06975,12.0813,52.5,0.00525,12.0787,57.5,0.00575,12.0813,52.5,0.00525,12.0800,-5.0,-0.00050,12.0813,-7.5,-0.00075,12.0787,-7.5,-0.00075,12.0800,-5.0,-0.00050,12.0800,-5.0,-0.00050,12.0800,-5.0,-0.00050,12.0800,-7.5,-0.00075,226.55
1,753150,1,0,11.85,9.0000,82.5,0.08250,12.0775,15.0,0.01500,12.0787,1187.5,0.03598,5.0812,697.5,0.06975,12.0800,52.5,0.00525,12.0787,55.0,0.00550,12.0813,52.5,0.00525,12.0800,-5.0,-0.00050,12.0813,-7.5,-0.00075,12.0775,-7.5,-0.00075,12.0787,-5.0,-0.00050,12.0787,-5.0,-0.00050,12.0787,-5.0,-0.00050,12.0800,-7.5,-0.00075,226.90
1,753496,1,0,11.56,9.0000,82.5,0.08250,12.0787,15.0,0.01500,12.0787,1187.5,0.03598,5.0812,697.5,0.06975,12.0813,50.0,0.00500,12.0787,52.5,0.00525,12.0813,50.0,0.00500,12.0800,-5.0,-0.00050,12.0813,-7.5,-0.00075,12.0775,-7.5,-0.00075,12.0787,-5.0,-0.00050,12.0800,-5.0,-0.00050,12.0800,-5.0,-0.00050,12.0800,-7.5,-0.00075,227.24
1,753832,1,0,11.28,9.0000,82.5,0.08250,12.0787,15.0,0.01500,12.0787,1187.5,0.03598,5.0812,697.5,0.06975,12.0813,52.5,0.00525,12.0787,55.0,0.00550,12.0813,50.0,0.00500,12.0800,-5.0,-0.00050,12.0813,-7.5,-0.00075,12.0775,-7.5,-0.00075,12.0787,-5.0,-0.00050,12.0787,-5.0,-0.00050,12.0800,-5.0,-0.00050,12.0800,-7.5,-0.00075,227.57
1,754253,1,0,10.93,9.0000,82.5,0.08250,12.0787,15.0,0.01500,12.0787,1185.0,0.03591,5.0812,697.5,0.06975,12.0813,52.5,0.00525,12.0787,55.0,0.00550,12.0813,50.0,0.00500,12.0813,-5.0,-0.00050,12.0813,-7.5,-0.00075,12.0775,-7.5,-0.00075,12.0787,-5.0,-0.00050,12.0787,-5.0,-0.00050,12.0800,-5.0,-0.00050,12.0800,-7.5,-0.00075,227.99
1,754589,1,0,10.65,9.0000,80.0,0.08000,12.0775,12.5,0.01250,12.0787,1190.0,0.03606,5.0812,697.5,0.06975,12.0800,50.0,0.00500,12.0787,52.5,0.00525,12.0813,50.0,0.00500,12.0800,-5.0,-0.00050,12.0813,-7.5,-0.00075,12.0775,-7.5,-0.00075,12.0787,-5.0,-0.00050,12.0787,-5.0,-0.00050,12.0787,-5.0,-0.00050,12.0800,-7.5,-0.00075,228.32
1,754924,1,0,10.37,9.0000,80.0,0.08000,12.0775,15.0,0.01500,12.0787,1190.0,0.03606,5.0812,697.5,0.06975,12.0800,50.0,0.00500,12.0775,52.5,0.00525,12.0800,50.0,0.00500,12.0800,-5.0,-0.00050,12.0813,-7.5,-0.00075,12.0775,-7.5,-0.00075,12.0787,-5.0,-0.00050,12.0787,-5.0,-0.00050,12.0787,-5.0,-0.00050,12.0800,-7.5,-0.00075,228.66
1,755259,1,0,10.09,9.0000,80.0,0.08000,12.0775,15.0,0.01500,12.0787,1190.0,0.03606,5.0812,697.5,0.06975,12.0800,50.0,0.00500,12.0787,52.5,0.00525,12.0800,50.0,0.00500,12.0800,-5.0,-0.00050,12.0813,-7.5,-0.00075,12.0775,-7.5,-0.00075,12.0787,-5.0,-0.00050,12.0787,-5.0,-0.00050,12.0787,-5.0,-0.00050,12.0800,-7.5,-0.00075,229.00
1,755717,1,0,9.71,9.0000,80.0,0.08000,12.0787,15.0,0.01500,12.0787,1187.5,0.03598,5.0812,697.5,0.06975,12.0813,50.0,0.00500,12.0787,52.5,0.00525,12.0813,50.0,0.00500,12.0800,-5.0,-0.00050,12.0813,-7.5,-0.00075,12.0775,-7.5,-0.00075,12.0787,-5.0,-0.00050,12.0787,-5.0,-0.00050,12.0787,-5.0,-0.00050,12.0800,-7.5,-0.00075,229.46
1,756052,1,0,9.43,9.0000,82.5,0.08250,12.0775,15.0,0.01500,12.0787,1187.5,0.03598,5.0812,697.5,0.06975,12.0800,52.5,0.00525,12.0787,55.0,0.00550,12.0800,52.5,0.00525,12.0800,-5.0,-0.00050,12.0813,-7.5,-0.00075,12.0775,-7.5,-0.00075,12.0787,-5.0,-0.00050,12.0787,-5.0,-0.00050,12.0787,-5.0,-0.00050,12.0800,-7.5,-0.00075,229.78
1,756387,1,0,9.15,9.0000,82.5,0.08250,12.0775,15.0,0.01500,12.0787,1190.0,0.03606,5.0812,697.5,0.06975,12.0800,52.5,0.00525,12.0787,52.5,0.00525,12.0800,52.5,0.00525,12.0800,-5.0,-0.00050,12.0813,-7.5,-0.00075,12.0775,-7.5,-0.00075,12.0787,-5.0,-0.00050,12.0787,-5.0,-0.00050,12.0787,-5.0,-0.00050,12.0800,-7.5,-0.00075,230.13
1,756722,1,0,8.87,9.0000,82.5,0.08250,12.0775,15.0,0.01500,12.0787,1187.5,0.03598,5.0812,697.5,0.06975,12.0800,52.5,0.00525,12.0787,55.0,0.00550,12.0813,52.5,0.00525,12.0800,-5.0,-0.00050,12.0813,-7.5,-0.00075,12.0775,-7.5,-0.00075,12.0787,-5.0,-0.00050,12.0787,-5.0,-0.00050,12.0787,-5.0,-0.00050,12.0800,-7.5,-0.00075,230.46
1,757248,1,0,8.43,9.0000,82.5,0.08250,12.0787,15.0,0.01500,12.0787,1185.0,0.03591,5.0812,697.5,0.06975,12.0813,52.5,0.00525,12.0787,55.0,0.00550,12.0813,52.5,0.00525,12.0800,-5.0,-0.00050,12.0813,-7.5,-0.00075,12.0775,-7.5,-0.00075,12.0787,-5.0,-0.00050,12.0787,-5.0,-0.00050,12.0800,-5.0,-0.00050,12.0800,-7.5,-0.00075,230.99
1,757583,1,0,8.15,9.0000,82.5,0.08250,12.0775,15.0,0.01500,12.0787,1187.5,0.03598,5.0812,697.5,0.06975,12.0800,52.5,0.00525,12.0787,55.0,0.00550,12.0813,52.5,0.00525,12.0800,-5.0,-0.00050,12.0813,-7.5,-0.00075,12.0775,-7.5,-0.00075,12.0787,-5.0,-0.00050,12.0787,-5.0,-0.00050,12.0800,-5.0,-0.00050,12.0800,-7.5,-0.00075,231.34
1,757929,1,0,7.87,9.0000,82.5,0.08250,12.0787,15.0,0.01500,12.0787,1187.5,0.03598,5.0812,697.5,0.06975,12.0813,52.5,0.00525,12.0787,55.0,0.00550,12.0813,52.5,0.00525,12.0800,-5.0,-0.00050,12.0813,-7.5,-0.00075,12.0775,-7.5,-0.00075,12.0787,-5.0,-0.00050,12.0787,-5.0,-0.00050,12.0800,-5.0,-0.00050,12.0800,-7.5,-0.00075,231.66
1,758265,1,0,7.59,9.0000,82.5,0.08250,12.0787,15.0,0.01500,12.0787,1185.0,0.03591,5.0812,697.5,0.06975,12.0813,52.5,0.00525,12.0787,55.0,0.00550,12.0813,52.5,0.00525,12.0800,-5.0,-0.00050,12.0813,-7.5,-0.00075,12.0787,-7.5,-0.00075,12.0787,-5.0,-0.00050,12.0800,-5.0,-0.00050,12.0800,-5.0,-0.00050,12.0813,-7.5,-0.00075,232.00
1,758672,1,0,7.25,9.0000,82.5,0.08250,12.0787,15.0,0.01500,12.0787,1185.0,0.03591,5.0812,697.5,0.06975,12.0813,52.5,0.00525,12.0787,55.0,0.00550,12.0813,52.5,0.00525,12.0813,-5.0,-0.00050,12.0813,-7.5,-0.00075,12.0787,-7.5,-0.00075,12.0800,-5.0,-0.00050,12.0800,-5.0,-0.00050,12.0800,-5.0,-0.00050,12.0813,-7.5,-0.00075,232.41
1,759008,1,0,6.97,9.0000,82.5,0.08250,12.0775,15.0,0.01500,12.0787,1190.0,0.03606,5.0812,697.5,0.06975,12.0800,52.5,0.00525,12.0787,55.0,0.00550,12.0813,52.5,0.00525,12.0800,-5.0,-0.00050,12.0813,-7.5,-0.00075,12.0775,-7.5,-0.00075,12.0787,-5.0,-0.00050,12.0787,-5.0,-0.00050,12.0800,-5.0,-0.00050,12.0800,-7.5,-0.00075,232.74
1,759343,1,0,6.69,9.0000,82.5,0.08250,12.0775,15.0,0.01500,12.0787,1190.0,0.03606,5.0812,697.5,0.06975,12.0800,55.0,0.00550,12.0787,55.0,0.00550,12.0813,52.5,0.00525,12.0800,-5.0,-0.00050,12.0813,-7.5,-0.00075,12.0775,-7.5,-0.00075,12.0787,-5.0,-0.00050,12.0787,-5.0,-0.00050,12.0800,-5.0,-0.00050,12.0800,-7.5,-0.00075,233.08
1,759678,1,0,6.41,8.9987,82.5,0.08250,12.0775,15.0,0.01500,12.0787,1187.5,0.03598,5.0812,695.0,0.06950,12.0800,52.5,0.00525,12.0787,57.5,0.00575,12.0813,52.5,0.00525,12.0800,-5.0,-0.00050,12.0813,-7.5,-0.00075,12.0775,-7.5,-0.00075,12.0787,-5.0,-0.00050,12.0787,-5.0,-0.00050,12.0787,-5.0,-0.00050,12.0800,-7.5,-0.00075,233.42
1,760105,1,0,6.05,9.0000,82.5,0.08250,12.0787,15.0,0.01500,12.0787,1185.0,0.03591,5.0812,697.5,0.06975,12.0813,52.5,0.00525,12.0787,55.0,0.00550,12.0813,52.5,0.00525,12.0800,-5.0,-0.00050,12.0813,-7.5,-0.00075,12.0775,-7.5,-0.00075,12.0787,-5.0,-0.00050,12.0787,-5.0,-0.00050,12.0800,-5.0,-0.00050,12.0800,-7.5,-0.00075,233.84
1,760440,1,0,5.77,9.0000,82.5,0.08250,12.0775,15.0,0.01500,12.0787,1187.5,0.03598,5.0812,697.5,0.06975,12.0800,55.0,0.00550,12.0787,55.0,0.00550,12.0813,52.5,0.00525,12.0800,-5.0,-0.00050,12.0813,-7.5,-0.00075,12.0775,-7.5,-0.00075,12.0787,-5.0,-0.00050,12.0787,-5.0,-0.00050,12.0787,-5.0,-0.00050,12.0800,-7.5,-0.00075,234.18
1,760775,1,0,5.49,9.0000,82.5,0.08250,12.0775,15.0,0.01500,12.0787,1185.0,0.03591,5.0812,697.5,0.06975,12.0800,55.0,0.00550,12.0787,57.5,0.00575,12.0800,52.5,0.00525,12.0800,-5.0,-0.00050,12.0813,-7.5,-0.00075,12.0775,-7.5,-0.00075,12.0787,-5.0,-0.00050,12.0787,-5.0,-0.00050,12.0787,-5.0,-0.00050,12.0800,-7.5,-0.00075,234.51
1,761110,1,0,5.22,9.0000,75.0,0.07500,12.0775,10.0,0.01000,12.0787,1187.5,0.03598,5.0812,697.5,0.06975,12.0800,37.5,0.00375,12.0787,40.0,0.00400,12.0800,37.5,0.00375,12.0800,-5.0,-0.00050,12.0813,-7.5,-0.00075,12.0775,-7.5,-0.00075,12.0787,-5.0,-0.00050,12.0787,-5.0,-0.00050,12.0787,-5.0,-0.00050,12.0800,-7.5,-0.00075,234.85
1,761537,1,0,4.86,9.0000,75.0,0.07500,12.0787,10.0,0.01000,12.0787,1185.0,0.03591,5.0812,697.5,0.06975,12.0813,37.5,0.00375,12.0787,40.0,0.00400,12.0813,35.0,0.00350,12.0813,-5.0,-0.00050,12.0813,-7.5,-0.00075,12.0787,-7.5,-0.00075,12.0800,-5.0,-0.00050,12.0800,-5.0,-0.00050,12.0800,-5.0,-0.00050,12.0813,-7.5,-0.00075,235.27
1,761873,1,0,4.58,9.0000,75.0,0.07500,12.0775,10.0,0.01000,12.0787,1187.5,0.03598,5.0812,697.5,0.06975,12.0813,37.5,0.00375,12.0787,40.0,0.00400,12.0813,35.0,0.00350,12.0800,-5.0,-0.00050,12.0813,-7.5,-0.00075,12.0775,-7.5,-0.00075,12.0787,-5.0,-0.00050,12.0787,-5.0,-0.00050,12.0800,-5.0,-0.00050,12.0800,-7.5,-0.00075,235.62
1,762219,1,0,4.29,9.0000,75.0,0.07500,12.0775,10.0,0.01000,12.0787,1187.5,0.03598,5.0812,697.5,0.06975,12.0800,37.5,0.00375,12.0787,40.0,0.00400,12.0813,35.0,0.00350,12.0800,-5.0,-0.00050,12.0813,-7.5,-0.00075,12.0775,-7.5,-0.00075,12.0787,-5.0,-0.00050,12.0787,-5.0,-0.00050,12.0787,-5.0,-0.00050,12.0800,-7.5,-0.00075,235.95
1,762555,1,0,4.01,9.0013,75.0,0.07500,12.0775,10.0,0.01000,12.0787,1190.0,0.03606,5.0812,697.5,0.06975,12.0800,37.5,0.00375,12.0787,40.0,0.00400,12.0813,35.0,0.00350,12.0800,-5.0,-0.00050,12.0813,-7.5,-0.00075,12.0775,-7.5,-0.00075,12.0787,-5.0,-0.00050,12.0787,-5.0,-0.00050,12.0787,-5.0,-0.00050,12.0800,-7.5,-0.00075,236.29
1,762980,1,0,3.66,9.0000,75.0,0.07500,12.0775,10.0,0.01000,12.0787,1187.5,0.03598,5.0812,697.5,0.06975,12.0800,37.5,0.00375,12.0787,40.0,0.00400,12.0813,35.0,0.00350,12.0800,-5.0,-0.00050,12.0813,-7.5,-0.00075,12.0775,-7.5,-0.00075,12.0787,-5.0,-0.00050,12.0787,-5.0,-0.00050,12.0787,-5.0,-0.00050,12.0800,-7.5,-0.00075,236.71
1,763316,1,0,3.38,9.0000,75.0,0.07500,12.0775,10.0,0.01000,12.0787,1187.5,0.03598,5.0812,697.5,0.06975,12.0800,37.5,0.00375,12.0787,40.0,0.00400,12.0813,35.0,0.00350,12.0800,-5.0,-0.00050,12.0813,-7.5,-0.00075,12.0775,-7.5,-0.00075,12.0787,-5.0,-0.00050,12.0787,-5.0,-0.00050,12.0787,-5.0,-0.00050,12.0800,-7.5,-0.00075,237.05
1,763651,1,0,3.10,9.0000,75.0,0.07500,12.0775,10.0,0.01000,12.0787,1187.5,0.03598,5.0812,697.5,0.06975,12.0800,37.5,0.00375,12.0787,40.0,0.00400,12.0800,35.0,0.00350,12.0800,-5.0,-0.00050,12.0813,-7.5,-0.00075,12.0775,-7.5,-0.00075,12.0787,-5.0,-0.00050,12.0787,-5.0,-0.00050,12.0787,-5.0,-0.00050,12.0800,-7.5,-0.00075,237.38
1,763986,1,0,2.82,9.0000,75.0,0.07500,12.0775,10.0,0.01000,12.0787,1187.5,0.03598,5.0812,697.5,0.06975,12.0800,37.5,0.00375,12.0787,40.0,0.00400,12.0813,35.0,0.00350,12.0800,-5.0,-0.00050,12.0813,-7.5,-0.00075,12.0775,-7.5,-0.00075,12.0787,-5.0,-0.00050,12.0787,-5.0,-0.00050,12.0800,-5.0,-0.00050,12.0800,-7.5,-0.00075,237.72
1,764430,1,0,2.45,9.0000,75.0,0.07500,12.0775,10.0,0.01000,12.0787,1187.5,0.03598,5.0812,697.5,0.06975,12.0800,37.5,0.00375,12.0775,40.0,0.00400,12.0800,35.0,0.00350,12.0800,-5.0,-0.00050,12.0813,-7.5,-0.00075,12.0775,-7.5,-0.00075,12.0787,-5.0,-0.00050,12.0787,-5.0,-0.00050,12.0787,-5.0,-0.00050,12.0800,-7.5,-0.00075,238.16
1,764766,1,0,2.17,9.0013,75.0,0.07500,12.0775,10.0,0.01000,12.0787,1187.5,0.03598,5.0812,697.5,0.06975,12.0800,37.5,0.00375,12.0787,40.0,0.00400,12.0800,35.0,0.00350,12.0800,-5.0,-0.00050,12.0813,-7.5,-0.00075,12.0775,-7.5,-0.00075,12.0787,-5.0,-0.00050,12.0787,-5.0,-0.00050,12.0787,-5.0,-0.00050,12.0800,-7.5,-0.00075,238.50
1,765101,1,0,1.89,9.0000,75.0,0.07500,12.0775,10.0,0.01000,12.0787,1190.0,0.03606,5.0812,697.5,0.06975,12.0800,37.5,0.00375,12.0787,40.0,0.00400,12.0813,35.0,0.00350,12.0800,-5.0,-0.00050,12.0813,-7.5,-0.00075,12.0775,-7.5,-0.00075,12.0787,-5.0,-0.00050,12.0787,-5.0,-0.00050,12.0787,-5.0,-0.00050,12.0800,-7.5,-0.00075,238.84
1,765436,1,0,1.61,9.0000,75.0,0.07500,12.0775,10.0,0.01000,12.0787,1187.5,0.03598,5.0812,697.5,0.06975,12.0800,37.5,0.00375,12.0787,40.0,0.00400,12.0813,35.0,0.00350,12.0800,-5.0,-0.00050,12.0813,-7.5,-0.00075,12.0775,-7.5,-0.00075,12.0787,-5.0,-0.00050,12.0787,-5.0,-0.00050,12.0787,-5.0,-0.00050,12.0800,-7.5,-0.00075,239.18
1,765867,1,0,1.25,9.0000,75.0,0.07500,12.0775,10.0,0.01000,12.0787,1187.5,0.03598,5.0812,697.5,0.06975,12.0800,37.5,0.00375,12.0787,40.0,0.00400,12.0813,35.0,0.00350,12.0800,-5.0,-0.00050,12.0813,-7.5,-0.00075,12.0775,-7.5,-0.00075,12.0787,-5.0,-0.00050,12.0787,-5.0,-0.00050,12.0787,-5.0,-0.00050,12.0800,-7.5,-0.00075,239.60
1,766203,1,0,0.97,9.0013,75.0,0.07500,12.0775,10.0,0.01000,12.0787,1187.5,0.03598,5.0812,697.5,0.06975,12.0800,37.5,0.00375,12.0787,40.0,0.00400,12.0800,35.0,0.00350,12.0800,-5.0,-0.00050,12.0813,-7.5,-0.00075,12.0775,-7.5,-0.00075,12.0787,-5.0,-0.00050,12.0787,-5.0,-0.00050,12.0787,-5.0,-0.00050,12.0800,-7.5,-0.00075,239.95
1,766549,1,0,0.68,9.0000,75.0,0.07500,12.0775,10.0,0.01000,12.0787,1185.0,0.03591,5.0812,697.5,0.06975,12.0800,37.5,0.00375,12.0787,40.0,0.00400,12.0800,35.0,0.00350,12.0800,-5.0,-0.00050,12.0813,-7.5,-0.00075,12.0775,-7.5,-0.00075,12.0787,-5.0,-0.00050,12.0787,-5.0,-0.00050,12.0787,-5.0,-0.00050,12.0800,-7.5,-0.00075,240.28
1,766885,1,0,0.40,9.0000,75.0,0.07500,12.0775,10.0,0.01000,12.0787,1190.0,0.03606,5.0812,697.5,0.06975,12.0800,37.5,0.00375,12.0787,40.0,0.00400,12.0813,35.0,0.00350,12.0800,-5.0,-0.00050,12.0813,-7.5,-0.00075,12.0775,-7.5,-0.00075,12.0787,-5.0,-0.00050,12.0787,-5.0,-0.00050,12.0787,-5.0,-0.00050,12.0800,-7.5,-0.00075,240.61
1,767372,1,0,0.00,9.0013,75.0,0.07500,12.0775,10.0,0.01000,12.0787,1187.5,0.03598,5.0812,697.5,0.06975,12.0800,37.5,0.00375,12.0787,40.0,0.00400,12.0813,35.0,0.00350,12.0800,-5.0,-0.00050,12.0813,-7.5,-0.00075,12.0775,-7.5,-0.00075,12.0787,-5.0,-0.00050,12.0787,-5.0,-0.00050,12.0787,-5.0,-0.00050,12.0800,-7.5,-0.00075,241.10
1,767707,1,0,0.00,9.0000,75.0,0.07500,12.0775,10.0,0.01000,12.0775,1187.5,0.03598,5.0812,695.0,0.06950,12.0800,37.5,0.00375,12.0787,40.0,0.00400,12.0800,35.0,0.00350,12.0800,-5.0,-0.00050,12.0813,-7.5,-0.00075,12.0775,-7.5,-0.00075,12.0787,-5.0,-0.00050,12.0787,-5.0,-0.00050,12.0787,-5.0,-0.00050,12.0800,-7.5,-0.00075,241.44
1,768042,1,0,0.00,9.0000,75.0,0.07500,12.0775,10.0,0.01000,12.0787,1187.5,0.03598,5.0812,697.5,0.06975,12.0800,37.5,0.00375,12.0787,40.0,0.00400,12.0800,35.0,0.00350,12.0800,-5.0,-0.00050,12.0813,-7.5,-0.00075,12.0775,-7.5,-0.00075,12.0787,-5.0,-0.00050,12.0787,-5.0,-0.00050,12.0787,-5.0,-0.00050,12.0800,-7.5,-0.00075,241.77
1,768377,1,0,0.00,9.0013,75.0,0.07500,12.0775,10.0,0.01000,12.0787,1187.5,0.03598,5.0812,697.5,0.06975,12.0800,37.5,0.00375,12.0787,40.0,0.00400,12.0800,35.0,0.00350,12.0800,-5.0,-0.00050,12.0813,-7.5,-0.00075,12.0775,-7.5,-0.00075,12.0787,-5.0,-0.00050,12.0787,-5.0,-0.00050,12.0787,-5.0,-0.00050,12.0800,-7.5,-0.00075,242.10
1,768809,1,0,0.00,9.0013,75.0,0.07500,12.0787,10.0,0.01000,12.0787,1187.5,0.03598,5.0812,697.5,0.06975,12.0813,37.5,0.00375,12.0787,40.0,0.00400,12.0813,35.0,0.00350,12.0800,-5.0,-0.00050,12.0813,-7.5,-0.00075,12.0775,-7.5,-0.00075,12.0787,-5.0,-0.00050,12.0787,-5.0,-0.00050,12.0787,-5.0,-0.00050,12.0800,-7.5,-0.00075,242.54
1,769145,1,0,0.00,9.0000,75.0,0.07500,12.0775,10.0,0.01000,12.0787,1185.0,0.03591,5.0812,697.5,0.06975,12.0800,37.5,0.00375,12.0787,40.0,0.00400,12.0800,35.0,0.00350,12.0800,-5.0,-0.00050,12.0813,-7.5,-0.00075,12.0775,-7.5,-0.00075,12.0787,-5.0,-0.00050,12.0787,-5.0,-0.00050,12.0787,-5.0,-0.00050,12.0800,-7.5,-0.00075,242.87
1,769480,1,0,0.00,9.0013,75.0,0.07500,12.0775,10.0,0.01000,12.0787,1187.5,0.03598,5.0812,695.0,0.06950,12.0800,37.5,0.00375,12.0787,40.0,0.00400,12.0800,35.0,0.00350,12.0800,-5.0,-0.00050,12.0813,-7.5,-0.00075,12.0775,-7.5,-0.00075,12.0787,-5.0,-0.00050,12.0787,-5.0,-0.00050,12.0787,-5.0,-0.00050,12.0800,-7.5,-0.00075,243.21
1,769815,1,0,0.00,9.0000,75.0,0.07500,12.0775,10.0,0.01000,12.0775,1182.5,0.03583,5.0812,697.5,0.06975,12.0800,37.5,0.00375,12.0775,40.0,0.00400,12.0800,35.0,0.00350,12.0800,-5.0,-0.00050,12.0813,-7.5,-0.00075,12.0775,-7.5,-0.00075,12.0787,-5.0,-0.00050,12.0787,-5.0,-0.00050,12.0787,-5.0,-0.00050,12.0800,-7.5,-0.00075,243.54
1,770245,1,0,0.00,9.0013,75.0,0.07500,12.0787,10.0,0.01000,12.0787,1187.5,0.03598,5.0812,697.5,0.06975,12.0813,37.5,0.00375,12.0787,40.0,0.00400,12.0813,35.0,0.00350,12.0800,-5.0,-0.00050,12.0813,-7.5,-0.00075,12.0775,-7.5,-0.00075,12.0787,-5.0,-0.00050,12.0787,-5.0,-0.00050,12.0800,-5.0,-0.00050,12.0800,-7.5,-0.00075,243.98
1,770581,1,0,0.00,9.0000,75.0,0.07500,12.0775,10.0,0.01000,12.0787,1185.0,0.03591,5.0812,697.5,0.06975,12.0800,37.5,0.00375,12.0787,40.0,0.00400,12.0813,35.0,0.00350,12.0800,-5.0,-0.00050,12.0813,-7.5,-0.00075,12.0775,-7.5,-0.00075,12.0787,-5.0,-0.00050,12.0787,-5.0,-0.00050,12.0787,-5.0,-0.00050,12.0800,-7.5,-0.00075,244.33
1,770927,1,0,0.00,9.0000,75.0,0.07500,12.0775,10.0,0.01000,12.0787,1185.0,0.03591,5.0812,695.0,0.06950,12.0800,37.5,0.00375,12.0787,40.0,0.00400,12.0813,35.0,0.00350,12.0800,-5.0,-0.00050,12.0813,-7.5,-0.00075,12.0775,-7.5,-0.00075,12.0787,-5.0,-0.00050,12.0787,-5.0,-0.00050,12.0787,-5.0,-0.00050,12.0800,-7.5,-0.00075,244.66
1,771263,1,0,0.00,9.0013,75.0,0.07500,12.0775,10.0,0.01000,12.0787,1187.5,0.03598,5.0812,697.5,0.06975,12.0800,37.5,0.00375,12.0787,40.0,0.00400,12.0813,35.0,0.00350,12.0800,-5.0,-0.00050,12.0813,-7.5,-0.00075,12.0775,-7.5,-0.00075,12.0787,-5.0,-0.00050,12.0787,-5.0,-0.00050,12.0787,-5.0,-0.00050,12.0800,-7.5,-0.00075,244.99
