run,t_ms,n,flags,pwm_pct,fan1_rpm,fan2_rpm,fan3_rpm,fan4_rpm,in_V,in_uV,in_A,fan12_V,fan12_uV,fan12_A,b5in_V,b5in_uV,b5in_A,b5out_V,b5out_uV,b5out_A,fan1_V,fan1_uV,fan1_A,fan2_V,fan2_uV,fan2_A,fan3_V,fan3_uV,fan3_A,fan4_V,fan4_uV,fan4_A,fan5_V,fan5_uV,fan5_A,fan6_V,fan6_uV,fan6_A,fan7_V,fan7_uV,fan7_A,fan8_V,fan8_uV,fan8_A,fan9_V,fan9_uV,fan9_A,fan10_V,fan10_uV,fan10_A,pc_time_s
7,573206,1,0,0.00,0.0,0.0,0.0,0.0,9.1350,140.0,0.14000,12.0787,60.0,0.06000,12.0787,1185.0,0.03591,5.0812,695.0,0.06950,12.0800,227.5,0.02275,12.0787,292.5,0.02925,12.0813,52.5,0.00525,12.0800,-5.0,-0.00050,12.0813,-7.5,-0.00075,12.0787,-7.5,-0.00075,12.0787,-5.0,-0.00050,12.0800,-5.0,-0.00050,12.0800,-5.0,-0.00050,12.0813,-7.5,-0.00075,0.68
7,573554,1,0,0.01,0.0,0.0,0.0,0.0,9.1350,140.0,0.14000,12.0787,60.0,0.06000,12.0787,1187.5,0.03598,5.0812,695.0,0.06950,12.0800,227.5,0.02275,12.0787,292.5,0.02925,12.0813,52.5,0.00525,12.0800,-5.0,-0.00050,12.0813,-7.5,-0.00075,12.0787,-7.5,-0.00075,12.0787,-5.0,-0.00050,12.0787,-5.0,-0.00050,12.0800,-5.0,-0.00050,12.0813,-7.5,-0.00075,1.03
7,573890,1,0,0.29,0.0,0.0,0.0,0.0,9.1350,140.0,0.14000,12.0787,57.5,0.05750,12.0787,1190.0,0.03606,5.0812,695.0,0.06950,12.0800,227.5,0.02275,12.0787,290.0,0.02900,12.0813,52.5,0.00525,12.0800,-5.0,-0.00050,12.0813,-7.5,-0.00075,12.0787,-7.5,-0.00075,12.0800,-5.0,-0.00050,12.0800,-5.0,-0.00050,12.0800,-5.0,-0.00050,12.0813,-7.5,-0.00075,1.36
7,574226,1,0,0.57,0.0,0.0,0.0,0.0,9.1350,140.0,0.14000,12.0787,60.0,0.06000,12.0787,1185.0,0.03591,5.0812,695.0,0.06950,12.0800,227.5,0.02275,12.0787,290.0,0.02900,12.0813,52.5,0.00525,12.0813,-5.0,-0.00050,12.0813,-7.5,-0.00075,12.0787,-7.5,-0.00075,12.0800,-5.0,-0.00050,12.0800,-5.0,-0.00050,12.0800,-5.0,-0.00050,12.0813,-7.5,-0.00075,1.71
7,574582,1,0,0.87,0.0,0.0,0.0,0.0,9.1350,140.0,0.14000,12.0787,60.0,0.06000,12.0787,1187.5,0.03598,5.0812,695.0,0.06950,12.0800,225.0,0.02250,12.0787,290.0,0.02900,12.0813,52.5,0.00525,12.0813,-5.0,-0.00050,12.0813,-7.5,-0.00075,12.0787,-7.5,-0.00075,12.0800,-5.0,-0.00050,12.0800,-5.0,-0.00050,12.0800,-5.0,-0.00050,12.0813,-7.5,-0.00075,2.06
7,574919,1,0,1.15,0.0,0.0,0.0,0.0,9.1350,140.0,0.14000,12.0787,57.5,0.05750,12.0787,1187.5,0.03598,5.0812,695.0,0.06950,12.0800,225.0,0.02250,12.0787,290.0,0.02900,12.0813,52.5,0.00525,12.0813,-5.0,-0.00050,12.0813,-7.5,-0.00075,12.0787,-7.5,-0.00075,12.0800,-5.0,-0.00050,12.0800,-5.0,-0.00050,12.0800,-5.0,-0.00050,12.0813,-7.5,-0.00075,2.39
7,575255,1,0,1.43,0.0,0.0,0.0,0.0,9.1350,140.0,0.14000,12.0787,60.0,0.06000,12.0787,1182.5,0.03583,5.0812,695.0,0.06950,12.0800,225.0,0.02250,12.0787,290.0,0.02900,12.0813,52.5,0.00525,12.0800,-5.0,-0.00050,12.0813,-7.5,-0.00075,12.0775,-7.5,-0.00075,12.0787,-5.0,-0.00050,12.0800,-5.0,-0.00050,12.0800,-5.0,-0.00050,12.0800,-7.5,-0.00075,2.73
7,575590,1,0,1.71,0.0,0.0,0.0,0.0,9.1350,140.0,0.14000,12.0787,57.5,0.05750,12.0800,1185.0,0.03591,5.0812,695.0,0.06950,12.0813,225.0,0.02250,12.0787,290.0,0.02900,12.0813,52.5,0.00525,12.0813,-5.0,-0.00050,12.0813,-7.5,-0.00075,12.0787,-7.5,-0.00075,12.0800,-5.0,-0.00050,12.0800,-5.0,-0.00050,12.0800,-5.0,-0.00050,12.0813,-7.5,-0.00075,3.07
7,575925,1,0,1.98,0.0,0.0,0.0,0.0,9.1350,140.0,0.14000,12.0787,60.0,0.06000,12.0787,1185.0,0.03591,5.0812,695.0,0.06950,12.0813,225.0,0.02250,12.0787,290.0,0.02900,12.0813,52.5,0.00525,12.0813,-5.0,-0.00050,12.0813,-7.5,-0.00075,12.0787,-7.5,-0.00075,12.0800,-5.0,-0.00050,12.0800,-5.0,-0.00050,12.0800,-5.0,-0.00050,12.0813,-7.5,-0.00075,3.40
7,576261,1,0,2.26,0.0,0.0,0.0,0.0,9.1350,140.0,0.14000,12.0787,57.5,0.05750,12.0800,1187.5,0.03598,5.0812,695.0,0.06950,12.0813,225.0,0.02250,12.0787,290.0,0.02900,12.0813,52.5,0.00525,12.0813,-5.0,-0.00050,12.0825,-7.5,-0.00075,12.0787,-7.5,-0.00075,12.0800,-5.0,-0.00050,12.0800,-5.0,-0.00050,12.0800,-5.0,-0.00050,12.0813,-7.5,-0.00075,3.76
7,576618,1,0,2.56,0.0,0.0,0.0,0.0,9.1350,140.0,0.14000,12.0787,57.5,0.05750,12.0800,1187.5,0.03598,5.0812,695.0,0.06950,12.0813,225.0,0.02250,12.0787,290.0,0.02900,12.0813,52.5,0.00525,12.0813,-5.0,-0.00050,12.0813,-7.5,-0.00075,12.0787,-7.5,-0.00075,12.0800,-5.0,-0.00050,12.0800,-5.0,-0.00050,12.0800,-5.0,-0.00050,12.0813,-7.5,-0.00075,4.09
7,576954,1,0,2.84,0.0,0.0,0.0,0.0,9.1362,140.0,0.14000,12.0787,60.0,0.06000,12.0787,1187.5,0.03598,5.0812,695.0,0.06950,12.0800,225.0,0.02250,12.0787,290.0,0.02900,12.0813,52.5,0.00525,12.0813,-5.0,-0.00050,12.0813,-7.5,-0.00075,12.0787,-7.5,-0.00075,12.0800,-5.0,-0.00050,12.0800,-5.0,-0.00050,12.0800,-5.0,-0.00050,12.0813,-7.5,-0.00075,4.43
7,577290,1,0,3.12,0.0,0.0,0.0,0.0,9.1350,140.0,0.14000,12.0787,60.0,0.06000,12.0800,1185.0,0.03591,5.0812,695.0,0.06950,12.0813,225.0,0.02250,12.0787,290.0,0.02900,12.0813,52.5,0.00525,12.0813,-5.0,-0.00050,12.0813,-7.5,-0.00075,12.0787,-7.5,-0.00075,12.0800,-5.0,-0.00050,12.0800,-5.0,-0.00050,12.0800,-5.0,-0.00050,12.0813,-7.5,-0.00075,4.79
7,577626,1,0,3.40,0.0,0.0,0.0,0.0,9.1350,140.0,0.14000,12.0787,57.5,0.05750,12.0800,1187.5,0.03598,5.0812,695.0,0.06950,12.0813,225.0,0.02250,12.0787,290.0,0.02900,12.0813,52.5,0.00525,12.0813,-5.0,-0.00050,12.0825,-7.5,-0.00075,12.0787,-7.5,-0.00075,12.0800,-5.0,-0.00050,12.0800,-5.0,-0.00050,12.0800,-5.0,-0.00050,12.0813,-7.5,-0.00075,5.10
7,577962,1,0,3.68,0.0,0.0,0.0,0.0,9.1362,140.0,0.14000,12.0787,60.0,0.06000,12.0787,1187.5,0.03598,5.0812,695.0,0.06950,12.0800,225.0,0.02250,12.0787,290.0,0.02900,12.0813,52.5,0.00525,12.0813,-5.0,-0.00050,12.0813,-7.5,-0.00075,12.0787,-7.5,-0.00075,12.0800,-5.0,-0.00050,12.0800,-5.0,-0.00050,12.0800,-5.0,-0.00050,12.0813,-7.5,-0.00075,5.44
7,578297,1,0,3.96,0.0,0.0,0.0,0.0,9.1350,140.0,0.14000,12.0787,60.0,0.06000,12.0787,1187.5,0.03598,5.0812,695.0,0.06950,12.0813,225.0,0.02250,12.0787,290.0,0.02900,12.0813,52.5,0.00525,12.0813,-5.0,-0.00050,12.0825,-7.5,-0.00075,12.0787,-7.5,-0.00075,12.0800,-5.0,-0.00050,12.0800,-5.0,-0.00050,12.0800,-5.0,-0.00050,12.0813,-7.5,-0.00075,5.79
7,578653,1,0,4.26,0.0,0.0,0.0,0.0,9.1362,140.0,0.14000,12.0787,60.0,0.06000,12.0800,1187.5,0.03598,5.0812,695.0,0.06950,12.0813,227.5,0.02275,12.0787,290.0,0.02900,12.0813,52.5,0.00525,12.0813,-5.0,-0.00050,12.0825,-7.5,-0.00075,12.0787,-7.5,-0.00075,12.0800,-5.0,-0.00050,12.0800,-5.0,-0.00050,12.0800,-5.0,-0.00050,12.0813,-7.5,-0.00075,6.13
7,578990,1,0,4.54,0.0,0.0,0.0,0.0,9.1350,140.0,0.14000,12.0787,57.5,0.05750,12.0800,1190.0,0.03606,5.0812,695.0,0.06950,12.0813,225.0,0.02250,12.0787,290.0,0.02900,12.0813,52.5,0.00525,12.0813,-5.0,-0.00050,12.0825,-7.5,-0.00075,12.0787,-7.5,-0.00075,12.0800,-5.0,-0.00050,12.0800,-5.0,-0.00050,12.0800,-5.0,-0.00050,12.0813,-7.5,-0.00075,6.47
7,579326,1,0,4.82,0.0,0.0,0.0,0.0,9.1350,140.0,0.14000,12.0787,60.0,0.06000,12.0787,1187.5,0.03598,5.0812,695.0,0.06950,12.0800,225.0,0.02250,12.0787,290.0,0.02900,12.0813,52.5,0.00525,12.0813,-5.0,-0.00050,12.0813,-7.5,-0.00075,12.0787,-7.5,-0.00075,12.0800,-5.0,-0.00050,12.0800,-5.0,-0.00050,12.0800,-5.0,-0.00050,12.0813,-7.5,-0.00075,6.81
7,579661,1,0,5.10,0.0,0.0,0.0,0.0,9.1362,140.0,0.14000,12.0787,57.5,0.05750,12.0787,1187.5,0.03598,5.0812,695.0,0.06950,12.0800,225.0,0.02250,12.0787,287.5,0.02875,12.0813,50.0,0.00500,12.0813,-5.0,-0.00050,12.0813,-7.5,-0.00075,12.0787,-7.5,-0.00075,12.0787,-5.0,-0.00050,12.0800,-5.0,-0.00050,12.0800,-5.0,-0.00050,12.0813,-7.5,-0.00075,7.14
7,579996,1,0,5.38,0.0,0.0,0.0,0.0,9.1350,140.0,0.14000,12.0787,60.0,0.06000,12.0787,1187.5,0.03598,5.0812,695.0,0.06950,12.0800,227.5,0.02275,12.0787,290.0,0.02900,12.0813,52.5,0.00525,12.0800,-5.0,-0.00050,12.0813,-7.5,-0.00075,12.0775,-7.5,-0.00075,12.0787,-5.0,-0.00050,12.0800,-5.0,-0.00050,12.0800,-5.0,-0.00050,12.0800,-7.5,-0.00075,7.47
7,580332,1,0,5.66,0.0,0.0,0.0,0.0,9.1350,140.0,0.14000,12.0787,60.0,0.06000,12.0787,1190.0,0.03606,5.0812,697.5,0.06975,12.0800,232.5,0.02325,12.0787,292.5,0.02925,12.0813,52.5,0.00525,12.0813,-5.0,-0.00050,12.0813,-7.5,-0.00075,12.0787,-7.5,-0.00075,12.0800,-5.0,-0.00050,12.0800,-5.0,-0.00050,12.0800,-5.0,-0.00050,12.0813,-7.5,-0.00075,7.83
7,580689,1,0,5.95,0.0,0.0,0.0,0.0,9.0112,1142.5,1.14250,12.0687,790.0,0.79000,12.0700,1190.0,0.03606,5.0812,695.0,0.06950,12.0625,3600.0,0.36000,12.0600,3702.5,0.37025,12.0675,52.5,0.00525,12.0675,-5.0,-0.00050,12.0700,-7.5,-0.00075,12.0662,-7.5,-0.00075,12.0675,-5.0,-0.00050,12.0675,-5.0,-0.00050,12.0687,-5.0,-0.00050,12.0700,-7.5,-0.00075,8.17
7,581025,1,0,6.23,0.0,0.0,0.0,0.0,8.9963,1265.0,1.26500,12.0837,860.0,0.86000,12.0850,1187.5,0.03598,5.0812,697.5,0.06975,12.0763,4047.5,0.40475,12.0737,4030.0,0.40300,12.0825,55.0,0.00550,12.0825,-5.0,-0.00050,12.0837,-7.5,-0.00075,12.0800,-7.5,-0.00075,12.0813,-5.0,-0.00050,12.0825,-5.0,-0.00050,12.0825,-5.0,-0.00050,12.0837,-7.5,-0.00075,8.51
7,581361,1,0,6.51,305.7,330.9,0.0,0.0,9.0425,885.0,0.88500,12.0775,605.0,0.60500,12.0787,1192.5,0.03614,5.0812,697.5,0.06975,12.0737,2285.0,0.22850,12.0725,2485.0,0.24850,12.0763,857.5,0.08575,12.0775,-5.0,-0.00050,12.0787,-7.5,-0.00075,12.0750,-7.5,-0.00075,12.0763,-5.0,-0.00050,12.0763,-5.0,-0.00050,12.0775,-5.0,-0.00050,12.0775,-7.5,-0.00075,8.84
7,581697,1,0,6.79,368.5,523.7,0.0,0.0,9.0413,900.0,0.90000,12.0763,610.0,0.61000,12.0763,1187.5,0.03598,5.0812,697.5,0.06975,12.0725,1930.0,0.19300,12.0687,2675.0,0.26750,12.0737,1090.0,0.10900,12.0750,-5.0,-0.00050,12.0763,-7.5,-0.00075,12.0737,-7.5,-0.00075,12.0750,-5.0,-0.00050,12.0763,-5.0,-0.00050,12.0763,-5.0,-0.00050,12.0775,-7.5,-0.00075,9.17
7,582033,1,0,7.07,435.2,612.6,294.1,0.0,9.0512,822.5,0.82250,12.0787,557.5,0.55750,12.0800,1187.5,0.03598,5.0812,697.5,0.06975,12.0763,1775.0,0.17750,12.0737,2905.0,0.29050,12.0787,510.0,0.05100,12.0800,-5.0,-0.00050,12.0813,-7.5,-0.00075,12.0763,-7.5,-0.00075,12.0775,-5.0,-0.00050,12.0787,-5.0,-0.00050,12.0787,-5.0,-0.00050,12.0800,-7.5,-0.00075,9.51
7,582369,1,0,7.35,743.2,913.3,372.3,0.0,9.0662,695.0,0.69500,12.0787,467.5,0.46750,12.0800,1187.5,0.03598,5.0812,697.5,0.06975,12.0763,1580.0,0.15800,12.0737,2280.0,0.22800,12.0787,497.5,0.04975,12.0787,-5.0,-0.00050,12.0800,-7.5,-0.00075,12.0763,-7.5,-0.00075,12.0775,-5.0,-0.00050,12.0775,-5.0,-0.00050,12.0787,-5.0,-0.00050,12.0800,-7.5,-0.00075,9.86
7,582726,1,0,7.65,541.9,667.0,445.5,0.0,9.0775,610.0,0.61000,12.0787,402.5,0.40250,12.0800,1192.5,0.03614,5.0812,697.5,0.06975,12.0775,1400.0,0.14000,12.0750,1900.0,0.19000,12.0787,467.5,0.04675,12.0800,-5.0,-0.00050,12.0800,-7.5,-0.00075,12.0763,-7.5,-0.00075,12.0775,-5.0,-0.00050,12.0787,-5.0,-0.00050,12.0787,-5.0,-0.00050,12.0800,-7.5,-0.00075,10.20
7,583063,1,0,7.93,576.2,702.5,499.3,0.0,9.0850,552.5,0.55250,12.0787,362.5,0.36250,12.0800,1190.0,0.03606,5.0812,697.5,0.06975,12.0775,1240.0,0.12400,12.0750,1732.5,0.17325,12.0787,417.5,0.04175,12.0787,-5.0,-0.00050,12.0800,-7.5,-0.00075,12.0775,-7.5,-0.00075,12.0787,-5.0,-0.00050,12.0787,-5.0,-0.00050,12.0787,-5.0,-0.00050,12.0800,-7.5,-0.00075,10.54
7,583399,1,0,8.21,603.0,732.4,609.7,0.0,9.0912,495.0,0.49500,12.0787,317.5,0.31750,12.0800,1187.5,0.03598,5.0812,697.5,0.06975,12.0787,1115.0,0.11150,12.0763,1522.5,0.15225,12.0800,370.0,0.03700,12.0800,-5.0,-0.00050,12.0813,-7.5,-0.00075,12.0775,-7.5,-0.00075,12.0787,-5.0,-0.00050,12.0787,-5.0,-0.00050,12.0800,-5.0,-0.00050,12.0813,-7.5,-0.00075,10.88
7,583735,1,0,8.49,622.4,876.4,584.1,0.0,9.0975,447.5,0.44750,12.0787,282.5,0.28250,12.0800,1187.5,0.03598,5.0812,697.5,0.06975,12.0787,975.0,0.09750,12.0763,1362.5,0.13625,12.0800,337.5,0.03375,12.0800,-5.0,-0.00050,12.0813,-7.5,-0.00075,12.0775,-7.5,-0.00075,12.0787,-5.0,-0.00050,12.0787,-5.0,-0.00050,12.0787,-5.0,-0.00050,12.0800,-7.5,-0.00075,11.21
7,584071,1,0,8.77,636.3,809.5,610.9,0.0,9.1025,407.5,0.40750,12.0787,252.5,0.25250,12.0800,1190.0,0.03606,5.0812,697.5,0.06975,12.0787,875.0,0.08750,12.0763,1215.0,0.12150,12.0800,295.0,0.02950,12.0800,-5.0,-0.00050,12.0813,-7.5,-0.00075,12.0775,-7.5,-0.00075,12.0787,-5.0,-0.00050,12.0787,-5.0,-0.00050,12.0800,-5.0,-0.00050,12.0813,-7.5,-0.00075,11.55
7,584408,1,0,9.05,643.2,1152.5,735.3,0.0,9.1075,367.5,0.36750,12.0787,225.0,0.22500,12.0800,1192.5,0.03614,5.0812,697.5,0.06975,12.0787,775.0,0.07750,12.0763,1087.5,0.10875,12.0800,265.0,0.02650,12.0800,-5.0,-0.00050,12.0813,-7.5,-0.00075,12.0775,-7.5,-0.00075,12.0787,-5.0,-0.00050,12.0787,-5.0,-0.00050,12.0800,-5.0,-0.00050,12.0800,-7.5,-0.00075,11.90
7,584765,1,0,9.35,775.6,640.1,772.4,0.0,9.1125,330.0,0.33000,12.0787,195.0,0.19500,12.0787,1190.0,0.03606,5.0812,697.5,0.06975,12.0787,685.0,0.06850,12.0775,960.0,0.09600,12.0800,235.0,0.02350,12.0800,-5.0,-0.00050,12.0813,-7.5,-0.00075,12.0775,-7.5,-0.00075,12.0787,-5.0,-0.00050,12.0787,-5.0,-0.00050,12.0800,-5.0,-0.00050,12.0813,-7.5,-0.00075,12.24
7,585101,1,0,9.63,774.2,925.3,652.3,0.0,9.1150,302.5,0.30250,12.0787,177.5,0.17750,12.0800,1190.0,0.03606,5.0812,697.5,0.06975,12.0800,610.0,0.06100,12.0775,860.0,0.08600,12.0800,210.0,0.02100,12.0800,-5.0,-0.00050,12.0813,-7.5,-0.00075,12.0775,-7.5,-0.00075,12.0787,-5.0,-0.00050,12.0787,-5.0,-0.00050,12.0800,-5.0,-0.00050,12.0800,-7.5,-0.00075,12.58
7,585437,1,0,9.91,895.2,686.8,655.5,0.0,9.1187,280.0,0.28000,12.0787,160.0,0.16000,12.0800,1192.5,0.03614,5.0812,697.5,0.06975,12.0800,562.5,0.05625,12.0775,770.0,0.07700,12.0800,182.5,0.01825,12.0800,-5.0,-0.00050,12.0813,-7.5,-0.00075,12.0775,-7.5,-0.00075,12.0787,-5.0,-0.00050,12.0800,-5.0,-0.00050,12.0800,-5.0,-0.00050,12.0813,-7.5,-0.00075,12.92
7,585774,1,0,10.19,737.0,791.0,781.6,0.0,9.1200,265.0,0.26500,12.0787,150.0,0.15000,12.0787,1187.5,0.03598,5.0812,697.5,0.06975,12.0800,532.5,0.05325,12.0775,725.0,0.07250,12.0800,170.0,0.01700,12.0800,-5.0,-0.00050,12.0813,-7.5,-0.00075,12.0787,-7.5,-0.00075,12.0787,-5.0,-0.00050,12.0800,-5.0,-0.00050,12.0800,-5.0,-0.00050,12.0813,-7.5,-0.00075,13.25
7,586110,1,0,10.47,622.8,857.5,823.5,0.0,9.1213,252.5,0.25250,12.0787,140.0,0.14000,12.0787,1190.0,0.03606,5.0812,697.5,0.06975,12.0800,510.0,0.05100,12.0775,685.0,0.06850,12.0800,150.0,0.01500,12.0800,-5.0,-0.00050,12.0813,-7.5,-0.00075,12.0775,-7.5,-0.00075,12.0787,-5.0,-0.00050,12.0787,-5.0,-0.00050,12.0800,-5.0,-0.00050,12.0800,-7.5,-0.00075,13.59
7,586446,1,0,10.75,613.9,878.2,639.3,0.0,9.1225,247.5,0.24750,12.0787,137.5,0.13750,12.0787,1187.5,0.03598,5.0812,697.5,0.06975,12.0800,497.5,0.04975,12.0775,660.0,0.06600,12.0800,142.5,0.01425,12.0800,-5.0,-0.00050,12.0813,-7.5,-0.00075,12.0775,-7.5,-0.00075,12.0787,-5.0,-0.00050,12.0787,-5.0,-0.00050,12.0800,-5.0,-0.00050,12.0800,-7.5,-0.00075,13.94
7,586803,1,0,11.05,602.5,712.3,628.9,0.0,9.1237,240.0,0.24000,12.0787,132.5,0.13250,12.0787,1187.5,0.03598,5.0812,697.5,0.06975,12.0800,502.5,0.05025,12.0775,642.5,0.06425,12.0800,135.0,0.01350,12.0800,-5.0,-0.00050,12.0813,-7.5,-0.00075,12.0775,-7.5,-0.00075,12.0787,-5.0,-0.00050,12.0787,-5.0,-0.00050,12.0800,-5.0,-0.00050,12.0800,-7.5,-0.00075,14.29
7,587140,1,0,11.33,713.3,585.4,744.8,0.0,9.1225,242.5,0.24250,12.0787,135.0,0.13500,12.0787,1190.0,0.03606,5.0812,697.5,0.06975,12.0800,507.5,0.05075,12.0775,645.0,0.06450,12.0800,130.0,0.01300,12.0800,-5.0,-0.00050,12.0813,-7.5,-0.00075,12.0775,-7.5,-0.00075,12.0787,-5.0,-0.00050,12.0787,-5.0,-0.00050,12.0800,-5.0,-0.00050,12.0800,-7.5,-0.00075,14.63
7,587476,1,0,11.61,585.4,694.1,851.2,0.0,9.1225,247.5,0.24750,12.0787,137.5,0.13750,12.0787,1185.0,0.03591,5.0812,697.5,0.06975,12.0800,525.0,0.05250,12.0775,655.0,0.06550,12.0800,125.0,0.01250,12.0800,-5.0,-0.00050,12.0813,-7.5,-0.00075,12.0775,-7.5,-0.00075,12.0787,-5.0,-0.00050,12.0787,-5.0,-0.00050,12.0800,-5.0,-0.00050,12.0800,-7.5,-0.00075,14.96
7,587812,1,0,11.89,578.8,715.8,600.5,0.0,9.1213,252.5,0.25250,12.0787,142.5,0.14250,12.0787,1190.0,0.03606,5.0812,697.5,0.06975,12.0787,540.0,0.05400,12.0775,680.0,0.06800,12.0800,132.5,0.01325,12.0800,-5.0,-0.00050,12.0813,-7.5,-0.00075,12.0775,-7.5,-0.00075,12.0787,-5.0,-0.00050,12.0787,-5.0,-0.00050,12.0787,-5.0,-0.00050,12.0800,-7.5,-0.00075,15.29
7,588148,1,0,12.17,573.9,908.5,658.1,0.0,9.1213,257.5,0.25750,12.0787,145.0,0.14500,12.0787,1190.0,0.03606,5.0812,697.5,0.06975,12.0787,567.5,0.05675,12.0775,695.0,0.06950,12.0800,135.0,0.01350,12.0800,-5.0,-0.00050,12.0813,-7.5,-0.00075,12.0775,-7.5,-0.00075,12.0787,-5.0,-0.00050,12.0787,-5.0,-0.00050,12.0800,-5.0,-0.00050,12.0800,-7.5,-0.00075,15.63
7,588485,1,0,12.45,569.5,752.8,701.5,0.0,9.1213,262.5,0.26250,12.0787,150.0,0.15000,12.0800,1185.0,0.03591,5.0812,697.5,0.06975,12.0800,580.0,0.05800,12.0775,705.0,0.07050,12.0800,137.5,0.01375,12.0800,-5.0,-0.00050,12.0813,-7.5,-0.00075,12.0775,-7.5,-0.00075,12.0787,-5.0,-0.00050,12.0787,-5.0,-0.00050,12.0787,-5.0,-0.00050,12.0800,-7.5,-0.00075,15.98
7,588842,1,0,12.75,566.5,787.6,580.2,0.0,9.1187,275.0,0.27500,12.0787,157.5,0.15750,12.0787,1190.0,0.03606,5.0812,697.5,0.06975,12.0787,610.0,0.06100,12.0763,745.0,0.07450,12.0800,142.5,0.01425,12.0800,-5.0,-0.00050,12.0800,-7.5,-0.00075,12.0775,-7.5,-0.00075,12.0787,-5.0,-0.00050,12.0787,-5.0,-0.00050,12.0800,-5.0,-0.00050,12.0800,-7.5,-0.00075,16.32
7,589178,1,0,13.03,629.4,787.5,575.6,0.0,9.1175,285.0,0.28500,12.0787,165.0,0.16500,12.0787,1187.5,0.03598,5.0812,697.5,0.06975,12.0787,645.0,0.06450,12.0775,780.0,0.07800,12.0800,150.0,0.01500,12.0800,-5.0,-0.00050,12.0813,-7.5,-0.00075,12.0775,-7.5,-0.00075,12.0787,-5.0,-0.00050,12.0787,-5.0,-0.00050,12.0787,-5.0,-0.00050,12.0800,-7.5,-0.00075,16.66
7,589514,1,0,13.31,567.9,705.2,686.8,0.0,9.1163,295.0,0.29500,12.0787,170.0,0.17000,12.0787,1187.5,0.03598,5.0812,697.5,0.06975,12.0787,660.0,0.06600,12.0775,805.0,0.08050,12.0800,157.5,0.01575,12.0800,-5.0,-0.00050,12.0813,-7.5,-0.00075,12.0775,-7.5,-0.00075,12.0787,-5.0,-0.00050,12.0787,-5.0,-0.00050,12.0800,-5.0,-0.00050,12.0800,-7.5,-0.00075,17.00
7,589851,1,0,13.59,569.8,679.7,573.2,0.0,9.1163,300.0,0.30000,12.0787,175.0,0.17500,12.0787,1190.0,0.03606,5.0812,697.5,0.06975,12.0787,677.5,0.06775,12.0763,832.5,0.08325,12.0800,160.0,0.01600,12.0800,-5.0,-0.00050,12.0813,-7.5,-0.00075,12.0775,-7.5,-0.00075,12.0787,-5.0,-0.00050,12.0787,-5.0,-0.00050,12.0787,-5.0,-0.00050,12.0800,-7.5,-0.00075,17.34
7,590187,1,0,13.87,715.6,855.2,806.2,0.0,9.1150,307.5,0.30750,12.0787,182.5,0.18250,12.0787,1190.0,0.03606,5.0812,697.5,0.06975,12.0787,690.0,0.06900,12.0763,852.5,0.08525,12.0800,165.0,0.01650,12.0800,-5.0,-0.00050,12.0813,-7.5,-0.00075,12.0775,-7.5,-0.00075,12.0787,-5.0,-0.00050,12.0787,-5.0,-0.00050,12.0787,-5.0,-0.00050,12.0800,-7.5,-0.00075,17.67
7,590523,1,0,14.15,576.3,804.8,578.0,0.0,9.1137,317.5,0.31750,12.0775,187.5,0.18750,12.0787,1190.0,0.03606,5.0812,697.5,0.06975,12.0787,720.0,0.07200,12.0763,882.5,0.08825,12.0800,170.0,0.01700,12.0800,-5.0,-0.00050,12.0813,-7.5,-0.00075,12.0775,-7.5,-0.00075,12.0787,-5.0,-0.00050,12.0787,-5.0,-0.00050,12.0787,-5.0,-0.00050,12.0800,-7.5,-0.00075,18.03
7,590880,1,0,14.45,582.1,724.4,580.3,0.0,9.1125,325.0,0.32500,12.0787,192.5,0.19250,12.0787,1192.5,0.03614,5.0812,697.5,0.06975,12.0787,745.0,0.07450,12.0763,917.5,0.09175,12.0800,182.5,0.01825,12.0787,-5.0,-0.00050,12.0800,-7.5,-0.00075,12.0775,-7.5,-0.00075,12.0787,-5.0,-0.00050,12.0787,-5.0,-0.00050,12.0787,-5.0,-0.00050,12.0800,-7.5,-0.00075,18.37
7,591217,1,0,14.73,586.9,702.5,650.5,0.0,9.1125,330.0,0.33000,12.0787,197.5,0.19750,12.0787,1190.0,0.03606,5.0812,697.5,0.06975,12.0787,747.5,0.07475,12.0763,932.5,0.09325,12.0800,185.0,0.01850,12.0800,-5.0,-0.00050,12.0813,-7.5,-0.00075,12.0775,-7.5,-0.00075,12.0787,-5.0,-0.00050,12.0787,-5.0,-0.00050,12.0787,-5.0,-0.00050,12.0800,-7.5,-0.00075,18.70
7,591553,1,0,15.01,754.3,710.6,591.8,0.0,9.1112,337.5,0.33750,12.0775,205.0,0.20500,12.0787,1190.0,0.03606,5.0812,697.5,0.06975,12.0787,772.5,0.07725,12.0763,965.0,0.09650,12.0800,190.0,0.01900,12.0800,-5.0,-0.00050,12.0813,-7.5,-0.00075,12.0775,-7.5,-0.00075,12.0787,-5.0,-0.00050,12.0787,-5.0,-0.00050,12.0787,-5.0,-0.00050,12.0800,-7.5,-0.00075,19.03
7,591889,1,0,15.29,599.6,652.8,715.6,0.0,9.1112,337.5,0.33750,12.0787,202.5,0.20250,12.0787,1190.0,0.03606,5.0812,697.5,0.06975,12.0787,782.5,0.07825,12.0763,957.5,0.09575,12.0800,192.5,0.01925,12.0800,-5.0,-0.00050,12.0813,-7.5,-0.00075,12.0775,-7.5,-0.00075,12.0787,-5.0,-0.00050,12.0787,-5.0,-0.00050,12.0800,-5.0,-0.00050,12.0800,-7.5,-0.00075,19.38
7,592225,1,0,15.57,605.4,604.0,724.9,0.0,9.1100,345.0,0.34500,12.0787,210.0,0.21000,12.0787,1190.0,0.03606,5.0812,697.5,0.06975,12.0800,785.0,0.07850,12.0763,985.0,0.09850,12.0800,195.0,0.01950,12.0800,-5.0,-0.00050,12.0813,-7.5,-0.00075,12.0775,-7.5,-0.00075,12.0787,-5.0,-0.00050,12.0787,-5.0,-0.00050,12.0787,-5.0,-0.00050,12.0800,-7.5,-0.00075,19.71
7,592562,1,0,15.85,611.5,733.4,730.6,0.0,9.1100,347.5,0.34750,12.0787,210.0,0.21000,12.0787,1190.0,0.03606,5.0812,697.5,0.06975,12.0787,795.0,0.07950,12.0763,990.0,0.09900,12.0800,195.0,0.01950,12.0800,-5.0,-0.00050,12.0800,-7.5,-0.00075,12.0775,-7.5,-0.00075,12.0787,-5.0,-0.00050,12.0787,-5.0,-0.00050,12.0800,-5.0,-0.00050,12.0800,-7.5,-0.00075,20.06
7,592919,1,0,16.15,742.9,616.8,615.9,0.0,9.1100,350.0,0.35000,12.0787,212.5,0.21250,12.0787,1192.5,0.03614,5.0812,697.5,0.06975,12.0787,817.5,0.08175,12.0763,1000.0,0.10000,12.0800,210.0,0.02100,12.0800,-5.0,-0.00050,12.0813,-7.5,-0.00075,12.0775,-7.5,-0.00075,12.0787,-5.0,-0.00050,12.0787,-5.0,-0.00050,12.0787,-5.0,-0.00050,12.0800,-7.5,-0.00075,20.40
7,593255,1,0,16.43,682.6,872.5,745.4,0.0,9.1100,350.0,0.35000,12.0787,212.5,0.21250,12.0800,1192.5,0.03614,5.0812,697.5,0.06975,12.0787,805.0,0.08050,12.0763,997.5,0.09975,12.0800,207.5,0.02075,12.0800,-5.0,-0.00050,12.0813,-7.5,-0.00075,12.0775,-7.5,-0.00075,12.0787,-5.0,-0.00050,12.0787,-5.0,-0.00050,12.0787,-5.0,-0.00050,12.0800,-7.5,-0.00075,20.73
7,593591,1,0,16.71,1010.8,754.9,629.1,0.0,9.1087,357.5,0.35750,12.0787,217.5,0.21750,12.0800,1190.0,0.03606,5.0812,697.5,0.06975,12.0787,830.0,0.08300,12.0763,1025.0,0.10250,12.0800,205.0,0.02050,12.0800,-5.0,-0.00050,12.0813,-7.5,-0.00075,12.0775,-7.5,-0.00075,12.0787,-5.0,-0.00050,12.0787,-5.0,-0.00050,12.0787,-5.0,-0.00050,12.0800,-7.5,-0.00075,21.06
7,593928,1,0,16.99,696.6,890.0,690.2,0.0,9.1087,360.0,0.36000,12.0787,217.5,0.21750,12.0787,1192.5,0.03614,5.0812,697.5,0.06975,12.0787,830.0,0.08300,12.0763,1025.0,0.10250,12.0800,212.5,0.02125,12.0800,-5.0,-0.00050,12.0813,-7.5,-0.00075,12.0775,-7.5,-0.00075,12.0787,-5.0,-0.00050,12.0787,-5.0,-0.00050,12.0787,-5.0,-0.00050,12.0800,-7.5,-0.00075,21.40
7,594264,1,0,17.27,644.6,856.1,769.5,0.0,9.1075,365.0,0.36500,12.0787,222.5,0.22250,12.0787,1192.5,0.03614,5.0812,697.5,0.06975,12.0787,847.5,0.08475,12.0763,1055.0,0.10550,12.0800,217.5,0.02175,12.0800,-5.0,-0.00050,12.0813,-7.5,-0.00075,12.0775,-7.5,-0.00075,12.0787,-5.0,-0.00050,12.0787,-5.0,-0.00050,12.0787,-5.0,-0.00050,12.0800,-7.5,-0.00075,21.74
7,594600,1,0,17.55,651.3,824.4,904.1,0.0,9.1075,365.0,0.36500,12.0775,222.5,0.22250,12.0787,1190.0,0.03606,5.0812,697.5,0.06975,12.0787,835.0,0.08350,12.0763,1047.5,0.10475,12.0800,217.5,0.02175,12.0800,-5.0,-0.00050,12.0813,-7.5,-0.00075,12.0775,-7.5,-0.00075,12.0787,-5.0,-0.00050,12.0787,-5.0,-0.00050,12.0787,-5.0,-0.00050,12.0800,-7.5,-0.00075,22.09
7,594957,1,0,17.84,657.5,872.4,652.5,0.0,9.1075,372.5,0.37250,12.0787,225.0,0.22500,12.0787,1190.0,0.03606,5.0812,697.5,0.06975,12.0787,865.0,0.08650,12.0763,1070.0,0.10700,12.0800,212.5,0.02125,12.0800,-5.0,-0.00050,12.0800,-7.5,-0.00075,12.0775,-7.5,-0.00075,12.0787,-5.0,-0.00050,12.0787,-5.0,-0.00050,12.0800,-5.0,-0.00050,12.0800,-7.5,-0.00075,22.43
7,595294,1,0,18.12,885.1,720.8,659.6,0.0,9.1075,367.5,0.36750,12.0787,222.5,0.22250,12.0787,1190.0,0.03606,5.0812,697.5,0.06975,12.0787,860.0,0.08600,12.0763,1052.5,0.10525,12.0800,217.5,0.02175,12.0800,-5.0,-0.00050,12.0800,-7.5,-0.00075,12.0775,-7.5,-0.00075,12.0787,-5.0,-0.00050,12.0787,-5.0,-0.00050,12.0787,-5.0,-0.00050,12.0800,-7.5,-0.00075,22.77
7,595630,1,0,18.41,728.9,798.6,664.3,0.0,9.1075,365.0,0.36500,12.0775,225.0,0.22500,12.0787,1190.0,0.03606,5.0812,697.5,0.06975,12.0787,850.0,0.08500,12.0763,1057.5,0.10575,12.0787,220.0,0.02200,12.0800,-5.0,-0.00050,12.0800,-7.5,-0.00075,12.0775,-7.5,-0.00075,12.0775,-5.0,-0.00050,12.0787,-5.0,-0.00050,12.0787,-5.0,-0.00050,12.0800,-7.5,-0.00075,23.10
7,595966,1,0,18.69,673.2,671.7,729.2,0.0,9.1075,375.0,0.37500,12.0787,230.0,0.23000,12.0787,1190.0,0.03606,5.0812,697.5,0.06975,12.0787,877.5,0.08775,12.0763,1080.0,0.10800,12.0787,230.0,0.02300,12.0800,-5.0,-0.00050,12.0813,-7.5,-0.00075,12.0775,-7.5,-0.00075,12.0775,-5.0,-0.00050,12.0787,-5.0,-0.00050,12.0787,-5.0,-0.00050,12.0800,-7.5,-0.00075,23.44
7,596302,1,0,18.97,679.0,790.5,675.2,0.0,9.1075,372.5,0.37250,12.0787,230.0,0.23000,12.0787,1187.5,0.03598,5.0812,700.0,0.07000,12.0787,877.5,0.08775,12.0763,1080.0,0.10800,12.0800,230.0,0.02300,12.0787,-5.0,-0.00050,12.0800,-7.5,-0.00075,12.0775,-7.5,-0.00075,12.0787,-5.0,-0.00050,12.0787,-5.0,-0.00050,12.0787,-5.0,-0.00050,12.0800,-7.5,-0.00075,23.79
7,596639,1,0,19.25,684.2,819.5,954.6,0.0,9.1050,387.5,0.38750,12.0775,240.0,0.24000,12.0787,1192.5,0.03614,5.0812,697.5,0.06975,12.0787,905.0,0.09050,12.0750,1117.5,0.11175,12.0787,230.0,0.02300,12.0787,-5.0,-0.00050,12.0800,-7.5,-0.00075,12.0763,-7.5,-0.00075,12.0787,-5.0,-0.00050,12.0787,-5.0,-0.00050,12.0787,-5.0,-0.00050,12.0800,-7.5,-0.00075,24.13
7,596996,1,0,19.54,691.5,826.7,801.7,0.0,9.1050,385.0,0.38500,12.0775,237.5,0.23750,12.0787,1187.5,0.03598,5.0812,697.5,0.06975,12.0787,902.5,0.09025,12.0763,1112.5,0.11125,12.0800,225.0,0.02250,12.0800,-5.0,-0.00050,12.0813,-7.5,-0.00075,12.0775,-7.5,-0.00075,12.0787,-5.0,-0.00050,12.0787,-5.0,-0.00050,12.0787,-5.0,-0.00050,12.0800,-7.5,-0.00075,24.47
7,597332,1,0,19.82,696.8,854.3,694.2,0.0,9.1050,392.5,0.39250,12.0787,242.5,0.24250,12.0787,1190.0,0.03606,5.0812,697.5,0.06975,12.0787,917.5,0.09175,12.0763,1130.0,0.11300,12.0800,242.5,0.02425,12.0787,-5.0,-0.00050,12.0800,-7.5,-0.00075,12.0775,-7.5,-0.00075,12.0787,-5.0,-0.00050,12.0787,-5.0,-0.00050,12.0787,-5.0,-0.00050,12.0800,-7.5,-0.00075,24.81
7,597668,1,0,20.10,702.8,933.1,932.0,0.0,9.1050,392.5,0.39250,12.0787,242.5,0.24250,12.0787,1192.5,0.03614,5.0812,697.5,0.06975,12.0787,917.5,0.09175,12.0763,1132.5,0.11325,12.0800,240.0,0.02400,12.0800,-5.0,-0.00050,12.0813,-7.5,-0.00075,12.0775,-7.5,-0.00075,12.0787,-5.0,-0.00050,12.0787,-5.0,-0.00050,12.0787,-5.0,-0.00050,12.0800,-7.5,-0.00075,25.14
7,598005,1,0,20.38,708.9,705.8,822.7,0.0,9.1038,405.0,0.40500,12.0775,250.0,0.25000,12.0787,1187.5,0.03598,5.0812,697.5,0.06975,12.0787,945.0,0.09450,12.0763,1180.0,0.11800,12.0800,242.5,0.02425,12.0787,-5.0,-0.00050,12.0800,-7.5,-0.00075,12.0775,-7.5,-0.00075,12.0787,-5.0,-0.00050,12.0787,-5.0,-0.00050,12.0787,-5.0,-0.00050,12.0800,-7.5,-0.00075,25.48
7,598341,1,0,20.66,715.0,1094.9,829.6,0.0,9.1050,395.0,0.39500,12.0787,245.0,0.24500,12.0787,1190.0,0.03606,5.0812,697.5,0.06975,12.0787,917.5,0.09175,12.0763,1142.5,0.11425,12.0800,242.5,0.02425,12.0800,-5.0,-0.00050,12.0813,-7.5,-0.00075,12.0775,-7.5,-0.00075,12.0787,-5.0,-0.00050,12.0787,-5.0,-0.00050,12.0787,-5.0,-0.00050,12.0800,-7.5,-0.00075,25.82
7,598677,1,0,20.94,841.2,837.0,716.8,0.0,9.1025,407.5,0.40750,12.0775,252.5,0.25250,12.0787,1187.5,0.03598,5.0812,697.5,0.06975,12.0787,955.0,0.09550,12.0750,1182.5,0.11825,12.0800,242.5,0.02425,12.0800,-5.0,-0.00050,12.0800,-7.5,-0.00075,12.0775,-7.5,-0.00075,12.0787,-5.0,-0.00050,12.0787,-5.0,-0.00050,12.0787,-5.0,-0.00050,12.0800,-7.5,-0.00075,26.17
7,599034,1,0,21.24,970.5,724.1,842.7,0.0,9.1025,405.0,0.40500,12.0787,252.5,0.25250,12.0800,1190.0,0.03606,5.0812,697.5,0.06975,12.0787,955.0,0.09550,12.0763,1177.5,0.11775,12.0800,250.0,0.02500,12.0800,-5.0,-0.00050,12.0813,-7.5,-0.00075,12.0775,-7.5,-0.00075,12.0787,-5.0,-0.00050,12.0787,-5.0,-0.00050,12.0787,-5.0,-0.00050,12.0800,-7.5,-0.00075,26.51
7,599371,1,0,21.52,856.2,852.2,1007.7,0.0,9.1025,412.5,0.41250,12.0787,257.5,0.25750,12.0787,1190.0,0.03606,5.0812,697.5,0.06975,12.0775,980.0,0.09800,12.0763,1202.5,0.12025,12.0787,260.0,0.02600,12.0787,-5.0,-0.00050,12.0800,-7.5,-0.00075,12.0775,-7.5,-0.00075,12.0787,-5.0,-0.00050,12.0787,-5.0,-0.00050,12.0787,-5.0,-0.00050,12.0800,-7.5,-0.00075,26.85
7,599707,1,0,21.80,739.7,858.4,980.3,0.0,9.1025,415.0,0.41500,12.0775,260.0,0.26000,12.0787,1187.5,0.03598,5.0812,700.0,0.07000,12.0787,970.0,0.09700,12.0763,1215.0,0.12150,12.0800,250.0,0.02500,12.0800,-5.0,-0.00050,12.0813,-7.5,-0.00075,12.0775,-7.5,-0.00075,12.0787,-5.0,-0.00050,12.0787,-5.0,-0.00050,12.0787,-5.0,-0.00050,12.0800,-7.5,-0.00075,27.18
7,600043,1,0,22.08,1146.4,864.7,1111.0,0.0,9.1025,412.5,0.41250,12.0787,257.5,0.25750,12.0787,1190.0,0.03606,5.0812,697.5,0.06975,12.0787,970.0,0.09700,12.0763,1207.5,0.12075,12.0787,255.0,0.02550,12.0800,-5.0,-0.00050,12.0800,-7.5,-0.00075,12.0775,-7.5,-0.00075,12.0787,-5.0,-0.00050,12.0787,-5.0,-0.00050,12.0787,-5.0,-0.00050,12.0800,-7.5,-0.00075,27.52
7,600379,1,0,22.36,749.6,852.5,1067.0,0.0,9.1025,407.5,0.40750,12.0787,252.5,0.25250,12.0787,1190.0,0.03606,5.0812,700.0,0.07000,12.0787,935.0,0.09350,12.0763,1192.5,0.11925,12.0800,260.0,0.02600,12.0800,-5.0,-0.00050,12.0813,-7.5,-0.00075,12.0775,-7.5,-0.00075,12.0787,-5.0,-0.00050,12.0787,-5.0,-0.00050,12.0787,-5.0,-0.00050,12.0800,-7.5,-0.00075,27.85
7,600716,1,0,22.64,877.8,873.7,751.2,0.0,9.1038,397.5,0.39750,12.0775,245.0,0.24500,12.0787,1190.0,0.03606,5.0812,700.0,0.07000,12.0787,915.0,0.09150,12.0763,1162.5,0.11625,12.0800,250.0,0.02500,12.0800,-5.0,-0.00050,12.0813,-7.5,-0.00075,12.0775,-7.5,-0.00075,12.0787,-5.0,-0.00050,12.0787,-5.0,-0.00050,12.0787,-5.0,-0.00050,12.0800,-7.5,-0.00075,28.20
7,601073,1,0,22.94,812.7,809.3,1006.1,0.0,9.1038,400.0,0.40000,12.0775,250.0,0.25000,12.0787,1192.5,0.03614,5.0812,697.5,0.06975,12.0775,932.5,0.09325,12.0750,1177.5,0.11775,12.0787,250.0,0.02500,12.0787,-5.0,-0.00050,12.0800,-7.5,-0.00075,12.0763,-7.5,-0.00075,12.0775,-5.0,-0.00050,12.0787,-5.0,-0.00050,12.0787,-5.0,-0.00050,12.0800,-7.5,-0.00075,28.55
7,601409,1,0,23.22,758.2,1132.1,758.7,0.0,9.1025,417.5,0.41750,12.0775,260.0,0.26000,12.0787,1192.5,0.03614,5.0812,697.5,0.06975,12.0775,992.5,0.09925,12.0750,1230.0,0.12300,12.0787,250.0,0.02500,12.0787,-5.0,-0.00050,12.0800,-7.5,-0.00075,12.0763,-7.5,-0.00075,12.0775,-5.0,-0.00050,12.0787,-5.0,-0.00050,12.0787,-5.0,-0.00050,12.0800,-7.5,-0.00075,28.88
7,601745,1,0,23.50,762.4,1051.8,1014.3,0.0,9.1012,420.0,0.42000,12.0775,262.5,0.26250,12.0787,1190.0,0.03606,5.0812,697.5,0.06975,12.0775,997.5,0.09975,12.0750,1232.5,0.12325,12.0787,255.0,0.02550,12.0787,-5.0,-0.00050,12.0800,-7.5,-0.00075,12.0775,-7.5,-0.00075,12.0787,-5.0,-0.00050,12.0787,-5.0,-0.00050,12.0787,-5.0,-0.00050,12.0800,-7.5,-0.00075,29.22
7,602082,1,0,23.78,766.5,1200.7,871.8,0.0,9.1012,420.0,0.42000,12.0775,262.5,0.26250,12.0787,1192.5,0.03614,5.0812,700.0,0.07000,12.0775,977.5,0.09775,12.0750,1230.0,0.12300,12.0787,255.0,0.02550,12.0787,-5.0,-0.00050,12.0800,-7.5,-0.00075,12.0775,-7.5,-0.00075,12.0787,-5.0,-0.00050,12.0787,-5.0,-0.00050,12.0787,-5.0,-0.00050,12.0800,-7.5,-0.00075,29.56
7,602418,1,0,24.06,992.7,769.2,944.5,0.0,9.1000,435.0,0.43500,12.0775,272.5,0.27250,12.0787,1195.0,0.03621,5.0812,700.0,0.07000,12.0775,1002.5,0.10025,12.0750,1280.0,0.12800,12.0787,270.0,0.02700,12.0787,-5.0,-0.00050,12.0800,-7.5,-0.00075,12.0763,-7.5,-0.00075,12.0775,-5.0,-0.00050,12.0775,-5.0,-0.00050,12.0787,-5.0,-0.00050,12.0800,-7.5,-0.00075,29.89
7,602754,1,0,24.34,906.7,995.5,774.0,0.0,9.1000,432.5,0.43250,12.0787,272.5,0.27250,12.0787,1192.5,0.03614,5.0812,697.5,0.06975,12.0775,1042.5,0.10425,12.0750,1277.5,0.12775,12.0787,267.5,0.02675,12.0800,-5.0,-0.00050,12.0800,-7.5,-0.00075,12.0775,-7.5,-0.00075,12.0775,-5.0,-0.00050,12.0787,-5.0,-0.00050,12.0787,-5.0,-0.00050,12.0800,-7.5,-0.00075,30.24
7,603111,1,0,24.64,895.8,891.1,779.9,0.0,9.0975,452.5,0.45250,12.0775,287.5,0.28750,12.0787,1195.0,0.03621,5.0812,700.0,0.07000,12.0775,1065.0,0.10650,12.0750,1332.5,0.13325,12.0787,287.5,0.02875,12.0787,-5.0,-0.00050,12.0800,-7.5,-0.00075,12.0763,-7.5,-0.00075,12.0775,-5.0,-0.00050,12.0775,-5.0,-0.00050,12.0787,-5.0,-0.00050,12.0800,-7.5,-0.00075,30.59
7,603448,1,0,24.92,790.4,899.3,897.8,0.0,9.0962,457.5,0.45750,12.0775,292.5,0.29250,12.0787,1192.5,0.03614,5.0812,700.0,0.07000,12.0775,1102.5,0.11025,12.0750,1362.5,0.13625,12.0787,277.5,0.02775,12.0787,-5.0,-0.00050,12.0800,-7.5,-0.00075,12.0763,-7.5,-0.00075,12.0775,-5.0,-0.00050,12.0775,-5.0,-0.00050,12.0787,-5.0,-0.00050,12.0800,-7.5,-0.00075,30.92
7,603784,1,0,25.20,930.4,1134.2,904.6,0.0,9.0962,467.5,0.46750,12.0775,297.5,0.29750,12.0787,1190.0,0.03606,5.0812,700.0,0.07000,12.0775,1117.5,0.11175,12.0750,1382.5,0.13825,12.0787,297.5,0.02975,12.0787,-5.0,-0.00050,12.0800,-7.5,-0.00075,12.0763,-7.5,-0.00075,12.0775,-5.0,-0.00050,12.0775,-5.0,-0.00050,12.0787,-5.0,-0.00050,12.0800,-7.5,-0.00075,31.26
7,604120,1,0,25.48,804.1,1258.2,913.3,0.0,9.0962,467.5,0.46750,12.0787,297.5,0.29750,12.0787,1192.5,0.03614,5.0812,700.0,0.07000,12.0775,1107.5,0.11075,12.0750,1385.0,0.13850,12.0787,302.5,0.03025,12.0787,-5.0,-0.00050,12.0800,-7.5,-0.00075,12.0763,-7.5,-0.00075,12.0775,-5.0,-0.00050,12.0787,-5.0,-0.00050,12.0787,-5.0,-0.00050,12.0800,-7.5,-0.00075,31.60
7,604456,1,0,25.76,810.8,923.0,805.0,0.0,9.0937,480.0,0.48000,12.0775,307.5,0.30750,12.0787,1190.0,0.03606,5.0812,697.5,0.06975,12.0775,1145.0,0.11450,12.0750,1432.5,0.14325,12.0787,297.5,0.02975,12.0787,-5.0,-0.00050,12.0800,-7.5,-0.00075,12.0763,-7.5,-0.00075,12.0775,-5.0,-0.00050,12.0775,-5.0,-0.00050,12.0787,-5.0,-0.00050,12.0787,-7.5,-0.00075,31.93
7,604793,1,0,26.04,872.2,1047.2,974.9,0.0,9.0950,470.0,0.47000,12.0775,300.0,0.30000,12.0787,1195.0,0.03621,5.0812,697.5,0.06975,12.0775,1122.5,0.11225,12.0750,1402.5,0.14025,12.0787,302.5,0.03025,12.0787,-5.0,-0.00050,12.0800,-7.5,-0.00075,12.0763,-7.5,-0.00075,12.0775,-5.0,-0.00050,12.0787,-5.0,-0.00050,12.0787,-5.0,-0.00050,12.0800,-7.5,-0.00075,32.28
7,605150,1,0,26.34,1058.4,875.4,934.7,0.0,9.0937,482.5,0.48250,12.0775,310.0,0.31000,12.0787,1192.5,0.03614,5.0812,700.0,0.07000,12.0775,1157.5,0.11575,12.0750,1445.0,0.14450,12.0787,305.0,0.03050,12.0787,-5.0,-0.00050,12.0800,-7.5,-0.00075,12.0763,-7.5,-0.00075,12.0775,-5.0,-0.00050,12.0775,-5.0,-0.00050,12.0787,-5.0,-0.00050,12.0787,-7.5,-0.00075,32.63
7,605486,1,0,26.62,830.7,945.7,941.2,0.0,9.0937,485.0,0.48500,12.0775,310.0,0.31000,12.0787,1195.0,0.03621,5.0812,700.0,0.07000,12.0775,1155.0,0.11550,12.0750,1460.0,0.14600,12.0787,312.5,0.03125,12.0787,-5.0,-0.00050,12.0800,-7.5,-0.00075,12.0763,-7.5,-0.00075,12.0775,-5.0,-0.00050,12.0775,-5.0,-0.00050,12.0787,-5.0,-0.00050,12.0787,-7.5,-0.00075,32.96
7,605822,1,0,26.90,1075.1,951.7,830.4,0.0,9.0937,482.5,0.48250,12.0775,310.0,0.31000,12.0787,1190.0,0.03606,5.0812,700.0,0.07000,12.0775,1137.5,0.11375,12.0750,1440.0,0.14400,12.0787,315.0,0.03150,12.0787,-5.0,-0.00050,12.0800,-7.5,-0.00075,12.0763,-7.5,-0.00075,12.0775,-5.0,-0.00050,12.0775,-5.0,-0.00050,12.0787,-5.0,-0.00050,12.0787,-7.5,-0.00075,33.30
7,606159,1,0,27.18,841.4,958.4,1046.0,0.0,9.0925,490.0,0.49000,12.0775,315.0,0.31500,12.0787,1190.0,0.03606,5.0812,700.0,0.07000,12.0775,1167.5,0.11675,12.0737,1475.0,0.14750,12.0787,312.5,0.03125,12.0787,-5.0,-0.00050,12.0800,-7.5,-0.00075,12.0763,-7.5,-0.00075,12.0775,-5.0,-0.00050,12.0775,-5.0,-0.00050,12.0775,-5.0,-0.00050,12.0787,-7.5,-0.00075,33.64
7,606495,1,0,27.46,848.1,1086.2,948.8,0.0,9.0912,505.0,0.50500,12.0775,327.5,0.32750,12.0787,1192.5,0.03614,5.0812,700.0,0.07000,12.0775,1222.5,0.12225,12.0737,1525.0,0.15250,12.0787,317.5,0.03175,12.0787,-5.0,-0.00050,12.0800,-7.5,-0.00075,12.0763,-7.5,-0.00075,12.0775,-5.0,-0.00050,12.0775,-5.0,-0.00050,12.0775,-5.0,-0.00050,12.0787,-7.5,-0.00075,33.98
7,606831,1,0,27.74,855.3,1171.8,956.4,0.0,9.0900,510.0,0.51000,12.0775,330.0,0.33000,12.0787,1190.0,0.03606,5.0812,700.0,0.07000,12.0775,1220.0,0.12200,12.0737,1537.5,0.15375,12.0787,330.0,0.03300,12.0787,-5.0,-0.00050,12.0800,-7.5,-0.00075,12.0763,-7.5,-0.00075,12.0775,-5.0,-0.00050,12.0775,-5.0,-0.00050,12.0787,-5.0,-0.00050,12.0787,-7.5,-0.00075,34.32
7,607188,1,0,28.04,1077.5,981.7,1071.8,0.0,9.0912,505.0,0.50500,12.0775,325.0,0.32500,12.0787,1192.5,0.03614,5.0812,700.0,0.07000,12.0775,1210.0,0.12100,12.0750,1517.5,0.15175,12.0787,330.0,0.03300,12.0787,-5.0,-0.00050,12.0800,-7.5,-0.00075,12.0763,-7.5,-0.00075,12.0775,-5.0,-0.00050,12.0775,-5.0,-0.00050,12.0787,-5.0,-0.00050,12.0800,-7.5,-0.00075,34.66
7,607525,1,0,28.32,868.3,1296.9,1188.4,0.0,9.0900,512.5,0.51250,12.0775,330.0,0.33000,12.0787,1192.5,0.03614,5.0812,700.0,0.07000,12.0775,1225.0,0.12250,12.0737,1542.5,0.15425,12.0787,335.0,0.03350,12.0787,-5.0,-0.00050,12.0800,-7.5,-0.00075,12.0763,-7.5,-0.00075,12.0775,-5.0,-0.00050,12.0775,-5.0,-0.00050,12.0775,-5.0,-0.00050,12.0787,-7.5,-0.00075,35.00
7,607861,1,0,28.60,933.6,1416.4,871.0,0.0,9.0875,530.0,0.53000,12.0775,342.5,0.34250,12.0787,1190.0,0.03606,5.0812,700.0,0.07000,12.0763,1285.0,0.12850,12.0737,1605.0,0.16050,12.0787,340.0,0.03400,12.0787,-5.0,-0.00050,12.0800,-7.5,-0.00075,12.0763,-7.5,-0.00075,12.0775,-5.0,-0.00050,12.0775,-5.0,-0.00050,12.0775,-5.0,-0.00050,12.0787,-7.5,-0.00075,35.34
7,608197,1,0,28.88,882.4,1130.1,876.7,0.0,9.0875,530.0,0.53000,12.0775,345.0,0.34500,12.0787,1190.0,0.03606,5.0812,700.0,0.07000,12.0775,1292.5,0.12925,12.0750,1607.5,0.16075,12.0787,337.5,0.03375,12.0787,-5.0,-0.00050,12.0800,-7.5,-0.00075,12.0763,-7.5,-0.00075,12.0775,-5.0,-0.00050,12.0775,-5.0,-0.00050,12.0787,-5.0,-0.00050,12.0800,-7.5,-0.00075,35.67
7,608533,1,0,29.16,889.1,885.8,992.5,0.0,9.0887,525.0,0.52500,12.0775,340.0,0.34000,12.0787,1195.0,0.03621,5.0812,700.0,0.07000,12.0763,1267.5,0.12675,12.0750,1590.0,0.15900,12.0787,342.5,0.03425,12.0787,-5.0,-0.00050,12.0800,-7.5,-0.00075,12.0763,-7.5,-0.00075,12.0775,-5.0,-0.00050,12.0775,-5.0,-0.00050,12.0787,-5.0,-0.00050,12.0787,-7.5,-0.00075,36.01
7,608870,1,0,29.44,1278.0,1003.0,1110.7,0.0,9.0875,535.0,0.53500,12.0775,345.0,0.34500,12.0787,1192.5,0.03614,5.0812,700.0,0.07000,12.0763,1292.5,0.12925,12.0737,1612.5,0.16125,12.0787,360.0,0.03600,12.0787,-5.0,-0.00050,12.0800,-7.5,-0.00075,12.0763,-7.5,-0.00075,12.0775,-5.0,-0.00050,12.0775,-5.0,-0.00050,12.0787,-5.0,-0.00050,12.0787,-7.5,-0.00075,36.36
7,609227,1,0,29.74,1013.3,1009.9,1232.0,0.0,9.0875,530.0,0.53000,12.0775,345.0,0.34500,12.0787,1190.0,0.03606,5.0812,700.0,0.07000,12.0763,1282.5,0.12825,12.0750,1600.0,0.16000,12.0787,352.5,0.03525,12.0787,-5.0,-0.00050,12.0800,-7.5,-0.00075,12.0763,-7.5,-0.00075,12.0775,-5.0,-0.00050,12.0775,-5.0,-0.00050,12.0775,-5.0,-0.00050,12.0787,-7.5,-0.00075,36.70
7,609563,1,0,30.02,1019.4,1016.7,1014.7,0.0,9.0862,542.5,0.54250,12.0775,355.0,0.35500,12.0787,1190.0,0.03606,5.0812,700.0,0.07000,12.0763,1320.0,0.13200,12.0737,1652.5,0.16525,12.0775,350.0,0.03500,12.0775,-5.0,-0.00050,12.0787,-7.5,-0.00075,12.0763,-7.5,-0.00075,12.0775,-5.0,-0.00050,12.0775,-5.0,-0.00050,12.0775,-5.0,-0.00050,12.0787,-7.5,-0.00075,37.04
7,609899,1,0,30.30,1140.3,964.0,1134.4,0.0,9.0850,550.0,0.55000,12.0775,357.5,0.35750,12.0787,1192.5,0.03614,5.0812,700.0,0.07000,12.0763,1337.5,0.13375,12.0737,1675.0,0.16750,12.0775,357.5,0.03575,12.0787,-5.0,-0.00050,12.0787,-7.5,-0.00075,12.0763,-7.5,-0.00075,12.0775,-5.0,-0.00050,12.0775,-5.0,-0.00050,12.0775,-5.0,-0.00050,12.0787,-7.5,-0.00075,37.37
7,610236,1,0,30.58,1189.2,1047.4,1142.6,0.0,9.0837,560.0,0.56000,12.0775,365.0,0.36500,12.0787,1195.0,0.03621,5.0812,700.0,0.07000,12.0763,1360.0,0.13600,12.0737,1685.0,0.16850,12.0775,375.0,0.03750,12.0787,-5.0,-0.00050,12.0800,-7.5,-0.00075,12.0763,-7.5,-0.00075,12.0775,-5.0,-0.00050,12.0775,-5.0,-0.00050,12.0775,-5.0,-0.00050,12.0787,-7.5,-0.00075,37.71
7,610572,1,0,30.86,1041.5,1194.2,920.7,0.0,9.0837,560.0,0.56000,12.0775,365.0,0.36500,12.0787,1192.5,0.03614,5.0812,700.0,0.07000,12.0763,1355.0,0.13550,12.0737,1700.0,0.17000,12.0787,375.0,0.03750,12.0787,-5.0,-0.00050,12.0800,-7.5,-0.00075,12.0763,-7.5,-0.00075,12.0775,-5.0,-0.00050,12.0775,-5.0,-0.00050,12.0775,-5.0,-0.00050,12.0787,-7.5,-0.00075,38.05
7,610908,1,0,31.14,1048.3,1044.9,1200.2,0.0,9.0825,577.5,0.57750,12.0775,377.5,0.37750,12.0775,1190.0,0.03606,5.0812,700.0,0.07000,12.0763,1407.5,0.14075,12.0737,1757.5,0.17575,12.0775,375.0,0.03750,12.0775,-5.0,-0.00050,12.0787,-7.5,-0.00075,12.0763,-7.5,-0.00075,12.0763,-5.0,-0.00050,12.0775,-5.0,-0.00050,12.0775,-5.0,-0.00050,12.0787,-7.5,-0.00075,38.41
7,611265,1,0,31.43,939.7,936.4,1097.5,0.0,9.0825,572.5,0.57250,12.0775,375.0,0.37500,12.0787,1192.5,0.03614,5.0812,700.0,0.07000,12.0763,1395.0,0.13950,12.0737,1750.0,0.17500,12.0787,385.0,0.03850,12.0787,-5.0,-0.00050,12.0800,-7.5,-0.00075,12.0763,-7.5,-0.00075,12.0775,-5.0,-0.00050,12.0775,-5.0,-0.00050,12.0775,-5.0,-0.00050,12.0787,-7.5,-0.00075,38.75
7,611602,1,0,31.72,946.1,943.0,939.2,0.0,9.0825,577.5,0.57750,12.0775,377.5,0.37750,12.0787,1192.5,0.03614,5.0812,700.0,0.07000,12.0763,1405.0,0.14050,12.0737,1767.5,0.17675,12.0775,385.0,0.03850,12.0787,-5.0,-0.00050,12.0787,-7.5,-0.00075,12.0763,-7.5,-0.00075,12.0775,-5.0,-0.00050,12.0775,-5.0,-0.00050,12.0775,-5.0,-0.00050,12.0787,-7.5,-0.00075,39.08
7,611938,1,0,32.00,1309.4,1265.6,1223.3,0.0,9.0813,582.5,0.58250,12.0775,385.0,0.38500,12.0787,1192.5,0.03614,5.0812,700.0,0.07000,12.0763,1420.0,0.14200,12.0737,1795.0,0.17950,12.0775,395.0,0.03950,12.0787,-5.0,-0.00050,12.0787,-7.5,-0.00075,12.0763,-7.5,-0.00075,12.0775,-5.0,-0.00050,12.0775,-5.0,-0.00050,12.0775,-5.0,-0.00050,12.0787,-7.5,-0.00075,39.41
7,612274,1,0,32.28,1170.7,1073.8,951.9,0.0,9.0813,582.5,0.58250,12.0775,385.0,0.38500,12.0787,1192.5,0.03614,5.0812,700.0,0.07000,12.0763,1405.0,0.14050,12.0737,1792.5,0.17925,12.0787,392.5,0.03925,12.0787,-5.0,-0.00050,12.0787,-7.5,-0.00075,12.0763,-7.5,-0.00075,12.0775,-5.0,-0.00050,12.0775,-7.5,-0.00075,12.0775,-5.0,-0.00050,12.0787,-7.5,-0.00075,39.75
7,612610,1,0,32.56,963.1,1199.6,1317.5,0.0,9.0800,592.5,0.59250,12.0775,387.5,0.38750,12.0787,1192.5,0.03614,5.0812,700.0,0.07000,12.0763,1437.5,0.14375,12.0737,1795.0,0.17950,12.0787,405.0,0.04050,12.0787,-5.0,-0.00050,12.0800,-7.5,-0.00075,12.0763,-7.5,-0.00075,12.0775,-5.0,-0.00050,12.0775,-5.0,-0.00050,12.0787,-5.0,-0.00050,12.0787,-7.5,-0.00075,40.08
7,612947,1,0,32.84,969.4,1073.3,964.9,0.0,9.0787,605.0,0.60500,12.0775,397.5,0.39750,12.0787,1195.0,0.03621,5.0812,700.0,0.07000,12.0763,1475.0,0.14750,12.0725,1860.0,0.18600,12.0775,405.0,0.04050,12.0775,-5.0,-0.00050,12.0787,-7.5,-0.00075,12.0763,-7.5,-0.00075,12.0763,-5.0,-0.00050,12.0775,-5.0,-0.00050,12.0775,-5.0,-0.00050,12.0787,-7.5,-0.00075,40.43
7,613304,1,0,33.13,1085.0,1298.0,1079.0,0.0,9.0775,617.5,0.61750,12.0775,407.5,0.40750,12.0787,1192.5,0.03614,5.0812,700.0,0.07000,12.0763,1507.5,0.15075,12.0737,1900.0,0.19000,12.0775,420.0,0.04200,12.0787,-5.0,-0.00050,12.0787,-7.5,-0.00075,12.0763,-7.5,-0.00075,12.0763,-5.0,-0.00050,12.0775,-5.0,-0.00050,12.0775,-5.0,-0.00050,12.0787,-7.5,-0.00075,40.79
7,613640,1,0,33.41,1092.4,1224.6,1304.5,0.0,9.0775,615.0,0.61500,12.0775,405.0,0.40500,12.0787,1192.5,0.03614,5.0812,700.0,0.07000,12.0763,1492.5,0.14925,12.0737,1897.5,0.18975,12.0787,417.5,0.04175,12.0787,-5.0,-0.00050,12.0800,-7.5,-0.00075,12.0763,-7.5,-0.00075,12.0775,-5.0,-0.00050,12.0775,-5.0,-0.00050,12.0775,-5.0,-0.00050,12.0787,-7.5,-0.00075,41.12
7,613976,1,0,33.69,1319.4,1109.4,1094.2,0.0,9.0750,635.0,0.63500,12.0775,417.5,0.41750,12.0787,1195.0,0.03621,5.0812,700.0,0.07000,12.0763,1550.0,0.15500,12.0725,1952.5,0.19525,12.0775,427.5,0.04275,12.0775,-5.0,-0.00050,12.0787,-7.5,-0.00075,12.0763,-7.5,-0.00075,12.0763,-5.0,-0.00050,12.0775,-5.0,-0.00050,12.0775,-5.0,-0.00050,12.0787,-7.5,-0.00075,41.45
7,614313,1,0,33.97,1217.2,1324.4,1432.2,0.0,9.0750,630.0,0.63000,12.0775,417.5,0.41750,12.0787,1195.0,0.03621,5.0812,700.0,0.07000,12.0763,1550.0,0.15500,12.0737,1950.0,0.19500,12.0775,430.0,0.04300,12.0787,-5.0,-0.00050,12.0800,-7.5,-0.00075,12.0763,-7.5,-0.00075,12.0775,-5.0,-0.00050,12.0775,-5.0,-0.00050,12.0775,-5.0,-0.00050,12.0787,-7.5,-0.00075,41.80
7,614649,1,0,34.25,1002.5,1110.8,1107.7,0.0,9.0737,640.0,0.64000,12.0775,425.0,0.42500,12.0787,1192.5,0.03614,5.0812,700.0,0.07000,12.0750,1577.5,0.15775,12.0725,1975.0,0.19750,12.0775,425.0,0.04250,12.0775,-5.0,-0.00050,12.0787,-7.5,-0.00075,12.0763,-7.5,-0.00075,12.0775,-5.0,-0.00050,12.0775,-5.0,-0.00050,12.0775,-5.0,-0.00050,12.0787,-7.5,-0.00075,42.13
7,614985,1,0,34.53,1009.3,1341.6,1113.6,0.0,9.0750,637.5,0.63750,12.0775,422.5,0.42250,12.0787,1195.0,0.03621,5.0812,700.0,0.07000,12.0763,1562.5,0.15625,12.0737,1962.5,0.19625,12.0775,422.5,0.04225,12.0787,-5.0,-0.00050,12.0800,-7.5,-0.00075,12.0763,-7.5,-0.00075,12.0775,-5.0,-0.00050,12.0775,-5.0,-0.00050,12.0775,-5.0,-0.00050,12.0787,-7.5,-0.00075,42.48
7,615342,1,0,34.83,1015.6,1237.2,1061.4,0.0,9.0737,645.0,0.64500,12.0775,430.0,0.43000,12.0787,1195.0,0.03621,5.0812,700.0,0.07000,12.0763,1580.0,0.15800,12.0737,1987.5,0.19875,12.0775,440.0,0.04400,12.0775,-5.0,-0.00050,12.0787,-7.5,-0.00075,12.0763,-7.5,-0.00075,12.0775,-5.0,-0.00050,12.0775,-5.0,-0.00050,12.0775,-5.0,-0.00050,12.0787,-7.5,-0.00075,42.83
7,615679,1,0,35.11,1021.4,1436.8,1241.6,0.0,9.0737,645.0,0.64500,12.0775,430.0,0.43000,12.0787,1192.5,0.03614,5.0812,700.0,0.07000,12.0763,1567.5,0.15675,12.0737,1982.5,0.19825,12.0775,445.0,0.04450,12.0787,-5.0,-0.00050,12.0787,-7.5,-0.00075,12.0763,-7.5,-0.00075,12.0775,-5.0,-0.00050,12.0775,-5.0,-0.00050,12.0775,-5.0,-0.00050,12.0787,-7.5,-0.00075,43.15
7,616015,1,0,35.39,1256.2,1023.9,1021.9,0.0,9.0712,662.5,0.66250,12.0775,440.0,0.44000,12.0787,1192.5,0.03614,5.0812,700.0,0.07000,12.0763,1622.5,0.16225,12.0737,2032.5,0.20325,12.0775,447.5,0.04475,12.0787,-5.0,-0.00050,12.0787,-7.5,-0.00075,12.0763,-7.5,-0.00075,12.0775,-5.0,-0.00050,12.0775,-5.0,-0.00050,12.0775,-5.0,-0.00050,12.0787,-7.5,-0.00075,43.49
7,616351,1,0,35.67,1264.5,1258.8,1027.9,0.0,9.0712,667.5,0.66750,12.0775,445.0,0.44500,12.0787,1192.5,0.03614,5.0812,700.0,0.07000,12.0763,1630.0,0.16300,12.0737,2060.0,0.20600,12.0775,452.5,0.04525,12.0787,-5.0,-0.00050,12.0787,-7.5,-0.00075,12.0763,-7.5,-0.00075,12.0775,-5.0,-0.00050,12.0775,-5.0,-0.00050,12.0787,-5.0,-0.00050,12.0787,-7.5,-0.00075,43.83
7,616687,1,0,35.95,1272.7,1200.1,1306.7,0.0,9.0687,680.0,0.68000,12.0775,455.0,0.45500,12.0787,1192.5,0.03614,5.0812,700.0,0.07000,12.0750,1657.5,0.16575,12.0725,2105.0,0.21050,12.0775,467.5,0.04675,12.0775,-5.0,-0.00050,12.0787,-7.5,-0.00075,12.0750,-7.5,-0.00075,12.0763,-5.0,-0.00050,12.0775,-5.0,-0.00050,12.0775,-5.0,-0.00050,12.0787,-7.5,-0.00075,44.16
7,617024,1,0,36.23,1164.4,1537.5,1646.5,0.0,9.0687,680.0,0.68000,12.0775,452.5,0.45250,12.0787,1195.0,0.03621,5.0812,700.0,0.07000,12.0763,1672.5,0.16725,12.0737,2105.0,0.21050,12.0775,480.0,0.04800,12.0787,-5.0,-0.00050,12.0800,-7.5,-0.00075,12.0763,-7.5,-0.00075,12.0775,-5.0,-0.00050,12.0775,-5.0,-0.00050,12.0775,-5.0,-0.00050,12.0787,-7.5,-0.00075,44.51
7,617381,1,0,36.53,1054.7,1400.1,1282.3,0.0,9.0675,697.5,0.69750,12.0775,465.0,0.46500,12.0787,1195.0,0.03621,5.0812,700.0,0.07000,12.0750,1727.5,0.17275,12.0725,2172.5,0.21725,12.0775,467.5,0.04675,12.0775,-5.0,-0.00050,12.0787,-7.5,-0.00075,12.0763,-7.5,-0.00075,12.0775,-5.0,-0.00050,12.0775,-5.0,-0.00050,12.0775,-5.0,-0.00050,12.0787,-7.5,-0.00075,44.86
7,617717,1,0,36.81,1230.0,1292.6,1055.6,0.0,9.0662,702.5,0.70250,12.0775,472.5,0.47250,12.0787,1192.5,0.03614,5.0812,700.0,0.07000,12.0750,1735.0,0.17350,12.0725,2190.0,0.21900,12.0775,485.0,0.04850,12.0775,-5.0,-0.00050,12.0787,-7.5,-0.00075,12.0763,-7.5,-0.00075,12.0775,-5.0,-0.00050,12.0775,-5.0,-0.00050,12.0775,-5.0,-0.00050,12.0787,-7.5,-0.00075,45.20
7,618053,1,0,37.09,1186.8,1182.2,1180.3,0.0,9.0675,695.0,0.69500,12.0775,465.0,0.46500,12.0787,1192.5,0.03614,5.0812,700.0,0.07000,12.0750,1715.0,0.17150,12.0725,2150.0,0.21500,12.0775,482.5,0.04825,12.0775,-5.0,-0.00050,12.0787,-7.5,-0.00075,12.0763,-7.5,-0.00075,12.0775,-5.0,-0.00050,12.0775,-5.0,-0.00050,12.0775,-5.0,-0.00050,12.0787,-7.5,-0.00075,45.54
7,618390,1,0,37.37,1356.8,1605.5,1067.9,0.0,9.0662,705.0,0.70500,12.0775,472.5,0.47250,12.0787,1192.5,0.03614,5.0812,700.0,0.07000,12.0750,1737.5,0.17375,12.0725,2182.5,0.21825,12.0775,497.5,0.04975,12.0775,-5.0,-0.00050,12.0787,-7.5,-0.00075,12.0750,-7.5,-0.00075,12.0775,-5.0,-0.00050,12.0775,-5.0,-0.00050,12.0775,-5.0,-0.00050,12.0787,-7.5,-0.00075,45.87
7,618726,1,0,37.65,1199.2,1471.4,1243.5,0.0,9.0662,705.0,0.70500,12.0775,472.5,0.47250,12.0787,1192.5,0.03614,5.0812,700.0,0.07000,12.0750,1732.5,0.17325,12.0725,2182.5,0.21825,12.0775,495.0,0.04950,12.0775,-5.0,-0.00050,12.0787,-7.5,-0.00075,12.0763,-7.5,-0.00075,12.0775,-5.0,-0.00050,12.0775,-5.0,-0.00050,12.0775,-5.0,-0.00050,12.0787,-7.5,-0.00075,46.20
7,619062,1,0,37.93,1369.3,1441.0,1200.5,0.0,9.0638,727.5,0.72750,12.0775,487.5,0.48750,12.0775,1195.0,0.03621,5.0812,700.0,0.07000,12.0750,1785.0,0.17850,12.0725,2257.5,0.22575,12.0775,500.0,0.05000,12.0775,-5.0,-0.00050,12.0787,-7.5,-0.00075,12.0750,-7.5,-0.00075,12.0763,-5.0,-0.00050,12.0763,-5.0,-0.00050,12.0775,-5.0,-0.00050,12.0787,-7.5,-0.00075,46.55
7,619419,1,0,38.23,1378.9,1449.4,1207.6,0.0,9.0638,727.5,0.72750,12.0775,487.5,0.48750,12.0787,1195.0,0.03621,5.0812,700.0,0.07000,12.0750,1802.5,0.18025,12.0725,2260.0,0.22600,12.0775,495.0,0.04950,12.0775,-5.0,-0.00050,12.0787,-7.5,-0.00075,12.0763,-7.5,-0.00075,12.0775,-5.0,-0.00050,12.0775,-5.0,-0.00050,12.0775,-5.0,-0.00050,12.0787,-7.5,-0.00075,46.90
7,619756,1,0,38.51,1098.1,1457.5,1214.1,0.0,9.0612,742.5,0.74250,12.0775,500.0,0.50000,12.0787,1195.0,0.03621,5.0812,700.0,0.07000,12.0750,1852.5,0.18525,12.0725,2305.0,0.23050,12.0775,522.5,0.05225,12.0775,-5.0,-0.00050,12.0787,-7.5,-0.00075,12.0750,-7.5,-0.00075,12.0763,-5.0,-0.00050,12.0775,-5.0,-0.00050,12.0775,-5.0,-0.00050,12.0787,-7.5,-0.00075,47.23
7,620092,1,0,38.79,1325.1,1319.7,1539.2,0.0,9.0612,745.0,0.74500,12.0775,500.0,0.50000,12.0787,1192.5,0.03614,5.0812,700.0,0.07000,12.0750,1845.0,0.18450,12.0725,2307.5,0.23075,12.0775,515.0,0.05150,12.0775,-5.0,-0.00050,12.0787,-7.5,-0.00075,12.0750,-7.5,-0.00075,12.0775,-5.0,-0.00050,12.0775,-5.0,-0.00050,12.0775,-5.0,-0.00050,12.0787,-7.5,-0.00075,47.58
7,620428,1,0,39.07,1268.8,1105.9,1437.3,0.0,9.0588,767.5,0.76750,12.0775,517.5,0.51750,12.0787,1195.0,0.03621,5.0812,700.0,0.07000,12.0750,1912.5,0.19125,12.0725,2387.5,0.23875,12.0775,537.5,0.05375,12.0775,-5.0,-0.00050,12.0787,-7.5,-0.00075,12.0750,-7.5,-0.00075,12.0763,-5.0,-0.00050,12.0775,-5.0,-0.00050,12.0775,-5.0,-0.00050,12.0787,-7.5,-0.00075,47.91
7,620764,1,0,39.35,1277.3,1336.0,1112.2,0.0,9.0588,765.0,0.76500,12.0775,515.0,0.51500,12.0787,1197.5,0.03629,5.0812,700.0,0.07000,12.0750,1900.0,0.19000,12.0725,2397.5,0.23975,12.0775,535.0,0.05350,12.0775,-5.0,-0.00050,12.0787,-7.5,-0.00075,12.0750,-7.5,-0.00075,12.0775,-5.0,-0.00050,12.0775,-5.0,-0.00050,12.0775,-5.0,-0.00050,12.0787,-7.5,-0.00075,48.25
7,621101,1,0,39.63,1350.0,1456.1,1229.9,0.0,9.0575,772.5,0.77250,12.0775,522.5,0.52250,12.0787,1195.0,0.03621,5.0812,700.0,0.07000,12.0737,1917.5,0.19175,12.0725,2417.5,0.24175,12.0763,530.0,0.05300,12.0775,-5.0,-0.00050,12.0787,-7.5,-0.00075,12.0750,-7.5,-0.00075,12.0763,-5.0,-0.00050,12.0763,-5.0,-0.00050,12.0775,-5.0,-0.00050,12.0775,-7.5,-0.00075,48.59
7,621458,1,0,39.93,1244.8,1127.3,1123.1,0.0,9.0575,767.5,0.76750,12.0775,517.5,0.51750,12.0787,1192.5,0.03614,5.0812,700.0,0.07000,12.0750,1902.5,0.19025,12.0725,2425.0,0.24250,12.0775,527.5,0.05275,12.0775,-5.0,-0.00050,12.0787,-7.5,-0.00075,12.0763,-7.5,-0.00075,12.0763,-5.0,-0.00050,12.0775,-5.0,-0.00050,12.0775,-5.0,-0.00050,12.0787,-7.5,-0.00075,48.94
7,621794,1,0,40.21,1517.2,1359.7,1399.0,0.0,9.0562,782.5,0.78250,12.0775,527.5,0.52750,12.0787,1197.5,0.03629,5.0812,700.0,0.07000,12.0737,1932.5,0.19325,12.0725,2445.0,0.24450,12.0763,552.5,0.05525,12.0775,-5.0,-0.00050,12.0787,-7.5,-0.00075,12.0750,-7.5,-0.00075,12.0763,-5.0,-0.00050,12.0775,-5.0,-0.00050,12.0775,-5.0,-0.00050,12.0787,-7.5,-0.00075,49.27
7,622130,1,0,40.49,1143.6,1410.4,1250.5,0.0,9.0562,782.5,0.78250,12.0775,525.0,0.52500,12.0787,1190.0,0.03606,5.0812,700.0,0.07000,12.0750,1915.0,0.19150,12.0725,2442.5,0.24425,12.0775,555.0,0.05550,12.0775,-5.0,-0.00050,12.0787,-7.5,-0.00075,12.0763,-7.5,-0.00075,12.0775,-5.0,-0.00050,12.0775,-5.0,-0.00050,12.0775,-5.0,-0.00050,12.0787,-7.5,-0.00075,49.60
7,622467,1,0,40.77,1149.6,1417.9,1198.2,0.0,9.0538,802.5,0.80250,12.0763,547.5,0.54750,12.0775,1192.5,0.03614,5.0812,700.0,0.07000,12.0737,1995.0,0.19950,12.0712,2520.0,0.25200,12.0763,555.0,0.05550,12.0775,-5.0,-0.00050,12.0787,-7.5,-0.00075,12.0750,-7.5,-0.00075,12.0763,-5.0,-0.00050,12.0763,-5.0,-0.00050,12.0763,-5.0,-0.00050,12.0775,-7.5,-0.00075,49.94
7,622803,1,0,41.05,1471.9,1362.1,1462.5,0.0,9.0525,812.5,0.81250,12.0775,550.0,0.55000,12.0787,1190.0,0.03606,5.0812,700.0,0.07000,12.0737,2030.0,0.20300,12.0712,2547.5,0.25475,12.0763,582.5,0.05825,12.0775,-5.0,-0.00050,12.0787,-7.5,-0.00075,12.0750,-7.5,-0.00075,12.0763,-5.0,-0.00050,12.0775,-5.0,-0.00050,12.0775,-5.0,-0.00050,12.0787,-7.5,-0.00075,50.28
7,623139,1,0,41.33,1162.8,1369.5,1502.3,0.0,9.0538,810.0,0.81000,12.0775,547.5,0.54750,12.0787,1192.5,0.03614,5.0812,700.0,0.07000,12.0750,2017.5,0.20175,12.0725,2525.0,0.25250,12.0775,585.0,0.05850,12.0775,-5.0,-0.00050,12.0787,-7.5,-0.00075,12.0750,-7.5,-0.00075,12.0763,-5.0,-0.00050,12.0775,-5.0,-0.00050,12.0775,-5.0,-0.00050,12.0787,-7.5,-0.00075,50.63
7,623496,1,0,41.63,1285.7,1270.3,1660.2,0.0,9.0525,820.0,0.82000,12.0775,555.0,0.55500,12.0787,1195.0,0.03621,5.0812,700.0,0.07000,12.0750,2030.0,0.20300,12.0712,2560.0,0.25600,12.0763,580.0,0.05800,12.0775,-5.0,-0.00050,12.0787,-7.5,-0.00075,12.0750,-7.5,-0.00075,12.0763,-5.0,-0.00050,12.0775,-5.0,-0.00050,12.0775,-5.0,-0.00050,12.0787,-7.5,-0.00075,50.97
7,623833,1,0,41.91,1175.6,1489.5,1560.7,0.0,9.0487,840.0,0.84000,12.0775,567.5,0.56750,12.0787,1195.0,0.03621,5.0812,700.0,0.07000,12.0737,2105.0,0.21050,12.0712,2632.5,0.26325,12.0763,577.5,0.05775,12.0775,-5.0,-0.00050,12.0787,-7.5,-0.00075,12.0750,-7.5,-0.00075,12.0763,-5.0,-0.00050,12.0763,-5.0,-0.00050,12.0775,-5.0,-0.00050,12.0787,-7.5,-0.00075,51.31
7,624169,1,0,42.19,1397.3,1391.0,1283.8,0.0,9.0487,845.0,0.84500,12.0775,572.5,0.57250,12.0787,1195.0,0.03621,5.0812,700.0,0.07000,12.0737,2110.0,0.21100,12.0712,2645.0,0.26450,12.0763,607.5,0.06075,12.0775,-5.0,-0.00050,12.0787,-7.5,-0.00075,12.0750,-7.5,-0.00075,12.0763,-5.0,-0.00050,12.0763,-5.0,-0.00050,12.0775,-5.0,-0.00050,12.0787,-7.5,-0.00075,51.64
7,624505,1,0,42.47,1245.0,1776.1,1183.2,0.0,9.0500,840.0,0.84000,12.0775,567.5,0.56750,12.0787,1195.0,0.03621,5.0812,700.0,0.07000,12.0750,2090.0,0.20900,12.0725,2625.0,0.26250,12.0775,587.5,0.05875,12.0775,-5.0,-0.00050,12.0787,-7.5,-0.00075,12.0750,-7.5,-0.00075,12.0763,-5.0,-0.00050,12.0775,-5.0,-0.00050,12.0775,-5.0,-0.00050,12.0787,-7.5,-0.00075,51.98
7,624841,1,0,42.75,1411.9,1308.6,1426.7,0.0,9.0475,850.0,0.85000,12.0763,577.5,0.57750,12.0775,1195.0,0.03621,5.0812,700.0,0.07000,12.0737,2117.5,0.21175,12.0712,2680.0,0.26800,12.0763,602.5,0.06025,12.0763,-5.0,-0.00050,12.0775,-7.5,-0.00075,12.0750,-7.5,-0.00075,12.0763,-5.0,-0.00050,12.0763,-5.0,-0.00050,12.0763,-5.0,-0.00050,12.0775,-7.5,-0.00075,52.32
7,625178,1,0,43.03,1461.5,1303.9,1195.4,0.0,9.0487,847.5,0.84750,12.0775,577.5,0.57750,12.0787,1195.0,0.03621,5.0812,700.0,0.07000,12.0737,2117.5,0.21175,12.0712,2662.5,0.26625,12.0763,612.5,0.06125,12.0775,-5.0,-0.00050,12.0787,-7.5,-0.00075,12.0750,-7.5,-0.00075,12.0763,-5.0,-0.00050,12.0763,-5.0,-0.00050,12.0775,-5.0,-0.00050,12.0787,-7.5,-0.00075,52.68
7,625535,1,0,43.33,1206.5,1419.4,1637.9,0.0,9.0462,870.0,0.87000,12.0763,590.0,0.59000,12.0775,1192.5,0.03614,5.0812,700.0,0.07000,12.0737,2175.0,0.21750,12.0712,2732.5,0.27325,12.0763,610.0,0.06100,12.0763,-5.0,-0.00050,12.0775,-7.5,-0.00075,12.0750,-7.5,-0.00075,12.0750,-5.0,-0.00050,12.0763,-5.0,-0.00050,12.0763,-5.0,-0.00050,12.0775,-7.5,-0.00075,53.01
7,625871,1,0,43.61,1213.3,1317.5,1448.6,0.0,9.0450,875.0,0.87500,12.0775,592.5,0.59250,12.0787,1195.0,0.03621,5.0812,700.0,0.07000,12.0737,2190.0,0.21900,12.0712,2742.5,0.27425,12.0763,610.0,0.06100,12.0775,-5.0,-0.00050,12.0787,-7.5,-0.00075,12.0750,-7.5,-0.00075,12.0763,-5.0,-0.00050,12.0763,-5.0,-0.00050,12.0775,-5.0,-0.00050,12.0787,-7.5,-0.00075,53.36
7,626207,1,0,43.89,1553.2,1544.7,1433.7,0.0,9.0425,892.5,0.89250,12.0775,605.0,0.60500,12.0787,1192.5,0.03614,5.0812,700.0,0.07000,12.0737,2237.5,0.22375,12.0712,2795.0,0.27950,12.0763,635.0,0.06350,12.0775,-5.0,-0.00050,12.0787,-7.5,-0.00075,12.0750,-7.5,-0.00075,12.0763,-5.0,-0.00050,12.0763,-5.0,-0.00050,12.0775,-5.0,-0.00050,12.0775,-7.5,-0.00075,53.68
7,626544,1,0,44.17,1492.6,1553.4,1442.2,0.0,9.0425,890.0,0.89000,12.0775,607.5,0.60750,12.0787,1197.5,0.03629,5.0812,700.0,0.07000,12.0737,2230.0,0.22300,12.0712,2800.0,0.28000,12.0763,642.5,0.06425,12.0763,-5.0,-0.00050,12.0775,-7.5,-0.00075,12.0750,-7.5,-0.00075,12.0763,-5.0,-0.00050,12.0763,-5.0,-0.00050,12.0775,-5.0,-0.00050,12.0775,-7.5,-0.00075,54.02
7,626880,1,0,44.45,1457.1,1674.0,1449.1,0.0,9.0400,915.0,0.91500,12.0763,622.5,0.62250,12.0775,1195.0,0.03621,5.0812,700.0,0.07000,12.0725,2312.5,0.23125,12.0700,2885.0,0.28850,12.0763,630.0,0.06300,12.0763,-5.0,-0.00050,12.0775,-7.5,-0.00075,12.0737,-7.5,-0.00075,12.0750,-5.0,-0.00050,12.0763,-5.0,-0.00050,12.0763,-5.0,-0.00050,12.0775,-7.5,-0.00075,54.36
7,627216,1,0,44.73,1353.2,1544.1,1456.1,0.0,9.0387,922.5,0.92250,12.0775,630.0,0.63000,12.0787,1195.0,0.03621,5.0812,700.0,0.07000,12.0737,2320.0,0.23200,12.0700,2902.5,0.29025,12.0763,657.5,0.06575,12.0763,-5.0,-0.00050,12.0775,-7.5,-0.00075,12.0750,-7.5,-0.00075,12.0763,-5.0,-0.00050,12.0763,-5.0,-0.00050,12.0763,-5.0,-0.00050,12.0775,-7.5,-0.00075,54.71
7,627573,1,0,45.02,1474.1,1404.6,1352.0,0.0,9.0375,940.0,0.94000,12.0763,640.0,0.64000,12.0775,1190.0,0.03606,5.0812,700.0,0.07000,12.0725,2347.5,0.23475,12.0700,2960.0,0.29600,12.0763,675.0,0.06750,12.0763,-5.0,-0.00050,12.0775,-7.5,-0.00075,12.0737,-7.5,-0.00075,12.0763,-5.0,-0.00050,12.0763,-5.0,-0.00050,12.0763,-5.0,-0.00050,12.0775,-7.5,-0.00075,55.05
7,627910,1,0,45.31,1481.4,1362.4,1586.7,0.0,9.0375,935.0,0.93500,12.0775,637.5,0.63750,12.0787,1192.5,0.03614,5.0812,700.0,0.07000,12.0737,2335.0,0.23350,12.0700,2945.0,0.29450,12.0763,675.0,0.06750,12.0775,-5.0,-0.00050,12.0787,-7.5,-0.00075,12.0750,-7.5,-0.00075,12.0763,-5.0,-0.00050,12.0763,-5.0,-0.00050,12.0775,-5.0,-0.00050,12.0775,-7.5,-0.00075,55.38
7,628246,1,0,45.59,1373.6,1367.9,1708.7,0.0,9.0387,925.0,0.92500,12.0775,632.5,0.63250,12.0787,1190.0,0.03606,5.0812,700.0,0.07000,12.0737,2307.5,0.23075,12.0712,2922.5,0.29225,12.0763,672.5,0.06725,12.0775,-5.0,-0.00050,12.0787,-7.5,-0.00075,12.0750,-7.5,-0.00075,12.0763,-5.0,-0.00050,12.0763,-5.0,-0.00050,12.0775,-5.0,-0.00050,12.0775,-7.5,-0.00075,55.72
7,628582,1,0,45.87,1263.9,1468.8,1488.1,0.0,9.0375,937.5,0.93750,12.0763,645.0,0.64500,12.0787,1197.5,0.03629,5.0812,700.0,0.07000,12.0725,2350.0,0.23500,12.0700,2967.5,0.29675,12.0763,687.5,0.06875,12.0763,-5.0,-0.00050,12.0775,-7.5,-0.00075,12.0737,-7.5,-0.00075,12.0763,-5.0,-0.00050,12.0763,-5.0,-0.00050,12.0763,-5.0,-0.00050,12.0775,-7.5,-0.00075,56.06
7,628918,1,0,46.15,1269.4,1370.1,1264.4,0.0,9.0337,965.0,0.96500,12.0763,660.0,0.66000,12.0775,1195.0,0.03621,5.0812,700.0,0.07000,12.0725,2427.5,0.24275,12.0700,3047.5,0.30475,12.0750,682.5,0.06825,12.0763,-5.0,-0.00050,12.0775,-7.5,-0.00075,12.0737,-7.5,-0.00075,12.0750,-5.0,-0.00050,12.0763,-5.0,-0.00050,12.0763,-5.0,-0.00050,12.0775,-7.5,-0.00075,56.41
7,629255,1,0,46.43,1488.5,1618.8,1385.3,0.0,9.0325,975.0,0.97500,12.0763,665.0,0.66500,12.0787,1195.0,0.03621,5.0812,700.0,0.07000,12.0725,2450.0,0.24500,12.0700,3065.0,0.30650,12.0763,697.5,0.06975,12.0775,-5.0,-0.00050,12.0775,-7.5,-0.00075,12.0737,-7.5,-0.00075,12.0763,-5.0,-0.00050,12.0763,-5.0,-0.00050,12.0763,-5.0,-0.00050,12.0775,-7.5,-0.00075,56.74
7,629612,1,0,46.72,1515.7,1445.6,1383.4,0.0,9.0337,970.0,0.97000,12.0763,665.0,0.66500,12.0775,1195.0,0.03621,5.0812,700.0,0.07000,12.0725,2437.5,0.24375,12.0700,3060.0,0.30600,12.0750,712.5,0.07125,12.0763,-5.0,-0.00050,12.0775,-7.5,-0.00075,12.0737,-7.5,-0.00075,12.0750,-5.0,-0.00050,12.0750,-5.0,-0.00050,12.0763,-5.0,-0.00050,12.0775,-7.5,-0.00075,57.09
7,629948,1,0,47.00,1503.4,1605.1,1282.7,0.0,9.0312,985.0,0.98500,12.0763,675.0,0.67500,12.0787,1197.5,0.03629,5.0812,700.0,0.07000,12.0725,2467.5,0.24675,12.0700,3082.5,0.30825,12.0750,717.5,0.07175,12.0763,-5.0,-0.00050,12.0775,-7.5,-0.00075,12.0737,-7.5,-0.00075,12.0763,-5.0,-0.00050,12.0763,-5.0,-0.00050,12.0763,-5.0,-0.00050,12.0775,-7.5,-0.00075,57.42
7,630284,1,0,47.28,1657.3,1720.2,1458.0,0.0,9.0287,1007.5,1.00750,12.0763,692.5,0.69250,12.0775,1195.0,0.03621,5.0812,700.0,0.07000,12.0712,2557.5,0.25575,12.0687,3175.0,0.31750,12.0750,720.0,0.07200,12.0763,-5.0,-0.00050,12.0775,-7.5,-0.00075,12.0737,-7.5,-0.00075,12.0750,-5.0,-0.00050,12.0763,-5.0,-0.00050,12.0763,-5.0,-0.00050,12.0775,-7.5,-0.00075,57.76
7,630621,1,0,47.56,1519.8,1406.3,1620.0,0.0,9.0275,1017.5,1.01750,12.0763,702.5,0.70250,12.0775,1195.0,0.03621,5.0812,700.0,0.07000,12.0725,2575.0,0.25750,12.0700,3205.0,0.32050,12.0750,745.0,0.07450,12.0763,-5.0,-0.00050,12.0775,-7.5,-0.00075,12.0737,-7.5,-0.00075,12.0750,-5.0,-0.00050,12.0763,-5.0,-0.00050,12.0763,-5.0,-0.00050,12.0775,-7.5,-0.00075,58.10
7,630957,1,0,47.84,1309.6,1523.0,1411.8,0.0,9.0287,1010.0,1.01000,12.0763,697.5,0.69750,12.0775,1195.0,0.03621,5.0812,700.0,0.07000,12.0725,2555.0,0.25550,12.0700,3172.5,0.31725,12.0750,737.5,0.07375,12.0763,-5.0,-0.00050,12.0775,-7.5,-0.00075,12.0737,-7.5,-0.00075,12.0763,-5.0,-0.00050,12.0763,-5.0,-0.00050,12.0763,-5.0,-0.00050,12.0775,-7.5,-0.00075,58.44
7,631293,1,0,48.12,1426.3,1422.2,1418.0,0.0,9.0262,1025.0,1.02500,12.0763,702.5,0.70250,12.0775,1200.0,0.03636,5.0812,700.0,0.07000,12.0725,2587.5,0.25875,12.0687,3217.5,0.32175,12.0750,745.0,0.07450,12.0763,-5.0,-0.00050,12.0775,-7.5,-0.00075,12.0737,-7.5,-0.00075,12.0750,-5.0,-0.00050,12.0750,-5.0,-0.00050,12.0763,-5.0,-0.00050,12.0775,-7.5,-0.00075,58.79
7,631650,1,0,48.42,1653.1,1538.6,1316.1,0.0,9.0262,1025.0,1.02500,12.0775,700.0,0.70000,12.0787,1195.0,0.03621,5.0812,700.0,0.07000,12.0725,2565.0,0.25650,12.0700,3235.0,0.32350,12.0763,742.5,0.07425,12.0763,-5.0,-0.00050,12.0775,-7.5,-0.00075,12.0737,-7.5,-0.00075,12.0750,-5.0,-0.00050,12.0763,-5.0,-0.00050,12.0763,-5.0,-0.00050,12.0775,-7.5,-0.00075,59.13
7,631987,1,0,48.70,1660.3,1654.6,1322.5,0.0,9.0225,1052.5,1.05250,12.0763,725.0,0.72500,12.0775,1192.5,0.03614,5.0812,702.5,0.07025,12.0712,2655.0,0.26550,12.0687,3360.0,0.33600,12.0737,757.5,0.07575,12.0750,-5.0,-0.00050,12.0763,-7.5,-0.00075,12.0737,-7.5,-0.00075,12.0750,-5.0,-0.00050,12.0750,-5.0,-0.00050,12.0763,-5.0,-0.00050,12.0775,-7.5,-0.00075,59.48
7,632323,1,0,48.98,1556.9,1772.8,1659.7,0.0,9.0212,1067.5,1.06750,12.0763,735.0,0.73500,12.0787,1195.0,0.03621,5.0812,700.0,0.07000,12.0725,2687.5,0.26875,12.0687,3392.5,0.33925,12.0750,770.0,0.07700,12.0763,-5.0,-0.00050,12.0775,-7.5,-0.00075,12.0737,-7.5,-0.00075,12.0750,-5.0,-0.00050,12.0750,-5.0,-0.00050,12.0763,-5.0,-0.00050,12.0763,-7.5,-0.00075,59.81
7,632659,1,0,49.26,1453.0,1558.2,1555.6,0.0,9.0188,1082.5,1.08250,12.0763,745.0,0.74500,12.0775,1195.0,0.03621,5.0812,700.0,0.07000,12.0712,2720.0,0.27200,12.0687,3432.5,0.34325,12.0750,785.0,0.07850,12.0763,-5.0,-0.00050,12.0775,-7.5,-0.00075,12.0737,-7.5,-0.00075,12.0750,-5.0,-0.00050,12.0750,-5.0,-0.00050,12.0763,-5.0,-0.00050,12.0763,-7.5,-0.00075,60.13
7,632995,1,0,49.54,1684.7,1454.0,1442.9,0.0,9.0188,1082.5,1.08250,12.0763,745.0,0.74500,12.0775,1195.0,0.03621,5.0812,700.0,0.07000,12.0712,2705.0,0.27050,12.0687,3430.0,0.34300,12.0750,792.5,0.07925,12.0763,-5.0,-0.00050,12.0775,-7.5,-0.00075,12.0737,-7.5,-0.00075,12.0750,-5.0,-0.00050,12.0750,-5.0,-0.00050,12.0763,-5.0,-0.00050,12.0775,-7.5,-0.00075,60.48
7,633332,1,0,49.82,1733.5,1348.6,1616.3,0.0,9.0162,1102.5,1.10250,12.0763,757.5,0.75750,12.0775,1195.0,0.03621,5.0812,700.0,0.07000,12.0712,2770.0,0.27700,12.0687,3505.0,0.35050,12.0737,800.0,0.08000,12.0750,-5.0,-0.00050,12.0763,-7.5,-0.00075,12.0725,-7.5,-0.00075,12.0737,-5.0,-0.00050,12.0750,-5.0,-0.00050,12.0750,-5.0,-0.00050,12.0763,-7.5,-0.00075,60.83
7,633689,1,0,50.12,1743.2,1773.4,1466.0,0.0,9.0162,1105.0,1.10500,12.0763,762.5,0.76250,12.0775,1195.0,0.03621,5.0812,700.0,0.07000,12.0712,2785.0,0.27850,12.0687,3505.0,0.35050,12.0750,807.5,0.08075,12.0750,-5.0,-0.00050,12.0763,-7.5,-0.00075,12.0737,-7.5,-0.00075,12.0750,-5.0,-0.00050,12.0750,-5.0,-0.00050,12.0750,-5.0,-0.00050,12.0763,-7.5,-0.00075,61.17
7,634025,1,0,50.40,1482.3,1635.1,1700.5,0.0,9.0138,1122.5,1.12250,12.0763,770.0,0.77000,12.0775,1197.5,0.03629,5.0812,700.0,0.07000,12.0712,2820.0,0.28200,12.0687,3550.0,0.35500,12.0750,832.5,0.08325,12.0750,-5.0,-0.00050,12.0763,-7.5,-0.00075,12.0737,-7.5,-0.00075,12.0750,-5.0,-0.00050,12.0750,-5.0,-0.00050,12.0763,-5.0,-0.00050,12.0775,-7.5,-0.00075,61.51
7,634361,1,0,50.68,1480.8,1643.1,1595.2,0.0,9.0150,1120.0,1.12000,12.0763,775.0,0.77500,12.0775,1195.0,0.03621,5.0812,700.0,0.07000,12.0712,2815.0,0.28150,12.0687,3555.0,0.35550,12.0737,835.0,0.08350,12.0750,-5.0,-0.00050,12.0763,-7.5,-0.00075,12.0737,-7.5,-0.00075,12.0750,-5.0,-0.00050,12.0750,-5.0,-0.00050,12.0750,-5.0,-0.00050,12.0763,-7.5,-0.00075,61.84
7,634698,1,0,50.96,1380.6,1902.9,1585.4,0.0,9.0150,1117.5,1.11750,12.0763,770.0,0.77000,12.0775,1197.5,0.03629,5.0812,700.0,0.07000,12.0712,2795.0,0.27950,12.0687,3540.0,0.35400,12.0737,837.5,0.08375,12.0763,-5.0,-0.00050,12.0763,-7.5,-0.00075,12.0737,-7.5,-0.00075,12.0750,-5.0,-0.00050,12.0750,-5.0,-0.00050,12.0750,-5.0,-0.00050,12.0763,-7.5,-0.00075,62.17
7,635034,1,0,51.24,1492.1,1609.1,1494.4,0.0,9.0112,1142.5,1.14250,12.0750,787.5,0.78750,12.0775,1195.0,0.03621,5.0812,700.0,0.07000,12.0700,2875.0,0.28750,12.0675,3620.0,0.36200,12.0737,852.5,0.08525,12.0750,-5.0,-0.00050,12.0763,-7.5,-0.00075,12.0725,-7.5,-0.00075,12.0737,-5.0,-0.00050,12.0737,-5.0,-0.00050,12.0750,-5.0,-0.00050,12.0763,-7.5,-0.00075,62.51
7,635370,1,0,51.52,1507.8,1705.9,1705.6,0.0,9.0087,1162.5,1.16250,12.0763,802.5,0.80250,12.0775,1197.5,0.03629,5.0812,700.0,0.07000,12.0700,2942.5,0.29425,12.0675,3685.0,0.36850,12.0737,842.5,0.08425,12.0750,-5.0,-0.00050,12.0763,-7.5,-0.00075,12.0725,-7.5,-0.00075,12.0737,-5.0,-0.00050,12.0750,-5.0,-0.00050,12.0750,-5.0,-0.00050,12.0763,-7.5,-0.00075,62.87
7,635727,1,0,51.82,1451.5,1741.4,1739.7,0.0,9.0087,1170.0,1.17000,12.0763,805.0,0.80500,12.0775,1197.5,0.03629,5.0812,700.0,0.07000,12.0712,2937.5,0.29375,12.0687,3705.0,0.37050,12.0737,862.5,0.08625,12.0750,-5.0,-0.00050,12.0763,-7.5,-0.00075,12.0737,-7.5,-0.00075,12.0750,-5.0,-0.00050,12.0750,-5.0,-0.00050,12.0750,-5.0,-0.00050,12.0763,-7.5,-0.00075,63.20
7,636064,1,0,52.10,1621.6,1614.5,1721.1,0.0,9.0087,1167.5,1.16750,12.0763,805.0,0.80500,12.0775,1197.5,0.03629,5.0812,700.0,0.07000,12.0712,2945.0,0.29450,12.0675,3710.0,0.37100,12.0750,860.0,0.08600,12.0750,-5.0,-0.00050,12.0763,-7.5,-0.00075,12.0737,-7.5,-0.00075,12.0750,-5.0,-0.00050,12.0750,-5.0,-0.00050,12.0763,-5.0,-0.00050,12.0775,-7.5,-0.00075,63.54
7,636400,1,0,52.38,1628.5,1838.5,1945.5,0.0,9.0062,1192.5,1.19250,12.0750,825.0,0.82500,12.0775,1195.0,0.03621,5.0812,700.0,0.07000,12.0700,2995.0,0.29950,12.0675,3807.5,0.38075,12.0737,875.0,0.08750,12.0750,-5.0,-0.00050,12.0763,-7.5,-0.00075,12.0725,-7.5,-0.00075,12.0737,-5.0,-0.00050,12.0737,-5.0,-0.00050,12.0750,-5.0,-0.00050,12.0763,-7.5,-0.00075,63.88
7,636736,1,0,52.66,1636.5,1695.5,1646.8,0.0,9.0050,1197.5,1.19750,12.0763,825.0,0.82500,12.0775,1197.5,0.03629,5.0812,700.0,0.07000,12.0700,3010.0,0.30100,12.0675,3817.5,0.38175,12.0737,877.5,0.08775,12.0750,-5.0,-0.00050,12.0763,-7.5,-0.00075,12.0725,-7.5,-0.00075,12.0737,-5.0,-0.00050,12.0750,-5.0,-0.00050,12.0750,-5.0,-0.00050,12.0763,-7.5,-0.00075,64.22
7,637072,1,0,52.94,1644.2,1637.0,1702.4,0.0,9.0025,1222.5,1.22250,12.0750,842.5,0.84250,12.0775,1195.0,0.03621,5.0812,702.5,0.07025,12.0700,3062.5,0.30625,12.0675,3885.0,0.38850,12.0737,897.5,0.08975,12.0750,-5.0,-0.00050,12.0763,-7.5,-0.00075,12.0725,-7.5,-0.00075,12.0737,-5.0,-0.00050,12.0750,-5.0,-0.00050,12.0750,-5.0,-0.00050,12.0763,-7.5,-0.00075,64.56
7,637409,1,0,53.22,1541.4,1689.0,1478.5,0.0,9.0025,1215.0,1.21500,12.0763,837.5,0.83750,12.0775,1195.0,0.03621,5.0812,700.0,0.07000,12.0700,3052.5,0.30525,12.0675,3870.0,0.38700,12.0737,885.0,0.08850,12.0750,-5.0,-0.00050,12.0763,-7.5,-0.00075,12.0725,-7.5,-0.00075,12.0737,-5.0,-0.00050,12.0750,-5.0,-0.00050,12.0750,-5.0,-0.00050,12.0763,-7.5,-0.00075,64.91
7,637766,1,0,53.52,1548.0,1590.6,1651.0,0.0,9.0013,1225.0,1.22500,12.0750,847.5,0.84750,12.0775,1197.5,0.03629,5.0812,700.0,0.07000,12.0700,3085.0,0.30850,12.0675,3897.5,0.38975,12.0737,907.5,0.09075,12.0750,-5.0,-0.00050,12.0763,-7.5,-0.00075,12.0725,-7.5,-0.00075,12.0737,-5.0,-0.00050,12.0737,-5.0,-0.00050,12.0750,-5.0,-0.00050,12.0763,-7.5,-0.00075,65.24
7,638102,1,0,53.80,1443.3,1879.4,1768.9,0.0,9.0013,1227.5,1.22750,12.0763,847.5,0.84750,12.0775,1197.5,0.03629,5.0812,700.0,0.07000,12.0700,3090.0,0.30900,12.0675,3902.5,0.39025,12.0737,907.5,0.09075,12.0750,-5.0,-0.00050,12.0763,-7.5,-0.00075,12.0725,-7.5,-0.00075,12.0737,-5.0,-0.00050,12.0750,-5.0,-0.00050,12.0750,-5.0,-0.00050,12.0763,-7.5,-0.00075,65.58
7,638438,1,0,54.08,1609.7,1648.7,1664.5,0.0,8.9975,1257.5,1.25750,12.0750,870.0,0.87000,12.0775,1195.0,0.03621,5.0812,700.0,0.07000,12.0687,3190.0,0.31900,12.0662,3987.5,0.39875,12.0737,912.5,0.09125,12.0750,-5.0,-0.00050,12.0763,-7.5,-0.00075,12.0725,-7.5,-0.00075,12.0737,-5.0,-0.00050,12.0737,-5.0,-0.00050,12.0750,-5.0,-0.00050,12.0763,-7.5,-0.00075,65.91
7,638775,1,0,54.36,1567.1,1560.3,1559.5,0.0,8.9963,1267.5,1.26750,12.0763,875.0,0.87500,12.0775,1197.5,0.03629,5.0812,700.0,0.07000,12.0700,3200.0,0.32000,12.0662,4042.5,0.40425,12.0737,947.5,0.09475,12.0737,-5.0,-0.00050,12.0750,-7.5,-0.00075,12.0725,-7.5,-0.00075,12.0737,-5.0,-0.00050,12.0750,-5.0,-0.00050,12.0750,-5.0,-0.00050,12.0763,-7.5,-0.00075,66.25
7,639111,1,0,54.64,1774.6,1678.7,1678.8,0.0,8.9937,1287.5,1.28750,12.0750,895.0,0.89500,12.0763,1195.0,0.03621,5.0812,702.5,0.07025,12.0687,3252.5,0.32525,12.0662,4090.0,0.40900,12.0725,960.0,0.09600,12.0737,-5.0,-0.00050,12.0763,-7.5,-0.00075,12.0725,-7.5,-0.00075,12.0737,-5.0,-0.00050,12.0737,-5.0,-0.00050,12.0750,-5.0,-0.00050,12.0763,-7.5,-0.00075,66.59
7,639447,1,0,54.92,1581.0,1685.3,1671.3,0.0,8.9937,1292.5,1.29250,12.0763,895.0,0.89500,12.0775,1195.0,0.03621,5.0812,702.5,0.07025,12.0687,3250.0,0.32500,12.0662,4155.0,0.41550,12.0737,962.5,0.09625,12.0750,-5.0,-0.00050,12.0763,-7.5,-0.00075,12.0725,-7.5,-0.00075,12.0737,-5.0,-0.00050,12.0737,-5.0,-0.00050,12.0750,-5.0,-0.00050,12.0763,-7.5,-0.00075,66.94
7,639804,1,0,55.22,1685.9,2032.3,1694.9,0.0,8.9900,1320.0,1.32000,12.0750,912.5,0.91250,12.0775,1197.5,0.03629,5.0812,702.5,0.07025,12.0687,3325.0,0.33250,12.0650,4247.5,0.42475,12.0725,957.5,0.09575,12.0737,-5.0,-0.00050,12.0750,-7.5,-0.00075,12.0712,-7.5,-0.00075,12.0725,-5.0,-0.00050,12.0737,-5.0,-0.00050,12.0737,-5.0,-0.00050,12.0750,-7.5,-0.00075,67.28
7,640141,1,0,55.50,1711.3,1814.8,1686.0,0.0,8.9887,1332.5,1.33250,12.0763,922.5,0.92250,12.0775,1197.5,0.03629,5.0812,700.0,0.07000,12.0687,3320.0,0.33200,12.0662,4300.0,0.43000,12.0737,985.0,0.09850,12.0750,-5.0,-0.00050,12.0763,-7.5,-0.00075,12.0725,-7.5,-0.00075,12.0737,-5.0,-0.00050,12.0737,-5.0,-0.00050,12.0750,-5.0,-0.00050,12.0750,-7.5,-0.00075,67.62
7,640477,1,0,55.78,1718.1,1756.3,1709.4,0.0,8.9887,1330.0,1.33000,12.0750,922.5,0.92250,12.0775,1195.0,0.03621,5.0812,702.5,0.07025,12.0687,3307.5,0.33075,12.0662,4282.5,0.42825,12.0737,1000.0,0.10000,12.0750,-5.0,-0.00050,12.0763,-7.5,-0.00075,12.0725,-7.5,-0.00075,12.0737,-5.0,-0.00050,12.0737,-5.0,-0.00050,12.0737,-5.0,-0.00050,12.0750,-7.5,-0.00075,67.95
7,640813,1,0,56.06,1814.6,2126.1,1593.6,0.0,8.9875,1345.0,1.34500,12.0750,932.5,0.93250,12.0775,1195.0,0.03621,5.0812,702.5,0.07025,12.0687,3357.5,0.33575,12.0662,4327.5,0.43275,12.0725,1012.5,0.10125,12.0737,-5.0,-0.00050,12.0750,-7.5,-0.00075,12.0725,-7.5,-0.00075,12.0725,-5.0,-0.00050,12.0737,-5.0,-0.00050,12.0737,-5.0,-0.00050,12.0750,-7.5,-0.00075,68.29
7,641149,1,0,56.34,1714.0,1659.2,1707.2,0.0,8.9862,1350.0,1.35000,12.0750,937.5,0.93750,12.0775,1197.5,0.03629,5.0812,702.5,0.07025,12.0687,3395.0,0.33950,12.0650,4342.5,0.43425,12.0725,1000.0,0.10000,12.0737,-5.0,-0.00050,12.0750,-7.5,-0.00075,12.0725,-7.5,-0.00075,12.0737,-5.0,-0.00050,12.0750,-5.0,-0.00050,12.0750,-5.0,-0.00050,12.0763,-7.5,-0.00075,68.62
7,641486,1,0,56.62,1613.2,1887.5,1778.0,0.0,8.9812,1385.0,1.38500,12.0750,957.5,0.95750,12.0763,1195.0,0.03621,5.0812,702.5,0.07025,12.0675,3487.5,0.34875,12.0650,4440.0,0.44400,12.0712,1025.0,0.10250,12.0725,-5.0,-0.00050,12.0737,-7.5,-0.00075,12.0712,-7.5,-0.00075,12.0712,-5.0,-0.00050,12.0725,-5.0,-0.00050,12.0737,-5.0,-0.00050,12.0750,-7.5,-0.00075,68.97
7,641843,1,0,56.92,1983.5,1897.1,1621.7,0.0,8.9800,1400.0,1.40000,12.0750,970.0,0.97000,12.0775,1197.5,0.03629,5.0812,702.5,0.07025,12.0687,3515.0,0.35150,12.0662,4465.0,0.44650,12.0725,1040.0,0.10400,12.0737,-5.0,-0.00050,12.0750,-7.5,-0.00075,12.0725,-7.5,-0.00075,12.0725,-5.0,-0.00050,12.0737,-5.0,-0.00050,12.0737,-5.0,-0.00050,12.0750,-7.5,-0.00075,69.32
7,642179,1,0,57.20,1737.4,1621.2,1836.4,0.0,8.9788,1417.5,1.41750,12.0750,985.0,0.98500,12.0775,1195.0,0.03621,5.0812,702.5,0.07025,12.0675,3550.0,0.35500,12.0650,4547.5,0.45475,12.0725,1060.0,0.10600,12.0737,-5.0,-0.00050,12.0750,-7.5,-0.00075,12.0712,-7.5,-0.00075,12.0737,-5.0,-0.00050,12.0737,-5.0,-0.00050,12.0737,-5.0,-0.00050,12.0750,-7.5,-0.00075,69.65
7,642515,1,0,57.48,1525.8,2062.7,1627.9,0.0,8.9788,1415.0,1.41500,12.0750,985.0,0.98500,12.0775,1197.5,0.03629,5.0812,702.5,0.07025,12.0675,3532.5,0.35325,12.0650,4552.5,0.45525,12.0725,1072.5,0.10725,12.0737,-5.0,-0.00050,12.0750,-7.5,-0.00075,12.0712,-7.5,-0.00075,12.0737,-5.0,-0.00050,12.0737,-5.0,-0.00050,12.0737,-5.0,-0.00050,12.0750,-7.5,-0.00075,69.99
7,642852,1,0,57.76,1969.1,2072.7,1761.4,0.0,8.9750,1442.5,1.44250,12.0750,1002.5,1.00250,12.0763,1200.0,0.03636,5.0812,702.5,0.07025,12.0675,3630.0,0.36300,12.0650,4632.5,0.46325,12.0712,1067.5,0.10675,12.0725,-5.0,-0.00050,12.0737,-7.5,-0.00075,12.0712,-7.5,-0.00075,12.0725,-5.0,-0.00050,12.0737,-5.0,-0.00050,12.0737,-5.0,-0.00050,12.0750,-7.5,-0.00075,70.33
7,643188,1,0,58.04,2015.9,1973.2,1642.5,0.0,8.9738,1447.5,1.44750,12.0750,1002.5,1.00250,12.0763,1195.0,0.03621,5.0812,702.5,0.07025,12.0687,3630.0,0.36300,12.0650,4642.5,0.46425,12.0725,1060.0,0.10600,12.0737,-5.0,-0.00050,12.0750,-7.5,-0.00075,12.0712,-7.5,-0.00075,12.0737,-5.0,-0.00050,12.0750,-5.0,-0.00050,12.0750,-5.0,-0.00050,12.0763,-7.5,-0.00075,70.66
7,643524,1,0,58.32,1655.6,2202.0,1758.5,0.0,8.9712,1467.5,1.46750,12.0750,1017.5,1.01750,12.0775,1197.5,0.03629,5.0812,702.5,0.07025,12.0675,3702.5,0.37025,12.0650,4682.5,0.46825,12.0725,1110.0,0.11100,12.0737,-5.0,-0.00050,12.0750,-7.5,-0.00075,12.0712,-7.5,-0.00075,12.0725,-5.0,-0.00050,12.0725,-5.0,-0.00050,12.0737,-5.0,-0.00050,12.0750,-7.5,-0.00075,71.01
7,643881,1,0,58.61,1663.6,1768.0,1766.7,0.0,8.9725,1462.5,1.46250,12.0750,1015.0,1.01500,12.0775,1195.0,0.03621,5.0812,702.5,0.07025,12.0687,3682.5,0.36825,12.0650,4650.0,0.46500,12.0725,1102.5,0.11025,12.0737,-5.0,-0.00050,12.0750,-7.5,-0.00075,12.0725,-7.5,-0.00075,12.0737,-5.0,-0.00050,12.0737,-5.0,-0.00050,12.0737,-5.0,-0.00050,12.0750,-7.5,-0.00075,71.35
7,644218,1,0,58.90,1781.0,1965.0,1862.3,0.0,8.9712,1470.0,1.47000,12.0750,1022.5,1.02250,12.0775,1195.0,0.03621,5.0812,702.5,0.07025,12.0675,3715.0,0.37150,12.0650,4672.5,0.46725,12.0725,1102.5,0.11025,12.0737,-5.0,-0.00050,12.0750,-7.5,-0.00075,12.0725,-7.5,-0.00075,12.0737,-5.0,-0.00050,12.0737,-5.0,-0.00050,12.0750,-5.0,-0.00050,12.0750,-7.5,-0.00075,71.70
7,644554,1,0,59.17,1675.6,2112.1,1781.4,0.0,8.9712,1470.0,1.47000,12.0750,1020.0,1.02000,12.0775,1200.0,0.03636,5.0812,702.5,0.07025,12.0687,3707.5,0.37075,12.0650,4670.0,0.46700,12.0725,1107.5,0.11075,12.0737,-5.0,-0.00050,12.0750,-7.5,-0.00075,12.0725,-7.5,-0.00075,12.0737,-5.0,-0.00050,12.0737,-5.0,-0.00050,12.0750,-5.0,-0.00050,12.0763,-7.5,-0.00075,72.03
7,644890,1,0,59.45,1732.2,2084.0,1981.6,0.0,8.9675,1495.0,1.49500,12.0750,1040.0,1.04000,12.0763,1197.5,0.03629,5.0812,702.5,0.07025,12.0675,3792.5,0.37925,12.0637,4767.5,0.47675,12.0712,1107.5,0.11075,12.0725,-5.0,-0.00050,12.0737,-7.5,-0.00075,12.0712,-7.5,-0.00075,12.0725,-5.0,-0.00050,12.0725,-5.0,-0.00050,12.0737,-5.0,-0.00050,12.0750,-7.5,-0.00075,72.37
7,645226,1,0,59.73,1801.8,2242.4,1794.3,0.0,8.9662,1512.5,1.51250,12.0750,1050.0,1.05000,12.0775,1200.0,0.03636,5.0812,702.5,0.07025,12.0675,3792.5,0.37925,12.0650,4847.5,0.48475,12.0725,1140.0,0.11400,12.0737,-5.0,-0.00050,12.0750,-7.5,-0.00075,12.0712,-7.5,-0.00075,12.0725,-5.0,-0.00050,12.0737,-5.0,-0.00050,12.0737,-5.0,-0.00050,12.0750,-7.5,-0.00075,72.71
7,645563,1,0,60.02,1793.4,2101.0,1891.7,0.0,8.9662,1515.0,1.51500,12.0750,1055.0,1.05500,12.0775,1200.0,0.03636,5.0812,702.5,0.07025,12.0675,3837.5,0.38375,12.0637,4852.5,0.48525,12.0712,1132.5,0.11325,12.0737,-5.0,-0.00050,12.0750,-7.5,-0.00075,12.0712,-7.5,-0.00075,12.0725,-5.0,-0.00050,12.0737,-5.0,-0.00050,12.0737,-5.0,-0.00050,12.0750,-7.5,-0.00075,73.05
7,645920,1,0,60.31,1800.2,1898.3,2111.0,0.0,8.9637,1532.5,1.53250,12.0750,1062.5,1.06250,12.0763,1195.0,0.03621,5.0812,702.5,0.07025,12.0675,3832.5,0.38325,12.0637,4932.5,0.49325,12.0712,1160.0,0.11600,12.0725,-5.0,-0.00050,12.0750,-7.5,-0.00075,12.0712,-7.5,-0.00075,12.0725,-5.0,-0.00050,12.0725,-5.0,-0.00050,12.0737,-5.0,-0.00050,12.0750,-7.5,-0.00075,73.39
7,646256,1,0,60.59,1955.1,2043.2,1906.4,0.0,8.9600,1562.5,1.56250,12.0737,1090.0,1.09000,12.0763,1197.5,0.03629,5.0812,702.5,0.07025,12.0662,3960.0,0.39600,12.0637,5032.5,0.50325,12.0712,1140.0,0.11400,12.0725,-5.0,-0.00050,12.0737,-7.5,-0.00075,12.0700,-7.5,-0.00075,12.0712,-5.0,-0.00050,12.0725,-5.0,-0.00050,12.0725,-5.0,-0.00050,12.0737,-7.5,-0.00075,73.73
7,646592,1,0,60.87,1816.6,1825.8,2124.0,0.0,8.9550,1602.5,1.60250,12.0737,1115.0,1.11500,12.0763,1197.5,0.03629,5.0812,702.5,0.07025,12.0662,4030.0,0.40300,12.0637,5140.0,0.51400,12.0712,1212.5,0.12125,12.0725,-5.0,-0.00050,12.0737,-7.5,-0.00075,12.0700,-7.5,-0.00075,12.0712,-5.0,-0.00050,12.0725,-5.0,-0.00050,12.0725,-5.0,-0.00050,12.0737,-7.5,-0.00075,74.07
7,646929,1,0,61.15,2039.1,2177.9,1987.8,0.0,8.9563,1600.0,1.60000,12.0750,1112.5,1.11250,12.0775,1195.0,0.03621,5.0812,702.5,0.07025,12.0675,4030.0,0.40300,12.0637,5115.0,0.51150,12.0712,1217.5,0.12175,12.0737,-5.0,-0.00050,12.0750,-7.5,-0.00075,12.0712,-7.5,-0.00075,12.0725,-5.0,-0.00050,12.0725,-5.0,-0.00050,12.0737,-5.0,-0.00050,12.0750,-7.5,-0.00075,74.40
7,647265,1,0,61.43,1772.7,1610.5,1838.8,0.0,8.9550,1607.5,1.60750,12.0750,1117.5,1.11750,12.0763,1195.0,0.03621,5.0812,702.5,0.07025,12.0662,4047.5,0.40475,12.0637,5140.0,0.51400,12.0712,1225.0,0.12250,12.0725,-5.0,-0.00050,12.0750,-7.5,-0.00075,12.0712,-7.5,-0.00075,12.0725,-5.0,-0.00050,12.0725,-5.0,-0.00050,12.0737,-5.0,-0.00050,12.0750,-7.5,-0.00075,74.74
7,647601,1,0,61.71,1622.0,2004.9,1670.6,0.0,8.9550,1607.5,1.60750,12.0750,1115.0,1.11500,12.0775,1197.5,0.03629,5.0812,702.5,0.07025,12.0675,4017.5,0.40175,12.0637,5145.0,0.51450,12.0712,1222.5,0.12225,12.0737,-5.0,-0.00050,12.0750,-7.5,-0.00075,12.0712,-7.5,-0.00075,12.0725,-5.0,-0.00050,12.0737,-5.0,-0.00050,12.0737,-5.0,-0.00050,12.0750,-7.5,-0.00075,75.09
7,647958,1,0,62.01,1844.8,1943.7,1946.0,0.0,8.9513,1632.5,1.63250,12.0737,1137.5,1.13750,12.0763,1200.0,0.03636,5.0812,702.5,0.07025,12.0662,4117.5,0.41175,12.0625,5252.5,0.52525,12.0700,1235.0,0.12350,12.0725,-5.0,-0.00050,12.0737,-7.5,-0.00075,12.0700,-7.5,-0.00075,12.0725,-5.0,-0.00050,12.0725,-5.0,-0.00050,12.0725,-5.0,-0.00050,12.0750,-7.5,-0.00075,75.44
7,648295,1,0,62.29,1742.9,2167.6,1888.7,0.0,8.9500,1640.0,1.64000,12.0750,1140.0,1.14000,12.0775,1195.0,0.03621,5.0812,702.5,0.07025,12.0662,4117.5,0.41175,12.0637,5255.0,0.52550,12.0712,1220.0,0.12200,12.0725,-5.0,-0.00050,12.0737,-7.5,-0.00075,12.0712,-7.5,-0.00075,12.0725,-5.0,-0.00050,12.0725,-5.0,-0.00050,12.0737,-5.0,-0.00050,12.0750,-7.5,-0.00075,75.78
7,648631,1,0,62.57,1858.5,2067.0,2068.4,0.0,8.9475,1667.5,1.66750,12.0737,1160.0,1.16000,12.0763,1195.0,0.03621,5.0812,702.5,0.07025,12.0662,4165.0,0.41650,12.0625,5370.0,0.53700,12.0700,1275.0,0.12750,12.0725,-5.0,-0.00050,12.0737,-7.5,-0.00075,12.0700,-7.5,-0.00075,12.0712,-5.0,-0.00050,12.0725,-5.0,-0.00050,12.0725,-5.0,-0.00050,12.0737,-7.5,-0.00075,76.11
7,648967,1,0,62.85,2085.5,2008.6,1968.5,0.0,8.9475,1670.0,1.67000,12.0750,1160.0,1.16000,12.0775,1195.0,0.03621,5.0812,702.5,0.07025,12.0662,4180.0,0.41800,12.0637,5375.0,0.53750,12.0712,1257.5,0.12575,12.0725,-5.0,-0.00050,12.0737,-7.5,-0.00075,12.0700,-7.5,-0.00075,12.0712,-5.0,-0.00050,12.0725,-5.0,-0.00050,12.0737,-5.0,-0.00050,12.0750,-7.5,-0.00075,76.45
7,649303,1,0,63.13,1983.9,1975.6,2086.1,0.0,8.9425,1705.0,1.70500,12.0737,1187.5,1.18750,12.0763,1195.0,0.03621,5.0812,702.5,0.07025,12.0650,4272.5,0.42725,12.0612,5505.0,0.55050,12.0700,1270.0,0.12700,12.0712,-5.0,-0.00050,12.0725,-7.5,-0.00075,12.0700,-7.5,-0.00075,12.0712,-5.0,-0.00050,12.0712,-5.0,-0.00050,12.0725,-5.0,-0.00050,12.0737,-7.5,-0.00075,76.78
7,649640,1,0,63.41,1970.9,2067.3,1873.9,0.0,8.9412,1712.5,1.71250,12.0750,1195.0,1.19500,12.0763,1200.0,0.03636,5.0812,702.5,0.07025,12.0662,4307.5,0.43075,12.0625,5527.5,0.55275,12.0700,1270.0,0.12700,12.0725,-5.0,-0.00050,12.0737,-7.5,-0.00075,12.0700,-7.5,-0.00075,12.0725,-5.0,-0.00050,12.0725,-5.0,-0.00050,12.0737,-5.0,-0.00050,12.0750,-7.5,-0.00075,77.13
7,649997,1,0,63.71,1778.0,1882.5,1880.4,0.0,8.9388,1727.5,1.72750,12.0750,1200.0,1.20000,12.0763,1197.5,0.03629,5.0812,702.5,0.07025,12.0650,4340.0,0.43400,12.0625,5542.5,0.55425,12.0700,1317.5,0.13175,12.0712,-5.0,-0.00050,12.0725,-7.5,-0.00075,12.0700,-7.5,-0.00075,12.0712,-5.0,-0.00050,12.0725,-5.0,-0.00050,12.0725,-5.0,-0.00050,12.0737,-7.5,-0.00075,77.47
7,650333,1,0,63.99,1897.0,2150.8,1825.8,0.0,8.9388,1735.0,1.73500,12.0750,1207.5,1.20750,12.0763,1197.5,0.03629,5.0812,702.5,0.07025,12.0650,4350.0,0.43500,12.0612,5595.0,0.55950,12.0700,1315.0,0.13150,12.0712,-5.0,-0.00050,12.0725,-7.5,-0.00075,12.0700,-7.5,-0.00075,12.0712,-5.0,-0.00050,12.0725,-5.0,-0.00050,12.0725,-5.0,-0.00050,12.0737,-7.5,-0.00075,77.80
7,650669,1,0,64.27,1994.5,2194.0,1775.7,0.0,8.9400,1722.5,1.72250,12.0737,1200.0,1.20000,12.0763,1200.0,0.03636,5.0812,702.5,0.07025,12.0650,4287.5,0.42875,12.0625,5537.5,0.55375,12.0700,1322.5,0.13225,12.0725,-5.0,-0.00050,12.0737,-7.5,-0.00075,12.0712,-7.5,-0.00075,12.0712,-5.0,-0.00050,12.0725,-5.0,-0.00050,12.0737,-5.0,-0.00050,12.0750,-7.5,-0.00075,78.14
7,651006,1,0,64.55,2000.6,1990.9,1781.4,0.0,8.9388,1737.5,1.73750,12.0750,1212.5,1.21250,12.0763,1197.5,0.03629,5.0812,702.5,0.07025,12.0650,4320.0,0.43200,12.0612,5645.0,0.56450,12.0700,1335.0,0.13350,12.0712,-5.0,-0.00050,12.0725,-7.5,-0.00075,12.0700,-7.5,-0.00075,12.0712,-5.0,-0.00050,12.0712,-5.0,-0.00050,12.0725,-5.0,-0.00050,12.0737,-7.5,-0.00075,78.48
7,651342,1,0,64.83,2008.3,1908.1,1907.6,0.0,8.9312,1795.0,1.79500,12.0737,1250.0,1.25000,12.0750,1197.5,0.03629,5.0812,702.5,0.07025,12.0650,4452.5,0.44525,12.0612,5797.5,0.57975,12.0700,1357.5,0.13575,12.0712,-5.0,-0.00050,12.0725,-7.5,-0.00075,12.0687,-7.5,-0.00075,12.0712,-5.0,-0.00050,12.0712,-5.0,-0.00050,12.0725,-5.0,-0.00050,12.0737,-7.5,-0.00075,78.82
7,651678,1,0,65.11,2016.0,2183.1,1960.7,0.0,8.9275,1820.0,1.82000,12.0737,1267.5,1.26750,12.0763,1200.0,0.03636,5.0812,702.5,0.07025,12.0650,4560.0,0.45600,12.0612,5862.5,0.58625,12.0687,1402.5,0.14025,12.0712,-5.0,-0.00050,12.0725,-7.5,-0.00075,12.0700,-7.5,-0.00075,12.0712,-5.0,-0.00050,12.0712,-5.0,-0.00050,12.0725,-5.0,-0.00050,12.0737,-7.5,-0.00075,79.16
7,652035,1,0,65.41,1916.2,2229.0,2014.5,0.0,8.9275,1820.0,1.82000,12.0737,1270.0,1.27000,12.0763,1200.0,0.03636,5.0812,702.5,0.07025,12.0650,4570.0,0.45700,12.0612,5837.5,0.58375,12.0700,1392.5,0.13925,12.0712,-5.0,-0.00050,12.0725,-7.5,-0.00075,12.0700,-7.5,-0.00075,12.0712,-5.0,-0.00050,12.0725,-5.0,-0.00050,12.0725,-5.0,-0.00050,12.0737,-7.5,-0.00075,79.51
7,652372,1,0,65.69,1708.7,2024.3,2128.9,0.0,8.9237,1855.0,1.85500,12.0737,1292.5,1.29250,12.0763,1197.5,0.03629,5.0812,702.5,0.07025,12.0637,4645.0,0.46450,12.0600,5940.0,0.59400,12.0700,1405.0,0.14050,12.0712,-5.0,-0.00050,12.0725,-7.5,-0.00075,12.0687,-7.5,-0.00075,12.0712,-5.0,-0.00050,12.0712,-5.0,-0.00050,12.0712,-5.0,-0.00050,12.0725,-7.5,-0.00075,79.85
7,652708,1,0,65.97,1716.1,2461.4,1816.2,0.0,8.9225,1870.0,1.87000,12.0737,1300.0,1.30000,12.0763,1200.0,0.03636,5.0812,702.5,0.07025,12.0637,4715.0,0.47150,12.0612,5965.0,0.59650,12.0687,1410.0,0.14100,12.0712,-5.0,-0.00050,12.0725,-7.5,-0.00075,12.0700,-7.5,-0.00075,12.0712,-5.0,-0.00050,12.0712,-5.0,-0.00050,12.0725,-5.0,-0.00050,12.0737,-7.5,-0.00075,80.18
7,653044,1,0,66.25,1940.4,1933.1,2037.7,0.0,8.9200,1887.5,1.88750,12.0737,1312.5,1.31250,12.0763,1197.5,0.03629,5.0812,702.5,0.07025,12.0637,4727.5,0.47275,12.0600,6065.0,0.60650,12.0687,1452.5,0.14525,12.0712,-5.0,-0.00050,12.0725,-7.5,-0.00075,12.0687,-7.5,-0.00075,12.0700,-5.0,-0.00050,12.0712,-5.0,-0.00050,12.0725,-5.0,-0.00050,12.0725,-7.5,-0.00075,80.53
7,653380,1,0,66.53,2272.7,2183.8,2369.8,0.0,8.9200,1887.5,1.88750,12.0737,1315.0,1.31500,12.0763,1197.5,0.03629,5.0812,702.5,0.07025,12.0637,4725.0,0.47250,12.0612,6037.5,0.60375,12.0687,1450.0,0.14500,12.0712,-5.0,-0.00050,12.0737,-7.5,-0.00075,12.0700,-7.5,-0.00075,12.0712,-5.0,-0.00050,12.0712,-5.0,-0.00050,12.0725,-5.0,-0.00050,12.0737,-7.5,-0.00075,80.87
7,653717,1,0,66.81,1954.1,1991.0,1947.3,0.0,8.9187,1895.0,1.89500,12.0737,1322.5,1.32250,12.0763,1197.5,0.03629,5.0812,702.5,0.07025,12.0637,4760.0,0.47600,12.0600,6092.5,0.60925,12.0687,1460.0,0.14600,12.0712,-5.0,-0.00050,12.0725,-7.5,-0.00075,12.0700,-7.5,-0.00075,12.0712,-5.0,-0.00050,12.0712,-5.0,-0.00050,12.0725,-5.0,-0.00050,12.0737,-7.5,-0.00075,81.21
7,654074,1,0,67.11,2068.9,1966.1,1954.5,0.0,8.9163,1910.0,1.91000,12.0737,1330.0,1.33000,12.0750,1195.0,0.03621,5.0812,702.5,0.07025,12.0637,4782.5,0.47825,12.0600,6125.0,0.61250,12.0687,1460.0,0.14600,12.0712,-5.0,-0.00050,12.0725,-7.5,-0.00075,12.0687,-7.5,-0.00075,12.0700,-5.0,-0.00050,12.0712,-5.0,-0.00050,12.0725,-5.0,-0.00050,12.0737,-7.5,-0.00075,81.56
7,654410,1,0,67.39,2013.9,2719.6,1852.2,0.0,8.9137,1932.5,1.93250,12.0737,1347.5,1.34750,12.0763,1200.0,0.03636,5.0812,702.5,0.07025,12.0637,4865.0,0.48650,12.0600,6225.0,0.62250,12.0687,1452.5,0.14525,12.0700,-5.0,-0.00050,12.0725,-7.5,-0.00075,12.0687,-7.5,-0.00075,12.0700,-5.0,-0.00050,12.0712,-5.0,-0.00050,12.0725,-5.0,-0.00050,12.0737,-7.5,-0.00075,81.89
7,654746,1,0,67.67,1755.7,2158.4,2056.1,0.0,8.9125,1945.0,1.94500,12.0737,1357.5,1.35750,12.0763,1195.0,0.03621,5.0812,702.5,0.07025,12.0637,4865.0,0.48650,12.0600,6297.5,0.62975,12.0687,1457.5,0.14575,12.0712,-5.0,-0.00050,12.0725,-7.5,-0.00075,12.0700,-7.5,-0.00075,12.0712,-5.0,-0.00050,12.0712,-5.0,-0.00050,12.0725,-5.0,-0.00050,12.0737,-7.5,-0.00075,82.22
7,655083,1,0,67.95,1872.3,2302.0,2189.7,0.0,8.9075,1985.0,1.98500,12.0737,1382.5,1.38250,12.0763,1197.5,0.03629,5.0812,702.5,0.07025,12.0625,4935.0,0.49350,12.0588,6425.0,0.64250,12.0687,1485.0,0.14850,12.0712,-5.0,-0.00050,12.0725,-7.5,-0.00075,12.0687,-7.5,-0.00075,12.0700,-5.0,-0.00050,12.0712,-5.0,-0.00050,12.0712,-5.0,-0.00050,12.0725,-7.5,-0.00075,82.57
7,655419,1,0,68.23,1878.1,1980.7,1978.2,0.0,8.9062,1995.0,1.99500,12.0737,1387.5,1.38750,12.0763,1200.0,0.03636,5.0812,702.5,0.07025,12.0637,4935.0,0.49350,12.0600,6462.5,0.64625,12.0687,1530.0,0.15300,12.0712,-5.0,-0.00050,12.0725,-7.5,-0.00075,12.0687,-7.5,-0.00075,12.0700,-5.0,-0.00050,12.0712,-5.0,-0.00050,12.0712,-5.0,-0.00050,12.0725,-7.5,-0.00075,82.90
7,655755,1,0,68.51,1884.8,1871.0,1870.4,0.0,8.9025,2027.5,2.02750,12.0737,1415.0,1.41500,12.0750,1195.0,0.03621,5.0812,702.5,0.07025,12.0625,5027.5,0.50275,12.0588,6595.0,0.65950,12.0675,1527.5,0.15275,12.0700,-5.0,-0.00050,12.0712,-7.5,-0.00075,12.0675,-7.5,-0.00075,12.0700,-5.0,-0.00050,12.0700,-5.0,-0.00050,12.0712,-5.0,-0.00050,12.0725,-7.5,-0.00075,83.25
7,656112,1,0,68.81,2052.2,1886.0,2295.8,0.0,8.8987,2060.0,2.06000,12.0737,1437.5,1.43750,12.0763,1197.5,0.03629,5.0812,702.5,0.07025,12.0625,5115.0,0.51150,12.0575,6695.0,0.66950,12.0675,1577.5,0.15775,12.0700,-5.0,-0.00050,12.0712,-7.5,-0.00075,12.0687,-7.5,-0.00075,12.0700,-5.0,-0.00050,12.0700,-5.0,-0.00050,12.0712,-5.0,-0.00050,12.0725,-7.5,-0.00075,83.59
7,656449,1,0,69.09,2012.7,2096.7,1991.6,0.0,8.8962,2080.0,2.08000,12.0737,1450.0,1.45000,12.0763,1197.5,0.03629,5.0812,702.5,0.07025,12.0612,5190.0,0.51900,12.0575,6747.5,0.67475,12.0675,1595.0,0.15950,12.0700,-5.0,-0.00050,12.0712,-7.5,-0.00075,12.0687,-7.5,-0.00075,12.0700,-5.0,-0.00050,12.0700,-5.0,-0.00050,12.0712,-5.0,-0.00050,12.0725,-7.5,-0.00075,83.94
7,656785,1,0,69.37,1796.2,2421.6,2105.4,0.0,8.8962,2077.5,2.07750,12.0737,1445.0,1.44500,12.0775,1200.0,0.03636,5.0812,702.5,0.07025,12.0625,5187.5,0.51875,12.0588,6707.5,0.67075,12.0687,1600.0,0.16000,12.0712,-5.0,-0.00050,12.0712,-7.5,-0.00075,12.0687,-7.5,-0.00075,12.0700,-5.0,-0.00050,12.0700,-5.0,-0.00050,12.0712,-5.0,-0.00050,12.0725,-7.5,-0.00075,84.26
7,657121,1,0,69.65,1801.2,2112.5,1901.0,0.0,8.8975,2065.0,2.06500,12.0737,1435.0,1.43500,12.0763,1197.5,0.03629,5.0812,702.5,0.07025,12.0625,5200.0,0.52000,12.0588,6650.0,0.66500,12.0675,1587.5,0.15875,12.0700,-5.0,-0.00050,12.0725,-7.5,-0.00075,12.0687,-7.5,-0.00075,12.0700,-5.0,-0.00050,12.0712,-5.0,-0.00050,12.0712,-5.0,-0.00050,12.0725,-7.5,-0.00075,84.61
7,657457,1,0,69.93,2337.0,2072.3,1953.1,0.0,8.8938,2092.5,2.09250,12.0737,1460.0,1.46000,12.0750,1197.5,0.03629,5.0812,702.5,0.07025,12.0612,5280.0,0.52800,12.0575,6710.0,0.67100,12.0675,1582.5,0.15825,12.0700,-5.0,-0.00050,12.0712,-7.5,-0.00075,12.0675,-7.5,-0.00075,12.0700,-5.0,-0.00050,12.0700,-5.0,-0.00050,12.0712,-5.0,-0.00050,12.0725,-7.5,-0.00075,84.93
7,657794,1,0,70.21,2024.7,2031.1,2142.9,0.0,8.8912,2120.0,2.12000,12.0737,1472.5,1.47250,12.0763,1195.0,0.03621,5.0812,702.5,0.07025,12.0612,5347.5,0.53475,12.0588,6790.0,0.67900,12.0675,1590.0,0.15900,12.0700,-5.0,-0.00050,12.0712,-7.5,-0.00075,12.0687,-7.5,-0.00075,12.0700,-5.0,-0.00050,12.0700,-5.0,-0.00050,12.0712,-5.0,-0.00050,12.0725,-7.5,-0.00075,85.28
7,658151,1,0,70.51,2032.8,2176.6,2236.3,0.0,8.8900,2130.0,2.13000,12.0737,1480.0,1.48000,12.0763,1197.5,0.03629,5.0812,702.5,0.07025,12.0625,5350.0,0.53500,12.0588,6835.0,0.68350,12.0675,1620.0,0.16200,12.0700,-5.0,-0.00050,12.0712,-7.5,-0.00075,12.0687,-7.5,-0.00075,12.0700,-5.0,-0.00050,12.0700,-5.0,-0.00050,12.0712,-5.0,-0.00050,12.0725,-7.5,-0.00075,85.63
7,658487,1,0,70.79,1876.6,2161.8,2137.2,0.0,8.8912,2120.0,2.12000,12.0737,1477.5,1.47750,12.0763,1200.0,0.03636,5.0812,702.5,0.07025,12.0625,5317.5,0.53175,12.0588,6767.5,0.67675,12.0675,1630.0,0.16300,12.0700,-5.0,-0.00050,12.0712,-7.5,-0.00075,12.0687,-7.5,-0.00075,12.0700,-5.0,-0.00050,12.0712,-5.0,-0.00050,12.0712,-5.0,-0.00050,12.0725,-7.5,-0.00075,85.96
7,658823,1,0,71.07,2262.2,1932.8,2252.6,0.0,8.8862,2155.0,2.15500,12.0725,1500.0,1.50000,12.0750,1197.5,0.03629,5.0812,702.5,0.07025,12.0612,5400.0,0.54000,12.0575,6895.0,0.68950,12.0662,1660.0,0.16600,12.0687,-5.0,-0.00050,12.0712,-7.5,-0.00075,12.0675,-7.5,-0.00075,12.0687,-5.0,-0.00050,12.0700,-5.0,-0.00050,12.0700,-5.0,-0.00050,12.0712,-7.5,-0.00075,86.31
7,659160,1,0,71.35,2378.9,2262.2,1987.6,0.0,8.8862,2157.5,2.15750,12.0737,1502.5,1.50250,12.0763,1200.0,0.03636,5.0812,702.5,0.07025,12.0612,5412.5,0.54125,12.0575,6887.5,0.68875,12.0675,1657.5,0.16575,12.0700,-5.0,-0.00050,12.0712,-7.5,-0.00075,12.0675,-7.5,-0.00075,12.0700,-5.0,-0.00050,12.0700,-5.0,-0.00050,12.0712,-5.0,-0.00050,12.0725,-7.5,-0.00075,86.64
7,659496,1,0,71.63,2003.2,2160.1,1945.2,0.0,8.8825,2187.5,2.18750,12.0725,1525.0,1.52500,12.0750,1195.0,0.03621,5.0812,702.5,0.07025,12.0612,5457.5,0.54575,12.0575,7022.5,0.70225,12.0675,1685.0,0.16850,12.0700,-5.0,-0.00050,12.0712,-7.5,-0.00075,12.0675,-7.5,-0.00075,12.0687,-5.0,-0.00050,12.0700,-5.0,-0.00050,12.0700,-5.0,-0.00050,12.0712,-7.5,-0.00075,86.98
7,659832,1,0,71.91,2069.2,2275.6,2061.2,0.0,8.8825,2190.0,2.19000,12.0737,1522.5,1.52250,12.0763,1197.5,0.03629,5.0812,702.5,0.07025,12.0612,5462.5,0.54625,12.0575,7045.0,0.70450,12.0675,1705.0,0.17050,12.0700,-5.0,-0.00050,12.0712,-7.5,-0.00075,12.0675,-7.5,-0.00075,12.0687,-5.0,-0.00050,12.0700,-5.0,-0.00050,12.0712,-5.0,-0.00050,12.0725,-7.5,-0.00075,87.32
7,660189,1,0,72.20,2122.7,2175.1,2177.3,0.0,8.8775,2227.5,2.22750,12.0725,1547.5,1.54750,12.0750,1197.5,0.03629,5.0812,702.5,0.07025,12.0600,5562.5,0.55625,12.0562,7185.0,0.71850,12.0662,1722.5,0.17225,12.0687,-5.0,-0.00050,12.0700,-7.5,-0.00075,12.0675,-7.5,-0.00075,12.0687,-5.0,-0.00050,12.0687,-5.0,-0.00050,12.0700,-5.0,-0.00050,12.0712,-7.5,-0.00075,87.66
7,660526,1,0,72.48,2238.0,2075.6,2074.8,0.0,8.8763,2237.5,2.23750,12.0725,1557.5,1.55750,12.0763,1197.5,0.03629,5.0812,702.5,0.07025,12.0612,5565.0,0.55650,12.0575,7200.0,0.72000,12.0675,1702.5,0.17025,12.0700,-5.0,-0.00050,12.0712,-7.5,-0.00075,12.0687,-7.5,-0.00075,12.0687,-5.0,-0.00050,12.0700,-5.0,-0.00050,12.0700,-5.0,-0.00050,12.0712,-7.5,-0.00075,88.00
7,660862,1,0,72.76,1975.6,2345.4,1971.3,0.0,8.8713,2282.5,2.28250,12.0725,1595.0,1.59500,12.0750,1200.0,0.03636,5.0812,702.5,0.07025,12.0600,5715.0,0.57150,12.0562,7345.0,0.73450,12.0662,1740.0,0.17400,12.0687,-5.0,-0.00050,12.0700,-7.5,-0.00075,12.0675,-7.5,-0.00075,12.0687,-5.0,-0.00050,12.0700,-5.0,-0.00050,12.0700,-5.0,-0.00050,12.0712,-7.5,-0.00075,88.34
7,661198,1,0,73.04,2087.3,2421.9,2136.7,0.0,8.8687,2297.5,2.29750,12.0737,1595.0,1.59500,12.0750,1200.0,0.03636,5.0812,702.5,0.07025,12.0600,5750.0,0.57500,12.0562,7365.0,0.73650,12.0662,1785.0,0.17850,12.0687,-5.0,-0.00050,12.0700,-7.5,-0.00075,12.0675,-7.5,-0.00075,12.0687,-5.0,-0.00050,12.0700,-5.0,-0.00050,12.0700,-5.0,-0.00050,12.0712,-7.5,-0.00075,88.67
7,661534,1,0,73.32,2217.0,2143.0,2096.5,0.0,8.8675,2312.5,2.31250,12.0725,1607.5,1.60750,12.0763,1197.5,0.03629,5.0812,702.5,0.07025,12.0600,5792.5,0.57925,12.0562,7390.0,0.73900,12.0662,1797.5,0.17975,12.0687,-5.0,-0.00050,12.0712,-7.5,-0.00075,12.0675,-7.5,-0.00075,12.0687,-5.0,-0.00050,12.0687,-5.0,-0.00050,12.0700,-5.0,-0.00050,12.0712,-7.5,-0.00075,89.01
7,661871,1,0,73.61,2223.8,2431.9,2366.4,0.0,8.8663,2317.5,2.31750,12.0737,1607.5,1.60750,12.0763,1202.5,0.03644,5.0812,702.5,0.07025,12.0612,5715.0,0.57150,12.0562,7430.0,0.74300,12.0662,1807.5,0.18075,12.0687,-5.0,-0.00050,12.0700,-7.5,-0.00075,12.0675,-7.5,-0.00075,12.0687,-5.0,-0.00050,12.0700,-5.0,-0.00050,12.0700,-5.0,-0.00050,12.0712,-7.5,-0.00075,89.36
7,662228,1,0,73.90,2318.2,2410.5,2204.0,0.0,8.8637,2337.5,2.33750,12.0725,1625.0,1.62500,12.0750,1197.5,0.03629,5.0812,702.5,0.07025,12.0600,5835.0,0.58350,12.0562,7475.0,0.74750,12.0662,1782.5,0.17825,12.0687,-5.0,-0.00050,12.0700,-7.5,-0.00075,12.0675,-7.5,-0.00075,12.0687,-5.0,-0.00050,12.0687,-5.0,-0.00050,12.0700,-5.0,-0.00050,12.0712,-7.5,-0.00075,89.71
7,662564,1,0,74.18,2008.5,2381.9,2103.8,0.0,8.8612,2352.5,2.35250,12.0725,1637.5,1.63750,12.0750,1200.0,0.03636,5.0812,702.5,0.07025,12.0600,5885.0,0.58850,12.0550,7502.5,0.75025,12.0650,1820.0,0.18200,12.0687,-5.0,-0.00050,12.0700,-7.5,-0.00075,12.0662,-7.5,-0.00075,12.0675,-5.0,-0.00050,12.0687,-5.0,-0.00050,12.0700,-5.0,-0.00050,12.0712,-7.5,-0.00075,90.04
7,662900,1,0,74.46,2245.4,2238.4,2234.8,0.0,8.8575,2387.5,2.38750,12.0725,1657.5,1.65750,12.0763,1200.0,0.03636,5.0812,702.5,0.07025,12.0588,5955.0,0.59550,12.0550,7655.0,0.76550,12.0662,1840.0,0.18400,12.0687,-5.0,-0.00050,12.0700,-7.5,-0.00075,12.0662,-7.5,-0.00075,12.0675,-5.0,-0.00050,12.0687,-5.0,-0.00050,12.0700,-5.0,-0.00050,12.0712,-7.5,-0.00075,90.38
7,663237,1,0,74.74,2021.4,2439.8,2370.6,0.0,8.8562,2397.5,2.39750,12.0725,1665.0,1.66500,12.0750,1200.0,0.03636,5.0812,702.5,0.07025,12.0588,5967.5,0.59675,12.0550,7672.5,0.76725,12.0662,1880.0,0.18800,12.0687,-5.0,-0.00050,12.0700,-7.5,-0.00075,12.0662,-7.5,-0.00075,12.0675,-5.0,-0.00050,12.0687,-5.0,-0.00050,12.0700,-5.0,-0.00050,12.0712,-7.5,-0.00075,90.72
7,663573,1,0,75.02,2146.1,2252.3,2276.9,0.0,8.8562,2397.5,2.39750,12.0725,1667.5,1.66750,12.0763,1197.5,0.03629,5.0812,702.5,0.07025,12.0600,5972.5,0.59725,12.0562,7665.0,0.76650,12.0662,1880.0,0.18800,12.0687,-5.0,-0.00050,12.0700,-7.5,-0.00075,12.0675,-7.5,-0.00075,12.0687,-5.0,-0.00050,12.0700,-5.0,-0.00050,12.0700,-5.0,-0.00050,12.0712,-7.5,-0.00075,91.06
7,663909,1,0,75.30,2246.6,2345.8,2145.0,0.0,8.8512,2440.0,2.44000,12.0725,1697.5,1.69750,12.0750,1197.5,0.03629,5.0812,702.5,0.07025,12.0575,6087.5,0.60875,12.0538,7822.5,0.78225,12.0650,1882.5,0.18825,12.0675,-5.0,-0.00050,12.0687,-7.5,-0.00075,12.0650,-7.5,-0.00075,12.0675,-5.0,-0.00050,12.0675,-5.0,-0.00050,12.0687,-5.0,-0.00050,12.0700,-7.5,-0.00075,91.40
7,664266,1,0,75.60,2146.8,2566.0,2090.1,0.0,8.8488,2462.5,2.46250,12.0725,1707.5,1.70750,12.0750,1197.5,0.03629,5.0812,702.5,0.07025,12.0588,6117.5,0.61175,12.0550,7895.0,0.78950,12.0650,1872.5,0.18725,12.0687,-5.0,-0.00050,12.0700,-7.5,-0.00075,12.0662,-7.5,-0.00075,12.0675,-5.0,-0.00050,12.0687,-5.0,-0.00050,12.0700,-5.0,-0.00050,12.0712,-7.5,-0.00075,91.74
7,664603,1,0,75.88,2304.6,2464.3,2037.2,0.0,8.8437,2502.5,2.50250,12.0725,1740.0,1.74000,12.0750,1200.0,0.03636,5.0812,702.5,0.07025,12.0575,6275.0,0.62750,12.0538,8015.0,0.80150,12.0650,1935.0,0.19350,12.0675,-5.0,-0.00050,12.0687,-7.5,-0.00075,12.0662,-7.5,-0.00075,12.0675,-5.0,-0.00050,12.0675,-5.0,-0.00050,12.0687,-5.0,-0.00050,12.0700,-7.5,-0.00075,92.08
7,664939,1,0,76.16,2047.4,2901.4,2409.3,0.0,8.8425,2510.0,2.51000,12.0725,1745.0,1.74500,12.0750,1200.0,0.03636,5.0812,702.5,0.07025,12.0588,6230.0,0.62300,12.0538,8072.5,0.80725,12.0650,1945.0,0.19450,12.0687,-5.0,-0.00050,12.0700,-7.5,-0.00075,12.0662,-7.5,-0.00075,12.0675,-5.0,-0.00050,12.0687,-5.0,-0.00050,12.0700,-5.0,-0.00050,12.0712,-7.5,-0.00075,92.41
7,665275,1,0,76.44,2385.8,2413.2,2269.6,0.0,8.8362,2555.0,2.55500,12.0712,1775.0,1.77500,12.0737,1197.5,0.03629,5.0812,702.5,0.07025,12.0575,6377.5,0.63775,12.0525,8155.0,0.81550,12.0637,1965.0,0.19650,12.0662,-5.0,-0.00050,12.0687,-7.5,-0.00075,12.0650,-7.5,-0.00075,12.0662,-5.0,-0.00050,12.0675,-5.0,-0.00050,12.0687,-5.0,-0.00050,12.0700,-7.5,-0.00075,92.75
7,665611,1,0,76.72,2177.4,2052.0,1951.8,0.0,8.8325,2587.5,2.58750,12.0725,1795.0,1.79500,12.0750,1197.5,0.03629,5.0812,702.5,0.07025,12.0575,6402.5,0.64025,12.0525,8377.5,0.83775,12.0650,1982.5,0.19825,12.0675,-5.0,-0.00050,12.0687,-7.5,-0.00075,12.0662,-7.5,-0.00075,12.0675,-5.0,-0.00050,12.0675,-5.0,-0.00050,12.0687,-5.0,-0.00050,12.0712,-7.5,-0.00075,93.08
7,665948,1,0,77.00,2184.4,2576.2,2066.3,0.0,8.8275,2630.0,2.63000,12.0725,1820.0,1.82000,12.0750,1200.0,0.03636,5.0812,702.5,0.07025,12.0562,6555.0,0.65550,12.0525,8437.5,0.84375,12.0637,2035.0,0.20350,12.0675,-5.0,-0.00050,12.0687,-7.5,-0.00075,12.0650,-7.5,-0.00075,12.0662,-5.0,-0.00050,12.0675,-5.0,-0.00050,12.0687,-5.0,-0.00050,12.0700,-7.5,-0.00075,93.45
7,666305,1,0,77.30,2412.2,2621.5,2401.4,0.0,8.8275,2627.5,2.62750,12.0725,1827.5,1.82750,12.0750,1200.0,0.03636,5.0812,702.5,0.07025,12.0575,6570.0,0.65700,12.0538,8355.0,0.83550,12.0650,2015.0,0.20150,12.0675,-5.0,-0.00050,12.0700,-7.5,-0.00075,12.0662,-7.5,-0.00075,12.0675,-5.0,-0.00050,12.0675,-5.0,-0.00050,12.0687,-5.0,-0.00050,12.0700,-7.5,-0.00075,93.79
7,666641,1,0,77.58,2311.4,2559.8,2518.8,0.0,8.8237,2657.5,2.65750,12.0712,1845.0,1.84500,12.0737,1197.5,0.03629,5.0812,702.5,0.07025,12.0562,6627.5,0.66275,12.0525,8465.0,0.84650,12.0637,2032.5,0.20325,12.0662,-5.0,-0.00050,12.0687,-7.5,-0.00075,12.0650,-7.5,-0.00075,12.0662,-5.0,-0.00050,12.0675,-5.0,-0.00050,12.0675,-5.0,-0.00050,12.0700,-7.5,-0.00075,94.12
7,666977,1,0,77.86,2319.9,2091.7,2308.1,0.0,8.8250,2652.5,2.65250,12.0725,1840.0,1.84000,12.0750,1200.0,0.03636,5.0812,702.5,0.07025,12.0575,6622.5,0.66225,12.0538,8432.5,0.84325,12.0637,2052.5,0.20525,12.0675,-5.0,-0.00050,12.0687,-7.5,-0.00075,12.0650,-7.5,-0.00075,12.0675,-5.0,-0.00050,12.0675,-5.0,-0.00050,12.0687,-5.0,-0.00050,12.0700,-7.5,-0.00075,94.45
7,667314,1,0,78.14,2204.1,2363.2,2204.9,0.0,8.8237,2660.0,2.66000,12.0712,1850.0,1.85000,12.0750,1197.5,0.03629,5.0812,702.5,0.07025,12.0562,6670.0,0.66700,12.0525,8475.0,0.84750,12.0637,2050.0,0.20500,12.0662,-5.0,-0.00050,12.0687,-7.5,-0.00075,12.0650,-7.5,-0.00075,12.0662,-5.0,-0.00050,12.0675,-5.0,-0.00050,12.0687,-5.0,-0.00050,12.0700,-7.5,-0.00075,94.79
7,667650,1,0,78.42,2332.6,2515.6,2304.3,0.0,8.8225,2672.5,2.67250,12.0712,1855.0,1.85500,12.0750,1200.0,0.03636,5.0812,702.5,0.07025,12.0562,6632.5,0.66325,12.0525,8515.0,0.85150,12.0637,2080.0,0.20800,12.0675,-5.0,-0.00050,12.0687,-7.5,-0.00075,12.0650,-7.5,-0.00075,12.0662,-5.0,-0.00050,12.0675,-5.0,-0.00050,12.0687,-5.0,-0.00050,12.0700,-7.5,-0.00075,95.12
7,667986,1,0,78.70,2320.4,2328.2,2625.9,0.0,8.8225,2677.5,2.67750,12.0725,1857.5,1.85750,12.0750,1195.0,0.03621,5.0812,702.5,0.07025,12.0562,6650.0,0.66500,12.0525,8555.0,0.85550,12.0637,2090.0,0.20900,12.0675,-5.0,-0.00050,12.0687,-7.5,-0.00075,12.0650,-7.5,-0.00075,12.0662,-5.0,-0.00050,12.0675,-5.0,-0.00050,12.0687,-5.0,-0.00050,12.0700,-7.5,-0.00075,95.47
7,668343,1,0,79.00,2120.4,2631.2,2212.7,0.0,8.8187,2700.0,2.70000,12.0712,1875.0,1.87500,12.0750,1197.5,0.03629,5.0812,702.5,0.07025,12.0562,6660.0,0.66600,12.0525,8642.5,0.86425,12.0637,2097.5,0.20975,12.0662,-5.0,-0.00050,12.0675,-7.5,-0.00075,12.0650,-7.5,-0.00075,12.0662,-5.0,-0.00050,12.0675,-5.0,-0.00050,12.0687,-5.0,-0.00050,12.0700,-7.5,-0.00075,95.82
7,668680,1,0,79.28,2014.5,2228.2,2280.0,0.0,8.8138,2745.0,2.74500,12.0712,1907.5,1.90750,12.0737,1197.5,0.03629,5.0812,702.5,0.07025,12.0550,6820.0,0.68200,12.0512,8750.0,0.87500,12.0625,2095.0,0.20950,12.0662,-5.0,-0.00050,12.0675,-7.5,-0.00075,12.0637,-7.5,-0.00075,12.0662,-5.0,-0.00050,12.0662,-5.0,-0.00050,12.0675,-5.0,-0.00050,12.0687,-7.5,-0.00075,96.15
7,669016,1,0,79.56,2339.2,2436.0,2333.0,0.0,8.8088,2782.5,2.78250,12.0700,1935.0,1.93500,12.0737,1200.0,0.03636,5.0812,702.5,0.07025,12.0550,6952.5,0.69525,12.0512,8830.0,0.88300,12.0625,2130.0,0.21300,12.0650,-5.0,-0.00050,12.0675,-7.5,-0.00075,12.0650,-7.5,-0.00075,12.0662,-5.0,-0.00050,12.0662,-5.0,-0.00050,12.0675,-5.0,-0.00050,12.0687,-7.5,-0.00075,96.50
7,669352,1,0,79.84,2454.3,2444.5,2404.2,0.0,8.8062,2797.5,2.79750,12.0712,1937.5,1.93750,12.0750,1200.0,0.03636,5.0812,702.5,0.07025,12.0550,6995.0,0.69950,12.0512,8867.5,0.88675,12.0637,2152.5,0.21525,12.0662,-5.0,-0.00050,12.0675,-7.5,-0.00075,12.0650,-7.5,-0.00075,12.0662,-5.0,-0.00050,12.0662,-5.0,-0.00050,12.0675,-5.0,-0.00050,12.0687,-7.5,-0.00075,96.83
7,669688,1,0,80.12,2191.3,2493.1,2349.1,0.0,8.8012,2847.5,2.84750,12.0700,1972.5,1.97250,12.0737,1197.5,0.03629,5.0812,702.5,0.07025,12.0538,7122.5,0.71225,12.0500,9045.0,0.90450,12.0612,2190.0,0.21900,12.0650,-5.0,-0.00050,12.0662,-7.5,-0.00075,12.0637,-7.5,-0.00075,12.0650,-5.0,-0.00050,12.0662,-5.0,-0.00050,12.0662,-5.0,-0.00050,12.0675,-7.5,-0.00075,97.16
7,670025,1,0,80.40,2514.8,2245.4,2355.1,0.0,8.8012,2847.5,2.84750,12.0712,1972.5,1.97250,12.0750,1202.5,0.03644,5.0812,702.5,0.07025,12.0550,7070.0,0.70700,12.0512,9090.0,0.90900,12.0625,2172.5,0.21725,12.0662,-5.0,-0.00050,12.0675,-7.5,-0.00075,12.0650,-7.5,-0.00075,12.0662,-5.0,-0.00050,12.0675,-5.0,-0.00050,12.0687,-5.0,-0.00050,12.0687,-7.5,-0.00075,97.51
7,670382,1,0,80.70,2265.7,2466.4,2405.6,0.0,8.7950,2895.0,2.89500,12.0700,2007.5,2.00750,12.0725,1197.5,0.03629,5.0812,702.5,0.07025,12.0525,7165.0,0.71650,12.0487,9300.0,0.93000,12.0612,2217.5,0.22175,12.0650,-5.0,-0.00050,12.0662,-7.5,-0.00075,12.0625,-7.5,-0.00075,12.0650,-5.0,-0.00050,12.0650,-5.0,-0.00050,12.0662,-5.0,-0.00050,12.0675,-7.5,-0.00075,97.87
7,670718,1,0,80.98,2262.3,2476.2,2262.5,0.0,8.7925,2912.5,2.91250,12.0712,2017.5,2.01750,12.0750,1197.5,0.03629,5.0812,702.5,0.07025,12.0550,7207.5,0.72075,12.0500,9305.0,0.93050,12.0625,2242.5,0.22425,12.0662,-5.0,-0.00050,12.0675,-7.5,-0.00075,12.0650,-7.5,-0.00075,12.0662,-5.0,-0.00050,12.0662,-5.0,-0.00050,12.0675,-5.0,-0.00050,12.0687,-7.5,-0.00075,98.20
7,671054,1,0,81.26,2165.2,2485.3,2484.9,0.0,8.7887,2947.5,2.94750,12.0712,2042.5,2.04250,12.0737,1200.0,0.03636,5.0812,702.5,0.07025,12.0538,7315.0,0.73150,12.0500,9365.0,0.93650,12.0625,2265.0,0.22650,12.0650,-5.0,-0.00050,12.0662,-7.5,-0.00075,12.0637,-7.5,-0.00075,12.0662,-5.0,-0.00050,12.0662,-5.0,-0.00050,12.0675,-5.0,-0.00050,12.0687,-7.5,-0.00075,98.54
7,671391,1,0,81.54,2175.5,2276.1,2167.7,0.0,8.7875,2952.5,2.95250,12.0712,2040.0,2.04000,12.0750,1200.0,0.03636,5.0812,702.5,0.07025,12.0538,7290.0,0.72900,12.0500,9432.5,0.94325,12.0625,2285.0,0.22850,12.0650,-5.0,-0.00050,12.0675,-7.5,-0.00075,12.0637,-7.5,-0.00075,12.0650,-5.0,-0.00050,12.0662,-5.0,-0.00050,12.0675,-5.0,-0.00050,12.0687,-7.5,-0.00075,98.88
7,671727,1,0,81.82,2290.4,2281.9,2392.4,0.0,8.7812,3007.5,3.00750,12.0700,2080.0,2.08000,12.0737,1200.0,0.03636,5.0812,702.5,0.07025,12.0525,7422.5,0.74225,12.0487,9622.5,0.96225,12.0612,2335.0,0.23350,12.0650,-5.0,-0.00050,12.0662,-7.5,-0.00075,12.0625,-7.5,-0.00075,12.0637,-5.0,-0.00050,12.0650,-5.0,-0.00050,12.0662,-5.0,-0.00050,12.0675,-7.5,-0.00075,99.20
7,672063,1,0,82.10,2517.6,2589.6,2487.9,0.0,8.7800,3017.5,3.01750,12.0712,2090.0,2.09000,12.0737,1197.5,0.03629,5.0812,702.5,0.07025,12.0538,7427.5,0.74275,12.0487,9660.0,0.96600,12.0612,2352.5,0.23525,12.0650,-5.0,-0.00050,12.0662,-7.5,-0.00075,12.0637,-7.5,-0.00075,12.0650,-5.0,-0.00050,12.0662,-5.0,-0.00050,12.0675,-5.0,-0.00050,12.0687,-7.5,-0.00075,99.56
7,672420,1,0,82.40,2247.8,2558.7,2189.7,0.0,8.7762,3042.5,3.04250,12.0700,2107.5,2.10750,12.0737,1197.5,0.03629,5.0812,702.5,0.07025,12.0525,7455.0,0.74550,12.0487,9742.5,0.97425,12.0612,2352.5,0.23525,12.0650,-5.0,-0.00050,12.0662,-7.5,-0.00075,12.0637,-7.5,-0.00075,12.0650,-5.0,-0.00050,12.0650,-5.0,-0.00050,12.0662,-5.0,-0.00050,12.0687,-7.5,-0.00075,99.91
7,672757,1,0,82.68,2511.5,2606.9,2416.6,0.0,8.7762,3047.5,3.04750,12.0712,2107.5,2.10750,12.0737,1200.0,0.03636,5.0812,702.5,0.07025,12.0538,7427.5,0.74275,12.0487,9807.5,0.98075,12.0612,2352.5,0.23525,12.0650,-5.0,-0.00050,12.0675,-7.5,-0.00075,12.0637,-7.5,-0.00075,12.0650,-5.0,-0.00050,12.0662,-5.0,-0.00050,12.0675,-5.0,-0.00050,12.0687,-7.5,-0.00075,100.23
7,673093,1,0,82.96,2541.1,2311.7,2468.4,0.0,8.7725,3077.5,3.07750,12.0700,2127.5,2.12750,12.0737,1200.0,0.03636,5.0812,702.5,0.07025,12.0525,7555.0,0.75550,12.0487,9857.5,0.98575,12.0612,2380.0,0.23800,12.0650,-5.0,-0.00050,12.0662,-7.5,-0.00075,12.0637,-7.5,-0.00075,12.0650,-5.0,-0.00050,12.0650,-5.0,-0.00050,12.0662,-5.0,-0.00050,12.0675,-7.5,-0.00075,100.57
7,673429,1,0,83.24,2423.4,2411.8,2728.6,0.0,8.7700,3095.0,3.09500,12.0712,2137.5,2.13750,12.0737,1197.5,0.03629,5.0812,702.5,0.07025,12.0525,7582.5,0.75825,12.0487,9902.5,0.99025,12.0612,2405.0,0.24050,12.0650,-5.0,-0.00050,12.0662,-7.5,-0.00075,12.0637,-7.5,-0.00075,12.0650,-5.0,-0.00050,12.0650,-5.0,-0.00050,12.0662,-5.0,-0.00050,12.0687,-7.5,-0.00075,100.91
7,673765,1,0,83.52,3004.5,2657.0,2373.4,0.0,8.7662,3117.5,3.11750,12.0700,2152.5,2.15250,12.0737,1200.0,0.03636,5.0812,702.5,0.07025,12.0525,7650.0,0.76500,12.0475,9990.0,0.99900,12.0600,2422.5,0.24225,12.0637,-5.0,-0.00050,12.0662,-7.5,-0.00075,12.0625,-7.5,-0.00075,12.0637,-5.0,-0.00050,12.0650,-5.0,-0.00050,12.0662,-5.0,-0.00050,12.0675,-7.5,-0.00075,101.24
7,674102,1,0,83.80,2343.8,2745.1,2573.4,0.0,8.7650,3135.0,3.13500,12.0700,2167.5,2.16750,12.0737,1200.0,0.03636,5.0812,702.5,0.07025,12.0525,7650.0,0.76500,12.0475,10022.5,1.00225,12.0600,2457.5,0.24575,12.0650,-5.0,-0.00050,12.0662,-7.5,-0.00075,12.0625,-7.5,-0.00075,12.0650,-5.0,-0.00050,12.0662,-5.0,-0.00050,12.0662,-5.0,-0.00050,12.0675,-7.5,-0.00075,101.59
7,674459,1,0,84.10,2281.8,2497.6,2564.1,0.0,8.7650,3127.5,3.12750,12.0712,2162.5,2.16250,12.0737,1200.0,0.03636,5.0812,702.5,0.07025,12.0525,7635.0,0.76350,12.0487,10015.0,1.00150,12.0612,2432.5,0.24325,12.0650,-5.0,-0.00050,12.0662,-7.5,-0.00075,12.0637,-7.5,-0.00075,12.0650,-5.0,-0.00050,12.0662,-5.0,-0.00050,12.0675,-5.0,-0.00050,12.0687,-7.5,-0.00075,101.93
7,674795,1,0,84.38,2243.1,2334.1,2443.4,0.0,8.7587,3177.5,3.17750,12.0700,2195.0,2.19500,12.0737,1202.5,0.03644,5.0812,702.5,0.07025,12.0512,7790.0,0.77900,12.0475,10140.0,1.01400,12.0600,2487.5,0.24875,12.0637,-5.0,-0.00050,12.0650,-7.5,-0.00075,12.0625,-7.5,-0.00075,12.0637,-5.0,-0.00050,12.0650,-5.0,-0.00050,12.0662,-5.0,-0.00050,12.0675,-7.5,-0.00075,102.27
7,675131,1,0,84.66,2243.6,3085.7,2557.3,0.0,8.7537,3222.5,3.22250,12.0700,2227.5,2.22750,12.0737,1197.5,0.03629,5.0812,702.5,0.07025,12.0512,7915.0,0.79150,12.0475,10325.0,1.03250,12.0600,2455.0,0.24550,12.0637,-5.0,-0.00050,12.0650,-7.5,-0.00075,12.0625,-7.5,-0.00075,12.0637,-5.0,-0.00050,12.0650,-5.0,-0.00050,12.0662,-5.0,-0.00050,12.0675,-7.5,-0.00075,102.61
7,675468,1,0,84.94,2251.1,2884.0,2456.8,0.0,8.7437,3292.5,3.29250,12.0700,2270.0,2.27000,12.0737,1202.5,0.03644,5.0812,702.5,0.07025,12.0500,8070.0,0.80700,12.0462,10535.0,1.05350,12.0588,2517.5,0.25175,12.0625,-5.0,-0.00050,12.0650,-7.5,-0.00075,12.0612,-7.5,-0.00075,12.0625,-5.0,-0.00050,12.0637,-5.0,-0.00050,12.0650,-5.0,-0.00050,12.0662,-7.5,-0.00075,102.94
7,675804,1,0,85.22,2365.5,2613.7,2677.4,0.0,8.7413,3312.5,3.31250,12.0700,2282.5,2.28250,12.0737,1200.0,0.03636,5.0812,702.5,0.07025,12.0512,8080.0,0.80800,12.0462,10630.0,1.06300,12.0600,2540.0,0.25400,12.0637,-5.0,-0.00050,12.0662,-7.5,-0.00075,12.0625,-7.5,-0.00075,12.0637,-5.0,-0.00050,12.0650,-5.0,-0.00050,12.0662,-5.0,-0.00050,12.0675,-7.5,-0.00075,103.28
7,676140,1,0,85.50,2481.5,2515.1,2306.6,0.0,8.7375,3347.5,3.34750,12.0700,2307.5,2.30750,12.0725,1202.5,0.03644,5.0812,702.5,0.07025,12.0500,8172.5,0.81725,12.0450,10702.5,1.07025,12.0588,2575.0,0.25750,12.0625,-5.0,-0.00050,12.0650,-7.5,-0.00075,12.0612,-7.5,-0.00075,12.0625,-5.0,-0.00050,12.0650,-5.0,-0.00050,12.0650,-5.0,-0.00050,12.0675,-7.5,-0.00075,103.63
7,676497,1,0,85.50,2273.3,2692.7,2733.1,0.0,8.7425,3305.0,3.30500,12.0712,2277.5,2.27750,12.0750,1197.5,0.03629,5.0812,702.5,0.07025,12.0525,8050.0,0.80500,12.0475,10537.5,1.05375,12.0612,2560.0,0.25600,12.0650,-5.0,-0.00050,12.0662,-7.5,-0.00075,12.0637,-7.5,-0.00075,12.0650,-5.0,-0.00050,12.0650,-5.0,-0.00050,12.0662,-5.0,-0.00050,12.0675,-7.5,-0.00075,103.97
7,676834,1,0,85.22,2383.8,2802.1,2588.3,0.0,8.7625,3142.5,3.14250,12.0737,2167.5,2.16750,12.0775,1197.5,0.03629,5.0812,702.5,0.07025,12.0550,7687.5,0.76875,12.0512,9997.5,0.99975,12.0637,2477.5,0.24775,12.0675,-5.0,-0.00050,12.0687,-7.5,-0.00075,12.0662,-7.5,-0.00075,12.0675,-5.0,-0.00050,12.0687,-5.0,-0.00050,12.0687,-5.0,-0.00050,12.0712,-7.5,-0.00075,104.31
7,677170,1,0,84.94,2531.6,2688.5,2522.7,0.0,8.7800,3002.5,3.00250,12.0725,2077.5,2.07750,12.0763,1200.0,0.03636,5.0812,702.5,0.07025,12.0550,7315.0,0.73150,12.0512,9617.5,0.96175,12.0637,2400.0,0.24000,12.0662,-5.0,-0.00050,12.0687,-7.5,-0.00075,12.0650,-7.5,-0.00075,12.0662,-5.0,-0.00050,12.0675,-5.0,-0.00050,12.0687,-5.0,-0.00050,12.0700,-7.5,-0.00075,104.64
7,677506,1,0,84.66,2586.3,2572.2,2684.2,0.0,8.7913,2910.0,2.91000,12.0725,2015.0,2.01500,12.0763,1200.0,0.03636,5.0812,702.5,0.07025,12.0562,7142.5,0.71425,12.0512,9285.0,0.92850,12.0637,2300.0,0.23000,12.0675,-5.0,-0.00050,12.0687,-7.5,-0.00075,12.0650,-7.5,-0.00075,12.0675,-5.0,-0.00050,12.0675,-5.0,-0.00050,12.0687,-5.0,-0.00050,12.0700,-7.5,-0.00075,104.98
7,677842,1,0,84.38,2467.7,2814.2,2244.3,0.0,8.7987,2845.0,2.84500,12.0725,1970.0,1.97000,12.0763,1200.0,0.03636,5.0812,702.5,0.07025,12.0562,6980.0,0.69800,12.0525,9067.5,0.90675,12.0637,2262.5,0.22625,12.0675,-5.0,-0.00050,12.0687,-7.5,-0.00075,12.0662,-7.5,-0.00075,12.0675,-5.0,-0.00050,12.0675,-5.0,-0.00050,12.0687,-5.0,-0.00050,12.0700,-7.5,-0.00075,105.32
7,678179,1,0,84.09,2498.8,2341.0,2659.2,0.0,8.8088,2770.0,2.77000,12.0725,1920.0,1.92000,12.0763,1200.0,0.03636,5.0812,702.5,0.07025,12.0575,6802.5,0.68025,12.0538,8807.5,0.88075,12.0650,2217.5,0.22175,12.0675,-5.0,-0.00050,12.0700,-7.5,-0.00075,12.0662,-7.5,-0.00075,12.0675,-5.0,-0.00050,12.0687,-5.0,-0.00050,12.0700,-5.0,-0.00050,12.0712,-7.5,-0.00075,105.67
7,678536,1,0,83.80,2504.6,2223.2,2435.6,0.0,8.8088,2772.5,2.77250,12.0712,1922.5,1.92250,12.0750,1202.5,0.03644,5.0812,702.5,0.07025,12.0562,6787.5,0.67875,12.0512,8842.5,0.88425,12.0625,2252.5,0.22525,12.0662,-5.0,-0.00050,12.0675,-7.5,-0.00075,12.0650,-7.5,-0.00075,12.0662,-5.0,-0.00050,12.0662,-5.0,-0.00050,12.0675,-5.0,-0.00050,12.0687,-7.5,-0.00075,106.01
7,678872,1,0,83.52,2538.5,2997.1,2321.9,0.0,8.8038,2807.5,2.80750,12.0712,1947.5,1.94750,12.0737,1202.5,0.03644,5.0812,702.5,0.07025,12.0550,6907.5,0.69075,12.0512,8952.5,0.89525,12.0625,2245.0,0.22450,12.0662,-5.0,-0.00050,12.0675,-7.5,-0.00075,12.0650,-7.5,-0.00075,12.0662,-5.0,-0.00050,12.0662,-5.0,-0.00050,12.0675,-5.0,-0.00050,12.0700,-7.5,-0.00075,106.35
7,679208,1,0,83.24,2425.1,2462.2,2325.7,0.0,8.8038,2810.0,2.81000,12.0725,1950.0,1.95000,12.0750,1202.5,0.03644,5.0812,702.5,0.07025,12.0562,6905.0,0.69050,12.0525,8957.5,0.89575,12.0637,2242.5,0.22425,12.0675,-5.0,-0.00050,12.0687,-7.5,-0.00075,12.0650,-7.5,-0.00075,12.0675,-5.0,-0.00050,12.0675,-5.0,-0.00050,12.0687,-5.0,-0.00050,12.0700,-7.5,-0.00075,106.68
7,679545,1,0,82.96,2213.6,2830.6,2308.5,0.0,8.8038,2812.5,2.81250,12.0725,1950.0,1.95000,12.0750,1200.0,0.03636,5.0812,702.5,0.07025,12.0562,6922.5,0.69225,12.0512,9000.0,0.90000,12.0637,2227.5,0.22275,12.0675,-5.0,-0.00050,12.0687,-7.5,-0.00075,12.0650,-7.5,-0.00075,12.0662,-5.0,-0.00050,12.0675,-5.0,-0.00050,12.0687,-5.0,-0.00050,12.0700,-7.5,-0.00075,107.02
7,679881,1,0,82.68,2413.0,2752.4,2534.1,0.0,8.8075,2775.0,2.77500,12.0737,1925.0,1.92500,12.0763,1202.5,0.03644,5.0812,702.5,0.07025,12.0575,6797.5,0.67975,12.0525,8930.0,0.89300,12.0650,2195.0,0.21950,12.0675,-5.0,-0.00050,12.0687,-7.5,-0.00075,12.0662,-7.5,-0.00075,12.0675,-5.0,-0.00050,12.0687,-5.0,-0.00050,12.0700,-5.0,-0.00050,12.0712,-7.5,-0.00075,107.35
7,680217,1,0,82.40,2313.5,2745.3,2296.7,0.0,8.8100,2757.5,2.75750,12.0725,1915.0,1.91500,12.0750,1200.0,0.03636,5.0812,702.5,0.07025,12.0562,6762.5,0.67625,12.0525,8867.5,0.88675,12.0637,2195.0,0.21950,12.0675,-5.0,-0.00050,12.0687,-7.5,-0.00075,12.0662,-7.5,-0.00075,12.0675,-5.0,-0.00050,12.0675,-5.0,-0.00050,12.0687,-5.0,-0.00050,12.0700,-7.5,-0.00075,107.71
7,680574,1,0,82.10,2570.2,2299.9,2499.6,0.0,8.8150,2720.0,2.72000,12.0737,1885.0,1.88500,12.0763,1197.5,0.03629,5.0812,702.5,0.07025,12.0575,6645.0,0.66450,12.0538,8735.0,0.87350,12.0650,2157.5,0.21575,12.0675,-5.0,-0.00050,12.0687,-7.5,-0.00075,12.0662,-7.5,-0.00075,12.0675,-5.0,-0.00050,12.0687,-5.0,-0.00050,12.0700,-5.0,-0.00050,12.0712,-7.5,-0.00075,108.05
7,680911,1,0,81.82,2186.7,2401.3,2515.2,0.0,8.8162,2707.5,2.70750,12.0725,1877.5,1.87750,12.0750,1200.0,0.03636,5.0812,702.5,0.07025,12.0575,6630.0,0.66300,12.0525,8687.5,0.86875,12.0637,2135.0,0.21350,12.0675,-5.0,-0.00050,12.0687,-7.5,-0.00075,12.0662,-7.5,-0.00075,12.0675,-5.0,-0.00050,12.0675,-5.0,-0.00050,12.0687,-5.0,-0.00050,12.0700,-7.5,-0.00075,108.39
7,681247,1,0,81.54,2295.1,2378.2,2180.7,0.0,8.8237,2652.5,2.65250,12.0737,1840.0,1.84000,12.0763,1200.0,0.03636,5.0812,702.5,0.07025,12.0588,6540.0,0.65400,12.0538,8467.5,0.84675,12.0650,2122.5,0.21225,12.0687,-5.0,-0.00050,12.0700,-7.5,-0.00075,12.0662,-7.5,-0.00075,12.0687,-5.0,-0.00050,12.0687,-5.0,-0.00050,12.0700,-5.0,-0.00050,12.0712,-7.5,-0.00075,108.72
7,681583,1,0,81.26,2068.9,2494.3,2606.8,0.0,8.8263,2635.0,2.63500,12.0725,1832.5,1.83250,12.0750,1197.5,0.03629,5.0812,702.5,0.07025,12.0575,6500.0,0.65000,12.0538,8420.0,0.84200,12.0650,2082.5,0.20825,12.0675,-5.0,-0.00050,12.0687,-7.5,-0.00075,12.0662,-7.5,-0.00075,12.0675,-5.0,-0.00050,12.0687,-5.0,-0.00050,12.0700,-5.0,-0.00050,12.0712,-7.5,-0.00075,109.06
7,681919,1,0,80.98,2278.5,2594.0,2273.2,0.0,8.8287,2607.5,2.60750,12.0725,1812.5,1.81250,12.0763,1197.5,0.03629,5.0812,702.5,0.07025,12.0588,6460.0,0.64600,12.0538,8317.5,0.83175,12.0650,2032.5,0.20325,12.0687,-5.0,-0.00050,12.0700,-7.5,-0.00075,12.0662,-7.5,-0.00075,12.0687,-5.0,-0.00050,12.0687,-5.0,-0.00050,12.0700,-5.0,-0.00050,12.0712,-7.5,-0.00075,109.39
7,682256,1,0,80.70,2271.0,2263.0,2265.1,0.0,8.8275,2615.0,2.61500,12.0725,1815.0,1.81500,12.0750,1200.0,0.03636,5.0812,702.5,0.07025,12.0575,6465.0,0.64650,12.0538,8375.0,0.83750,12.0637,2040.0,0.20400,12.0675,-5.0,-0.00050,12.0687,-7.5,-0.00075,12.0662,-7.5,-0.00075,12.0675,-5.0,-0.00050,12.0687,-5.0,-0.00050,12.0687,-5.0,-0.00050,12.0700,-7.5,-0.00075,109.74
7,682613,1,0,80.40,2157.2,2255.7,2199.2,0.0,8.8313,2587.5,2.58750,12.0737,1797.5,1.79750,12.0763,1197.5,0.03629,5.0812,702.5,0.07025,12.0588,6380.0,0.63800,12.0550,8325.0,0.83250,12.0650,2022.5,0.20225,12.0687,-5.0,-0.00050,12.0700,-7.5,-0.00075,12.0675,-7.5,-0.00075,12.0687,-5.0,-0.00050,12.0687,-5.0,-0.00050,12.0700,-5.0,-0.00050,12.0712,-7.5,-0.00075,110.09
7,682949,1,0,80.12,2270.3,2141.1,2250.0,0.0,8.8300,2595.0,2.59500,12.0725,1800.0,1.80000,12.0750,1197.5,0.03629,5.0812,702.5,0.07025,12.0588,6385.0,0.63850,12.0538,8322.5,0.83225,12.0650,2000.0,0.20000,12.0675,-5.0,-0.00050,12.0700,-7.5,-0.00075,12.0662,-7.5,-0.00075,12.0675,-5.0,-0.00050,12.0687,-5.0,-0.00050,12.0700,-5.0,-0.00050,12.0700,-7.5,-0.00075,110.43
7,683285,1,0,79.84,2144.3,2668.5,2242.1,0.0,8.8350,2560.0,2.56000,12.0737,1780.0,1.78000,12.0763,1197.5,0.03629,5.0812,702.5,0.07025,12.0588,6297.5,0.62975,12.0550,8252.5,0.82525,12.0662,2017.5,0.20175,12.0687,-5.0,-0.00050,12.0700,-7.5,-0.00075,12.0675,-7.5,-0.00075,12.0687,-5.0,-0.00050,12.0700,-5.0,-0.00050,12.0700,-5.0,-0.00050,12.0725,-7.5,-0.00075,110.76
7,683622,1,0,79.56,2457.7,2583.5,2236.0,0.0,8.8362,2547.5,2.54750,12.0725,1767.5,1.76750,12.0763,1200.0,0.03636,5.0812,702.5,0.07025,12.0588,6245.0,0.62450,12.0538,8227.5,0.82275,12.0650,1992.5,0.19925,12.0687,-5.0,-0.00050,12.0700,-7.5,-0.00075,12.0662,-7.5,-0.00075,12.0687,-5.0,-0.00050,12.0687,-5.0,-0.00050,12.0700,-5.0,-0.00050,12.0712,-7.5,-0.00075,111.11
7,683958,1,0,79.28,2130.5,2651.8,2242.1,0.0,8.8387,2527.5,2.52750,12.0737,1750.0,1.75000,12.0763,1200.0,0.03636,5.0812,702.5,0.07025,12.0588,6205.0,0.62050,12.0550,8157.5,0.81575,12.0662,1965.0,0.19650,12.0687,-5.0,-0.00050,12.0700,-7.5,-0.00075,12.0662,-7.5,-0.00075,12.0675,-5.0,-0.00050,12.0687,-5.0,-0.00050,12.0700,-5.0,-0.00050,12.0712,-7.5,-0.00075,111.44
7,684294,1,0,79.00,2130.7,2497.8,2434.6,0.0,8.8462,2475.0,2.47500,12.0737,1715.0,1.71500,12.0775,1200.0,0.03636,5.0812,702.5,0.07025,12.0600,6105.0,0.61050,12.0562,7970.0,0.79700,12.0662,1945.0,0.19450,12.0700,-5.0,-0.00050,12.0712,-7.5,-0.00075,12.0675,-7.5,-0.00075,12.0687,-5.0,-0.00050,12.0700,-5.0,-0.00050,12.0712,-5.0,-0.00050,12.0725,-7.5,-0.00075,111.79
7,684651,1,0,78.70,2010.0,2445.0,2320.0,0.0,8.8525,2420.0,2.42000,12.0737,1680.0,1.68000,12.0763,1200.0,0.03636,5.0812,702.5,0.07025,12.0600,5982.5,0.59825,12.0562,7787.5,0.77875,12.0662,1895.0,0.18950,12.0687,-5.0,-0.00050,12.0712,-7.5,-0.00075,12.0675,-7.5,-0.00075,12.0687,-5.0,-0.00050,12.0687,-5.0,-0.00050,12.0700,-5.0,-0.00050,12.0725,-7.5,-0.00075,112.13
7,684988,1,0,78.42,2108.2,2098.0,2329.1,0.0,8.8525,2415.0,2.41500,12.0725,1680.0,1.68000,12.0763,1195.0,0.03621,5.0812,702.5,0.07025,12.0588,5932.5,0.59325,12.0550,7812.5,0.78125,12.0662,1905.0,0.19050,12.0687,-5.0,-0.00050,12.0700,-7.5,-0.00075,12.0675,-7.5,-0.00075,12.0687,-5.0,-0.00050,12.0687,-5.0,-0.00050,12.0700,-5.0,-0.00050,12.0712,-7.5,-0.00075,112.47
7,685324,1,0,78.14,2107.1,2302.0,2515.3,0.0,8.8512,2430.0,2.43000,12.0725,1690.0,1.69000,12.0763,1200.0,0.03636,5.0812,702.5,0.07025,12.0588,5980.0,0.59800,12.0562,7812.5,0.78125,12.0662,1902.5,0.19025,12.0687,-5.0,-0.00050,12.0700,-7.5,-0.00075,12.0675,-7.5,-0.00075,12.0687,-5.0,-0.00050,12.0687,-5.0,-0.00050,12.0700,-5.0,-0.00050,12.0712,-7.5,-0.00075,112.80
7,685660,1,0,77.86,2101.1,2534.7,2196.7,0.0,8.8525,2425.0,2.42500,12.0737,1682.5,1.68250,12.0763,1200.0,0.03636,5.0812,702.5,0.07025,12.0600,6000.0,0.60000,12.0562,7785.0,0.77850,12.0662,1875.0,0.18750,12.0687,-5.0,-0.00050,12.0712,-7.5,-0.00075,12.0675,-7.5,-0.00075,12.0687,-5.0,-0.00050,12.0700,-5.0,-0.00050,12.0712,-5.0,-0.00050,12.0725,-7.5,-0.00075,113.14
7,685996,1,0,77.58,2192.8,2309.6,2201.9,0.0,8.8525,2420.0,2.42000,12.0737,1687.5,1.68750,12.0750,1202.5,0.03644,5.0812,702.5,0.07025,12.0600,6027.5,0.60275,12.0562,7777.5,0.77775,12.0662,1855.0,0.18550,12.0675,-5.0,-0.00050,12.0700,-7.5,-0.00075,12.0675,-7.5,-0.00075,12.0687,-5.0,-0.00050,12.0700,-5.0,-0.00050,12.0700,-5.0,-0.00050,12.0712,-7.5,-0.00075,113.48
7,686333,1,0,77.30,2310.5,2633.7,2455.8,0.0,8.8562,2387.5,2.38750,12.0737,1657.5,1.65750,12.0775,1197.5,0.03629,5.0812,702.5,0.07025,12.0600,5970.0,0.59700,12.0562,7632.5,0.76325,12.0675,1815.0,0.18150,12.0700,-5.0,-0.00050,12.0712,-7.5,-0.00075,12.0687,-7.5,-0.00075,12.0700,-5.0,-0.00050,12.0700,-5.0,-0.00050,12.0712,-5.0,-0.00050,12.0725,-7.5,-0.00075,113.83
7,686690,1,0,77.00,2305.0,2404.2,1967.6,0.0,8.8587,2372.5,2.37250,12.0737,1652.5,1.65250,12.0763,1197.5,0.03629,5.0812,702.5,0.07025,12.0600,5905.0,0.59050,12.0562,7582.5,0.75825,12.0675,1825.0,0.18250,12.0700,-5.0,-0.00050,12.0712,-7.5,-0.00075,12.0687,-7.5,-0.00075,12.0700,-5.0,-0.00050,12.0700,-5.0,-0.00050,12.0712,-5.0,-0.00050,12.0725,-7.5,-0.00075,114.16
7,687026,1,0,76.72,1968.9,2397.0,2271.4,0.0,8.8637,2332.5,2.33250,12.0737,1625.0,1.62500,12.0763,1197.5,0.03629,5.0812,702.5,0.07025,12.0612,5772.5,0.57725,12.0575,7482.5,0.74825,12.0675,1800.0,0.18000,12.0700,-5.0,-0.00050,12.0712,-7.5,-0.00075,12.0687,-7.5,-0.00075,12.0700,-5.0,-0.00050,12.0700,-5.0,-0.00050,12.0712,-5.0,-0.00050,12.0725,-7.5,-0.00075,114.50
7,687362,1,0,76.44,2167.5,2064.6,2264.0,0.0,8.8637,2330.0,2.33000,12.0737,1620.0,1.62000,12.0763,1197.5,0.03629,5.0812,702.5,0.07025,12.0600,5757.5,0.57575,12.0562,7517.5,0.75175,12.0662,1807.5,0.18075,12.0687,-5.0,-0.00050,12.0712,-7.5,-0.00075,12.0675,-7.5,-0.00075,12.0687,-5.0,-0.00050,12.0700,-5.0,-0.00050,12.0712,-5.0,-0.00050,12.0725,-7.5,-0.00075,114.84
7,687699,1,0,76.16,2388.4,2167.4,2273.5,0.0,8.8700,2280.0,2.28000,12.0737,1585.0,1.58500,12.0775,1195.0,0.03621,5.0812,702.5,0.07025,12.0612,5682.5,0.56825,12.0575,7347.5,0.73475,12.0675,1775.0,0.17750,12.0700,-5.0,-0.00050,12.0712,-7.5,-0.00075,12.0687,-7.5,-0.00075,12.0700,-5.0,-0.00050,12.0712,-5.0,-0.00050,12.0712,-5.0,-0.00050,12.0737,-7.5,-0.00075,115.17
7,688035,1,0,75.88,2210.5,2374.5,2048.9,0.0,8.8713,2267.5,2.26750,12.0737,1575.0,1.57500,12.0763,1197.5,0.03629,5.0812,702.5,0.07025,12.0612,5627.5,0.56275,12.0575,7247.5,0.72475,12.0675,1760.0,0.17600,12.0700,-5.0,-0.00050,12.0712,-7.5,-0.00075,12.0675,-7.5,-0.00075,12.0687,-5.0,-0.00050,12.0700,-5.0,-0.00050,12.0700,-5.0,-0.00050,12.0712,-7.5,-0.00075,115.52
7,688371,1,0,75.60,2049.3,2148.2,2041.3,0.0,8.8750,2242.5,2.24250,12.0737,1562.5,1.56250,12.0763,1200.0,0.03636,5.0812,702.5,0.07025,12.0612,5562.5,0.55625,12.0575,7202.5,0.72025,12.0675,1752.5,0.17525,12.0700,-5.0,-0.00050,12.0712,-7.5,-0.00075,12.0675,-7.5,-0.00075,12.0700,-5.0,-0.00050,12.0700,-5.0,-0.00050,12.0712,-5.0,-0.00050,12.0725,-7.5,-0.00075,115.86
7,688728,1,0,75.30,2196.4,2030.8,2248.4,0.0,8.8750,2240.0,2.24000,12.0737,1560.0,1.56000,12.0763,1197.5,0.03629,5.0812,702.5,0.07025,12.0612,5535.0,0.55350,12.0575,7227.5,0.72275,12.0675,1737.5,0.17375,12.0700,-5.0,-0.00050,12.0712,-7.5,-0.00075,12.0687,-7.5,-0.00075,12.0700,-5.0,-0.00050,12.0700,-5.0,-0.00050,12.0712,-5.0,-0.00050,12.0725,-7.5,-0.00075,116.20
7,689065,1,0,75.02,2249.9,2255.4,2195.9,0.0,8.8812,2195.0,2.19500,12.0737,1527.5,1.52750,12.0775,1200.0,0.03636,5.0812,702.5,0.07025,12.0625,5455.0,0.54550,12.0588,7042.5,0.70425,12.0687,1692.5,0.16925,12.0712,-5.0,-0.00050,12.0725,-7.5,-0.00075,12.0687,-7.5,-0.00075,12.0700,-5.0,-0.00050,12.0712,-5.0,-0.00050,12.0725,-5.0,-0.00050,12.0737,-7.5,-0.00075,116.54
7,689401,1,0,74.74,2134.7,2014.8,2020.7,0.0,8.8837,2170.0,2.17000,12.0737,1510.0,1.51000,12.0763,1195.0,0.03621,5.0812,702.5,0.07025,12.0625,5372.5,0.53725,12.0575,6982.5,0.69825,12.0675,1675.0,0.16750,12.0700,-5.0,-0.00050,12.0712,-7.5,-0.00075,12.0687,-7.5,-0.00075,12.0700,-5.0,-0.00050,12.0700,-5.0,-0.00050,12.0712,-5.0,-0.00050,12.0725,-7.5,-0.00075,116.87
7,689737,1,0,74.46,2233.0,2350.7,2183.2,0.0,8.8850,2162.5,2.16250,12.0737,1507.5,1.50750,12.0763,1197.5,0.03629,5.0812,702.5,0.07025,12.0625,5295.0,0.52950,12.0588,6992.5,0.69925,12.0675,1695.0,0.16950,12.0700,-5.0,-0.00050,12.0712,-7.5,-0.00075,12.0687,-7.5,-0.00075,12.0700,-5.0,-0.00050,12.0712,-5.0,-0.00050,12.0712,-5.0,-0.00050,12.0725,-7.5,-0.00075,117.21
7,690073,1,0,74.18,2014.8,2346.2,2328.1,0.0,8.8888,2135.0,2.13500,12.0750,1482.5,1.48250,12.0775,1197.5,0.03629,5.0812,702.5,0.07025,12.0625,5202.5,0.52025,12.0588,6940.0,0.69400,12.0687,1702.5,0.17025,12.0712,-5.0,-0.00050,12.0725,-7.5,-0.00075,12.0687,-7.5,-0.00075,12.0700,-5.0,-0.00050,12.0712,-5.0,-0.00050,12.0725,-5.0,-0.00050,12.0737,-7.5,-0.00075,117.55
7,690410,1,0,73.90,2239.9,2212.6,2215.5,0.0,8.8912,2112.5,2.11250,12.0737,1470.0,1.47000,12.0763,1197.5,0.03629,5.0812,702.5,0.07025,12.0625,5172.5,0.51725,12.0588,6845.0,0.68450,12.0687,1652.5,0.16525,12.0700,-5.0,-0.00050,12.0725,-7.5,-0.00075,12.0687,-7.5,-0.00075,12.0700,-5.0,-0.00050,12.0700,-5.0,-0.00050,12.0712,-5.0,-0.00050,12.0725,-7.5,-0.00075,117.90
7,690767,1,0,73.60,2121.7,2336.0,2002.7,0.0,8.8962,2075.0,2.07500,12.0750,1445.0,1.44500,12.0775,1200.0,0.03636,5.0812,702.5,0.07025,12.0637,5097.5,0.50975,12.0600,6727.5,0.67275,12.0687,1640.0,0.16400,12.0712,-5.0,-0.00050,12.0725,-7.5,-0.00075,12.0687,-7.5,-0.00075,12.0712,-5.0,-0.00050,12.0712,-5.0,-0.00050,12.0725,-5.0,-0.00050,12.0737,-7.5,-0.00075,118.24
7,691103,1,0,73.32,2224.9,2328.4,2439.3,0.0,8.8962,2065.0,2.06500,12.0737,1442.5,1.44250,12.0763,1200.0,0.03636,5.0812,702.5,0.07025,12.0625,5122.5,0.51225,12.0588,6687.5,0.66875,12.0687,1627.5,0.16275,12.0700,-5.0,-0.00050,12.0725,-7.5,-0.00075,12.0687,-7.5,-0.00075,12.0700,-5.0,-0.00050,12.0712,-5.0,-0.00050,12.0712,-5.0,-0.00050,12.0737,-7.5,-0.00075,118.58
7,691439,1,0,73.04,2105.6,2210.1,1983.5,0.0,8.9000,2042.5,2.04250,12.0737,1422.5,1.42250,12.0763,1197.5,0.03629,5.0812,702.5,0.07025,12.0625,5067.5,0.50675,12.0600,6577.5,0.65775,12.0687,1607.5,0.16075,12.0712,-5.0,-0.00050,12.0725,-7.5,-0.00075,12.0700,-7.5,-0.00075,12.0712,-5.0,-0.00050,12.0712,-5.0,-0.00050,12.0725,-5.0,-0.00050,12.0737,-7.5,-0.00075,118.91
7,691776,1,0,72.76,2253.3,2313.3,2288.6,0.0,8.9012,2032.5,2.03250,12.0750,1412.5,1.41250,12.0775,1200.0,0.03636,5.0812,702.5,0.07025,12.0637,5067.5,0.50675,12.0600,6475.0,0.64750,12.0687,1597.5,0.15975,12.0712,-5.0,-0.00050,12.0725,-7.5,-0.00075,12.0687,-7.5,-0.00075,12.0712,-5.0,-0.00050,12.0712,-5.0,-0.00050,12.0725,-5.0,-0.00050,12.0737,-7.5,-0.00075,119.26
7,692112,1,0,72.48,2201.7,2132.8,2195.1,0.0,8.9037,2012.5,2.01250,12.0737,1400.0,1.40000,12.0763,1197.5,0.03629,5.0812,702.5,0.07025,12.0637,5025.0,0.50250,12.0600,6435.0,0.64350,12.0687,1592.5,0.15925,12.0712,-5.0,-0.00050,12.0725,-7.5,-0.00075,12.0687,-7.5,-0.00075,12.0700,-5.0,-0.00050,12.0712,-5.0,-0.00050,12.0725,-5.0,-0.00050,12.0725,-7.5,-0.00075,119.59
7,692448,1,0,72.20,2194.4,2515.6,2188.2,0.0,8.9025,2015.0,2.01500,12.0737,1405.0,1.40500,12.0763,1197.5,0.03629,5.0812,702.5,0.07025,12.0625,5027.5,0.50275,12.0600,6450.0,0.64500,12.0687,1562.5,0.15625,12.0712,-5.0,-0.00050,12.0725,-7.5,-0.00075,12.0700,-7.5,-0.00075,12.0712,-5.0,-0.00050,12.0712,-5.0,-0.00050,12.0725,-5.0,-0.00050,12.0737,-7.5,-0.00075,119.95
7,692805,1,0,71.91,2297.2,2329.1,1962.9,0.0,8.9075,1985.0,1.98500,12.0750,1377.5,1.37750,12.0775,1200.0,0.03636,5.0812,702.5,0.07025,12.0637,4952.5,0.49525,12.0600,6357.5,0.63575,12.0687,1552.5,0.15525,12.0712,-5.0,-0.00050,12.0737,-7.5,-0.00075,12.0700,-7.5,-0.00075,12.0712,-5.0,-0.00050,12.0725,-5.0,-0.00050,12.0725,-5.0,-0.00050,12.0737,-7.5,-0.00075,120.29
7,693142,1,0,71.63,2180.6,2320.2,2390.4,0.0,8.9075,1977.5,1.97750,12.0737,1377.5,1.37750,12.0775,1197.5,0.03629,5.0812,702.5,0.07025,12.0637,4892.5,0.48925,12.0600,6365.0,0.63650,12.0700,1520.0,0.15200,12.0712,-5.0,-0.00050,12.0725,-7.5,-0.00075,12.0700,-7.5,-0.00075,12.0712,-5.0,-0.00050,12.0712,-5.0,-0.00050,12.0725,-5.0,-0.00050,12.0737,-7.5,-0.00075,120.63
7,693478,1,0,71.35,2216.6,2272.3,2274.1,0.0,8.9125,1947.5,1.94750,12.0750,1355.0,1.35500,12.0775,1197.5,0.03629,5.0812,702.5,0.07025,12.0637,4852.5,0.48525,12.0600,6272.5,0.62725,12.0700,1510.0,0.15100,12.0712,-5.0,-0.00050,12.0725,-7.5,-0.00075,12.0700,-7.5,-0.00075,12.0712,-5.0,-0.00050,12.0712,-5.0,-0.00050,12.0725,-5.0,-0.00050,12.0737,-7.5,-0.00075,120.96
7,693814,1,0,71.07,2056.6,2480.9,1887.3,0.0,8.9125,1942.5,1.94250,12.0737,1355.0,1.35500,12.0763,1195.0,0.03621,5.0812,702.5,0.07025,12.0637,4827.5,0.48275,12.0600,6252.5,0.62525,12.0687,1505.0,0.15050,12.0712,-5.0,-0.00050,12.0725,-7.5,-0.00075,12.0700,-7.5,-0.00075,12.0712,-5.0,-0.00050,12.0712,-5.0,-0.00050,12.0725,-5.0,-0.00050,12.0737,-7.5,-0.00075,121.30
7,694150,1,0,70.79,1833.4,2472.7,2365.3,0.0,8.9187,1890.0,1.89000,12.0750,1317.5,1.31750,12.0775,1197.5,0.03629,5.0812,702.5,0.07025,12.0650,4715.0,0.47150,12.0625,6052.5,0.60525,12.0712,1455.0,0.14550,12.0725,-5.0,-0.00050,12.0737,-7.5,-0.00075,12.0700,-7.5,-0.00075,12.0725,-5.0,-0.00050,12.0725,-5.0,-0.00050,12.0737,-5.0,-0.00050,12.0737,-7.5,-0.00075,121.63
7,694487,1,0,70.50,2147.6,2391.7,2392.8,0.0,8.9212,1870.0,1.87000,12.0750,1302.5,1.30250,12.0763,1197.5,0.03629,5.0812,702.5,0.07025,12.0637,4640.0,0.46400,12.0612,6020.0,0.60200,12.0700,1450.0,0.14500,12.0712,-5.0,-0.00050,12.0725,-7.5,-0.00075,12.0700,-7.5,-0.00075,12.0712,-5.0,-0.00050,12.0712,-5.0,-0.00050,12.0725,-5.0,-0.00050,12.0737,-7.5,-0.00075,121.98
7,694844,1,0,70.21,1818.9,2071.7,2134.8,0.0,8.9212,1872.5,1.87250,12.0737,1307.5,1.30750,12.0763,1195.0,0.03621,5.0812,702.5,0.07025,12.0637,4682.5,0.46825,12.0612,6015.0,0.60150,12.0700,1450.0,0.14500,12.0712,-5.0,-0.00050,12.0737,-7.5,-0.00075,12.0700,-7.5,-0.00075,12.0712,-5.0,-0.00050,12.0712,-5.0,-0.00050,12.0725,-5.0,-0.00050,12.0737,-7.5,-0.00075,122.33
7,695180,1,0,69.93,2559.5,2338.5,2234.9,0.0,8.9225,1860.0,1.86000,12.0750,1295.0,1.29500,12.0775,1195.0,0.03621,5.0812,702.5,0.07025,12.0650,4637.5,0.46375,12.0625,5987.5,0.59875,12.0700,1432.5,0.14325,12.0725,-5.0,-0.00050,12.0737,-7.5,-0.00075,12.0700,-7.5,-0.00075,12.0712,-5.0,-0.00050,12.0725,-5.0,-0.00050,12.0737,-5.0,-0.00050,12.0750,-7.5,-0.00075,122.66
7,695516,1,0,69.65,2338.7,2331.3,2027.5,0.0,8.9262,1830.0,1.83000,12.0750,1275.0,1.27500,12.0775,1197.5,0.03629,5.0812,702.5,0.07025,12.0650,4555.0,0.45550,12.0625,5885.0,0.58850,12.0712,1410.0,0.14100,12.0725,-5.0,-0.00050,12.0737,-7.5,-0.00075,12.0712,-7.5,-0.00075,12.0725,-5.0,-0.00050,12.0725,-5.0,-0.00050,12.0737,-5.0,-0.00050,12.0750,-7.5,-0.00075,122.99
7,695853,1,0,69.37,2224.8,2243.1,2019.7,0.0,8.9275,1825.0,1.82500,12.0750,1270.0,1.27000,12.0775,1197.5,0.03629,5.0812,702.5,0.07025,12.0650,4525.0,0.45250,12.0612,5940.0,0.59400,12.0700,1405.0,0.14050,12.0725,-5.0,-0.00050,12.0737,-7.5,-0.00075,12.0700,-7.5,-0.00075,12.0712,-5.0,-0.00050,12.0712,-5.0,-0.00050,12.0725,-5.0,-0.00050,12.0737,-7.5,-0.00075,123.34
7,696189,1,0,69.09,2131.9,1950.2,2420.6,0.0,8.9275,1827.5,1.82750,12.0750,1272.5,1.27250,12.0763,1195.0,0.03621,5.0812,702.5,0.07025,12.0650,4505.0,0.45050,12.0612,5975.0,0.59750,12.0700,1400.0,0.14000,12.0725,-5.0,-0.00050,12.0737,-7.5,-0.00075,12.0700,-7.5,-0.00075,12.0712,-5.0,-0.00050,12.0712,-5.0,-0.00050,12.0725,-5.0,-0.00050,12.0737,-7.5,-0.00075,123.67
7,696525,1,0,68.81,2236.9,1893.6,1783.7,0.0,8.9300,1800.0,1.80000,12.0750,1255.0,1.25500,12.0775,1195.0,0.03621,5.0812,702.5,0.07025,12.0650,4417.5,0.44175,12.0625,5905.0,0.59050,12.0700,1395.0,0.13950,12.0725,-5.0,-0.00050,12.0737,-7.5,-0.00075,12.0712,-7.5,-0.00075,12.0725,-5.0,-0.00050,12.0725,-5.0,-0.00050,12.0737,-5.0,-0.00050,12.0750,-7.5,-0.00075,124.02
7,696882,1,0,68.51,2117.8,2111.6,2091.0,0.0,8.9325,1782.5,1.78250,12.0750,1242.5,1.24250,12.0775,1202.5,0.03644,5.0812,702.5,0.07025,12.0650,4385.0,0.43850,12.0625,5760.0,0.57600,12.0700,1387.5,0.13875,12.0725,-5.0,-0.00050,12.0737,-7.5,-0.00075,12.0712,-7.5,-0.00075,12.0712,-5.0,-0.00050,12.0725,-5.0,-0.00050,12.0737,-5.0,-0.00050,12.0750,-7.5,-0.00075,124.37
7,697219,1,0,68.23,1889.3,2550.7,1875.3,0.0,8.9375,1737.5,1.73750,12.0750,1212.5,1.21250,12.0775,1197.5,0.03629,5.0812,702.5,0.07025,12.0662,4297.5,0.42975,12.0625,5607.5,0.56075,12.0712,1365.0,0.13650,12.0737,-5.0,-0.00050,12.0750,-7.5,-0.00075,12.0712,-7.5,-0.00075,12.0725,-5.0,-0.00050,12.0737,-5.0,-0.00050,12.0737,-5.0,-0.00050,12.0750,-7.5,-0.00075,124.70
7,697555,1,0,67.95,2039.1,2098.6,2426.5,0.0,8.9400,1722.5,1.72250,12.0750,1197.5,1.19750,12.0775,1195.0,0.03621,5.0812,702.5,0.07025,12.0662,4287.5,0.42875,12.0625,5517.5,0.55175,12.0700,1355.0,0.13550,12.0725,-5.0,-0.00050,12.0737,-7.5,-0.00075,12.0700,-7.5,-0.00075,12.0712,-5.0,-0.00050,12.0725,-5.0,-0.00050,12.0737,-5.0,-0.00050,12.0750,-7.5,-0.00075,125.03
7,697891,1,0,67.67,2094.7,2088.7,2131.4,0.0,8.9425,1700.0,1.70000,12.0750,1185.0,1.18500,12.0775,1195.0,0.03621,5.0812,702.5,0.07025,12.0662,4272.5,0.42725,12.0625,5382.5,0.53825,12.0712,1340.0,0.13400,12.0737,-5.0,-0.00050,12.0750,-7.5,-0.00075,12.0712,-7.5,-0.00075,12.0725,-5.0,-0.00050,12.0737,-5.0,-0.00050,12.0737,-5.0,-0.00050,12.0750,-7.5,-0.00075,125.38
7,698227,1,0,67.39,2196.4,2078.8,2187.4,0.0,8.9425,1697.5,1.69750,12.0750,1182.5,1.18250,12.0775,1192.5,0.03614,5.0812,702.5,0.07025,12.0662,4300.0,0.43000,12.0625,5380.0,0.53800,12.0712,1305.0,0.13050,12.0725,-5.0,-0.00050,12.0737,-7.5,-0.00075,12.0700,-7.5,-0.00075,12.0725,-5.0,-0.00050,12.0725,-5.0,-0.00050,12.0737,-5.0,-0.00050,12.0750,-7.5,-0.00075,125.71
7,698564,1,0,67.11,2079.3,2178.6,2069.5,0.0,8.9437,1695.0,1.69500,12.0750,1180.0,1.18000,12.0775,1200.0,0.03636,5.0812,702.5,0.07025,12.0662,4290.0,0.42900,12.0625,5367.5,0.53675,12.0712,1320.0,0.13200,12.0725,-5.0,-0.00050,12.0737,-7.5,-0.00075,12.0700,-7.5,-0.00075,12.0725,-5.0,-0.00050,12.0725,-5.0,-0.00050,12.0737,-5.0,-0.00050,12.0750,-7.5,-0.00075,126.06
7,698921,1,0,66.81,1961.9,2524.8,1953.4,0.0,8.9462,1672.5,1.67250,12.0750,1162.5,1.16250,12.0775,1197.5,0.03629,5.0812,702.5,0.07025,12.0662,4222.5,0.42225,12.0637,5312.5,0.53125,12.0712,1305.0,0.13050,12.0725,-5.0,-0.00050,12.0750,-7.5,-0.00075,12.0712,-7.5,-0.00075,12.0725,-5.0,-0.00050,12.0725,-5.0,-0.00050,12.0737,-5.0,-0.00050,12.0750,-7.5,-0.00075,126.39
7,699257,1,0,66.53,2061.7,2053.7,1839.5,0.0,8.9500,1645.0,1.64500,12.0750,1145.0,1.14500,12.0775,1195.0,0.03621,5.0812,702.5,0.07025,12.0662,4145.0,0.41450,12.0637,5207.5,0.52075,12.0712,1290.0,0.12900,12.0725,-5.0,-0.00050,12.0750,-7.5,-0.00075,12.0712,-7.5,-0.00075,12.0725,-5.0,-0.00050,12.0725,-5.0,-0.00050,12.0737,-5.0,-0.00050,12.0750,-7.5,-0.00075,126.73
7,699593,1,0,66.25,1945.3,2297.3,2049.3,0.0,8.9500,1642.5,1.64250,12.0750,1142.5,1.14250,12.0775,1197.5,0.03629,5.0812,702.5,0.07025,12.0675,4100.0,0.41000,12.0637,5232.5,0.52325,12.0712,1285.0,0.12850,12.0725,-5.0,-0.00050,12.0750,-7.5,-0.00075,12.0712,-7.5,-0.00075,12.0725,-5.0,-0.00050,12.0725,-5.0,-0.00050,12.0737,-5.0,-0.00050,12.0750,-7.5,-0.00075,127.07
7,699930,1,0,65.97,2183.7,2147.5,2149.5,0.0,8.9500,1642.5,1.64250,12.0750,1142.5,1.14250,12.0775,1195.0,0.03621,5.0812,702.5,0.07025,12.0662,4132.5,0.41325,12.0637,5252.5,0.52525,12.0712,1255.0,0.12550,12.0725,-5.0,-0.00050,12.0737,-7.5,-0.00075,12.0712,-7.5,-0.00075,12.0725,-5.0,-0.00050,12.0725,-5.0,-0.00050,12.0737,-5.0,-0.00050,12.0750,-7.5,-0.00075,127.41
7,700266,1,0,65.69,2084.3,2142.5,1926.6,0.0,8.9525,1625.0,1.62500,12.0750,1132.5,1.13250,12.0775,1197.5,0.03629,5.0812,702.5,0.07025,12.0662,4060.0,0.40600,12.0637,5195.0,0.51950,12.0712,1252.5,0.12525,12.0725,-5.0,-0.00050,12.0737,-7.5,-0.00075,12.0712,-7.5,-0.00075,12.0725,-5.0,-0.00050,12.0725,-5.0,-0.00050,12.0737,-5.0,-0.00050,12.0750,-7.5,-0.00075,127.74
7,700602,1,0,65.41,1928.8,2277.4,2047.5,0.0,8.9563,1590.0,1.59000,12.0750,1107.5,1.10750,12.0775,1197.5,0.03629,5.0812,702.5,0.07025,12.0675,4020.0,0.40200,12.0637,5042.5,0.50425,12.0725,1227.5,0.12275,12.0737,-5.0,-0.00050,12.0750,-7.5,-0.00075,12.0725,-7.5,-0.00075,12.0737,-5.0,-0.00050,12.0737,-5.0,-0.00050,12.0750,-5.0,-0.00050,12.0763,-7.5,-0.00075,128.09
7,700959,1,0,65.11,1707.2,2194.8,2040.2,0.0,8.9587,1575.0,1.57500,12.0750,1097.5,1.09750,12.0775,1195.0,0.03621,5.0812,702.5,0.07025,12.0675,3952.5,0.39525,12.0637,5027.5,0.50275,12.0712,1240.0,0.12400,12.0725,-5.0,-0.00050,12.0737,-7.5,-0.00075,12.0712,-7.5,-0.00075,12.0725,-5.0,-0.00050,12.0737,-5.0,-0.00050,12.0737,-5.0,-0.00050,12.0750,-7.5,-0.00075,128.43
7,701296,1,0,64.83,2019.9,1858.1,1800.0,0.0,8.9587,1570.0,1.57000,12.0750,1090.0,1.09000,12.0775,1200.0,0.03636,5.0812,702.5,0.07025,12.0675,3940.0,0.39400,12.0637,5005.0,0.50050,12.0712,1205.0,0.12050,12.0737,-5.0,-0.00050,12.0750,-7.5,-0.00075,12.0712,-7.5,-0.00075,12.0725,-5.0,-0.00050,12.0725,-5.0,-0.00050,12.0737,-5.0,-0.00050,12.0750,-7.5,-0.00075,128.78
7,701632,1,0,64.55,1807.0,1912.1,1912.9,0.0,8.9637,1535.0,1.53500,12.0763,1067.5,1.06750,12.0775,1197.5,0.03629,5.0812,700.0,0.07000,12.0687,3830.0,0.38300,12.0650,4920.0,0.49200,12.0725,1207.5,0.12075,12.0737,-5.0,-0.00050,12.0750,-7.5,-0.00075,12.0725,-7.5,-0.00075,12.0737,-5.0,-0.00050,12.0737,-5.0,-0.00050,12.0737,-5.0,-0.00050,12.0750,-7.5,-0.00075,129.10
7,701968,1,0,64.27,2023.9,2274.9,1905.5,0.0,8.9662,1507.5,1.50750,12.0750,1047.5,1.04750,12.0775,1195.0,0.03621,5.0812,700.0,0.07000,12.0687,3737.5,0.37375,12.0650,4815.0,0.48150,12.0725,1185.0,0.11850,12.0737,-5.0,-0.00050,12.0750,-7.5,-0.00075,12.0712,-7.5,-0.00075,12.0737,-5.0,-0.00050,12.0737,-5.0,-0.00050,12.0737,-5.0,-0.00050,12.0750,-7.5,-0.00075,129.45
7,702304,1,0,63.99,2015.2,1776.0,1944.3,0.0,8.9675,1502.5,1.50250,12.0750,1042.5,1.04250,12.0763,1195.0,0.03621,5.0812,702.5,0.07025,12.0675,3722.5,0.37225,12.0650,4812.5,0.48125,12.0712,1172.5,0.11725,12.0737,-5.0,-0.00050,12.0750,-7.5,-0.00075,12.0712,-7.5,-0.00075,12.0725,-5.0,-0.00050,12.0737,-5.0,-0.00050,12.0750,-5.0,-0.00050,12.0750,-7.5,-0.00075,129.78
7,702641,1,0,63.71,1987.6,1998.6,2085.7,0.0,8.9675,1505.0,1.50500,12.0750,1050.0,1.05000,12.0775,1197.5,0.03629,5.0812,702.5,0.07025,12.0675,3775.0,0.37750,12.0650,4812.5,0.48125,12.0725,1177.5,0.11775,12.0737,-5.0,-0.00050,12.0750,-7.5,-0.00075,12.0712,-7.5,-0.00075,12.0737,-5.0,-0.00050,12.0737,-5.0,-0.00050,12.0737,-5.0,-0.00050,12.0750,-7.5,-0.00075,130.13
7,702998,1,0,63.41,1772.5,2214.1,1869.5,0.0,8.9687,1490.0,1.49000,12.0763,1037.5,1.03750,12.0775,1200.0,0.03636,5.0812,702.5,0.07025,12.0687,3740.0,0.37400,12.0650,4750.0,0.47500,12.0725,1162.5,0.11625,12.0737,-5.0,-0.00050,12.0750,-7.5,-0.00075,12.0712,-7.5,-0.00075,12.0737,-5.0,-0.00050,12.0737,-5.0,-0.00050,12.0750,-5.0,-0.00050,12.0750,-7.5,-0.00075,130.47
7,703334,1,0,63.13,1884.7,1767.0,1656.2,0.0,8.9687,1495.0,1.49500,12.0750,1040.0,1.04000,12.0775,1195.0,0.03621,5.0812,702.5,0.07025,12.0675,3745.0,0.37450,12.0650,4762.5,0.47625,12.0725,1155.0,0.11550,12.0737,-5.0,-0.00050,12.0750,-7.5,-0.00075,12.0712,-7.5,-0.00075,12.0737,-5.0,-0.00050,12.0737,-5.0,-0.00050,12.0737,-5.0,-0.00050,12.0750,-7.5,-0.00075,130.80
7,703670,1,0,62.85,1767.6,1982.0,2063.1,0.0,8.9725,1460.0,1.46000,12.0763,1012.5,1.01250,12.0775,1192.5,0.03614,5.0812,700.0,0.07000,12.0687,3665.0,0.36650,12.0662,4640.0,0.46400,12.0737,1127.5,0.11275,12.0750,-5.0,-0.00050,12.0763,-7.5,-0.00075,12.0725,-7.5,-0.00075,12.0737,-5.0,-0.00050,12.0750,-5.0,-0.00050,12.0750,-5.0,-0.00050,12.0763,-7.5,-0.00075,131.14
7,704007,1,0,62.57,1979.8,1645.3,1863.1,0.0,8.9750,1442.5,1.44250,12.0750,1000.0,1.00000,12.0775,1197.5,0.03629,5.0812,700.0,0.07000,12.0687,3627.5,0.36275,12.0650,4580.0,0.45800,12.0725,1112.5,0.11125,12.0737,-5.0,-0.00050,12.0750,-7.5,-0.00075,12.0725,-7.5,-0.00075,12.0737,-5.0,-0.00050,12.0737,-5.0,-0.00050,12.0750,-5.0,-0.00050,12.0763,-7.5,-0.00075,131.48
7,704343,1,0,62.29,1861.5,2114.7,2183.8,0.0,8.9788,1412.5,1.41250,12.0763,982.5,0.98250,12.0775,1195.0,0.03621,5.0812,702.5,0.07025,12.0687,3515.0,0.35150,12.0662,4505.0,0.45050,12.0737,1105.0,0.11050,12.0750,-5.0,-0.00050,12.0763,-7.5,-0.00075,12.0725,-7.5,-0.00075,12.0737,-5.0,-0.00050,12.0750,-5.0,-0.00050,12.0750,-5.0,-0.00050,12.0763,-7.5,-0.00075,131.82
7,704679,1,0,62.01,1853.9,1957.7,1848.3,0.0,8.9788,1410.0,1.41000,12.0763,980.0,0.98000,12.0775,1197.5,0.03629,5.0812,700.0,0.07000,12.0687,3517.5,0.35175,12.0662,4502.5,0.45025,12.0725,1087.5,0.10875,12.0737,-5.0,-0.00050,12.0750,-7.5,-0.00075,12.0725,-7.5,-0.00075,12.0737,-5.0,-0.00050,12.0737,-5.0,-0.00050,12.0750,-5.0,-0.00050,12.0763,-7.5,-0.00075,132.17
7,705036,1,0,61.71,2063.2,1947.9,1949.1,0.0,8.9812,1390.0,1.39000,12.0763,965.0,0.96500,12.0775,1197.5,0.03629,5.0812,702.5,0.07025,12.0687,3487.5,0.34875,12.0662,4455.0,0.44550,12.0737,1065.0,0.10650,12.0750,-5.0,-0.00050,12.0763,-7.5,-0.00075,12.0725,-7.5,-0.00075,12.0737,-5.0,-0.00050,12.0737,-5.0,-0.00050,12.0750,-5.0,-0.00050,12.0763,-7.5,-0.00075,132.52
7,705373,1,0,61.43,2270.8,2153.3,1982.9,0.0,8.9825,1382.5,1.38250,12.0763,957.5,0.95750,12.0775,1195.0,0.03621,5.0812,700.0,0.07000,12.0687,3432.5,0.34325,12.0662,4377.5,0.43775,12.0725,1070.0,0.10700,12.0737,-5.0,-0.00050,12.0763,-7.5,-0.00075,12.0725,-7.5,-0.00075,12.0737,-5.0,-0.00050,12.0750,-5.0,-0.00050,12.0750,-5.0,-0.00050,12.0763,-7.5,-0.00075,132.85
7,705709,1,0,61.15,1723.3,1929.1,1662.7,0.0,8.9850,1365.0,1.36500,12.0763,942.5,0.94250,12.0775,1195.0,0.03621,5.0812,700.0,0.07000,12.0700,3395.0,0.33950,12.0662,4325.0,0.43250,12.0737,1062.5,0.10625,12.0750,-5.0,-0.00050,12.0763,-7.5,-0.00075,12.0725,-7.5,-0.00075,12.0737,-5.0,-0.00050,12.0750,-5.0,-0.00050,12.0750,-5.0,-0.00050,12.0763,-7.5,-0.00075,133.18
7,706045,1,0,60.87,1823.7,2029.3,1992.8,0.0,8.9850,1365.0,1.36500,12.0763,942.5,0.94250,12.0775,1195.0,0.03621,5.0812,700.0,0.07000,12.0700,3385.0,0.33850,12.0662,4335.0,0.43350,12.0725,1065.0,0.10650,12.0750,-5.0,-0.00050,12.0763,-7.5,-0.00075,12.0725,-7.5,-0.00075,12.0737,-5.0,-0.00050,12.0737,-5.0,-0.00050,12.0750,-5.0,-0.00050,12.0763,-7.5,-0.00075,133.52
7,706381,1,0,60.59,1711.4,2024.9,1813.0,0.0,8.9850,1357.5,1.35750,12.0763,942.5,0.94250,12.0775,1192.5,0.03614,5.0812,700.0,0.07000,12.0687,3397.5,0.33975,12.0662,4310.0,0.43100,12.0737,1040.0,0.10400,12.0750,-5.0,-0.00050,12.0763,-7.5,-0.00075,12.0725,-7.5,-0.00075,12.0737,-5.0,-0.00050,12.0737,-5.0,-0.00050,12.0750,-5.0,-0.00050,12.0763,-7.5,-0.00075,133.86
7,706718,1,0,60.31,2132.4,2124.9,1850.6,0.0,8.9887,1327.5,1.32750,12.0763,920.0,0.92000,12.0787,1192.5,0.03614,5.0812,700.0,0.07000,12.0700,3302.5,0.33025,12.0675,4215.0,0.42150,12.0737,1027.5,0.10275,12.0750,-5.0,-0.00050,12.0763,-7.5,-0.00075,12.0725,-7.5,-0.00075,12.0750,-5.0,-0.00050,12.0750,-5.0,-0.00050,12.0750,-5.0,-0.00050,12.0763,-7.5,-0.00075,134.21
7,707075,1,0,60.01,1805.1,1904.0,1692.5,0.0,8.9925,1305.0,1.30500,12.0763,905.0,0.90500,12.0775,1195.0,0.03621,5.0812,700.0,0.07000,12.0700,3245.0,0.32450,12.0675,4145.0,0.41450,12.0737,1022.5,0.10225,12.0750,-5.0,-0.00050,12.0763,-7.5,-0.00075,12.0725,-7.5,-0.00075,12.0737,-5.0,-0.00050,12.0750,-5.0,-0.00050,12.0750,-5.0,-0.00050,12.0763,-7.5,-0.00075,134.55
7,707411,1,0,59.74,1925.4,1743.0,1896.2,0.0,8.9937,1295.0,1.29500,12.0763,897.5,0.89750,12.0775,1197.5,0.03629,5.0812,700.0,0.07000,12.0700,3205.0,0.32050,12.0662,4130.0,0.41300,12.0737,1012.5,0.10125,12.0750,-5.0,-0.00050,12.0763,-7.5,-0.00075,12.0725,-7.5,-0.00075,12.0737,-5.0,-0.00050,12.0737,-5.0,-0.00050,12.0750,-5.0,-0.00050,12.0763,-7.5,-0.00075,134.88
7,707747,1,0,59.46,1803.3,1784.0,1573.8,0.0,8.9937,1295.0,1.29500,12.0763,900.0,0.90000,12.0775,1195.0,0.03621,5.0812,700.0,0.07000,12.0700,3270.0,0.32700,12.0662,4107.5,0.41075,12.0737,1005.0,0.10050,12.0750,-5.0,-0.00050,12.0763,-7.5,-0.00075,12.0725,-7.5,-0.00075,12.0737,-5.0,-0.00050,12.0737,-5.0,-0.00050,12.0750,-5.0,-0.00050,12.0763,-7.5,-0.00075,135.22
7,708084,1,0,59.17,1675.8,1946.2,1677.8,0.0,8.9950,1277.5,1.27750,12.0763,880.0,0.88000,12.0775,1192.5,0.03614,5.0812,700.0,0.07000,12.0712,3167.5,0.31675,12.0675,4062.5,0.40625,12.0737,990.0,0.09900,12.0750,-5.0,-0.00050,12.0763,-7.5,-0.00075,12.0737,-7.5,-0.00075,12.0750,-5.0,-0.00050,12.0750,-5.0,-0.00050,12.0763,-5.0,-0.00050,12.0763,-7.5,-0.00075,135.56
7,708420,1,0,58.89,1564.3,1671.4,1782.4,0.0,8.9963,1275.0,1.27500,12.0763,877.5,0.87750,12.0775,1195.0,0.03621,5.0812,700.0,0.07000,12.0700,3165.0,0.31650,12.0675,4057.5,0.40575,12.0737,992.5,0.09925,12.0750,-5.0,-0.00050,12.0763,-7.5,-0.00075,12.0725,-7.5,-0.00075,12.0737,-5.0,-0.00050,12.0750,-5.0,-0.00050,12.0750,-5.0,-0.00050,12.0763,-7.5,-0.00075,135.89
7,708756,1,0,58.61,1669.0,1885.8,1664.9,0.0,8.9987,1252.5,1.25250,12.0763,862.5,0.86250,12.0775,1190.0,0.03606,5.0812,700.0,0.07000,12.0712,3132.5,0.31325,12.0675,3945.0,0.39450,12.0737,967.5,0.09675,12.0750,-5.0,-0.00050,12.0763,-7.5,-0.00075,12.0725,-7.5,-0.00075,12.0737,-5.0,-0.00050,12.0750,-5.0,-0.00050,12.0750,-5.0,-0.00050,12.0763,-7.5,-0.00075,136.24
7,709113,1,0,58.32,1662.8,1987.8,1989.8,0.0,8.9987,1252.5,1.25250,12.0763,865.0,0.86500,12.0775,1195.0,0.03621,5.0812,700.0,0.07000,12.0700,3125.0,0.31250,12.0675,3955.0,0.39550,12.0737,972.5,0.09725,12.0750,-5.0,-0.00050,12.0763,-7.5,-0.00075,12.0725,-7.5,-0.00075,12.0737,-5.0,-0.00050,12.0737,-5.0,-0.00050,12.0750,-5.0,-0.00050,12.0763,-7.5,-0.00075,136.59
7,709450,1,0,58.04,1657.2,1981.0,1652.6,0.0,9.0013,1230.0,1.23000,12.0763,850.0,0.85000,12.0787,1195.0,0.03621,5.0812,700.0,0.07000,12.0712,3052.5,0.30525,12.0675,3892.5,0.38925,12.0750,950.0,0.09500,12.0763,-5.0,-0.00050,12.0763,-7.5,-0.00075,12.0737,-7.5,-0.00075,12.0750,-5.0,-0.00050,12.0750,-5.0,-0.00050,12.0750,-5.0,-0.00050,12.0763,-7.5,-0.00075,136.92
7,709786,1,0,57.76,1541.4,1864.0,1645.6,0.0,9.0025,1225.0,1.22500,12.0763,847.5,0.84750,12.0775,1195.0,0.03621,5.0812,700.0,0.07000,12.0700,3045.0,0.30450,12.0675,3905.0,0.39050,12.0737,947.5,0.09475,12.0750,-5.0,-0.00050,12.0763,-7.5,-0.00075,12.0725,-7.5,-0.00075,12.0737,-5.0,-0.00050,12.0750,-5.0,-0.00050,12.0750,-5.0,-0.00050,12.0763,-7.5,-0.00075,137.26
7,710122,1,0,57.48,1755.1,1638.8,2108.4,0.0,9.0062,1195.0,1.19500,12.0763,825.0,0.82500,12.0775,1195.0,0.03621,5.0812,700.0,0.07000,12.0712,2972.5,0.29725,12.0687,3780.0,0.37800,12.0750,940.0,0.09400,12.0763,-5.0,-0.00050,12.0775,-7.5,-0.00075,12.0737,-7.5,-0.00075,12.0750,-5.0,-0.00050,12.0750,-5.0,-0.00050,12.0763,-5.0,-0.00050,12.0775,-7.5,-0.00075,137.60
7,710458,1,0,57.20,1638.7,2144.1,1739.9,0.0,9.0062,1190.0,1.19000,12.0763,820.0,0.82000,12.0775,1192.5,0.03614,5.0812,700.0,0.07000,12.0712,2960.0,0.29600,12.0675,3762.5,0.37625,12.0737,935.0,0.09350,12.0750,-5.0,-0.00050,12.0763,-7.5,-0.00075,12.0737,-7.5,-0.00075,12.0750,-5.0,-0.00050,12.0750,-5.0,-0.00050,12.0763,-5.0,-0.00050,12.0775,-7.5,-0.00075,137.93
7,710795,1,0,56.92,1522.8,1949.7,1949.1,0.0,9.0087,1172.5,1.17250,12.0775,807.5,0.80750,12.0787,1197.5,0.03629,5.0812,700.0,0.07000,12.0712,2890.0,0.28900,12.0687,3740.0,0.37400,12.0750,917.5,0.09175,12.0763,-5.0,-0.00050,12.0775,-7.5,-0.00075,12.0737,-7.5,-0.00075,12.0750,-5.0,-0.00050,12.0750,-5.0,-0.00050,12.0763,-5.0,-0.00050,12.0775,-7.5,-0.00075,138.28
7,711152,1,0,56.62,1631.9,1742.0,2047.5,0.0,9.0075,1180.0,1.18000,12.0763,810.0,0.81000,12.0775,1192.5,0.03614,5.0812,700.0,0.07000,12.0712,2905.0,0.29050,12.0687,3770.0,0.37700,12.0737,920.0,0.09200,12.0750,-5.0,-0.00050,12.0763,-7.5,-0.00075,12.0725,-7.5,-0.00075,12.0737,-5.0,-0.00050,12.0750,-5.0,-0.00050,12.0750,-5.0,-0.00050,12.0763,-7.5,-0.00075,138.63
7,711488,1,0,56.34,1857.6,1851.2,1609.2,0.0,9.0100,1162.5,1.16250,12.0763,800.0,0.80000,12.0775,1197.5,0.03629,5.0812,700.0,0.07000,12.0712,2870.0,0.28700,12.0687,3662.5,0.36625,12.0750,905.0,0.09050,12.0763,-5.0,-0.00050,12.0775,-7.5,-0.00075,12.0737,-7.5,-0.00075,12.0750,-5.0,-0.00050,12.0750,-5.0,-0.00050,12.0763,-5.0,-0.00050,12.0775,-7.5,-0.00075,138.96
7,711824,1,0,56.06,1716.6,1926.0,1663.7,0.0,9.0100,1157.5,1.15750,12.0763,800.0,0.80000,12.0775,1195.0,0.03621,5.0812,700.0,0.07000,12.0712,2850.0,0.28500,12.0675,3702.5,0.37025,12.0750,910.0,0.09100,12.0750,-5.0,-0.00050,12.0763,-7.5,-0.00075,12.0725,-7.5,-0.00075,12.0750,-5.0,-0.00050,12.0750,-5.0,-0.00050,12.0763,-5.0,-0.00050,12.0775,-7.5,-0.00075,139.30
7,712161,1,0,55.78,1601.8,1917.9,1606.5,0.0,9.0125,1140.0,1.14000,12.0763,785.0,0.78500,12.0775,1195.0,0.03621,5.0812,700.0,0.07000,12.0712,2820.0,0.28200,12.0687,3617.5,0.36175,12.0750,900.0,0.09000,12.0763,-5.0,-0.00050,12.0763,-7.5,-0.00075,12.0737,-7.5,-0.00075,12.0750,-5.0,-0.00050,12.0750,-5.0,-0.00050,12.0763,-5.0,-0.00050,12.0775,-7.5,-0.00075,139.63
7,712497,1,0,55.50,1594.6,2015.1,1699.5,0.0,9.0125,1142.5,1.14250,12.0763,787.5,0.78750,12.0775,1192.5,0.03614,5.0812,700.0,0.07000,12.0712,2827.5,0.28275,12.0675,3645.0,0.36450,12.0737,890.0,0.08900,12.0750,-5.0,-0.00050,12.0763,-7.5,-0.00075,12.0725,-7.5,-0.00075,12.0750,-5.0,-0.00050,12.0750,-5.0,-0.00050,12.0763,-5.0,-0.00050,12.0763,-7.5,-0.00075,139.97
7,712833,1,0,55.22,1711.4,2047.7,1938.1,0.0,9.0125,1140.0,1.14000,12.0763,787.5,0.78750,12.0775,1195.0,0.03621,5.0812,700.0,0.07000,12.0712,2847.5,0.28475,12.0687,3620.0,0.36200,12.0737,850.0,0.08500,12.0750,-5.0,-0.00050,12.0763,-7.5,-0.00075,12.0725,-7.5,-0.00075,12.0750,-5.0,-0.00050,12.0750,-5.0,-0.00050,12.0750,-5.0,-0.00050,12.0763,-7.5,-0.00075,140.32
7,713190,1,0,54.92,1583.9,1578.2,1927.9,0.0,9.0162,1115.0,1.11500,12.0763,767.5,0.76750,12.0775,1192.5,0.03614,5.0812,700.0,0.07000,12.0712,2780.0,0.27800,12.0687,3532.5,0.35325,12.0750,842.5,0.08425,12.0763,-5.0,-0.00050,12.0775,-7.5,-0.00075,12.0737,-7.5,-0.00075,12.0750,-5.0,-0.00050,12.0750,-5.0,-0.00050,12.0763,-5.0,-0.00050,12.0775,-7.5,-0.00075,140.66
7,713527,1,0,54.64,1636.1,1630.1,1466.7,0.0,9.0175,1105.0,1.10500,12.0763,762.5,0.76250,12.0775,1192.5,0.03614,5.0812,700.0,0.07000,12.0712,2760.0,0.27600,12.0687,3482.5,0.34825,12.0750,837.5,0.08375,12.0763,-5.0,-0.00050,12.0775,-7.5,-0.00075,12.0737,-7.5,-0.00075,12.0750,-5.0,-0.00050,12.0750,-5.0,-0.00050,12.0763,-5.0,-0.00050,12.0775,-7.5,-0.00075,141.00
7,713863,1,0,54.36,1465.7,1797.4,1573.3,0.0,9.0212,1072.5,1.07250,12.0763,737.5,0.73750,12.0787,1195.0,0.03621,5.0812,700.0,0.07000,12.0725,2680.0,0.26800,12.0700,3377.5,0.33775,12.0750,817.5,0.08175,12.0763,-5.0,-0.00050,12.0775,-7.5,-0.00075,12.0737,-7.5,-0.00075,12.0750,-5.0,-0.00050,12.0763,-5.0,-0.00050,12.0763,-5.0,-0.00050,12.0775,-7.5,-0.00075,141.35
7,714199,1,0,54.08,1683.2,1676.8,1565.8,0.0,9.0225,1060.0,1.06000,12.0763,730.0,0.73000,12.0787,1192.5,0.03614,5.0812,700.0,0.07000,12.0725,2665.0,0.26650,12.0700,3347.5,0.33475,12.0750,802.5,0.08025,12.0763,-5.0,-0.00050,12.0775,-7.5,-0.00075,12.0737,-7.5,-0.00075,12.0750,-5.0,-0.00050,12.0763,-5.0,-0.00050,12.0763,-5.0,-0.00050,12.0775,-7.5,-0.00075,141.68
7,714535,1,0,53.80,1452.4,1557.1,1446.3,0.0,9.0250,1040.0,1.04000,12.0775,712.5,0.71250,12.0787,1190.0,0.03606,5.0812,700.0,0.07000,12.0725,2577.5,0.25775,12.0700,3287.5,0.32875,12.0750,797.5,0.07975,12.0763,-5.0,-0.00050,12.0775,-7.5,-0.00075,12.0737,-7.5,-0.00075,12.0750,-5.0,-0.00050,12.0763,-5.0,-0.00050,12.0763,-5.0,-0.00050,12.0775,-7.5,-0.00075,142.01
7,714872,1,0,53.52,1778.5,1659.6,1660.5,0.0,9.0250,1040.0,1.04000,12.0763,715.0,0.71500,12.0775,1195.0,0.03621,5.0812,700.0,0.07000,12.0712,2570.0,0.25700,12.0687,3275.0,0.32750,12.0750,797.5,0.07975,12.0763,-5.0,-0.00050,12.0775,-7.5,-0.00075,12.0737,-7.5,-0.00075,12.0750,-5.0,-0.00050,12.0763,-5.0,-0.00050,12.0763,-5.0,-0.00050,12.0775,-7.5,-0.00075,142.37
7,715229,1,0,53.22,1659.6,2013.7,1652.5,0.0,9.0275,1022.5,1.02250,12.0775,702.5,0.70250,12.0787,1192.5,0.03614,5.0812,700.0,0.07000,12.0725,2535.0,0.25350,12.0700,3220.0,0.32200,12.0763,780.0,0.07800,12.0775,-5.0,-0.00050,12.0787,-7.5,-0.00075,12.0737,-7.5,-0.00075,12.0763,-5.0,-0.00050,12.0763,-5.0,-0.00050,12.0763,-5.0,-0.00050,12.0775,-7.5,-0.00075,142.71
7,715565,1,0,52.94,1763.2,1753.9,1644.8,0.0,9.0262,1032.5,1.03250,12.0763,710.0,0.71000,12.0787,1195.0,0.03621,5.0812,700.0,0.07000,12.0725,2555.0,0.25550,12.0687,3257.5,0.32575,12.0750,797.5,0.07975,12.0763,-5.0,-0.00050,12.0775,-7.5,-0.00075,12.0737,-7.5,-0.00075,12.0750,-5.0,-0.00050,12.0750,-5.0,-0.00050,12.0750,-5.0,-0.00050,12.0763,-7.5,-0.00075,143.04
7,715901,1,0,52.66,1865.5,1856.5,1420.3,0.0,9.0275,1022.5,1.02250,12.0763,700.0,0.70000,12.0787,1195.0,0.03621,5.0812,700.0,0.07000,12.0725,2525.0,0.25250,12.0700,3237.5,0.32375,12.0763,777.5,0.07775,12.0763,-5.0,-0.00050,12.0775,-7.5,-0.00075,12.0737,-7.5,-0.00075,12.0763,-5.0,-0.00050,12.0763,-5.0,-0.00050,12.0763,-5.0,-0.00050,12.0775,-7.5,-0.00075,143.39
7,716238,1,0,52.38,1529.8,1524.1,1414.7,0.0,9.0275,1025.0,1.02500,12.0763,697.5,0.69750,12.0775,1195.0,0.03621,5.0812,700.0,0.07000,12.0725,2525.0,0.25250,12.0700,3242.5,0.32425,12.0750,772.5,0.07725,12.0763,-5.0,-0.00050,12.0775,-7.5,-0.00075,12.0737,-7.5,-0.00075,12.0750,-5.0,-0.00050,12.0763,-5.0,-0.00050,12.0763,-5.0,-0.00050,12.0775,-7.5,-0.00075,143.72
7,716574,1,0,52.10,1414.6,1843.8,1626.3,0.0,9.0300,1002.5,1.00250,12.0775,690.0,0.69000,12.0787,1192.5,0.03614,5.0812,700.0,0.07000,12.0725,2462.5,0.24625,12.0700,3170.0,0.31700,12.0763,775.0,0.07750,12.0763,-5.0,-0.00050,12.0787,-7.5,-0.00075,12.0750,-7.5,-0.00075,12.0763,-5.0,-0.00050,12.0763,-5.0,-0.00050,12.0775,-5.0,-0.00050,12.0787,-7.5,-0.00075,144.06
7,716910,1,0,51.82,1525.2,2021.8,1511.1,0.0,9.0312,995.0,0.99500,12.0775,682.5,0.68250,12.0775,1192.5,0.03614,5.0812,700.0,0.07000,12.0725,2442.5,0.24425,12.0700,3180.0,0.31800,12.0750,765.0,0.07650,12.0763,-5.0,-0.00050,12.0775,-7.5,-0.00075,12.0737,-7.5,-0.00075,12.0750,-5.0,-0.00050,12.0763,-5.0,-0.00050,12.0763,-5.0,-0.00050,12.0775,-7.5,-0.00075,144.40
7,717267,1,0,51.52,1509.6,1828.9,1718.3,0.0,9.0312,992.5,0.99250,12.0775,682.5,0.68250,12.0787,1195.0,0.03621,5.0812,700.0,0.07000,12.0725,2442.5,0.24425,12.0700,3147.5,0.31475,12.0763,740.0,0.07400,12.0763,-5.0,-0.00050,12.0775,-7.5,-0.00075,12.0750,-7.5,-0.00075,12.0763,-5.0,-0.00050,12.0763,-5.0,-0.00050,12.0763,-5.0,-0.00050,12.0775,-7.5,-0.00075,144.74
7,717604,1,0,51.24,1503.6,1822.1,1779.6,0.0,9.0325,980.0,0.98000,12.0775,670.0,0.67000,12.0787,1195.0,0.03621,5.0812,700.0,0.07000,12.0737,2415.0,0.24150,12.0700,3100.0,0.31000,12.0763,737.5,0.07375,12.0775,-5.0,-0.00050,12.0787,-7.5,-0.00075,12.0750,-7.5,-0.00075,12.0763,-5.0,-0.00050,12.0763,-5.0,-0.00050,12.0775,-5.0,-0.00050,12.0775,-7.5,-0.00075,145.08
7,717940,1,0,50.96,1505.6,1848.7,1489.8,0.0,9.0363,947.5,0.94750,12.0775,647.5,0.64750,12.0787,1195.0,0.03621,5.0812,700.0,0.07000,12.0737,2330.0,0.23300,12.0712,2995.0,0.29950,12.0763,730.0,0.07300,12.0775,-5.0,-0.00050,12.0787,-7.5,-0.00075,12.0750,-7.5,-0.00075,12.0763,-5.0,-0.00050,12.0763,-5.0,-0.00050,12.0775,-5.0,-0.00050,12.0775,-7.5,-0.00075,145.41
7,718276,1,0,50.68,1701.4,1696.4,1761.9,0.0,9.0375,942.5,0.94250,12.0763,645.0,0.64500,12.0787,1190.0,0.03606,5.0812,700.0,0.07000,12.0737,2312.5,0.23125,12.0712,2975.0,0.29750,12.0763,722.5,0.07225,12.0763,-5.0,-0.00050,12.0775,-7.5,-0.00075,12.0737,-7.5,-0.00075,12.0763,-5.0,-0.00050,12.0763,-5.0,-0.00050,12.0763,-5.0,-0.00050,12.0775,-7.5,-0.00075,145.75
7,718612,1,0,50.40,1604.9,1485.2,1485.6,0.0,9.0375,937.5,0.93750,12.0775,640.0,0.64000,12.0787,1192.5,0.03614,5.0812,700.0,0.07000,12.0737,2307.5,0.23075,12.0712,2942.5,0.29425,12.0763,705.0,0.07050,12.0775,-5.0,-0.00050,12.0775,-7.5,-0.00075,12.0750,-7.5,-0.00075,12.0763,-5.0,-0.00050,12.0763,-5.0,-0.00050,12.0763,-5.0,-0.00050,12.0775,-7.5,-0.00075,146.08
7,718949,1,0,50.12,1474.9,1528.2,1470.2,0.0,9.0400,922.5,0.92250,12.0775,627.5,0.62750,12.0787,1192.5,0.03614,5.0812,700.0,0.07000,12.0737,2252.5,0.22525,12.0712,2917.5,0.29175,12.0763,695.0,0.06950,12.0775,-5.0,-0.00050,12.0787,-7.5,-0.00075,12.0750,-7.5,-0.00075,12.0763,-5.0,-0.00050,12.0763,-5.0,-0.00050,12.0775,-5.0,-0.00050,12.0787,-7.5,-0.00075,146.44
7,719306,1,0,49.82,1817.6,1670.9,1584.1,0.0,9.0400,925.0,0.92500,12.0775,630.0,0.63000,12.0787,1192.5,0.03614,5.0812,700.0,0.07000,12.0737,2280.0,0.22800,12.0700,2925.0,0.29250,12.0763,677.5,0.06775,12.0775,-5.0,-0.00050,12.0775,-7.5,-0.00075,12.0750,-7.5,-0.00075,12.0763,-5.0,-0.00050,12.0763,-5.0,-0.00050,12.0775,-5.0,-0.00050,12.0775,-7.5,-0.00075,146.78
7,719642,1,0,49.54,1738.3,1352.6,1800.9,0.0,9.0425,902.5,0.90250,12.0763,617.5,0.61750,12.0787,1197.5,0.03629,5.0812,700.0,0.07000,12.0737,2222.5,0.22225,12.0712,2825.0,0.28250,12.0763,687.5,0.06875,12.0775,-5.0,-0.00050,12.0787,-7.5,-0.00075,12.0750,-7.5,-0.00075,12.0763,-5.0,-0.00050,12.0763,-5.0,-0.00050,12.0775,-5.0,-0.00050,12.0775,-7.5,-0.00075,147.11
7,719978,1,0,49.26,1575.9,1683.3,1569.1,0.0,9.0425,900.0,0.90000,12.0775,612.5,0.61250,12.0787,1192.5,0.03614,5.0812,700.0,0.07000,12.0737,2202.5,0.22025,12.0712,2827.5,0.28275,12.0763,682.5,0.06825,12.0775,-5.0,-0.00050,12.0787,-7.5,-0.00075,12.0750,-7.5,-0.00075,12.0763,-5.0,-0.00050,12.0763,-5.0,-0.00050,12.0775,-5.0,-0.00050,12.0787,-7.5,-0.00075,147.45
7,720315,1,0,48.98,1456.1,1675.2,1561.8,0.0,9.0450,885.0,0.88500,12.0775,600.0,0.60000,12.0787,1195.0,0.03621,5.0812,700.0,0.07000,12.0750,2165.0,0.21650,12.0712,2815.0,0.28150,12.0763,670.0,0.06700,12.0775,-5.0,-0.00050,12.0787,-7.5,-0.00075,12.0750,-7.5,-0.00075,12.0763,-5.0,-0.00050,12.0763,-5.0,-0.00050,12.0775,-5.0,-0.00050,12.0787,-7.5,-0.00075,147.79
7,720651,1,0,48.70,1449.3,1666.9,1331.8,0.0,9.0450,882.5,0.88250,12.0775,600.0,0.60000,12.0787,1192.5,0.03614,5.0812,700.0,0.07000,12.0737,2185.0,0.21850,12.0712,2785.0,0.27850,12.0763,650.0,0.06500,12.0763,-5.0,-0.00050,12.0775,-7.5,-0.00075,12.0750,-7.5,-0.00075,12.0763,-5.0,-0.00050,12.0763,-5.0,-0.00050,12.0763,-5.0,-0.00050,12.0775,-7.5,-0.00075,148.13
7,720987,1,0,48.42,1664.6,1657.9,1546.2,0.0,9.0475,865.0,0.86500,12.0775,587.5,0.58750,12.0787,1192.5,0.03614,5.0812,700.0,0.07000,12.0750,2122.5,0.21225,12.0725,2700.0,0.27000,12.0775,642.5,0.06425,12.0775,-5.0,-0.00050,12.0787,-7.5,-0.00075,12.0750,-7.5,-0.00075,12.0763,-5.0,-0.00050,12.0763,-5.0,-0.00050,12.0775,-5.0,-0.00050,12.0787,-7.5,-0.00075,148.48
7,721344,1,0,48.12,1434.9,1538.7,1428.8,0.0,9.0475,865.0,0.86500,12.0775,587.5,0.58750,12.0787,1195.0,0.03621,5.0812,700.0,0.07000,12.0737,2120.0,0.21200,12.0712,2715.0,0.27150,12.0763,662.5,0.06625,12.0775,-5.0,-0.00050,12.0787,-7.5,-0.00075,12.0750,-7.5,-0.00075,12.0763,-5.0,-0.00050,12.0763,-5.0,-0.00050,12.0775,-5.0,-0.00050,12.0787,-7.5,-0.00075,148.82
7,721681,1,0,47.84,1537.5,1640.3,1670.8,0.0,9.0487,850.0,0.85000,12.0775,580.0,0.58000,12.0787,1190.0,0.03606,5.0812,700.0,0.07000,12.0737,2087.5,0.20875,12.0712,2662.5,0.26625,12.0763,627.5,0.06275,12.0775,-5.0,-0.00050,12.0787,-7.5,-0.00075,12.0750,-7.5,-0.00075,12.0763,-5.0,-0.00050,12.0763,-5.0,-0.00050,12.0775,-5.0,-0.00050,12.0787,-7.5,-0.00075,149.15
7,722017,1,0,47.56,1596.1,1524.0,1524.3,0.0,9.0487,855.0,0.85500,12.0775,580.0,0.58000,12.0787,1190.0,0.03606,5.0812,700.0,0.07000,12.0737,2102.5,0.21025,12.0712,2667.5,0.26675,12.0763,652.5,0.06525,12.0775,-5.0,-0.00050,12.0775,-7.5,-0.00075,12.0750,-7.5,-0.00075,12.0763,-5.0,-0.00050,12.0763,-5.0,-0.00050,12.0775,-5.0,-0.00050,12.0775,-7.5,-0.00075,149.49
7,722353,1,0,47.28,1566.4,1697.2,1560.2,0.0,9.0487,852.5,0.85250,12.0763,582.5,0.58250,12.0787,1192.5,0.03614,5.0812,700.0,0.07000,12.0737,2127.5,0.21275,12.0712,2680.0,0.26800,12.0763,632.5,0.06325,12.0775,-5.0,-0.00050,12.0787,-7.5,-0.00075,12.0750,-7.5,-0.00075,12.0763,-5.0,-0.00050,12.0763,-5.0,-0.00050,12.0763,-5.0,-0.00050,12.0775,-7.5,-0.00075,149.82
7,722689,1,0,47.00,1516.4,1620.8,1345.4,0.0,9.0512,835.0,0.83500,12.0775,565.0,0.56500,12.0787,1195.0,0.03621,5.0812,700.0,0.07000,12.0737,2040.0,0.20400,12.0712,2625.0,0.26250,12.0763,630.0,0.06300,12.0775,-5.0,-0.00050,12.0787,-7.5,-0.00075,12.0750,-7.5,-0.00075,12.0763,-5.0,-0.00050,12.0763,-5.0,-0.00050,12.0775,-5.0,-0.00050,12.0787,-7.5,-0.00075,150.16
7,723026,1,0,46.72,1574.5,1795.6,1395.5,0.0,9.0525,820.0,0.82000,12.0775,552.5,0.55250,12.0787,1192.5,0.03614,5.0812,700.0,0.07000,12.0750,2000.0,0.20000,12.0725,2565.0,0.25650,12.0763,615.0,0.06150,12.0775,-5.0,-0.00050,12.0787,-7.5,-0.00075,12.0763,-7.5,-0.00075,12.0763,-5.0,-0.00050,12.0775,-5.0,-0.00050,12.0775,-5.0,-0.00050,12.0787,-7.5,-0.00075,150.51
7,723383,1,0,46.43,1392.6,1818.6,1388.6,0.0,9.0538,810.0,0.81000,12.0775,550.0,0.55000,12.0787,1192.5,0.03614,5.0812,700.0,0.07000,12.0737,2010.0,0.20100,12.0725,2487.5,0.24875,12.0775,605.0,0.06050,12.0775,-5.0,-0.00050,12.0787,-7.5,-0.00075,12.0750,-7.5,-0.00075,12.0763,-5.0,-0.00050,12.0775,-5.0,-0.00050,12.0775,-5.0,-0.00050,12.0787,-7.5,-0.00075,150.87
7,723719,1,0,46.15,1493.4,1277.4,1553.2,0.0,9.0550,802.5,0.80250,12.0775,542.5,0.54250,12.0787,1195.0,0.03621,5.0812,700.0,0.07000,12.0737,2002.5,0.20025,12.0712,2487.5,0.24875,12.0763,600.0,0.06000,12.0775,-5.0,-0.00050,12.0787,-7.5,-0.00075,12.0750,-7.5,-0.00075,12.0763,-5.0,-0.00050,12.0763,-5.0,-0.00050,12.0775,-5.0,-0.00050,12.0787,-7.5,-0.00075,151.20
7,724055,1,0,45.87,1274.4,1501.4,1479.7,0.0,9.0575,782.5,0.78250,12.0775,527.5,0.52750,12.0787,1192.5,0.03614,5.0812,700.0,0.07000,12.0750,1927.5,0.19275,12.0725,2402.5,0.24025,12.0775,585.0,0.05850,12.0775,-5.0,-0.00050,12.0787,-7.5,-0.00075,12.0763,-7.5,-0.00075,12.0775,-5.0,-0.00050,12.0775,-5.0,-0.00050,12.0775,-5.0,-0.00050,12.0787,-7.5,-0.00075,151.54
7,724392,1,0,45.58,1267.5,1262.4,1366.5,0.0,9.0588,765.0,0.76500,12.0775,517.5,0.51750,12.0787,1192.5,0.03614,5.0812,700.0,0.07000,12.0750,1880.0,0.18800,12.0725,2370.0,0.23700,12.0775,587.5,0.05875,12.0775,-5.0,-0.00050,12.0787,-7.5,-0.00075,12.0763,-7.5,-0.00075,12.0763,-5.0,-0.00050,12.0775,-5.0,-0.00050,12.0775,-5.0,-0.00050,12.0787,-7.5,-0.00075,151.88
7,724728,1,0,45.30,1489.2,1597.4,1464.6,0.0,9.0588,767.5,0.76750,12.0775,517.5,0.51750,12.0775,1192.5,0.03614,5.0812,700.0,0.07000,12.0750,1880.0,0.18800,12.0712,2380.0,0.23800,12.0763,595.0,0.05950,12.0775,-5.0,-0.00050,12.0787,-7.5,-0.00075,12.0750,-7.5,-0.00075,12.0763,-5.0,-0.00050,12.0763,-5.0,-0.00050,12.0775,-5.0,-0.00050,12.0787,-7.5,-0.00075,152.20
7,725064,1,0,45.02,1567.1,1590.3,1458.0,0.0,9.0575,777.5,0.77750,12.0775,525.0,0.52500,12.0775,1195.0,0.03621,5.0812,700.0,0.07000,12.0737,1912.5,0.19125,12.0712,2405.0,0.24050,12.0763,600.0,0.06000,12.0775,-5.0,-0.00050,12.0775,-7.5,-0.00075,12.0750,-7.5,-0.00075,12.0763,-5.0,-0.00050,12.0763,-5.0,-0.00050,12.0775,-5.0,-0.00050,12.0775,-7.5,-0.00075,152.55
7,725421,1,0,44.73,1474.9,1697.3,1357.8,0.0,9.0588,765.0,0.76500,12.0775,515.0,0.51500,12.0787,1192.5,0.03614,5.0812,700.0,0.07000,12.0750,1880.0,0.18800,12.0725,2342.5,0.23425,12.0775,580.0,0.05800,12.0775,-5.0,-0.00050,12.0787,-7.5,-0.00075,12.0763,-7.5,-0.00075,12.0763,-5.0,-0.00050,12.0775,-5.0,-0.00050,12.0775,-5.0,-0.00050,12.0787,-7.5,-0.00075,152.90
7,725758,1,0,44.45,1243.4,1351.9,1399.8,0.0,9.0600,762.5,0.76250,12.0775,512.5,0.51250,12.0787,1195.0,0.03621,5.0812,700.0,0.07000,12.0750,1877.5,0.18775,12.0725,2327.5,0.23275,12.0775,567.5,0.05675,12.0775,-5.0,-0.00050,12.0787,-7.5,-0.00075,12.0750,-7.5,-0.00075,12.0763,-5.0,-0.00050,12.0763,-5.0,-0.00050,12.0775,-5.0,-0.00050,12.0787,-7.5,-0.00075,153.23
7,726094,1,0,44.17,1350.8,1233.3,1342.3,0.0,9.0625,742.5,0.74250,12.0775,500.0,0.50000,12.0787,1192.5,0.03614,5.0812,700.0,0.07000,12.0750,1807.5,0.18075,12.0725,2282.5,0.22825,12.0775,570.0,0.05700,12.0787,-5.0,-0.00050,12.0787,-7.5,-0.00075,12.0763,-7.5,-0.00075,12.0775,-5.0,-0.00050,12.0775,-5.0,-0.00050,12.0775,-5.0,-0.00050,12.0787,-7.5,-0.00075,153.57
7,726430,1,0,43.89,1567.8,1784.8,1447.6,0.0,9.0625,742.5,0.74250,12.0775,500.0,0.50000,12.0787,1192.5,0.03614,5.0812,700.0,0.07000,12.0750,1815.0,0.18150,12.0725,2300.0,0.23000,12.0775,572.5,0.05725,12.0775,-5.0,-0.00050,12.0787,-7.5,-0.00075,12.0763,-7.5,-0.00075,12.0763,-5.0,-0.00050,12.0775,-5.0,-0.00050,12.0775,-5.0,-0.00050,12.0787,-7.5,-0.00075,153.90
7,726766,1,0,43.61,1384.6,1553.9,1391.9,0.0,9.0638,730.0,0.73000,12.0775,487.5,0.48750,12.0787,1192.5,0.03614,5.0812,700.0,0.07000,12.0750,1780.0,0.17800,12.0725,2247.5,0.22475,12.0775,550.0,0.05500,12.0787,-5.0,-0.00050,12.0800,-7.5,-0.00075,12.0763,-7.5,-0.00075,12.0775,-5.0,-0.00050,12.0775,-5.0,-0.00050,12.0787,-5.0,-0.00050,12.0787,-7.5,-0.00075,154.24
7,727103,1,0,43.33,1339.6,1213.8,1322.4,0.0,9.0638,727.5,0.72750,12.0775,490.0,0.49000,12.0787,1192.5,0.03614,5.0812,700.0,0.07000,12.0750,1782.5,0.17825,12.0725,2232.5,0.22325,12.0775,562.5,0.05625,12.0775,-5.0,-0.00050,12.0787,-7.5,-0.00075,12.0750,-7.5,-0.00075,12.0763,-5.0,-0.00050,12.0763,-5.0,-0.00050,12.0775,-5.0,-0.00050,12.0787,-7.5,-0.00075,154.59
7,727460,1,0,43.03,1540.9,1569.4,1446.6,0.0,9.0662,707.5,0.70750,12.0775,472.5,0.47250,12.0787,1192.5,0.03614,5.0812,700.0,0.07000,12.0763,1740.0,0.17400,12.0725,2155.0,0.21550,12.0775,545.0,0.05450,12.0787,-5.0,-0.00050,12.0800,-7.5,-0.00075,12.0763,-7.5,-0.00075,12.0775,-5.0,-0.00050,12.0775,-5.0,-0.00050,12.0775,-5.0,-0.00050,12.0787,-7.5,-0.00075,154.95
7,727796,1,0,42.75,1489.6,1418.4,1526.7,0.0,9.0662,705.0,0.70500,12.0775,470.0,0.47000,12.0787,1192.5,0.03614,5.0812,700.0,0.07000,12.0750,1730.0,0.17300,12.0725,2157.5,0.21575,12.0775,537.5,0.05375,12.0775,-5.0,-0.00050,12.0787,-7.5,-0.00075,12.0763,-7.5,-0.00075,12.0763,-5.0,-0.00050,12.0775,-5.0,-0.00050,12.0775,-5.0,-0.00050,12.0787,-7.5,-0.00075,155.27
7,728132,1,0,42.47,1305.8,1431.7,1312.4,0.0,9.0687,690.0,0.69000,12.0775,462.5,0.46250,12.0787,1187.5,0.03598,5.0812,700.0,0.07000,12.0763,1700.0,0.17000,12.0737,2092.5,0.20925,12.0775,515.0,0.05150,12.0787,-5.0,-0.00050,12.0800,-7.5,-0.00075,12.0763,-7.5,-0.00075,12.0775,-5.0,-0.00050,12.0775,-5.0,-0.00050,12.0775,-5.0,-0.00050,12.0787,-7.5,-0.00075,155.61
7,728469,1,0,42.19,1190.9,1617.1,1510.1,0.0,9.0687,690.0,0.69000,12.0775,462.5,0.46250,12.0787,1192.5,0.03614,5.0812,700.0,0.07000,12.0750,1687.5,0.16875,12.0725,2085.0,0.20850,12.0775,527.5,0.05275,12.0775,-5.0,-0.00050,12.0787,-7.5,-0.00075,12.0763,-7.5,-0.00075,12.0775,-5.0,-0.00050,12.0775,-5.0,-0.00050,12.0775,-5.0,-0.00050,12.0787,-7.5,-0.00075,155.94
7,728805,1,0,41.91,1467.4,1717.7,1609.6,0.0,9.0687,690.0,0.69000,12.0775,462.5,0.46250,12.0787,1192.5,0.03614,5.0812,700.0,0.07000,12.0763,1700.0,0.17000,12.0725,2115.0,0.21150,12.0775,510.0,0.05100,12.0775,-5.0,-0.00050,12.0787,-7.5,-0.00075,12.0763,-7.5,-0.00075,12.0763,-5.0,-0.00050,12.0775,-5.0,-0.00050,12.0775,-5.0,-0.00050,12.0787,-7.5,-0.00075,156.29
7,729141,1,0,41.63,1287.3,1282.6,1280.4,0.0,9.0700,675.0,0.67500,12.0775,450.0,0.45000,12.0787,1192.5,0.03614,5.0812,700.0,0.07000,12.0763,1642.5,0.16425,12.0737,2067.5,0.20675,12.0787,505.0,0.05050,12.0787,-5.0,-0.00050,12.0800,-7.5,-0.00075,12.0763,-7.5,-0.00075,12.0775,-5.0,-0.00050,12.0787,-5.0,-0.00050,12.0787,-5.0,-0.00050,12.0800,-7.5,-0.00075,156.64
7,729498,1,0,41.33,1279.7,1594.1,1379.5,0.0,9.0725,662.5,0.66250,12.0775,442.5,0.44250,12.0787,1192.5,0.03614,5.0812,700.0,0.07000,12.0763,1610.0,0.16100,12.0737,2027.5,0.20275,12.0775,497.5,0.04975,12.0787,-5.0,-0.00050,12.0800,-7.5,-0.00075,12.0763,-7.5,-0.00075,12.0775,-5.0,-0.00050,12.0775,-5.0,-0.00050,12.0787,-5.0,-0.00050,12.0787,-7.5,-0.00075,156.98
7,729835,1,0,41.05,1166.4,1328.5,1160.7,0.0,9.0725,665.0,0.66500,12.0775,442.5,0.44250,12.0787,1190.0,0.03606,5.0812,700.0,0.07000,12.0763,1612.5,0.16125,12.0737,2030.0,0.20300,12.0775,505.0,0.05050,12.0775,-5.0,-0.00050,12.0787,-7.5,-0.00075,12.0763,-7.5,-0.00075,12.0763,-5.0,-0.00050,12.0775,-5.0,-0.00050,12.0775,-5.0,-0.00050,12.0787,-7.5,-0.00075,157.32
7,730171,1,0,40.77,1265.9,1734.6,1155.2,0.0,9.0725,662.5,0.66250,12.0775,440.0,0.44000,12.0787,1187.5,0.03598,5.0812,700.0,0.07000,12.0763,1617.5,0.16175,12.0737,2030.0,0.20300,12.0775,482.5,0.04825,12.0787,-5.0,-0.00050,12.0787,-7.5,-0.00075,12.0763,-7.5,-0.00075,12.0775,-5.0,-0.00050,12.0775,-5.0,-0.00050,12.0775,-5.0,-0.00050,12.0787,-7.5,-0.00075,157.65
7,730507,1,0,40.49,1364.4,1380.4,1357.3,0.0,9.0737,645.0,0.64500,12.0775,430.0,0.43000,12.0787,1192.5,0.03614,5.0812,700.0,0.07000,12.0763,1560.0,0.15600,12.0737,1960.0,0.19600,12.0775,482.5,0.04825,12.0787,-5.0,-0.00050,12.0800,-7.5,-0.00075,12.0763,-7.5,-0.00075,12.0775,-5.0,-0.00050,12.0775,-5.0,-0.00050,12.0775,-5.0,-0.00050,12.0787,-7.5,-0.00075,157.99
7,730843,1,0,40.21,1252.2,1455.9,1246.6,0.0,9.0750,642.5,0.64250,12.0775,427.5,0.42750,12.0787,1192.5,0.03614,5.0812,700.0,0.07000,12.0763,1562.5,0.15625,12.0737,1957.5,0.19575,12.0775,497.5,0.04975,12.0787,-5.0,-0.00050,12.0787,-7.5,-0.00075,12.0763,-7.5,-0.00075,12.0775,-5.0,-0.00050,12.0775,-5.0,-0.00050,12.0775,-5.0,-0.00050,12.0787,-7.5,-0.00075,158.33
7,731180,1,0,39.93,1483.3,1251.9,1364.2,0.0,9.0763,630.0,0.63000,12.0775,415.0,0.41500,12.0787,1192.5,0.03614,5.0812,700.0,0.07000,12.0763,1532.5,0.15325,12.0737,1907.5,0.19075,12.0787,470.0,0.04700,12.0787,-5.0,-0.00050,12.0800,-7.5,-0.00075,12.0763,-7.5,-0.00075,12.0775,-5.0,-0.00050,12.0775,-5.0,-0.00050,12.0787,-5.0,-0.00050,12.0787,-7.5,-0.00075,158.67
7,731537,1,0,39.63,1360.7,1471.2,1241.7,0.0,9.0763,627.5,0.62750,12.0775,415.0,0.41500,12.0787,1190.0,0.03606,5.0812,700.0,0.07000,12.0763,1545.0,0.15450,12.0737,1897.5,0.18975,12.0787,460.0,0.04600,12.0787,-5.0,-0.00050,12.0800,-7.5,-0.00075,12.0763,-7.5,-0.00075,12.0775,-5.0,-0.00050,12.0775,-5.0,-0.00050,12.0775,-5.0,-0.00050,12.0787,-7.5,-0.00075,159.01
7,731873,1,0,39.35,1128.9,1125.5,1458.9,0.0,9.0775,620.0,0.62000,12.0775,410.0,0.41000,12.0787,1195.0,0.03621,5.0812,697.5,0.06975,12.0763,1517.5,0.15175,12.0737,1867.5,0.18675,12.0787,460.0,0.04600,12.0787,-5.0,-0.00050,12.0800,-7.5,-0.00075,12.0763,-7.5,-0.00075,12.0775,-5.0,-0.00050,12.0775,-5.0,-0.00050,12.0787,-5.0,-0.00050,12.0800,-7.5,-0.00075,159.35
7,732209,1,0,39.07,1123.9,1455.5,1274.0,0.0,9.0775,620.0,0.62000,12.0775,410.0,0.41000,12.0787,1192.5,0.03614,5.0812,700.0,0.07000,12.0763,1502.5,0.15025,12.0737,1855.0,0.18550,12.0787,462.5,0.04625,12.0787,-5.0,-0.00050,12.0800,-7.5,-0.00075,12.0763,-7.5,-0.00075,12.0775,-5.0,-0.00050,12.0775,-5.0,-0.00050,12.0787,-5.0,-0.00050,12.0800,-7.5,-0.00075,159.68
7,732546,1,0,38.79,1341.6,1558.0,1220.2,0.0,9.0800,602.5,0.60250,12.0787,397.5,0.39750,12.0800,1192.5,0.03614,5.0812,697.5,0.06975,12.0775,1457.5,0.14575,12.0750,1787.5,0.17875,12.0787,457.5,0.04575,12.0787,-5.0,-0.00050,12.0800,-7.5,-0.00075,12.0763,-7.5,-0.00075,12.0775,-5.0,-0.00050,12.0787,-5.0,-0.00050,12.0787,-5.0,-0.00050,12.0800,-7.5,-0.00075,160.02
7,732882,1,0,38.51,1111.4,1327.7,1324.3,0.0,9.0800,597.5,0.59750,12.0775,395.0,0.39500,12.0787,1192.5,0.03614,5.0812,700.0,0.07000,12.0763,1437.5,0.14375,12.0737,1790.0,0.17900,12.0787,467.5,0.04675,12.0787,-5.0,-0.00050,12.0800,-7.5,-0.00075,12.0763,-7.5,-0.00075,12.0775,-5.0,-0.00050,12.0775,-5.0,-0.00050,12.0787,-5.0,-0.00050,12.0800,-7.5,-0.00075,160.36
7,733218,1,0,38.23,1226.9,1210.0,1318.1,0.0,9.0825,580.0,0.58000,12.0775,382.5,0.38250,12.0787,1192.5,0.03614,5.0812,700.0,0.07000,12.0775,1407.5,0.14075,12.0750,1737.5,0.17375,12.0787,442.5,0.04425,12.0787,-5.0,-0.00050,12.0800,-7.5,-0.00075,12.0763,-7.5,-0.00075,12.0775,-5.0,-0.00050,12.0775,-5.0,-0.00050,12.0787,-5.0,-0.00050,12.0800,-7.5,-0.00075,160.71
7,733575,1,0,37.93,1316.1,1611.8,1310.2,0.0,9.0825,580.0,0.58000,12.0775,382.5,0.38250,12.0787,1192.5,0.03614,5.0812,697.5,0.06975,12.0763,1382.5,0.13825,12.0737,1742.5,0.17425,12.0787,445.0,0.04450,12.0787,-5.0,-0.00050,12.0800,-7.5,-0.00075,12.0763,-7.5,-0.00075,12.0775,-5.0,-0.00050,12.0775,-5.0,-0.00050,12.0787,-5.0,-0.00050,12.0787,-7.5,-0.00075,161.05
7,733912,1,0,37.65,1198.7,1304.3,1257.9,0.0,9.0850,562.5,0.56250,12.0775,370.0,0.37000,12.0787,1192.5,0.03614,5.0812,697.5,0.06975,12.0775,1350.0,0.13500,12.0750,1685.0,0.16850,12.0787,427.5,0.04275,12.0787,-5.0,-0.00050,12.0800,-7.5,-0.00075,12.0763,-7.5,-0.00075,12.0775,-5.0,-0.00050,12.0787,-5.0,-0.00050,12.0787,-5.0,-0.00050,12.0800,-7.5,-0.00075,161.39
7,734248,1,0,37.37,1191.0,1620.1,1478.4,0.0,9.0837,565.0,0.56500,12.0775,372.5,0.37250,12.0787,1192.5,0.03614,5.0812,700.0,0.07000,12.0763,1362.5,0.13625,12.0737,1687.5,0.16875,12.0787,430.0,0.04300,12.0787,-5.0,-0.00050,12.0800,-7.5,-0.00075,12.0763,-7.5,-0.00075,12.0775,-5.0,-0.00050,12.0775,-5.0,-0.00050,12.0787,-5.0,-0.00050,12.0787,-7.5,-0.00075,161.72
7,734584,1,0,37.09,1076.1,1180.7,1312.6,0.0,9.0850,557.5,0.55750,12.0787,365.0,0.36500,12.0787,1192.5,0.03614,5.0812,697.5,0.06975,12.0775,1332.5,0.13325,12.0750,1665.0,0.16650,12.0787,415.0,0.04150,12.0787,-5.0,-0.00050,12.0800,-7.5,-0.00075,12.0763,-7.5,-0.00075,12.0787,-5.0,-0.00050,12.0787,-5.0,-0.00050,12.0787,-5.0,-0.00050,12.0800,-7.5,-0.00075,162.06
7,734920,1,0,36.81,1283.6,1173.1,1347.7,0.0,9.0850,562.5,0.56250,12.0775,370.0,0.37000,12.0787,1192.5,0.03614,5.0812,700.0,0.07000,12.0775,1350.0,0.13500,12.0750,1687.5,0.16875,12.0787,420.0,0.04200,12.0787,-5.0,-0.00050,12.0800,-7.5,-0.00075,12.0763,-7.5,-0.00075,12.0775,-5.0,-0.00050,12.0775,-5.0,-0.00050,12.0787,-5.0,-0.00050,12.0800,-7.5,-0.00075,162.39
7,735257,1,0,36.53,1419.2,1273.0,1453.8,0.0,9.0850,562.5,0.56250,12.0775,370.0,0.37000,12.0787,1192.5,0.03614,5.0812,697.5,0.06975,12.0763,1367.5,0.13675,12.0750,1690.0,0.16900,12.0787,402.5,0.04025,12.0787,-5.0,-0.00050,12.0800,-7.5,-0.00075,12.0763,-7.5,-0.00075,12.0775,-5.0,-0.00050,12.0775,-5.0,-0.00050,12.0787,-5.0,-0.00050,12.0787,-7.5,-0.00075,162.74
7,735614,1,0,36.23,1165.0,1289.5,1159.9,0.0,9.0862,550.0,0.55000,12.0775,360.0,0.36000,12.0787,1190.0,0.03606,5.0812,700.0,0.07000,12.0775,1325.0,0.13250,12.0750,1647.5,0.16475,12.0787,402.5,0.04025,12.0787,-5.0,-0.00050,12.0800,-7.5,-0.00075,12.0763,-7.5,-0.00075,12.0775,-5.0,-0.00050,12.0787,-5.0,-0.00050,12.0787,-5.0,-0.00050,12.0800,-7.5,-0.00075,163.09
7,735950,1,0,35.95,1170.7,1630.9,1049.1,0.0,9.0862,550.0,0.55000,12.0775,360.0,0.36000,12.0787,1192.5,0.03614,5.0812,700.0,0.07000,12.0775,1325.0,0.13250,12.0750,1642.5,0.16425,12.0787,415.0,0.04150,12.0787,-5.0,-0.00050,12.0800,-7.5,-0.00075,12.0763,-7.5,-0.00075,12.0775,-5.0,-0.00050,12.0787,-5.0,-0.00050,12.0787,-5.0,-0.00050,12.0800,-7.5,-0.00075,163.42
7,736286,1,0,35.67,1213.4,1355.5,1316.4,0.0,9.0875,540.0,0.54000,12.0775,352.5,0.35250,12.0787,1190.0,0.03606,5.0812,697.5,0.06975,12.0775,1287.5,0.12875,12.0750,1610.0,0.16100,12.0787,382.5,0.03825,12.0787,-5.0,-0.00050,12.0800,-7.5,-0.00075,12.0763,-7.5,-0.00075,12.0775,-5.0,-0.00050,12.0787,-5.0,-0.00050,12.0787,-5.0,-0.00050,12.0800,-7.5,-0.00075,163.76
7,736623,1,0,35.39,1156.9,1152.2,1035.1,0.0,9.0875,537.5,0.53750,12.0787,347.5,0.34750,12.0787,1190.0,0.03606,5.0812,697.5,0.06975,12.0775,1302.5,0.13025,12.0750,1602.5,0.16025,12.0787,380.0,0.03800,12.0787,-5.0,-0.00050,12.0800,-7.5,-0.00075,12.0763,-7.5,-0.00075,12.0775,-5.0,-0.00050,12.0787,-5.0,-0.00050,12.0787,-5.0,-0.00050,12.0800,-7.5,-0.00075,164.10
7,736959,1,0,35.11,1265.3,1193.6,1191.2,0.0,9.0900,522.5,0.52250,12.0787,340.0,0.34000,12.0787,1190.0,0.03606,5.0812,700.0,0.07000,12.0775,1260.0,0.12600,12.0750,1552.5,0.15525,12.0787,382.5,0.03825,12.0787,-5.0,-0.00050,12.0800,-7.5,-0.00075,12.0763,-7.5,-0.00075,12.0775,-5.0,-0.00050,12.0787,-5.0,-0.00050,12.0787,-5.0,-0.00050,12.0800,-7.5,-0.00075,164.44
7,737295,1,0,34.83,1027.5,1137.9,1135.2,0.0,9.0900,522.5,0.52250,12.0775,340.0,0.34000,12.0787,1192.5,0.03614,5.0812,697.5,0.06975,12.0763,1257.5,0.12575,12.0737,1550.0,0.15500,12.0787,385.0,0.03850,12.0787,-5.0,-0.00050,12.0800,-7.5,-0.00075,12.0763,-7.5,-0.00075,12.0775,-5.0,-0.00050,12.0787,-5.0,-0.00050,12.0787,-5.0,-0.00050,12.0800,-7.5,-0.00075,164.79
7,737652,1,0,34.53,1020.0,1243.9,1281.2,0.0,9.0912,515.0,0.51500,12.0787,332.5,0.33250,12.0787,1190.0,0.03606,5.0812,700.0,0.07000,12.0775,1215.0,0.12150,12.0750,1520.0,0.15200,12.0787,370.0,0.03700,12.0787,-5.0,-0.00050,12.0800,-7.5,-0.00075,12.0763,-7.5,-0.00075,12.0787,-5.0,-0.00050,12.0787,-5.0,-0.00050,12.0787,-5.0,-0.00050,12.0800,-7.5,-0.00075,165.13
7,737989,1,0,34.25,1139.1,1460.4,1120.0,0.0,9.0900,515.0,0.51500,12.0775,332.5,0.33250,12.0787,1190.0,0.03606,5.0812,700.0,0.07000,12.0775,1230.0,0.12300,12.0750,1525.0,0.15250,12.0787,360.0,0.03600,12.0787,-5.0,-0.00050,12.0800,-7.5,-0.00075,12.0763,-7.5,-0.00075,12.0775,-5.0,-0.00050,12.0787,-5.0,-0.00050,12.0787,-5.0,-0.00050,12.0800,-7.5,-0.00075,165.47
7,738325,1,0,33.97,1006.1,1340.1,1126.1,0.0,9.0912,505.0,0.50500,12.0787,325.0,0.32500,12.0787,1190.0,0.03606,5.0812,697.5,0.06975,12.0775,1197.5,0.11975,12.0750,1492.5,0.14925,12.0787,367.5,0.03675,12.0787,-5.0,-0.00050,12.0800,-7.5,-0.00075,12.0775,-7.5,-0.00075,12.0787,-5.0,-0.00050,12.0787,-5.0,-0.00050,12.0787,-5.0,-0.00050,12.0800,-7.5,-0.00075,165.81
7,738661,1,0,33.69,1111.8,1221.2,1326.8,0.0,9.0912,510.0,0.51000,12.0775,330.0,0.33000,12.0787,1190.0,0.03606,5.0812,697.5,0.06975,12.0775,1205.0,0.12050,12.0750,1512.5,0.15125,12.0787,372.5,0.03725,12.0787,-5.0,-0.00050,12.0800,-7.5,-0.00075,12.0763,-7.5,-0.00075,12.0775,-5.0,-0.00050,12.0775,-5.0,-0.00050,12.0787,-5.0,-0.00050,12.0800,-7.5,-0.00075,166.14
7,738997,1,0,33.41,996.3,1168.3,989.3,0.0,9.0937,495.0,0.49500,12.0775,317.5,0.31750,12.0787,1190.0,0.03606,5.0812,700.0,0.07000,12.0775,1155.0,0.11550,12.0750,1460.0,0.14600,12.0787,357.5,0.03575,12.0787,-5.0,-0.00050,12.0800,-7.5,-0.00075,12.0775,-7.5,-0.00075,12.0775,-5.0,-0.00050,12.0787,-5.0,-0.00050,12.0787,-5.0,-0.00050,12.0800,-7.5,-0.00075,166.48
7,739334,1,0,33.13,991.0,1109.1,983.9,0.0,9.0937,492.5,0.49250,12.0775,315.0,0.31500,12.0787,1192.5,0.03614,5.0812,697.5,0.06975,12.0775,1157.5,0.11575,12.0750,1450.0,0.14500,12.0787,362.5,0.03625,12.0787,-5.0,-0.00050,12.0800,-7.5,-0.00075,12.0763,-7.5,-0.00075,12.0775,-5.0,-0.00050,12.0787,-5.0,-0.00050,12.0787,-5.0,-0.00050,12.0800,-7.5,-0.00075,166.83
7,739691,1,0,32.84,1094.5,979.2,1194.3,0.0,9.0950,482.5,0.48250,12.0787,310.0,0.31000,12.0787,1192.5,0.03614,5.0812,697.5,0.06975,12.0775,1120.0,0.11200,12.0750,1420.0,0.14200,12.0787,352.5,0.03525,12.0787,-5.0,-0.00050,12.0800,-7.5,-0.00075,12.0775,-7.5,-0.00075,12.0787,-5.0,-0.00050,12.0787,-5.0,-0.00050,12.0787,-5.0,-0.00050,12.0800,-7.5,-0.00075,167.17
7,740027,1,0,32.56,978.4,1296.9,1144.2,0.0,9.0950,475.0,0.47500,12.0775,305.0,0.30500,12.0787,1192.5,0.03614,5.0812,697.5,0.06975,12.0775,1102.5,0.11025,12.0750,1410.0,0.14100,12.0787,350.0,0.03500,12.0787,-5.0,-0.00050,12.0800,-7.5,-0.00075,12.0763,-7.5,-0.00075,12.0775,-5.0,-0.00050,12.0787,-5.0,-0.00050,12.0787,-5.0,-0.00050,12.0800,-7.5,-0.00075,167.50
7,740363,1,0,32.28,1294.6,1180.7,965.7,0.0,9.0962,465.0,0.46500,12.0775,297.5,0.29750,12.0787,1190.0,0.03606,5.0812,697.5,0.06975,12.0775,1077.5,0.10775,12.0750,1377.5,0.13775,12.0787,342.5,0.03425,12.0787,-5.0,-0.00050,12.0800,-7.5,-0.00075,12.0763,-7.5,-0.00075,12.0775,-5.0,-0.00050,12.0787,-5.0,-0.00050,12.0787,-5.0,-0.00050,12.0800,-7.5,-0.00075,167.84
7,740700,1,0,31.99,1284.3,959.6,1066.4,0.0,9.0962,467.5,0.46750,12.0775,297.5,0.29750,12.0787,1192.5,0.03614,5.0812,697.5,0.06975,12.0775,1077.5,0.10775,12.0750,1370.0,0.13700,12.0787,342.5,0.03425,12.0800,-5.0,-0.00050,12.0800,-7.5,-0.00075,12.0775,-7.5,-0.00075,12.0787,-5.0,-0.00050,12.0787,-5.0,-0.00050,12.0787,-5.0,-0.00050,12.0800,-7.5,-0.00075,168.17
7,741036,1,0,31.71,956.5,1122.8,1271.5,0.0,9.0962,465.0,0.46500,12.0775,297.5,0.29750,12.0787,1190.0,0.03606,5.0812,697.5,0.06975,12.0775,1090.0,0.10900,12.0750,1382.5,0.13825,12.0787,332.5,0.03325,12.0787,-5.0,-0.00050,12.0800,-7.5,-0.00075,12.0763,-7.5,-0.00075,12.0775,-5.0,-0.00050,12.0787,-5.0,-0.00050,12.0787,-5.0,-0.00050,12.0800,-7.5,-0.00075,168.51
7,741372,1,0,31.43,1068.9,1227.1,1302.1,0.0,9.0975,462.5,0.46250,12.0775,292.5,0.29250,12.0787,1190.0,0.03606,5.0812,697.5,0.06975,12.0775,1082.5,0.10825,12.0750,1355.0,0.13550,12.0787,322.5,0.03225,12.0787,-5.0,-0.00050,12.0800,-7.5,-0.00075,12.0775,-7.5,-0.00075,12.0775,-5.0,-0.00050,12.0787,-5.0,-0.00050,12.0787,-5.0,-0.00050,12.0800,-7.5,-0.00075,168.86
7,741729,1,0,31.14,944.1,1331.4,940.1,0.0,9.0975,460.0,0.46000,12.0775,295.0,0.29500,12.0787,1192.5,0.03614,5.0812,697.5,0.06975,12.0775,1087.5,0.10875,12.0750,1355.0,0.13550,12.0787,317.5,0.03175,12.0787,-5.0,-0.00050,12.0800,-7.5,-0.00075,12.0763,-7.5,-0.00075,12.0775,-5.0,-0.00050,12.0775,-5.0,-0.00050,12.0787,-5.0,-0.00050,12.0800,-7.5,-0.00075,169.20
7,742066,1,0,30.86,1056.2,1354.3,1282.8,0.0,9.0988,447.5,0.44750,12.0787,285.0,0.28500,12.0787,1187.5,0.03598,5.0812,697.5,0.06975,12.0775,1040.0,0.10400,12.0750,1307.5,0.13075,12.0787,327.5,0.03275,12.0800,-5.0,-0.00050,12.0800,-7.5,-0.00075,12.0775,-7.5,-0.00075,12.0787,-5.0,-0.00050,12.0787,-5.0,-0.00050,12.0787,-5.0,-0.00050,12.0800,-7.5,-0.00075,169.54
7,742402,1,0,30.58,1098.3,1240.6,1043.3,0.0,9.0988,447.5,0.44750,12.0787,282.5,0.28250,12.0787,1190.0,0.03606,5.0812,697.5,0.06975,12.0775,1040.0,0.10400,12.0750,1302.5,0.13025,12.0800,325.0,0.03250,12.0800,-5.0,-0.00050,12.0800,-7.5,-0.00075,12.0775,-7.5,-0.00075,12.0787,-5.0,-0.00050,12.0787,-5.0,-0.00050,12.0787,-5.0,-0.00050,12.0800,-7.5,-0.00075,169.88
7,742738,1,0,30.30,1043.1,1040.1,1151.4,0.0,9.1000,437.5,0.43750,12.0775,275.0,0.27500,12.0787,1190.0,0.03606,5.0812,697.5,0.06975,12.0787,1017.5,0.10175,12.0763,1272.5,0.12725,12.0800,310.0,0.03100,12.0800,-5.0,-0.00050,12.0813,-7.5,-0.00075,12.0775,-7.5,-0.00075,12.0787,-5.0,-0.00050,12.0787,-5.0,-0.00050,12.0787,-5.0,-0.00050,12.0800,-7.5,-0.00075,170.21
7,743074,1,0,30.02,1151.3,1031.8,1029.0,0.0,9.1012,432.5,0.43250,12.0775,272.5,0.27250,12.0787,1192.5,0.03614,5.0812,697.5,0.06975,12.0775,1005.0,0.10050,12.0763,1252.5,0.12525,12.0787,302.5,0.03025,12.0800,-5.0,-0.00050,12.0800,-7.5,-0.00075,12.0775,-7.5,-0.00075,12.0787,-5.0,-0.00050,12.0787,-5.0,-0.00050,12.0787,-5.0,-0.00050,12.0800,-7.5,-0.00075,170.55
7,743411,1,0,29.74,1143.7,1252.1,1134.9,0.0,9.1025,420.0,0.42000,12.0775,265.0,0.26500,12.0787,1192.5,0.03614,5.0812,697.5,0.06975,12.0787,962.5,0.09625,12.0763,1220.0,0.12200,12.0800,302.5,0.03025,12.0800,-5.0,-0.00050,12.0800,-7.5,-0.00075,12.0775,-7.5,-0.00075,12.0775,-5.0,-0.00050,12.0787,-5.0,-0.00050,12.0787,-5.0,-0.00050,12.0800,-7.5,-0.00075,170.90
7,743768,1,0,29.44,1020.3,1015.9,901.4,0.0,9.1012,425.0,0.42500,12.0787,267.5,0.26750,12.0787,1192.5,0.03614,5.0812,697.5,0.06975,12.0775,975.0,0.09750,12.0763,1235.0,0.12350,12.0787,302.5,0.03025,12.0800,-5.0,-0.00050,12.0800,-7.5,-0.00075,12.0775,-7.5,-0.00075,12.0787,-5.0,-0.00050,12.0787,-5.0,-0.00050,12.0787,-5.0,-0.00050,12.0800,-7.5,-0.00075,171.24
7,744104,1,0,29.16,1125.7,1120.9,895.3,0.0,9.1025,417.5,0.41750,12.0787,260.0,0.26000,12.0787,1190.0,0.03606,5.0812,697.5,0.06975,12.0787,957.5,0.09575,12.0763,1212.5,0.12125,12.0787,290.0,0.02900,12.0800,-5.0,-0.00050,12.0813,-7.5,-0.00075,12.0775,-7.5,-0.00075,12.0787,-5.0,-0.00050,12.0787,-5.0,-0.00050,12.0787,-5.0,-0.00050,12.0800,-7.5,-0.00075,171.58
7,744440,1,0,28.88,1117.7,1113.2,1111.1,0.0,9.1025,420.0,0.42000,12.0775,265.0,0.26500,12.0787,1190.0,0.03606,5.0812,697.5,0.06975,12.0775,967.5,0.09675,12.0750,1217.5,0.12175,12.0787,290.0,0.02900,12.0787,-5.0,-0.00050,12.0800,-7.5,-0.00075,12.0775,-7.5,-0.00075,12.0787,-5.0,-0.00050,12.0787,-5.0,-0.00050,12.0787,-5.0,-0.00050,12.0800,-7.5,-0.00075,171.91
7,744777,1,0,28.60,999.8,1106.7,992.4,0.0,9.1025,420.0,0.42000,12.0775,265.0,0.26500,12.0787,1187.5,0.03598,5.0812,697.5,0.06975,12.0775,977.5,0.09775,12.0750,1222.5,0.12225,12.0787,285.0,0.02850,12.0787,-5.0,-0.00050,12.0800,-7.5,-0.00075,12.0775,-7.5,-0.00075,12.0787,-5.0,-0.00050,12.0787,-5.0,-0.00050,12.0787,-5.0,-0.00050,12.0800,-7.5,-0.00075,172.25
7,745113,1,0,28.32,1104.3,880.2,1126.5,0.0,9.1038,407.5,0.40750,12.0775,255.0,0.25500,12.0787,1192.5,0.03614,5.0812,697.5,0.06975,12.0787,942.5,0.09425,12.0763,1177.5,0.11775,12.0800,292.5,0.02925,12.0800,-5.0,-0.00050,12.0813,-7.5,-0.00075,12.0775,-7.5,-0.00075,12.0787,-5.0,-0.00050,12.0787,-5.0,-0.00050,12.0787,-5.0,-0.00050,12.0800,-7.5,-0.00075,172.60
7,745449,1,0,28.04,986.2,1122.9,994.6,0.0,9.1050,400.0,0.40000,12.0787,247.5,0.24750,12.0787,1190.0,0.03606,5.0812,697.5,0.06975,12.0787,905.0,0.09050,12.0763,1150.0,0.11500,12.0800,285.0,0.02850,12.0800,-5.0,-0.00050,12.0800,-7.5,-0.00075,12.0775,-7.5,-0.00075,12.0787,-5.0,-0.00050,12.0787,-5.0,-0.00050,12.0787,-5.0,-0.00050,12.0800,-7.5,-0.00075,172.95
7,745806,1,0,27.74,926.9,974.8,1111.6,0.0,9.1050,402.5,0.40250,12.0775,250.0,0.25000,12.0787,1190.0,0.03606,5.0812,697.5,0.06975,12.0787,907.5,0.09075,12.0763,1152.5,0.11525,12.0787,285.0,0.02850,12.0787,-5.0,-0.00050,12.0800,-7.5,-0.00075,12.0775,-7.5,-0.00075,12.0787,-5.0,-0.00050,12.0787,-5.0,-0.00050,12.0787,-5.0,-0.00050,12.0800,-7.5,-0.00075,173.28
7,746143,1,0,27.46,1079.1,984.1,1104.6,0.0,9.1050,402.5,0.40250,12.0775,250.0,0.25000,12.0787,1192.5,0.03614,5.0812,697.5,0.06975,12.0787,925.0,0.09250,12.0763,1165.0,0.11650,12.0800,275.0,0.02750,12.0800,-5.0,-0.00050,12.0800,-7.5,-0.00075,12.0775,-7.5,-0.00075,12.0787,-5.0,-0.00050,12.0787,-5.0,-0.00050,12.0787,-5.0,-0.00050,12.0800,-7.5,-0.00075,173.62
7,746479,1,0,27.18,857.3,1175.8,1065.6,0.0,9.1062,390.0,0.39000,12.0775,240.0,0.24000,12.0787,1190.0,0.03606,5.0812,697.5,0.06975,12.0787,880.0,0.08800,12.0763,1110.0,0.11100,12.0800,270.0,0.02700,12.0800,-5.0,-0.00050,12.0813,-7.5,-0.00075,12.0775,-7.5,-0.00075,12.0787,-5.0,-0.00050,12.0787,-5.0,-0.00050,12.0787,-5.0,-0.00050,12.0800,-7.5,-0.00075,173.95
7,746815,1,0,26.90,971.3,968.9,967.1,0.0,9.1075,380.0,0.38000,12.0775,232.5,0.23250,12.0787,1192.5,0.03614,5.0812,697.5,0.06975,12.0787,857.5,0.08575,12.0763,1077.5,0.10775,12.0800,262.5,0.02625,12.0800,-5.0,-0.00050,12.0800,-7.5,-0.00075,12.0775,-7.5,-0.00075,12.0787,-5.0,-0.00050,12.0787,-5.0,-0.00050,12.0787,-5.0,-0.00050,12.0800,-7.5,-0.00075,174.29
7,747151,1,0,26.62,1083.8,1200.1,839.9,0.0,9.1075,382.5,0.38250,12.0775,235.0,0.23500,12.0787,1187.5,0.03598,5.0812,697.5,0.06975,12.0787,867.5,0.08675,12.0763,1095.0,0.10950,12.0787,262.5,0.02625,12.0800,-5.0,-0.00050,12.0800,-7.5,-0.00075,12.0775,-7.5,-0.00075,12.0787,-5.0,-0.00050,12.0787,-5.0,-0.00050,12.0787,-5.0,-0.00050,12.0800,-7.5,-0.00075,174.62
7,747488,1,0,26.34,1075.5,1072.2,1190.3,0.0,9.1075,380.0,0.38000,12.0775,235.0,0.23500,12.0787,1190.0,0.03606,5.0812,697.5,0.06975,12.0787,875.0,0.08750,12.0763,1092.5,0.10925,12.0800,255.0,0.02550,12.0800,-5.0,-0.00050,12.0800,-7.5,-0.00075,12.0775,-7.5,-0.00075,12.0787,-5.0,-0.00050,12.0787,-5.0,-0.00050,12.0787,-5.0,-0.00050,12.0800,-7.5,-0.00075,174.98
7,747845,1,0,26.04,830.0,944.9,943.5,0.0,9.1087,367.5,0.36750,12.0787,225.0,0.22500,12.0800,1190.0,0.03606,5.0812,697.5,0.06975,12.0787,820.0,0.08200,12.0763,1042.5,0.10425,12.0800,260.0,0.02600,12.0800,-5.0,-0.00050,12.0813,-7.5,-0.00075,12.0775,-7.5,-0.00075,12.0787,-5.0,-0.00050,12.0787,-5.0,-0.00050,12.0787,-5.0,-0.00050,12.0800,-7.5,-0.00075,175.33
7,748181,1,0,25.76,879.1,938.3,935.7,0.0,9.1075,375.0,0.37500,12.0775,230.0,0.23000,12.0787,1190.0,0.03606,5.0812,697.5,0.06975,12.0787,870.0,0.08700,12.0763,1062.5,0.10625,12.0800,247.5,0.02475,12.0800,-5.0,-0.00050,12.0813,-7.5,-0.00075,12.0775,-7.5,-0.00075,12.0787,-5.0,-0.00050,12.0787,-5.0,-0.00050,12.0787,-5.0,-0.00050,12.0800,-7.5,-0.00075,175.65
7,748517,1,0,25.48,1200.0,1049.1,1045.1,0.0,9.1087,365.0,0.36500,12.0787,222.5,0.22250,12.0787,1187.5,0.03598,5.0812,697.5,0.06975,12.0787,812.5,0.08125,12.0763,1032.5,0.10325,12.0800,252.5,0.02525,12.0800,-5.0,-0.00050,12.0813,-7.5,-0.00075,12.0775,-7.5,-0.00075,12.0787,-5.0,-0.00050,12.0787,-5.0,-0.00050,12.0787,-5.0,-0.00050,12.0800,-7.5,-0.00075,176.00
7,748854,1,0,25.20,1044.4,944.3,922.4,0.0,9.1087,365.0,0.36500,12.0775,225.0,0.22500,12.0787,1187.5,0.03598,5.0812,697.5,0.06975,12.0787,825.0,0.08250,12.0763,1032.5,0.10325,12.0800,255.0,0.02550,12.0800,-5.0,-0.00050,12.0813,-7.5,-0.00075,12.0775,-7.5,-0.00075,12.0787,-5.0,-0.00050,12.0787,-5.0,-0.00050,12.0787,-5.0,-0.00050,12.0800,-7.5,-0.00075,176.33
7,749190,1,0,24.92,806.9,1148.8,962.9,0.0,9.1100,357.5,0.35750,12.0775,217.5,0.21750,12.0787,1190.0,0.03606,5.0812,697.5,0.06975,12.0787,810.0,0.08100,12.0763,1002.5,0.10025,12.0800,245.0,0.02450,12.0800,-5.0,-0.00050,12.0813,-7.5,-0.00075,12.0775,-7.5,-0.00075,12.0787,-5.0,-0.00050,12.0787,-5.0,-0.00050,12.0787,-5.0,-0.00050,12.0800,-7.5,-0.00075,176.66
7,749526,1,0,24.64,914.8,798.0,953.7,0.0,9.1100,357.5,0.35750,12.0775,220.0,0.22000,12.0787,1187.5,0.03598,5.0812,697.5,0.06975,12.0787,805.0,0.08050,12.0763,1007.5,0.10075,12.0800,247.5,0.02475,12.0800,-5.0,-0.00050,12.0813,-7.5,-0.00075,12.0775,-7.5,-0.00075,12.0775,-5.0,-0.00050,12.0787,-5.0,-0.00050,12.0787,-5.0,-0.00050,12.0800,-7.5,-0.00075,177.01
7,749883,1,0,24.34,906.7,904.4,919.9,0.0,9.1112,347.5,0.34750,12.0787,210.0,0.21000,12.0787,1185.0,0.03591,5.0812,697.5,0.06975,12.0787,772.5,0.07725,12.0763,970.0,0.09700,12.0800,245.0,0.02450,12.0800,-5.0,-0.00050,12.0813,-7.5,-0.00075,12.0775,-7.5,-0.00075,12.0787,-5.0,-0.00050,12.0787,-5.0,-0.00050,12.0787,-5.0,-0.00050,12.0800,-7.5,-0.00075,177.35
7,750220,1,0,24.06,786.3,784.3,912.9,0.0,9.1112,347.5,0.34750,12.0787,210.0,0.21000,12.0787,1190.0,0.03606,5.0812,697.5,0.06975,12.0787,772.5,0.07725,12.0763,972.5,0.09725,12.0800,245.0,0.02450,12.0800,-5.0,-0.00050,12.0813,-7.5,-0.00075,12.0775,-7.5,-0.00075,12.0787,-5.0,-0.00050,12.0787,-5.0,-0.00050,12.0787,-5.0,-0.00050,12.0800,-7.5,-0.00075,177.70
7,750556,1,0,23.78,910.1,889.3,998.6,0.0,9.1125,340.0,0.34000,12.0787,205.0,0.20500,12.0787,1192.5,0.03614,5.0812,697.5,0.06975,12.0787,760.0,0.07600,12.0763,940.0,0.09400,12.0800,232.5,0.02325,12.0800,-5.0,-0.00050,12.0813,-7.5,-0.00075,12.0775,-7.5,-0.00075,12.0787,-5.0,-0.00050,12.0787,-5.0,-0.00050,12.0787,-5.0,-0.00050,12.0800,-7.5,-0.00075,178.03
7,750892,1,0,23.50,773.8,991.9,989.4,0.0,9.1125,342.5,0.34250,12.0775,205.0,0.20500,12.0787,1185.0,0.03591,5.0812,697.5,0.06975,12.0787,765.0,0.07650,12.0763,952.5,0.09525,12.0800,227.5,0.02275,12.0800,-5.0,-0.00050,12.0813,-7.5,-0.00075,12.0775,-7.5,-0.00075,12.0787,-5.0,-0.00050,12.0787,-5.0,-0.00050,12.0787,-5.0,-0.00050,12.0800,-7.5,-0.00075,178.38
7,751228,1,0,23.22,768.2,765.4,939.5,0.0,9.1125,342.5,0.34250,12.0775,207.5,0.20750,12.0787,1190.0,0.03606,5.0812,697.5,0.06975,12.0787,770.0,0.07700,12.0763,955.0,0.09550,12.0800,225.0,0.02250,12.0800,-5.0,-0.00050,12.0813,-7.5,-0.00075,12.0775,-7.5,-0.00075,12.0787,-5.0,-0.00050,12.0787,-5.0,-0.00050,12.0787,-5.0,-0.00050,12.0800,-7.5,-0.00075,178.71
7,751565,1,0,22.94,889.5,935.8,757.6,0.0,9.1137,332.5,0.33250,12.0787,200.0,0.20000,12.0787,1190.0,0.03606,5.0812,697.5,0.06975,12.0787,737.5,0.07375,12.0763,922.5,0.09225,12.0800,230.0,0.02300,12.0800,-5.0,-0.00050,12.0813,-7.5,-0.00075,12.0775,-7.5,-0.00075,12.0787,-5.0,-0.00050,12.0787,-5.0,-0.00050,12.0787,-5.0,-0.00050,12.0800,-7.5,-0.00075,179.06
7,751922,1,0,22.64,1007.0,878.2,751.0,0.0,9.1137,325.0,0.32500,12.0775,195.0,0.19500,12.0787,1187.5,0.03598,5.0812,697.5,0.06975,12.0787,715.0,0.07150,12.0763,892.5,0.08925,12.0800,225.0,0.02250,12.0800,-5.0,-0.00050,12.0813,-7.5,-0.00075,12.0775,-7.5,-0.00075,12.0787,-5.0,-0.00050,12.0787,-5.0,-0.00050,12.0787,-5.0,-0.00050,12.0800,-7.5,-0.00075,179.40
7,752258,1,0,22.36,873.5,870.4,993.1,0.0,9.1137,327.5,0.32750,12.0775,197.5,0.19750,12.0787,1192.5,0.03614,5.0812,697.5,0.06975,12.0787,720.0,0.07200,12.0763,907.5,0.09075,12.0800,227.5,0.02275,12.0800,-5.0,-0.00050,12.0800,-7.5,-0.00075,12.0775,-7.5,-0.00075,12.0787,-5.0,-0.00050,12.0787,-5.0,-0.00050,12.0787,-5.0,-0.00050,12.0800,-7.5,-0.00075,179.74
7,752594,1,0,22.08,742.3,952.1,860.8,0.0,9.1137,325.0,0.32500,12.0787,192.5,0.19250,12.0787,1190.0,0.03606,5.0812,697.5,0.06975,12.0787,732.5,0.07325,12.0775,895.0,0.08950,12.0800,210.0,0.02100,12.0800,-5.0,-0.00050,12.0813,-7.5,-0.00075,12.0775,-7.5,-0.00075,12.0787,-5.0,-0.00050,12.0787,-5.0,-0.00050,12.0800,-5.0,-0.00050,12.0800,-7.5,-0.00075,180.07
7,752931,1,0,21.80,1105.7,978.4,732.1,0.0,9.1163,312.5,0.31250,12.0787,185.0,0.18500,12.0787,1190.0,0.03606,5.0812,697.5,0.06975,12.0787,680.0,0.06800,12.0763,845.0,0.08450,12.0800,212.5,0.02125,12.0800,-5.0,-0.00050,12.0813,-7.5,-0.00075,12.0775,-7.5,-0.00075,12.0787,-5.0,-0.00050,12.0787,-5.0,-0.00050,12.0787,-5.0,-0.00050,12.0800,-7.5,-0.00075,180.41
7,753267,1,0,21.52,852.3,848.2,830.4,0.0,9.1150,312.5,0.31250,12.0787,185.0,0.18500,12.0787,1187.5,0.03598,5.0812,697.5,0.06975,12.0787,690.0,0.06900,12.0763,852.5,0.08525,12.0800,210.0,0.02100,12.0800,-5.0,-0.00050,12.0813,-7.5,-0.00075,12.0775,-7.5,-0.00075,12.0787,-5.0,-0.00050,12.0787,-5.0,-0.00050,12.0787,-5.0,-0.00050,12.0800,-7.5,-0.00075,180.75
7,753603,1,0,21.24,845.1,841.3,719.7,0.0,9.1163,307.5,0.30750,12.0787,182.5,0.18250,12.0787,1190.0,0.03606,5.0812,697.5,0.06975,12.0787,677.5,0.06775,12.0763,842.5,0.08425,12.0800,205.0,0.02050,12.0800,-5.0,-0.00050,12.0813,-7.5,-0.00075,12.0775,-7.5,-0.00075,12.0787,-5.0,-0.00050,12.0787,-5.0,-0.00050,12.0787,-5.0,-0.00050,12.0800,-7.5,-0.00075,181.09
7,753960,1,0,20.94,717.7,952.4,713.0,0.0,9.1163,310.0,0.31000,12.0775,182.5,0.18250,12.0787,1190.0,0.03606,5.0812,697.5,0.06975,12.0787,685.0,0.06850,12.0763,852.5,0.08525,12.0800,200.0,0.02000,12.0800,-5.0,-0.00050,12.0813,-7.5,-0.00075,12.0775,-7.5,-0.00075,12.0787,-5.0,-0.00050,12.0787,-5.0,-0.00050,12.0787,-5.0,-0.00050,12.0800,-7.5,-0.00075,181.44
7,754297,1,0,20.66,766.2,825.8,1085.3,0.0,9.1175,300.0,0.30000,12.0775,175.0,0.17500,12.0787,1187.5,0.03598,5.0812,697.5,0.06975,12.0787,650.0,0.06500,12.0763,812.5,0.08125,12.0800,200.0,0.02000,12.0800,-5.0,-0.00050,12.0813,-7.5,-0.00075,12.0775,-7.5,-0.00075,12.0787,-5.0,-0.00050,12.0787,-5.0,-0.00050,12.0787,-5.0,-0.00050,12.0800,-7.5,-0.00075,181.78
7,754633,1,0,20.38,704.8,864.0,816.8,0.0,9.1163,307.5,0.30750,12.0775,182.5,0.18250,12.0787,1190.0,0.03606,5.0812,697.5,0.06975,12.0787,670.0,0.06700,12.0763,845.0,0.08450,12.0800,200.0,0.02000,12.0800,-5.0,-0.00050,12.0813,-7.5,-0.00075,12.0775,-7.5,-0.00075,12.0787,-5.0,-0.00050,12.0787,-5.0,-0.00050,12.0787,-5.0,-0.00050,12.0800,-7.5,-0.00075,182.11
7,754969,1,0,20.10,931.1,1114.9,925.6,0.0,9.1175,297.5,0.29750,12.0787,172.5,0.17250,12.0787,1190.0,0.03606,5.0812,697.5,0.06975,12.0787,640.0,0.06400,12.0775,812.5,0.08125,12.0800,195.0,0.01950,12.0800,-5.0,-0.00050,12.0813,-7.5,-0.00075,12.0775,-7.5,-0.00075,12.0787,-5.0,-0.00050,12.0787,-5.0,-0.00050,12.0787,-5.0,-0.00050,12.0800,-7.5,-0.00075,182.44
7,755305,1,0,19.82,1007.3,805.8,687.8,0.0,9.1175,300.0,0.30000,12.0775,175.0,0.17500,12.0787,1190.0,0.03606,5.0812,697.5,0.06975,12.0787,647.5,0.06475,12.0763,810.0,0.08100,12.0800,200.0,0.02000,12.0800,-5.0,-0.00050,12.0813,-7.5,-0.00075,12.0775,-7.5,-0.00075,12.0787,-5.0,-0.00050,12.0787,-5.0,-0.00050,12.0787,-5.0,-0.00050,12.0800,-7.5,-0.00075,182.79
7,755642,1,0,19.54,800.8,912.3,797.0,0.0,9.1187,292.5,0.29250,12.0787,170.0,0.17000,12.0787,1192.5,0.03614,5.0812,697.5,0.06975,12.0787,635.0,0.06350,12.0763,797.5,0.07975,12.0800,185.0,0.01850,12.0800,-5.0,-0.00050,12.0813,-7.5,-0.00075,12.0775,-7.5,-0.00075,12.0787,-5.0,-0.00050,12.0787,-5.0,-0.00050,12.0787,-5.0,-0.00050,12.0800,-7.5,-0.00075,183.13
7,755999,1,0,19.25,679.9,678.2,810.0,0.0,9.1175,295.0,0.29500,12.0775,172.5,0.17250,12.0787,1187.5,0.03598,5.0812,697.5,0.06975,12.0787,647.5,0.06475,12.0763,805.0,0.08050,12.0800,187.5,0.01875,12.0800,-5.0,-0.00050,12.0800,-7.5,-0.00075,12.0775,-7.5,-0.00075,12.0787,-5.0,-0.00050,12.0787,-5.0,-0.00050,12.0787,-5.0,-0.00050,12.0800,-7.5,-0.00075,183.48
7,756335,1,0,18.97,786.2,671.7,892.3,0.0,9.1187,285.0,0.28500,12.0787,165.0,0.16500,12.0787,1190.0,0.03606,5.0812,697.5,0.06975,12.0787,612.5,0.06125,12.0775,762.5,0.07625,12.0800,185.0,0.01850,12.0800,-5.0,-0.00050,12.0813,-7.5,-0.00075,12.0775,-7.5,-0.00075,12.0787,-5.0,-0.00050,12.0787,-5.0,-0.00050,12.0787,-5.0,-0.00050,12.0800,-7.5,-0.00075,183.81
7,756671,1,0,18.69,933.7,887.3,664.2,0.0,9.1187,285.0,0.28500,12.0775,165.0,0.16500,12.0787,1190.0,0.03606,5.0812,697.5,0.06975,12.0787,610.0,0.06100,12.0763,767.5,0.07675,12.0800,185.0,0.01850,12.0800,-5.0,-0.00050,12.0813,-7.5,-0.00075,12.0775,-7.5,-0.00075,12.0787,-5.0,-0.00050,12.0787,-5.0,-0.00050,12.0787,-5.0,-0.00050,12.0800,-7.5,-0.00075,184.14
7,757008,1,0,18.40,770.9,790.8,655.8,0.0,9.1200,277.5,0.27750,12.0787,160.0,0.16000,12.0787,1185.0,0.03591,5.0812,697.5,0.06975,12.0787,597.5,0.05975,12.0775,747.5,0.07475,12.0800,177.5,0.01775,12.0800,-5.0,-0.00050,12.0813,-7.5,-0.00075,12.0775,-7.5,-0.00075,12.0787,-5.0,-0.00050,12.0787,-5.0,-0.00050,12.0800,-5.0,-0.00050,12.0800,-7.5,-0.00075,184.48
7,757344,1,0,18.12,916.8,652.2,649.7,0.0,9.1200,275.0,0.27500,12.0787,160.0,0.16000,12.0787,1187.5,0.03598,5.0812,697.5,0.06975,12.0787,587.5,0.05875,12.0775,737.5,0.07375,12.0800,185.0,0.01850,12.0800,-5.0,-0.00050,12.0813,-7.5,-0.00075,12.0775,-7.5,-0.00075,12.0787,-5.0,-0.00050,12.0787,-5.0,-0.00050,12.0800,-5.0,-0.00050,12.0800,-7.5,-0.00075,184.82
7,757680,1,0,17.84,825.3,861.2,643.8,0.0,9.1187,282.5,0.28250,12.0787,162.5,0.16250,12.0787,1190.0,0.03606,5.0812,697.5,0.06975,12.0800,605.0,0.06050,12.0775,762.5,0.07625,12.0800,180.0,0.01800,12.0800,-5.0,-0.00050,12.0813,-7.5,-0.00075,12.0775,-7.5,-0.00075,12.0787,-5.0,-0.00050,12.0787,-5.0,-0.00050,12.0800,-5.0,-0.00050,12.0800,-7.5,-0.00075,185.17
7,758037,1,0,17.55,641.9,640.8,636.6,0.0,9.1200,275.0,0.27500,12.0775,157.5,0.15750,12.0787,1190.0,0.03606,5.0812,697.5,0.06975,12.0800,580.0,0.05800,12.0775,737.5,0.07375,12.0800,180.0,0.01800,12.0800,-5.0,-0.00050,12.0813,-7.5,-0.00075,12.0775,-7.5,-0.00075,12.0787,-5.0,-0.00050,12.0787,-5.0,-0.00050,12.0787,-5.0,-0.00050,12.0800,-7.5,-0.00075,185.51
7,758374,1,0,17.27,636.4,845.6,736.5,0.0,9.1200,275.0,0.27500,12.0775,157.5,0.15750,12.0787,1187.5,0.03598,5.0812,697.5,0.06975,12.0787,585.0,0.05850,12.0775,730.0,0.07300,12.0800,180.0,0.01800,12.0800,-5.0,-0.00050,12.0813,-7.5,-0.00075,12.0775,-7.5,-0.00075,12.0787,-5.0,-0.00050,12.0787,-5.0,-0.00050,12.0787,-5.0,-0.00050,12.0800,-7.5,-0.00075,185.85
7,758710,1,0,16.99,755.7,837.8,751.7,0.0,9.1213,270.0,0.27000,12.0787,152.5,0.15250,12.0800,1187.5,0.03598,5.0812,697.5,0.06975,12.0800,575.0,0.05750,12.0775,712.5,0.07125,12.0800,172.5,0.01725,12.0800,-5.0,-0.00050,12.0813,-7.5,-0.00075,12.0775,-7.5,-0.00075,12.0787,-5.0,-0.00050,12.0787,-5.0,-0.00050,12.0800,-5.0,-0.00050,12.0813,-7.5,-0.00075,186.18
7,759046,1,0,16.71,623.6,726.3,619.3,0.0,9.1213,267.5,0.26750,12.0787,152.5,0.15250,12.0787,1185.0,0.03591,5.0812,697.5,0.06975,12.0800,570.0,0.05700,12.0775,705.0,0.07050,12.0800,167.5,0.01675,12.0800,-5.0,-0.00050,12.0813,-7.5,-0.00075,12.0775,-7.5,-0.00075,12.0787,-5.0,-0.00050,12.0787,-5.0,-0.00050,12.0800,-5.0,-0.00050,12.0800,-7.5,-0.00075,186.52
7,759382,1,0,16.43,616.7,617.2,856.6,0.0,9.1213,260.0,0.26000,12.0787,147.5,0.14750,12.0787,1190.0,0.03606,5.0812,697.5,0.06975,12.0800,555.0,0.05550,12.0775,680.0,0.06800,12.0800,167.5,0.01675,12.0800,-5.0,-0.00050,12.0813,-7.5,-0.00075,12.0775,-7.5,-0.00075,12.0787,-5.0,-0.00050,12.0787,-5.0,-0.00050,12.0800,-5.0,-0.00050,12.0800,-7.5,-0.00075,186.86
7,759719,1,0,16.14,732.5,975.8,730.2,0.0,9.1213,262.5,0.26250,12.0787,150.0,0.15000,12.0787,1187.5,0.03598,5.0812,697.5,0.06975,12.0800,555.0,0.05550,12.0775,695.0,0.06950,12.0800,175.0,0.01750,12.0800,-5.0,-0.00050,12.0813,-7.5,-0.00075,12.0775,-7.5,-0.00075,12.0787,-5.0,-0.00050,12.0787,-5.0,-0.00050,12.0800,-5.0,-0.00050,12.0800,-7.5,-0.00075,187.20
7,760076,1,0,15.85,845.0,722.7,601.1,0.0,9.1225,257.5,0.25750,12.0787,145.0,0.14500,12.0787,1190.0,0.03606,5.0812,697.5,0.06975,12.0800,540.0,0.05400,12.0775,675.0,0.06750,12.0800,162.5,0.01625,12.0800,-5.0,-0.00050,12.0813,-7.5,-0.00075,12.0775,-7.5,-0.00075,12.0787,-5.0,-0.00050,12.0787,-5.0,-0.00050,12.0800,-5.0,-0.00050,12.0800,-7.5,-0.00075,187.55
7,760412,1,0,15.57,652.5,596.2,714.2,0.0,9.1225,257.5,0.25750,12.0787,145.0,0.14500,12.0787,1190.0,0.03606,5.0812,697.5,0.06975,12.0787,545.0,0.05450,12.0775,675.0,0.06750,12.0800,160.0,0.01600,12.0800,-5.0,-0.00050,12.0813,-7.5,-0.00075,12.0775,-7.5,-0.00075,12.0787,-5.0,-0.00050,12.0787,-5.0,-0.00050,12.0787,-5.0,-0.00050,12.0800,-7.5,-0.00075,187.89
7,760748,1,0,15.29,739.5,589.8,853.7,0.0,9.1225,250.0,0.25000,12.0787,140.0,0.14000,12.0787,1190.0,0.03606,5.0812,697.5,0.06975,12.0800,520.0,0.05200,12.0775,655.0,0.06550,12.0800,160.0,0.01600,12.0800,-5.0,-0.00050,12.0813,-7.5,-0.00075,12.0775,-7.5,-0.00075,12.0787,-5.0,-0.00050,12.0787,-5.0,-0.00050,12.0800,-5.0,-0.00050,12.0813,-7.5,-0.00075,188.22
7,761085,1,0,15.01,744.7,906.8,581.3,0.0,9.1225,257.5,0.25750,12.0775,145.0,0.14500,12.0787,1190.0,0.03606,5.0812,697.5,0.06975,12.0787,540.0,0.05400,12.0763,685.0,0.06850,12.0800,162.5,0.01625,12.0800,-5.0,-0.00050,12.0813,-7.5,-0.00075,12.0775,-7.5,-0.00075,12.0787,-5.0,-0.00050,12.0787,-5.0,-0.00050,12.0787,-5.0,-0.00050,12.0800,-7.5,-0.00075,188.56
7,761421,1,0,14.73,632.1,577.6,691.3,0.0,9.1237,250.0,0.25000,12.0787,140.0,0.14000,12.0787,1187.5,0.03598,5.0812,697.5,0.06975,12.0800,515.0,0.05150,12.0775,657.5,0.06575,12.0800,157.5,0.01575,12.0800,-5.0,-0.00050,12.0813,-7.5,-0.00075,12.0775,-7.5,-0.00075,12.0787,-5.0,-0.00050,12.0787,-5.0,-0.00050,12.0800,-5.0,-0.00050,12.0800,-7.5,-0.00075,188.89
7,761757,1,0,14.45,573.3,1028.8,570.5,0.0,9.1237,250.0,0.25000,12.0787,140.0,0.14000,12.0787,1190.0,0.03606,5.0812,697.5,0.06975,12.0800,517.5,0.05175,12.0775,657.5,0.06575,12.0800,155.0,0.01550,12.0800,-5.0,-0.00050,12.0813,-7.5,-0.00075,12.0775,-7.5,-0.00075,12.0787,-5.0,-0.00050,12.0787,-5.0,-0.00050,12.0787,-5.0,-0.00050,12.0800,-7.5,-0.00075,189.24
7,762114,1,0,14.15,679.7,565.7,562.0,0.0,9.1237,245.0,0.24500,12.0787,137.5,0.13750,12.0787,1185.0,0.03591,5.0812,697.5,0.06975,12.0800,515.0,0.05150,12.0775,627.5,0.06275,12.0800,157.5,0.01575,12.0800,-5.0,-0.00050,12.0813,-7.5,-0.00075,12.0775,-7.5,-0.00075,12.0787,-5.0,-0.00050,12.0787,-5.0,-0.00050,12.0800,-5.0,-0.00050,12.0800,-7.5,-0.00075,189.59
7,762451,1,0,13.87,699.9,558.8,556.1,0.0,9.1237,242.5,0.24250,12.0787,135.0,0.13500,12.0787,1185.0,0.03591,5.0812,697.5,0.06975,12.0800,497.5,0.04975,12.0775,627.5,0.06275,12.0800,150.0,0.01500,12.0800,-5.0,-0.00050,12.0813,-7.5,-0.00075,12.0775,-7.5,-0.00075,12.0787,-5.0,-0.00050,12.0787,-5.0,-0.00050,12.0787,-5.0,-0.00050,12.0800,-7.5,-0.00075,189.93
7,762787,1,0,13.59,553.2,690.1,687.6,0.0,9.1250,237.5,0.23750,12.0787,130.0,0.13000,12.0787,1187.5,0.03598,5.0812,697.5,0.06975,12.0800,490.0,0.04900,12.0775,607.5,0.06075,12.0800,152.5,0.01525,12.0800,-5.0,-0.00050,12.0813,-7.5,-0.00075,12.0775,-7.5,-0.00075,12.0787,-5.0,-0.00050,12.0787,-5.0,-0.00050,12.0800,-5.0,-0.00050,12.0800,-7.5,-0.00075,190.26
7,763123,1,0,13.31,546.5,544.8,952.3,0.0,9.1250,240.0,0.24000,12.0787,132.5,0.13250,12.0787,1190.0,0.03606,5.0812,697.5,0.06975,12.0800,495.0,0.04950,12.0775,620.0,0.06200,12.0800,150.0,0.01500,12.0800,-5.0,-0.00050,12.0813,-7.5,-0.00075,12.0775,-7.5,-0.00075,12.0787,-5.0,-0.00050,12.0787,-5.0,-0.00050,12.0800,-5.0,-0.00050,12.0800,-7.5,-0.00075,190.60
7,763459,1,0,13.03,676.3,647.2,672.5,0.0,9.1250,240.0,0.24000,12.0775,132.5,0.13250,12.0787,1187.5,0.03598,5.0812,695.0,0.06950,12.0787,500.0,0.05000,12.0775,612.5,0.06125,12.0800,142.5,0.01425,12.0800,-5.0,-0.00050,12.0813,-7.5,-0.00075,12.0775,-7.5,-0.00075,12.0787,-5.0,-0.00050,12.0787,-5.0,-0.00050,12.0787,-5.0,-0.00050,12.0800,-7.5,-0.00075,190.93
7,763796,1,0,12.75,535.6,640.4,796.9,0.0,9.1250,235.0,0.23500,12.0787,127.5,0.12750,12.0787,1187.5,0.03598,5.0812,697.5,0.06975,12.0800,477.5,0.04775,12.0775,587.5,0.05875,12.0800,145.0,0.01450,12.0800,-5.0,-0.00050,12.0813,-7.5,-0.00075,12.0787,-7.5,-0.00075,12.0787,-5.0,-0.00050,12.0787,-5.0,-0.00050,12.0800,-5.0,-0.00050,12.0800,-7.5,-0.00075,191.28
7,764153,1,0,12.45,527.2,920.8,786.9,0.0,9.1263,230.0,0.23000,12.0787,125.0,0.12500,12.0787,1187.5,0.03598,5.0812,697.5,0.06975,12.0800,465.0,0.04650,12.0775,587.5,0.05875,12.0800,140.0,0.01400,12.0800,-5.0,-0.00050,12.0813,-7.5,-0.00075,12.0775,-7.5,-0.00075,12.0787,-5.0,-0.00050,12.0787,-5.0,-0.00050,12.0800,-5.0,-0.00050,12.0800,-7.5,-0.00075,191.63
7,764489,1,0,12.17,625.5,808.4,518.6,0.0,9.1250,230.0,0.23000,12.0787,125.0,0.12500,12.0787,1185.0,0.03591,5.0812,697.5,0.06975,12.0800,472.5,0.04725,12.0775,585.0,0.05850,12.0800,147.5,0.01475,12.0800,-5.0,-0.00050,12.0813,-7.5,-0.00075,12.0775,-7.5,-0.00075,12.0787,-5.0,-0.00050,12.0787,-5.0,-0.00050,12.0787,-5.0,-0.00050,12.0800,-7.5,-0.00075,191.96
7,764825,1,0,11.89,515.4,642.7,513.1,0.0,9.1250,232.5,0.23250,12.0787,127.5,0.12750,12.0787,1185.0,0.03591,5.0812,697.5,0.06975,12.0800,480.0,0.04800,12.0775,590.0,0.05900,12.0800,145.0,0.01450,12.0800,-5.0,-0.00050,12.0813,-7.5,-0.00075,12.0775,-7.5,-0.00075,12.0787,-5.0,-0.00050,12.0787,-5.0,-0.00050,12.0787,-5.0,-0.00050,12.0800,-7.5,-0.00075,192.30
7,765162,1,0,11.61,509.6,635.5,563.6,0.0,9.1263,230.0,0.23000,12.0787,125.0,0.12500,12.0787,1187.5,0.03598,5.0812,697.5,0.06975,12.0800,467.5,0.04675,12.0775,587.5,0.05875,12.0800,137.5,0.01375,12.0800,-5.0,-0.00050,12.0813,-7.5,-0.00075,12.0775,-7.5,-0.00075,12.0787,-5.0,-0.00050,12.0787,-5.0,-0.00050,12.0800,-5.0,-0.00050,12.0800,-7.5,-0.00075,192.63
7,765498,1,0,11.33,503.7,502.4,626.7,0.0,9.1263,227.5,0.22750,12.0787,122.5,0.12250,12.0787,1190.0,0.03606,5.0812,695.0,0.06950,12.0800,467.5,0.04675,12.0775,577.5,0.05775,12.0800,132.5,0.01325,12.0800,-5.0,-0.00050,12.0813,-7.5,-0.00075,12.0775,-7.5,-0.00075,12.0787,-5.0,-0.00050,12.0787,-5.0,-0.00050,12.0800,-5.0,-0.00050,12.0800,-7.5,-0.00075,192.97
7,765834,1,0,11.05,499.1,496.5,494.0,0.0,9.1263,222.5,0.22250,12.0787,120.0,0.12000,12.0787,1187.5,0.03598,5.0812,697.5,0.06975,12.0800,447.5,0.04475,12.0775,560.0,0.05600,12.0813,132.5,0.01325,12.0800,-5.0,-0.00050,12.0813,-7.5,-0.00075,12.0775,-7.5,-0.00075,12.0787,-5.0,-0.00050,12.0787,-5.0,-0.00050,12.0800,-5.0,-0.00050,12.0800,-7.5,-0.00075,193.32
7,766191,1,0,10.75,491.6,653.4,487.7,0.0,9.1263,225.0,0.22500,12.0787,120.0,0.12000,12.0787,1185.0,0.03591,5.0812,695.0,0.06950,12.0800,450.0,0.04500,12.0775,565.0,0.05650,12.0800,135.0,0.01350,12.0800,-5.0,-0.00050,12.0813,-7.5,-0.00075,12.0775,-7.5,-0.00075,12.0787,-5.0,-0.00050,12.0787,-5.0,-0.00050,12.0800,-5.0,-0.00050,12.0800,-7.5,-0.00075,193.66
7,766528,1,0,10.47,484.7,483.7,843.9,0.0,9.1275,220.0,0.22000,12.0787,117.5,0.11750,12.0787,1187.5,0.03598,5.0812,697.5,0.06975,12.0800,440.0,0.04400,12.0775,547.5,0.05475,12.0800,130.0,0.01300,12.0800,-5.0,-0.00050,12.0813,-7.5,-0.00075,12.0775,-7.5,-0.00075,12.0787,-5.0,-0.00050,12.0787,-5.0,-0.00050,12.0800,-5.0,-0.00050,12.0800,-7.5,-0.00075,194.00
7,766864,1,0,10.19,479.0,836.4,636.0,0.0,9.1263,222.5,0.22250,12.0775,120.0,0.12000,12.0787,1187.5,0.03598,5.0812,695.0,0.06950,12.0800,445.0,0.04450,12.0775,555.0,0.05550,12.0800,127.5,0.01275,12.0800,-5.0,-0.00050,12.0813,-7.5,-0.00075,12.0775,-7.5,-0.00075,12.0787,-5.0,-0.00050,12.0787,-5.0,-0.00050,12.0787,-5.0,-0.00050,12.0800,-7.5,-0.00075,194.34
7,767200,1,0,9.91,631.3,628.5,469.9,0.0,9.1275,215.0,0.21500,12.0787,112.5,0.11250,12.0787,1185.0,0.03591,5.0812,695.0,0.06950,12.0800,432.5,0.04325,12.0775,535.0,0.05350,12.0800,127.5,0.01275,12.0800,-5.0,-0.00050,12.0813,-7.5,-0.00075,12.0775,-7.5,-0.00075,12.0787,-5.0,-0.00050,12.0787,-5.0,-0.00050,12.0800,-5.0,-0.00050,12.0813,-7.5,-0.00075,194.67
7,767536,1,0,9.63,466.0,464.9,463.8,0.0,9.1275,215.0,0.21500,12.0775,115.0,0.11500,12.0787,1190.0,0.03606,5.0812,695.0,0.06950,12.0800,422.5,0.04225,12.0775,532.5,0.05325,12.0800,125.0,0.01250,12.0800,-5.0,-0.00050,12.0813,-7.5,-0.00075,12.0775,-7.5,-0.00075,12.0787,-5.0,-0.00050,12.0787,-5.0,-0.00050,12.0787,-5.0,-0.00050,12.0800,-7.5,-0.00075,195.01
7,767873,1,0,9.35,459.7,572.7,458.9,0.0,9.1275,212.5,0.21250,12.0775,112.5,0.11250,12.0787,1185.0,0.03591,5.0812,695.0,0.06950,12.0800,425.0,0.04250,12.0775,532.5,0.05325,12.0800,127.5,0.01275,12.0800,-5.0,-0.00050,12.0813,-7.5,-0.00075,12.0775,-7.5,-0.00075,12.0787,-5.0,-0.00050,12.0787,-5.0,-0.00050,12.0787,-5.0,-0.00050,12.0800,-7.5,-0.00075,195.36
7,768230,1,0,9.05,453.0,752.0,450.7,0.0,9.1275,212.5,0.21250,12.0775,115.0,0.11500,12.0787,1190.0,0.03606,5.0812,697.5,0.06975,12.0800,425.0,0.04250,12.0775,532.5,0.05325,12.0800,125.0,0.01250,12.0800,-5.0,-0.00050,12.0813,-7.5,-0.00075,12.0775,-7.5,-0.00075,12.0787,-5.0,-0.00050,12.0787,-5.0,-0.00050,12.0787,-5.0,-0.00050,12.0800,-7.5,-0.00075,195.71
7,768566,1,0,8.77,447.1,636.7,447.6,0.0,9.1275,212.5,0.21250,12.0787,112.5,0.11250,12.0787,1190.0,0.03606,5.0812,697.5,0.06975,12.0800,432.5,0.04325,12.0775,527.5,0.05275,12.0813,120.0,0.01200,12.0800,-5.0,-0.00050,12.0813,-7.5,-0.00075,12.0775,-7.5,-0.00075,12.0787,-5.0,-0.00050,12.0787,-5.0,-0.00050,12.0800,-5.0,-0.00050,12.0800,-7.5,-0.00075,196.05
7,768902,1,0,8.49,505.2,439.7,584.8,0.0,9.1287,205.0,0.20500,12.0775,110.0,0.11000,12.0787,1190.0,0.03606,5.0812,695.0,0.06950,12.0800,407.5,0.04075,12.0775,510.0,0.05100,12.0800,117.5,0.01175,12.0800,-5.0,-0.00050,12.0813,-7.5,-0.00075,12.0775,-7.5,-0.00075,12.0787,-5.0,-0.00050,12.0787,-5.0,-0.00050,12.0787,-5.0,-0.00050,12.0800,-7.5,-0.00075,196.37
7,769239,1,0,8.21,496.5,433.4,434.8,0.0,9.1287,205.0,0.20500,12.0787,105.0,0.10500,12.0787,1185.0,0.03591,5.0812,695.0,0.06950,12.0800,395.0,0.03950,12.0775,500.0,0.05000,12.0813,115.0,0.01150,12.0800,-5.0,-0.00050,12.0813,-7.5,-0.00075,12.0775,-7.5,-0.00075,12.0787,-5.0,-0.00050,12.0787,-5.0,-0.00050,12.0800,-5.0,-0.00050,12.0800,-7.5,-0.00075,196.71
7,769575,1,0,7.93,428.4,427.1,534.6,0.0,9.1287,210.0,0.21000,12.0787,110.0,0.11000,12.0787,1187.5,0.03598,5.0812,695.0,0.06950,12.0800,417.5,0.04175,12.0775,522.5,0.05225,12.0800,120.0,0.01200,12.0800,-5.0,-0.00050,12.0813,-7.5,-0.00075,12.0775,-7.5,-0.00075,12.0787,-5.0,-0.00050,12.0787,-5.0,-0.00050,12.0800,-5.0,-0.00050,12.0800,-7.5,-0.00075,197.05
7,769911,1,0,7.65,424.5,482.9,707.6,0.0,9.1275,217.5,0.21750,12.0775,117.5,0.11750,12.0787,1185.0,0.03591,5.0812,697.5,0.06975,12.0800,435.0,0.04350,12.0775,545.0,0.05450,12.0800,122.5,0.01225,12.0800,-5.0,-0.00050,12.0813,-7.5,-0.00075,12.0775,-7.5,-0.00075,12.0787,-5.0,-0.00050,12.0787,-5.0,-0.00050,12.0787,-5.0,-0.00050,12.0800,-7.5,-0.00075,197.39
7,770268,1,0,7.35,560.7,559.8,419.4,0.0,9.1263,225.0,0.22500,12.0775,120.0,0.12000,12.0787,1187.5,0.03598,5.0812,697.5,0.06975,12.0800,452.5,0.04525,12.0775,560.0,0.05600,12.0800,127.5,0.01275,12.0800,-5.0,-0.00050,12.0813,-7.5,-0.00075,12.0775,-7.5,-0.00075,12.0787,-5.0,-0.00050,12.0787,-5.0,-0.00050,12.0787,-5.0,-0.00050,12.0800,-7.5,-0.00075,197.74
7,770605,1,0,7.07,478.4,417.4,523.1,0.0,9.1263,225.0,0.22500,12.0787,122.5,0.12250,12.0787,1190.0,0.03606,5.0812,695.0,0.06950,12.0800,462.5,0.04625,12.0775,577.5,0.05775,12.0800,130.0,0.01300,12.0800,-5.0,-0.00050,12.0813,-7.5,-0.00075,12.0775,-7.5,-0.00075,12.0787,-5.0,-0.00050,12.0787,-5.0,-0.00050,12.0800,-5.0,-0.00050,12.0800,-7.5,-0.00075,198.08
7,770941,1,0,6.79,556.5,555.7,559.1,0.0,9.1263,232.5,0.23250,12.0787,125.0,0.12500,12.0787,1187.5,0.03598,5.0812,697.5,0.06975,12.0800,477.5,0.04775,12.0763,592.5,0.05925,12.0800,135.0,0.01350,12.0800,-5.0,-0.00050,12.0800,-7.5,-0.00075,12.0775,-7.5,-0.00075,12.0787,-5.0,-0.00050,12.0787,-5.0,-0.00050,12.0800,-5.0,-0.00050,12.0800,-7.5,-0.00075,198.41
7,771277,1,0,6.51,417.2,416.8,416.6,0.0,9.1250,232.5,0.23250,12.0775,127.5,0.12750,12.0787,1185.0,0.03591,5.0812,695.0,0.06950,12.0800,477.5,0.04775,12.0775,582.5,0.05825,12.0813,130.0,0.01300,12.0800,-5.0,-0.00050,12.0813,-7.5,-0.00075,12.0775,-7.5,-0.00075,12.0787,-5.0,-0.00050,12.0787,-5.0,-0.00050,12.0800,-5.0,-0.00050,12.0800,-7.5,-0.00075,198.75
7,771613,1,0,6.23,417.8,476.4,417.5,0.0,9.1250,230.0,0.23000,12.0787,127.5,0.12750,12.0787,1187.5,0.03598,5.0812,695.0,0.06950,12.0800,485.0,0.04850,12.0775,597.5,0.05975,12.0800,135.0,0.01350,12.0800,-5.0,-0.00050,12.0813,-7.5,-0.00075,12.0775,-7.5,-0.00075,12.0787,-5.0,-0.00050,12.0787,-5.0,-0.00050,12.0800,-5.0,-0.00050,12.0800,-7.5,-0.00075,199.09
7,771950,1,0,5.95,477.5,556.8,418.6,0.0,9.1250,235.0,0.23500,12.0787,127.5,0.12750,12.0787,1187.5,0.03598,5.0812,695.0,0.06950,12.0800,485.0,0.04850,12.0775,602.5,0.06025,12.0800,137.5,0.01375,12.0800,-5.0,-0.00050,12.0813,-7.5,-0.00075,12.0775,-7.5,-0.00075,12.0787,-5.0,-0.00050,12.0787,-5.0,-0.00050,12.0800,-5.0,-0.00050,12.0800,-7.5,-0.00075,199.45
7,772307,1,0,5.66,419.3,417.8,417.0,0.0,9.1250,235.0,0.23500,12.0775,127.5,0.12750,12.0787,1185.0,0.03591,5.0812,695.0,0.06950,12.0787,485.0,0.04850,12.0763,605.0,0.06050,12.0800,137.5,0.01375,12.0800,-5.0,-0.00050,12.0800,-7.5,-0.00075,12.0775,-7.5,-0.00075,12.0787,-5.0,-0.00050,12.0787,-5.0,-0.00050,12.0787,-5.0,-0.00050,12.0800,-7.5,-0.00075,199.79
7,772643,1,0,5.38,629.1,557.1,419.5,0.0,9.1250,235.0,0.23500,12.0775,127.5,0.12750,12.0787,1185.0,0.03591,5.0812,695.0,0.06950,12.0800,482.5,0.04825,12.0775,592.5,0.05925,12.0800,132.5,0.01325,12.0800,-5.0,-0.00050,12.0813,-7.5,-0.00075,12.0775,-7.5,-0.00075,12.0787,-5.0,-0.00050,12.0787,-5.0,-0.00050,12.0787,-5.0,-0.00050,12.0800,-7.5,-0.00075,200.11
7,772979,1,0,5.10,419.7,558.3,523.2,0.0,9.1250,232.5,0.23250,12.0787,127.5,0.12750,12.0787,1187.5,0.03598,5.0812,695.0,0.06950,12.0787,482.5,0.04825,12.0775,602.5,0.06025,12.0800,137.5,0.01375,12.0800,-5.0,-0.00050,12.0813,-7.5,-0.00075,12.0775,-7.5,-0.00075,12.0787,-5.0,-0.00050,12.0787,-5.0,-0.00050,12.0787,-5.0,-0.00050,12.0800,-7.5,-0.00075,200.46
7,773316,1,0,4.81,561.4,597.7,418.0,0.0,9.1250,235.0,0.23500,12.0775,130.0,0.13000,12.0787,1187.5,0.03598,5.0812,695.0,0.06950,12.0800,480.0,0.04800,12.0775,607.5,0.06075,12.0800,135.0,0.01350,12.0800,-5.0,-0.00050,12.0813,-7.5,-0.00075,12.0775,-7.5,-0.00075,12.0787,-5.0,-0.00050,12.0787,-5.0,-0.00050,12.0787,-5.0,-0.00050,12.0800,-7.5,-0.00075,200.80
7,773652,1,0,4.53,420.5,418.4,480.5,0.0,9.1250,232.5,0.23250,12.0787,127.5,0.12750,12.0787,1187.5,0.03598,5.0812,695.0,0.06950,12.0800,482.5,0.04825,12.0775,600.0,0.06000,12.0800,135.0,0.01350,12.0800,-5.0,-0.00050,12.0813,-7.5,-0.00075,12.0775,-7.5,-0.00075,12.0787,-5.0,-0.00050,12.0787,-5.0,-0.00050,12.0787,-5.0,-0.00050,12.0800,-7.5,-0.00075,201.13
7,773988,1,0,4.25,0.0,0.0,0.0,0.0,9.1325,170.0,0.17000,12.0787,82.5,0.08250,12.0800,1185.0,0.03591,5.0812,695.0,0.06950,12.0813,355.0,0.03550,12.0787,377.5,0.03775,12.0813,52.5,0.00525,12.0813,-5.0,-0.00050,12.0825,-7.5,-0.00075,12.0787,-7.5,-0.00075,12.0800,-5.0,-0.00050,12.0800,-5.0,-0.00050,12.0800,-5.0,-0.00050,12.0813,-7.5,-0.00075,201.48
7,774345,1,0,3.96,0.0,0.0,0.0,0.0,9.1362,140.0,0.14000,12.0787,57.5,0.05750,12.0787,1185.0,0.03591,5.0812,695.0,0.06950,12.0813,227.5,0.02275,12.0787,292.5,0.02925,12.0813,52.5,0.00525,12.0813,-5.0,-0.00050,12.0825,-7.5,-0.00075,12.0787,-7.5,-0.00075,12.0800,-5.0,-0.00050,12.0800,-5.0,-0.00050,12.0800,-5.0,-0.00050,12.0813,-7.5,-0.00075,201.82
7,774682,1,0,3.68,0.0,0.0,0.0,0.0,9.1375,140.0,0.14000,12.0787,60.0,0.06000,12.0787,1182.5,0.03583,5.0812,695.0,0.06950,12.0800,225.0,0.02250,12.0787,290.0,0.02900,12.0813,52.5,0.00525,12.0800,-5.0,-0.00050,12.0813,-7.5,-0.00075,12.0775,-7.5,-0.00075,12.0787,-5.0,-0.00050,12.0800,-5.0,-0.00050,12.0800,-5.0,-0.00050,12.0813,-7.5,-0.00075,202.15
7,775018,1,0,3.40,0.0,0.0,0.0,0.0,9.1375,140.0,0.14000,12.0787,60.0,0.06000,12.0787,1185.0,0.03591,5.0812,695.0,0.06950,12.0800,227.5,0.02275,12.0775,290.0,0.02900,12.0813,52.5,0.00525,12.0800,-5.0,-0.00050,12.0813,-7.5,-0.00075,12.0775,-7.5,-0.00075,12.0787,-5.0,-0.00050,12.0787,-5.0,-0.00050,12.0800,-5.0,-0.00050,12.0813,-7.5,-0.00075,202.49
7,775353,1,0,3.12,0.0,0.0,0.0,0.0,9.1375,140.0,0.14000,12.0787,60.0,0.06000,12.0787,1182.5,0.03583,5.0812,695.0,0.06950,12.0800,225.0,0.02250,12.0787,290.0,0.02900,12.0813,52.5,0.00525,12.0800,-5.0,-0.00050,12.0813,-7.5,-0.00075,12.0787,-7.5,-0.00075,12.0787,-5.0,-0.00050,12.0787,-5.0,-0.00050,12.0800,-5.0,-0.00050,12.0813,-7.5,-0.00075,202.83
7,775688,1,0,2.84,0.0,0.0,0.0,0.0,9.1362,140.0,0.14000,12.0787,57.5,0.05750,12.0787,1187.5,0.03598,5.0812,695.0,0.06950,12.0800,225.0,0.02250,12.0775,290.0,0.02900,12.0813,52.5,0.00525,12.0800,-5.0,-0.00050,12.0813,-7.5,-0.00075,12.0775,-7.5,-0.00075,12.0787,-5.0,-0.00050,12.0787,-5.0,-0.00050,12.0800,-5.0,-0.00050,12.0800,-7.5,-0.00075,203.16
7,776024,1,0,2.56,0.0,0.0,0.0,0.0,9.1362,140.0,0.14000,12.0787,60.0,0.06000,12.0787,1190.0,0.03606,5.0812,695.0,0.06950,12.0800,225.0,0.02250,12.0787,290.0,0.02900,12.0813,52.5,0.00525,12.0800,-5.0,-0.00050,12.0813,-7.5,-0.00075,12.0775,-7.5,-0.00075,12.0787,-5.0,-0.00050,12.0787,-5.0,-0.00050,12.0800,-5.0,-0.00050,12.0800,-7.5,-0.00075,203.52
7,776381,1,0,2.26,0.0,0.0,0.0,0.0,9.1362,140.0,0.14000,12.0787,60.0,0.06000,12.0787,1185.0,0.03591,5.0812,695.0,0.06950,12.0800,225.0,0.02250,12.0787,290.0,0.02900,12.0813,52.5,0.00525,12.0800,-5.0,-0.00050,12.0813,-7.5,-0.00075,12.0787,-7.5,-0.00075,12.0787,-5.0,-0.00050,12.0800,-5.0,-0.00050,12.0800,-5.0,-0.00050,12.0813,-7.5,-0.00075,203.86
7,776717,1,0,1.98,0.0,0.0,0.0,0.0,9.1362,140.0,0.14000,12.0787,60.0,0.06000,12.0787,1185.0,0.03591,5.0812,695.0,0.06950,12.0800,225.0,0.02250,12.0787,290.0,0.02900,12.0813,52.5,0.00525,12.0813,-5.0,-0.00050,12.0813,-7.5,-0.00075,12.0787,-7.5,-0.00075,12.0800,-5.0,-0.00050,12.0800,-5.0,-0.00050,12.0800,-5.0,-0.00050,12.0813,-7.5,-0.00075,204.19
7,777053,1,0,1.70,0.0,0.0,0.0,0.0,9.1375,140.0,0.14000,12.0787,60.0,0.06000,12.0787,1185.0,0.03591,5.0812,695.0,0.06950,12.0800,225.0,0.02250,12.0775,290.0,0.02900,12.0813,52.5,0.00525,12.0800,-5.0,-0.00050,12.0813,-7.5,-0.00075,12.0775,-7.5,-0.00075,12.0787,-5.0,-0.00050,12.0787,-5.0,-0.00050,12.0800,-5.0,-0.00050,12.0800,-7.5,-0.00075,204.53
7,777389,1,0,1.42,0.0,0.0,0.0,0.0,9.1362,140.0,0.14000,12.0787,57.5,0.05750,12.0787,1182.5,0.03583,5.0812,695.0,0.06950,12.0800,225.0,0.02250,12.0775,290.0,0.02900,12.0813,52.5,0.00525,12.0800,-5.0,-0.00050,12.0813,-7.5,-0.00075,12.0775,-7.5,-0.00075,12.0787,-5.0,-0.00050,12.0787,-5.0,-0.00050,12.0800,-5.0,-0.00050,12.0800,-7.5,-0.00075,204.87
7,777725,1,0,1.14,0.0,0.0,0.0,0.0,9.1362,140.0,0.14000,12.0775,57.5,0.05750,12.0787,1182.5,0.03583,5.0812,695.0,0.06950,12.0800,225.0,0.02250,12.0775,290.0,0.02900,12.0800,52.5,0.00525,12.0800,-5.0,-0.00050,12.0813,-7.5,-0.00075,12.0775,-7.5,-0.00075,12.0787,-5.0,-0.00050,12.0787,-5.0,-0.00050,12.0787,-5.0,-0.00050,12.0800,-7.5,-0.00075,205.20
7,778060,1,0,0.86,0.0,0.0,0.0,0.0,9.1362,140.0,0.14000,12.0775,57.5,0.05750,12.0787,1185.0,0.03591,5.0812,695.0,0.06950,12.0800,227.5,0.02275,12.0775,290.0,0.02900,12.0800,52.5,0.00525,12.0800,-5.0,-0.00050,12.0813,-7.5,-0.00075,12.0775,-7.5,-0.00075,12.0787,-5.0,-0.00050,12.0787,-5.0,-0.00050,12.0800,-5.0,-0.00050,12.0800,-7.5,-0.00075,205.56
7,778416,1,0,0.56,0.0,0.0,0.0,0.0,9.1362,140.0,0.14000,12.0775,60.0,0.06000,12.0787,1185.0,0.03591,5.0812,695.0,0.06950,12.0800,225.0,0.02250,12.0775,290.0,0.02900,12.0813,52.5,0.00525,12.0800,-5.0,-0.00050,12.0813,-7.5,-0.00075,12.0775,-7.5,-0.00075,12.0787,-5.0,-0.00050,12.0787,-5.0,-0.00050,12.0787,-5.0,-0.00050,12.0800,-7.5,-0.00075,205.90
7,778753,1,0,0.28,0.0,0.0,0.0,0.0,9.1362,140.0,0.14000,12.0787,60.0,0.06000,12.0787,1182.5,0.03583,5.0812,695.0,0.06950,12.0800,225.0,0.02250,12.0775,290.0,0.02900,12.0813,52.5,0.00525,12.0800,-5.0,-0.00050,12.0813,-7.5,-0.00075,12.0775,-7.5,-0.00075,12.0787,-5.0,-0.00050,12.0787,-5.0,-0.00050,12.0800,-5.0,-0.00050,12.0800,-7.5,-0.00075,206.23
7,779089,1,0,0.00,0.0,0.0,0.0,0.0,9.1362,140.0,0.14000,12.0787,60.0,0.06000,12.0787,1185.0,0.03591,5.0812,695.0,0.06950,12.0800,227.5,0.02275,12.0775,292.5,0.02925,12.0813,52.5,0.00525,12.0800,-5.0,-0.00050,12.0813,-7.5,-0.00075,12.0775,-7.5,-0.00075,12.0787,-5.0,-0.00050,12.0787,-5.0,-0.00050,12.0800,-5.0,-0.00050,12.0813,-7.5,-0.00075,206.57
7,779434,1,0,0.00,0.0,0.0,0.0,0.0,9.1362,140.0,0.14000,12.0775,60.0,0.06000,12.0787,1182.5,0.03583,5.0812,695.0,0.06950,12.0800,227.5,0.02275,12.0775,292.5,0.02925,12.0800,52.5,0.00525,12.0800,-5.0,-0.00050,12.0813,-7.5,-0.00075,12.0775,-7.5,-0.00075,12.0787,-5.0,-0.00050,12.0787,-5.0,-0.00050,12.0787,-5.0,-0.00050,12.0800,-7.5,-0.00075,206.91
7,779770,1,0,0.00,0.0,0.0,0.0,0.0,9.1362,140.0,0.14000,12.0775,60.0,0.06000,12.0787,1182.5,0.03583,5.0812,695.0,0.06950,12.0800,227.5,0.02275,12.0775,292.5,0.02925,12.0800,52.5,0.00525,12.0800,-5.0,-0.00050,12.0813,-7.5,-0.00075,12.0775,-7.5,-0.00075,12.0787,-5.0,-0.00050,12.0787,-5.0,-0.00050,12.0787,-5.0,-0.00050,12.0800,-7.5,-0.00075,207.24
7,780106,1,0,0.00,0.0,0.0,0.0,0.0,9.1362,140.0,0.14000,12.0787,60.0,0.06000,12.0787,1185.0,0.03591,5.0812,695.0,0.06950,12.0800,227.5,0.02275,12.0775,292.5,0.02925,12.0800,52.5,0.00525,12.0800,-5.0,-0.00050,12.0813,-7.5,-0.00075,12.0775,-7.5,-0.00075,12.0787,-5.0,-0.00050,12.0787,-5.0,-0.00050,12.0787,-5.0,-0.00050,12.0800,-7.5,-0.00075,207.60
7,780463,1,0,0.00,0.0,0.0,0.0,0.0,9.1375,140.0,0.14000,12.0787,60.0,0.06000,12.0787,1182.5,0.03583,5.0812,692.5,0.06925,12.0800,227.5,0.02275,12.0775,292.5,0.02925,12.0813,52.5,0.00525,12.0800,-5.0,-0.00050,12.0813,-7.5,-0.00075,12.0775,-7.5,-0.00075,12.0787,-5.0,-0.00050,12.0787,-5.0,-0.00050,12.0800,-5.0,-0.00050,12.0813,-7.5,-0.00075,207.94
7,780799,1,0,0.00,0.0,0.0,0.0,0.0,9.1375,140.0,0.14000,12.0775,60.0,0.06000,12.0787,1182.5,0.03583,5.0812,692.5,0.06925,12.0800,227.5,0.02275,12.0775,292.5,0.02925,12.0800,52.5,0.00525,12.0800,-5.0,-0.00050,12.0813,-7.5,-0.00075,12.0775,-7.5,-0.00075,12.0787,-5.0,-0.00050,12.0787,-5.0,-0.00050,12.0787,-5.0,-0.00050,12.0800,-7.5,-0.00075,208.27
7,781134,1,0,0.00,0.0,0.0,0.0,0.0,9.1362,140.0,0.14000,12.0775,60.0,0.06000,12.0787,1182.5,0.03583,5.0812,695.0,0.06950,12.0800,227.5,0.02275,12.0775,292.5,0.02925,12.0800,52.5,0.00525,12.0800,-5.0,-0.00050,12.0813,-7.5,-0.00075,12.0775,-7.5,-0.00075,12.0787,-5.0,-0.00050,12.0787,-5.0,-0.00050,12.0800,-5.0,-0.00050,12.0800,-7.5,-0.00075,208.60
7,781470,1,0,0.00,0.0,0.0,0.0,0.0,9.1362,140.0,0.14000,12.0787,60.0,0.06000,12.0787,1185.0,0.03591,5.0812,695.0,0.06950,12.0800,227.5,0.02275,12.0787,292.5,0.02925,12.0813,52.5,0.00525,12.0800,-5.0,-0.00050,12.0813,-7.5,-0.00075,12.0775,-7.5,-0.00075,12.0787,-5.0,-0.00050,12.0787,-5.0,-0.00050,12.0800,-5.0,-0.00050,12.0813,-7.5,-0.00075,208.94
7,781806,1,0,0.00,0.0,0.0,0.0,0.0,9.1362,140.0,0.14000,12.0775,60.0,0.06000,12.0787,1182.5,0.03583,5.0812,695.0,0.06950,12.0800,227.5,0.02275,12.0775,292.5,0.02925,12.0800,52.5,0.00525,12.0800,-5.0,-0.00050,12.0813,-7.5,-0.00075,12.0775,-7.5,-0.00075,12.0787,-5.0,-0.00050,12.0787,-5.0,-0.00050,12.0787,-5.0,-0.00050,12.0800,-7.5,-0.00075,209.28
7,782141,1,0,0.00,0.0,0.0,0.0,0.0,9.1362,140.0,0.14000,12.0787,60.0,0.06000,12.0787,1182.5,0.03583,5.0812,692.5,0.06925,12.0800,227.5,0.02275,12.0775,292.5,0.02925,12.0800,52.5,0.00525,12.0800,-5.0,-0.00050,12.0813,-7.5,-0.00075,12.0775,-7.5,-0.00075,12.0787,-5.0,-0.00050,12.0787,-5.0,-0.00050,12.0800,-5.0,-0.00050,12.0800,-7.5,-0.00075,209.63
7,782497,1,0,0.00,0.0,0.0,0.0,0.0,9.1362,140.0,0.14000,12.0787,60.0,0.06000,12.0787,1182.5,0.03583,5.0812,695.0,0.06950,12.0800,227.5,0.02275,12.0775,292.5,0.02925,12.0813,52.5,0.00525,12.0800,-5.0,-0.00050,12.0813,-7.5,-0.00075,12.0775,-7.5,-0.00075,12.0787,-5.0,-0.00050,12.0787,-5.0,-0.00050,12.0800,-5.0,-0.00050,12.0800,-7.5,-0.00075,209.98
7,782833,1,0,0.00,0.0,0.0,0.0,0.0,9.1362,140.0,0.14000,12.0787,60.0,0.06000,12.0787,1182.5,0.03583,5.0812,695.0,0.06950,12.0800,227.5,0.02275,12.0787,292.5,0.02925,12.0813,52.5,0.00525,12.0800,-5.0,-0.00050,12.0813,-7.5,-0.00075,12.0775,-7.5,-0.00075,12.0787,-5.0,-0.00050,12.0800,-5.0,-0.00050,12.0800,-5.0,-0.00050,12.0813,-7.5,-0.00075,210.31
7,783169,1,0,0.00,0.0,0.0,0.0,0.0,9.1362,140.0,0.14000,12.0775,60.0,0.06000,12.0787,1185.0,0.03591,5.0812,695.0,0.06950,12.0800,227.5,0.02275,12.0775,292.5,0.02925,12.0813,52.5,0.00525,12.0800,-5.0,-0.00050,12.0813,-7.5,-0.00075,12.0775,-7.5,-0.00075,12.0787,-5.0,-0.00050,12.0787,-5.0,-0.00050,12.0787,-5.0,-0.00050,12.0800,-7.5,-0.00075,210.65
7,783504,1,0,0.00,0.0,0.0,0.0,0.0,9.1362,140.0,0.14000,12.0787,60.0,0.06000,12.0787,1182.5,0.03583,5.0812,695.0,0.06950,12.0800,227.5,0.02275,12.0775,292.5,0.02925,12.0813,52.5,0.00525,12.0800,-5.0,-0.00050,12.0813,-7.5,-0.00075,12.0775,-7.5,-0.00075,12.0787,-5.0,-0.00050,12.0787,-5.0,-0.00050,12.0800,-5.0,-0.00050,12.0800,-7.5,-0.00075,210.98
7,783839,1,0,0.00,0.0,0.0,0.0,0.0,9.1362,140.0,0.14000,12.0775,60.0,0.06000,12.0787,1182.5,0.03583,5.0812,692.5,0.06925,12.0800,227.5,0.02275,12.0775,292.5,0.02925,12.0800,52.5,0.00525,12.0800,-5.0,-0.00050,12.0813,-7.5,-0.00075,12.0775,-7.5,-0.00075,12.0787,-5.0,-0.00050,12.0787,-5.0,-0.00050,12.0787,-5.0,-0.00050,12.0800,-7.5,-0.00075,211.32
